delete from sentences;
delete from triples;
delete from words;
DELETE from triples_feedback;

ALTER TABLE triples AUTO_INCREMENT = 1;

INSERT INTO Sentences (sentence_id, sentence, sentence_type)VALUES (1, 'A man in street racer armor is examining the tire of another racers motor bike', 'auto');
INSERT INTO Words ( sentence_id,word_ID ,word,pos)VALUES (1, 1, 'A', 'DT'), (1, 2, 'man', 'NN'), (1, 3, 'in', 'IN'), (1, 4, 'street', 'NN'), (1, 5, 'racer', 'NN'), (1, 6, 'armor', 'NN'), (1, 7, 'is', 'VBZ'), (1, 8, 'examining', 'VBG'), (1, 9, 'the', 'DT'), (1, 10, 'tire', 'NN'), (1, 11, 'of', 'IN'), (1, 12, 'another', 'DT'), (1, 13, 'racers', 'NNS'), (1, 14, 'motor', 'NN'), (1, 15, 'bike', 'NN');
INSERT INTO triples (sentence_id, predicate_id,relation,arg_start_id,arg_end_id,triple_type)VALUES (1, 2, 'Property',3, 6, 'auto'), (1, 8, 'Agent',2, 2, 'auto'), (1, 8, 'Attribute',9, 10, 'auto'), (1, 8, 'Patient',12, 15, 'auto'), (1, 15, 'Property',13, 14, 'auto');
INSERT INTO Sentences (sentence_id, sentence, sentence_type)VALUES (2, 'The two racers drove the white bike down the road', 'auto');
INSERT INTO Words ( sentence_id,word_ID ,word,pos)VALUES (2, 1, 'The', 'DT'), (2, 2, 'two', 'CD'), (2, 3, 'racers', 'NNS'), (2, 4, 'drove', 'VBD'), (2, 5, 'the', 'DT'), (2, 6, 'white', 'JJ'), (2, 7, 'bike', 'NN'), (2, 8, 'down', 'IN'), (2, 9, 'the', 'DT'), (2, 10, 'road', 'NN');
INSERT INTO triples (sentence_id, predicate_id,relation,arg_start_id,arg_end_id,triple_type)VALUES (2, 4, 'Agent',2, 3, 'auto'), (2, 4, 'Patient',6, 7, 'auto'), (2, 4, 'Destination',8, 10, 'auto'), (2, 7, 'Property',6, 6, 'auto');
INSERT INTO Sentences (sentence_id, sentence, sentence_type)VALUES (3, 'Two motorists are riding along on their vehicle that is oddly designed and colored', 'auto');
INSERT INTO Words ( sentence_id,word_ID ,word,pos)VALUES (3, 1, 'Two', 'CD'), (3, 2, 'motorists', 'NNS'), (3, 3, 'are', 'VBP'), (3, 4, 'riding', 'VBG'), (3, 5, 'along', 'IN'), (3, 6, 'on', 'IN'), (3, 7, 'their', 'PRP$'), (3, 8, 'vehicle', 'NN'), (3, 9, 'that', 'WDT'), (3, 10, 'is', 'VBZ'), (3, 11, 'oddly', 'RB'), (3, 12, 'designed', 'VBN'), (3, 13, 'and', 'CC'), (3, 14, 'colored', 'VBN');
INSERT INTO triples (sentence_id, predicate_id,relation,arg_start_id,arg_end_id,triple_type)VALUES (3, 4, 'Agent',1, 2, 'auto'), (3, 4, 'Patient',7, 8, 'auto'), (3, 12, 'Patient',8, 9, 'auto'), (3, 14, 'Patient',8, 9, 'auto');
INSERT INTO Sentences (sentence_id, sentence, sentence_type)VALUES (4, 'Two people are in a small race car driving by a green hill', 'auto');
INSERT INTO Words ( sentence_id,word_ID ,word,pos)VALUES (4, 1, 'Two', 'CD'), (4, 2, 'people', 'NNS'), (4, 3, 'are', 'VBP'), (4, 4, 'in', 'IN'), (4, 5, 'a', 'DT'), (4, 6, 'small', 'JJ'), (4, 7, 'race', 'NN'), (4, 8, 'car', 'NN'), (4, 9, 'driving', 'VBG'), (4, 10, 'by', 'IN'), (4, 11, 'a', 'DT'), (4, 12, 'green', 'JJ'), (4, 13, 'hill', 'NN');
INSERT INTO triples (sentence_id, predicate_id,relation,arg_start_id,arg_end_id,triple_type)VALUES (4, 2, 'Location',4, 8, 'auto'), (4, 9, 'Agent',1, 2, 'auto'), (4, 9, 'Location',10, 13, 'auto');
INSERT INTO Sentences (sentence_id, sentence, sentence_type)VALUES (5, 'Two people in racing uniforms in a street car', 'auto');
INSERT INTO Words ( sentence_id,word_ID ,word,pos)VALUES (5, 1, 'Two', 'CD'), (5, 2, 'people', 'NNS'), (5, 3, 'in', 'IN'), (5, 4, 'racing', 'NN'), (5, 5, 'uniforms', 'NNS'), (5, 6, 'in', 'IN'), (5, 7, 'a', 'DT'), (5, 8, 'street', 'NN'), (5, 9, 'car', 'NN');
INSERT INTO triples (sentence_id, predicate_id,relation,arg_start_id,arg_end_id,triple_type)VALUES (5, 2, 'Property',3, 5, 'auto'), (5, 2, 'Location',6, 9, 'auto');
INSERT INTO Sentences (sentence_id, sentence, sentence_type)VALUES (6, 'A firefighter extinguishes a fire under the hood of a car', 'auto');
INSERT INTO Words ( sentence_id,word_ID ,word,pos)VALUES (6, 1, 'A', 'DT'), (6, 2, 'firefighter', 'NN'), (6, 3, 'extinguishes', 'VBZ'), (6, 4, 'a', 'DT'), (6, 5, 'fire', 'NN'), (6, 6, 'under', 'IN'), (6, 7, 'the', 'DT'), (6, 8, 'hood', 'NN'), (6, 9, 'of', 'IN'), (6, 10, 'a', 'DT'), (6, 11, 'car', 'NN');
INSERT INTO triples (sentence_id, predicate_id,relation,arg_start_id,arg_end_id,triple_type)VALUES (6, 3, 'Agent',1, 2, 'auto'), (6, 3, 'Patient',4, 5, 'auto'), (6, 3, 'Location',6, 8, 'auto'), (6, 11, 'Property',8, 8, 'auto');
INSERT INTO Sentences (sentence_id, sentence, sentence_type)VALUES (7, 'a fireman spraying water into the hood of small white car on a jack', 'auto');
INSERT INTO Words ( sentence_id,word_ID ,word,pos)VALUES (7, 1, 'a', 'DT'), (7, 2, 'fireman', 'NN'), (7, 3, 'spraying', 'VBG'), (7, 4, 'water', 'NN'), (7, 5, 'into', 'IN'), (7, 6, 'the', 'DT'), (7, 7, 'hood', 'NN'), (7, 8, 'of', 'IN'), (7, 9, 'small', 'JJ'), (7, 10, 'white', 'JJ'), (7, 11, 'car', 'NN'), (7, 12, 'on', 'IN'), (7, 13, 'a', 'DT'), (7, 14, 'jack', 'NN');
INSERT INTO triples (sentence_id, predicate_id,relation,arg_start_id,arg_end_id,triple_type)VALUES (7, 3, 'Agent',1, 2, 'auto'), (7, 3, 'Patient',4, 4, 'auto'), (7, 3, 'Destination',5, 7, 'auto'), (7, 11, 'Property',7, 7, 'auto'), (7, 11, 'Location',12, 14, 'auto');
INSERT INTO Sentences (sentence_id, sentence, sentence_type)VALUES (8, 'A fireman sprays inside the open hood of small white car , on a jack', 'auto');
INSERT INTO Words ( sentence_id,word_ID ,word,pos)VALUES (8, 1, 'A', 'DT'), (8, 2, 'fireman', 'NN'), (8, 3, 'sprays', 'VBZ'), (8, 4, 'inside', 'IN'), (8, 5, 'the', 'DT'), (8, 6, 'open', 'JJ'), (8, 7, 'hood', 'NN'), (8, 8, 'of', 'IN'), (8, 9, 'small', 'JJ'), (8, 10, 'white', 'JJ'), (8, 11, 'car', 'NN'), (8, 12, ',', ','), (8, 13, 'on', 'IN'), (8, 14, 'a', 'DT'), (8, 15, 'jack', 'NN');
INSERT INTO triples (sentence_id, predicate_id,relation,arg_start_id,arg_end_id,triple_type)VALUES (8, 3, 'Agent',1, 2, 'auto'), (8, 3, 'Destination',4, 7, 'auto'), (8, 11, 'Property',7, 7, 'auto'), (8, 11, 'Location',13, 15, 'auto');
INSERT INTO Sentences (sentence_id, sentence, sentence_type)VALUES (9, 'A fireman using a firehose on a car engine that is up on a carjack', 'auto');
INSERT INTO Words ( sentence_id,word_ID ,word,pos)VALUES (9, 1, 'A', 'DT'), (9, 2, 'fireman', 'NN'), (9, 3, 'using', 'VBG'), (9, 4, 'a', 'DT'), (9, 5, 'firehose', 'NN'), (9, 6, 'on', 'IN'), (9, 7, 'a', 'DT'), (9, 8, 'car', 'NN'), (9, 9, 'engine', 'NN'), (9, 10, 'that', 'WDT'), (9, 11, 'is', 'VBZ'), (9, 12, 'up', 'RB'), (9, 13, 'on', 'IN'), (9, 14, 'a', 'DT'), (9, 15, 'carjack', 'NN');
INSERT INTO triples (sentence_id, predicate_id,relation,arg_start_id,arg_end_id,triple_type)VALUES (9, 3, 'Agent',1, 2, 'auto'), (9, 3, 'Patient',4, 5, 'auto'), (9, 3, 'Location',6, 9, 'auto'), (9, 9, 'Location',12, 15, 'auto'), (9, 11, 'Patient',9, 10, 'auto'), (9, 11, 'Location',12, 15, 'auto');
INSERT INTO Sentences (sentence_id, sentence, sentence_type)VALUES (10, 'Firefighter uses water to extinguish a car that was on fire', 'auto');
INSERT INTO Words ( sentence_id,word_ID ,word,pos)VALUES (10, 1, 'Firefighter', 'NNP'), (10, 2, 'uses', 'VBZ'), (10, 3, 'water', 'NN'), (10, 4, 'to', 'TO'), (10, 5, 'extinguish', 'VB'), (10, 6, 'a', 'DT'), (10, 7, 'car', 'NN'), (10, 8, 'that', 'WDT'), (10, 9, 'was', 'VBD'), (10, 10, 'on', 'IN'), (10, 11, 'fire', 'NN');
INSERT INTO triples (sentence_id, predicate_id,relation,arg_start_id,arg_end_id,triple_type)VALUES (10, 2, 'Agent',1, 1, 'auto'), (10, 2, 'Patient',3, 3, 'auto'), (10, 2, 'Beneficiary',4, 7, 'auto'), (10, 5, 'Agent',1, 1, 'auto'), (10, 5, 'Patient',6, 7, 'auto'), (10, 9, 'Patient',7, 8, 'auto'), (10, 9, 'Location',10, 11, 'auto');
INSERT INTO Sentences (sentence_id, sentence, sentence_type)VALUES (11, 'A boy sand surfing down a hill', 'auto');
INSERT INTO Words ( sentence_id,word_ID ,word,pos)VALUES (11, 1, 'A', 'DT'), (11, 2, 'boy', 'NN'), (11, 3, 'sand', 'NN'), (11, 4, 'surfing', 'VBG'), (11, 5, 'down', 'RP'), (11, 6, 'a', 'DT'), (11, 7, 'hill', 'NN');
INSERT INTO triples (sentence_id, predicate_id,relation,arg_start_id,arg_end_id,triple_type)VALUES (11, 4, 'Agent',1, 2, 'auto'), (11, 4, 'Destination',5, 7, 'auto');
INSERT INTO Sentences (sentence_id, sentence, sentence_type)VALUES (12, 'A man is attempting to surf down a hill made of sand on a sunny day', 'auto');
INSERT INTO Words ( sentence_id,word_ID ,word,pos)VALUES (12, 1, 'A', 'DT'), (12, 2, 'man', 'NN'), (12, 3, 'is', 'VBZ'), (12, 4, 'attempting', 'VBG'), (12, 5, 'to', 'TO'), (12, 6, 'surf', 'VB'), (12, 7, 'down', 'IN'), (12, 8, 'a', 'DT'), (12, 9, 'hill', 'NN'), (12, 10, 'made', 'VBN'), (12, 11, 'of', 'IN'), (12, 12, 'sand', 'NN'), (12, 13, 'on', 'IN'), (12, 14, 'a', 'DT'), (12, 15, 'sunny', 'JJ'), (12, 16, 'day', 'NN');
INSERT INTO triples (sentence_id, predicate_id,relation,arg_start_id,arg_end_id,triple_type)VALUES (12, 4, 'Agent',1, 2, 'auto'), (12, 4, 'Beneficiary',5, 6, 'auto'), (12, 4, 'Time',14, 16, 'auto'), (12, 6, 'Agent',1, 2, 'auto'), (12, 6, 'Destination',7, 9, 'auto'), (12, 6, 'Time',14, 16, 'auto'), (12, 10, 'Patient',9, 9, 'auto'), (12, 10, 'Material',12, 12, 'auto');
INSERT INTO Sentences (sentence_id, sentence, sentence_type)VALUES (13, 'A man is sliding down a huge sand dune on a sunny day', 'auto');
INSERT INTO Words ( sentence_id,word_ID ,word,pos)VALUES (13, 1, 'A', 'DT'), (13, 2, 'man', 'NN'), (13, 3, 'is', 'VBZ'), (13, 4, 'sliding', 'VBG'), (13, 5, 'down', 'RP'), (13, 6, 'a', 'DT'), (13, 7, 'huge', 'JJ'), (13, 8, 'sand', 'NN'), (13, 9, 'dune', 'NN'), (13, 10, 'on', 'IN'), (13, 11, 'a', 'DT'), (13, 12, 'sunny', 'JJ'), (13, 13, 'day', 'NN');
INSERT INTO triples (sentence_id, predicate_id,relation,arg_start_id,arg_end_id,triple_type)VALUES (13, 4, 'Agent',1, 2, 'auto'), (13, 4, 'Destination',5, 9, 'auto'), (13, 4, 'Time',10, 13, 'auto');
INSERT INTO Sentences (sentence_id, sentence, sentence_type)VALUES (14, 'A man is surfing down a hill of sand', 'auto');
INSERT INTO Words ( sentence_id,word_ID ,word,pos)VALUES (14, 1, 'A', 'DT'), (14, 2, 'man', 'NN'), (14, 3, 'is', 'VBZ'), (14, 4, 'surfing', 'VBG'), (14, 5, 'down', 'RP'), (14, 6, 'a', 'DT'), (14, 7, 'hill', 'NN'), (14, 8, 'of', 'IN'), (14, 9, 'sand', 'NN');
INSERT INTO triples (sentence_id, predicate_id,relation,arg_start_id,arg_end_id,triple_type)VALUES (14, 4, 'Agent',2, 2, 'auto'), (14, 4, 'Destination',5, 7, 'auto'), (14, 7, 'Material',8, 9, 'auto');
INSERT INTO Sentences (sentence_id, sentence, sentence_type)VALUES (15, 'A young man in shorts and t-shirt is snowboarding under a bright blue sky', 'auto');
INSERT INTO Words ( sentence_id,word_ID ,word,pos)VALUES (15, 1, 'A', 'DT'), (15, 2, 'young', 'JJ'), (15, 3, 'man', 'NN'), (15, 4, 'in', 'IN'), (15, 5, 'shorts', 'NNS'), (15, 6, 'and', 'CC'), (15, 7, 't-shirt', 'NN'), (15, 8, 'is', 'VBZ'), (15, 9, 'snowboarding', 'VBG'), (15, 10, 'under', 'IN'), (15, 11, 'a', 'DT'), (15, 12, 'bright', 'JJ'), (15, 13, 'blue', 'JJ'), (15, 14, 'sky', 'NN');
INSERT INTO triples (sentence_id, predicate_id,relation,arg_start_id,arg_end_id,triple_type)VALUES (15, 3, 'Property',4, 7, 'auto'), (15, 9, 'Agent',1, 3, 'auto'), (15, 9, 'Location',10, 14, 'auto'), (15, 14, 'Property',12, 13, 'auto');
INSERT INTO Sentences (sentence_id, sentence, sentence_type)VALUES (16, 'kids play in a blue tub full of water outside', 'auto');
INSERT INTO Words ( sentence_id,word_ID ,word,pos)VALUES (16, 1, 'kids', 'NNS'), (16, 2, 'play', 'VBP'), (16, 3, 'in', 'IN'), (16, 4, 'a', 'DT'), (16, 5, 'blue', 'JJ'), (16, 6, 'tub', 'NN'), (16, 7, 'full', 'JJ'), (16, 8, 'of', 'IN'), (16, 9, 'water', 'NN'), (16, 10, 'outside', 'NN');
INSERT INTO triples (sentence_id, predicate_id,relation,arg_start_id,arg_end_id,triple_type)VALUES (16, 2, 'Agent',1, 1, 'auto'), (16, 2, 'Location',3, 6, 'auto'), (16, 6, 'Property',7, 9, 'auto');
INSERT INTO Sentences (sentence_id, sentence, sentence_type)VALUES (17, 'On a hot day , three small kids sit in a big container filled with water', 'auto');
INSERT INTO Words ( sentence_id,word_ID ,word,pos)VALUES (17, 1, 'On', 'IN'), (17, 2, 'a', 'DT'), (17, 3, 'hot', 'JJ'), (17, 4, 'day', 'NN'), (17, 5, ',', ','), (17, 6, 'three', 'CD'), (17, 7, 'small', 'JJ'), (17, 8, 'kids', 'NNS'), (17, 9, 'sit', 'VBP'), (17, 10, 'in', 'IN'), (17, 11, 'a', 'DT'), (17, 12, 'big', 'JJ'), (17, 13, 'container', 'NN'), (17, 14, 'filled', 'VBN'), (17, 15, 'with', 'IN'), (17, 16, 'water', 'NN');
INSERT INTO triples (sentence_id, predicate_id,relation,arg_start_id,arg_end_id,triple_type)VALUES (17, 9, 'Time',1, 4, 'auto'), (17, 9, 'Agent',6, 8, 'auto'), (17, 9, 'Location',10, 13, 'auto'), (17, 13, 'Patient',11, 13, 'auto'), (17, 13, 'Instrument',15, 16, 'auto'), (17, 14, 'Property',14, 16, 'auto');
INSERT INTO Sentences (sentence_id, sentence, sentence_type)VALUES (18, 'The little kids sit outdoors in a small tub of water', 'auto');
INSERT INTO Words ( sentence_id,word_ID ,word,pos)VALUES (18, 1, 'The', 'DT'), (18, 2, 'little', 'JJ'), (18, 3, 'kids', 'NNS'), (18, 4, 'sit', 'VBP'), (18, 5, 'outdoors', 'RB'), (18, 6, 'in', 'IN'), (18, 7, 'a', 'DT'), (18, 8, 'small', 'JJ'), (18, 9, 'tub', 'NN'), (18, 10, 'of', 'IN'), (18, 11, 'water', 'NN');
INSERT INTO triples (sentence_id, predicate_id,relation,arg_start_id,arg_end_id,triple_type)VALUES (18, 4, 'Agent',1, 3, 'auto'), (18, 4, 'Location',5, 9, 'auto');
INSERT INTO Sentences (sentence_id, sentence, sentence_type)VALUES (19, 'Three children squeeze into a plastic tub filled with water and play', 'auto');
INSERT INTO Words ( sentence_id,word_ID ,word,pos)VALUES (19, 1, 'Three', 'CD'), (19, 2, 'children', 'NNS'), (19, 3, 'squeeze', 'VBP'), (19, 4, 'into', 'IN'), (19, 5, 'a', 'DT'), (19, 6, 'plastic', 'JJ'), (19, 7, 'tub', 'NN'), (19, 8, 'filled', 'VBN'), (19, 9, 'with', 'IN'), (19, 10, 'water', 'NN'), (19, 11, 'and', 'CC'), (19, 12, 'play', 'VBP');
INSERT INTO triples (sentence_id, predicate_id,relation,arg_start_id,arg_end_id,triple_type)VALUES (19, 3, 'Agent',1, 2, 'auto'), (19, 3, 'Destination',4, 7, 'auto'), (19, 7, 'Material',6, 6, 'auto'), (19, 8, 'Patient',6, 7, 'auto'), (19, 8, 'Instrument',9, 10, 'auto'), (19, 12, 'Agent',2, 2, 'auto'), (19, 12, 'Location',5, 7, 'auto');
INSERT INTO Sentences (sentence_id, sentence, sentence_type)VALUES (20, 'Three little boys take a bath in a rubber bin on the grass', 'auto');
INSERT INTO Words ( sentence_id,word_ID ,word,pos)VALUES (20, 1, 'Three', 'CD'), (20, 2, 'little', 'JJ'), (20, 3, 'boys', 'NNS'), (20, 4, 'take', 'VBP'), (20, 5, 'a', 'DT'), (20, 6, 'bath', 'NN'), (20, 7, 'in', 'IN'), (20, 8, 'a', 'DT'), (20, 9, 'rubber', 'NN'), (20, 10, 'bin', 'NN'), (20, 11, 'on', 'IN'), (20, 12, 'the', 'DT'), (20, 13, 'grass', 'NN');
INSERT INTO triples (sentence_id, predicate_id,relation,arg_start_id,arg_end_id,triple_type)VALUES (20, 4, 'Agent',1, 3, 'auto'), (20, 4, 'Patient',5, 6, 'auto'), (20, 4, 'Location',7, 10, 'auto'), (20, 10, 'Location',11, 13, 'auto');
INSERT INTO Sentences (sentence_id, sentence, sentence_type)VALUES (21, 'A man is snowboarding over a structure on a snowy hill', 'auto');
INSERT INTO Words ( sentence_id,word_ID ,word,pos)VALUES (21, 1, 'A', 'DT'), (21, 2, 'man', 'NN'), (21, 3, 'is', 'VBZ'), (21, 4, 'snowboarding', 'VBG'), (21, 5, 'over', 'RP'), (21, 6, 'a', 'DT'), (21, 7, 'structure', 'NN'), (21, 8, 'on', 'IN'), (21, 9, 'a', 'DT'), (21, 10, 'snowy', 'JJ'), (21, 11, 'hill', 'NN');
INSERT INTO triples (sentence_id, predicate_id,relation,arg_start_id,arg_end_id,triple_type)VALUES (21, 4, 'Agent',2, 2, 'auto'), (21, 4, 'Location',5, 7, 'auto'), (21, 7, 'Location',8, 11, 'auto'), (21, 11, 'Property',10, 10, 'auto');
INSERT INTO Sentences (sentence_id, sentence, sentence_type)VALUES (22, 'A snowboarder jumps through the air on a snowy hill', 'auto');
INSERT INTO Words ( sentence_id,word_ID ,word,pos)VALUES (22, 1, 'A', 'DT'), (22, 2, 'snowboarder', 'NN'), (22, 3, 'jumps', 'VBZ'), (22, 4, 'through', 'IN'), (22, 5, 'the', 'DT'), (22, 6, 'air', 'NN'), (22, 7, 'on', 'IN'), (22, 8, 'a', 'DT'), (22, 9, 'snowy', 'JJ'), (22, 10, 'hill', 'NN');
INSERT INTO triples (sentence_id, predicate_id,relation,arg_start_id,arg_end_id,triple_type)VALUES (22, 3, 'Agent',2, 2, 'auto'), (22, 3, 'Destination',4, 6, 'auto'), (22, 3, 'Location',7, 10, 'auto');
INSERT INTO Sentences (sentence_id, sentence, sentence_type)VALUES (23, 'a snowboarder wearing green pants doing a trick on a high bench', 'auto');
INSERT INTO Words ( sentence_id,word_ID ,word,pos)VALUES (23, 1, 'a', 'DT'), (23, 2, 'snowboarder', 'NN'), (23, 3, 'wearing', 'VBG'), (23, 4, 'green', 'JJ'), (23, 5, 'pants', 'NNS'), (23, 6, 'doing', 'VBG'), (23, 7, 'a', 'DT'), (23, 8, 'trick', 'NN'), (23, 9, 'on', 'IN'), (23, 10, 'a', 'DT'), (23, 11, 'high', 'JJ'), (23, 12, 'bench', 'NN');
INSERT INTO triples (sentence_id, predicate_id,relation,arg_start_id,arg_end_id,triple_type)VALUES (23, 3, 'Agent',2, 2, 'auto'), (23, 3, 'Patient',4, 5, 'auto'), (23, 6, 'Agent',2, 2, 'auto'), (23, 6, 'Patient',7, 8, 'auto'), (23, 6, 'Location',9, 12, 'auto');
INSERT INTO Sentences (sentence_id, sentence, sentence_type)VALUES (24, 'Someone in yellow pants is on a ramp over the snow', 'auto');
INSERT INTO Words ( sentence_id,word_ID ,word,pos)VALUES (24, 1, 'Someone', 'NN'), (24, 2, 'in', 'IN'), (24, 3, 'yellow', 'JJ'), (24, 4, 'pants', 'NNS'), (24, 5, 'is', 'VBZ'), (24, 6, 'on', 'IN'), (24, 7, 'a', 'DT'), (24, 8, 'ramp', 'NN'), (24, 9, 'over', 'IN'), (24, 10, 'the', 'DT'), (24, 11, 'snow', 'NN');
INSERT INTO triples (sentence_id, predicate_id,relation,arg_start_id,arg_end_id,triple_type)VALUES (24, 1, 'Property',2, 4, 'auto'), (24, 5, 'Patient',1, 1, 'auto'), (24, 5, 'Location',6, 8, 'auto'), (24, 8, 'Location',9, 11, 'auto');
INSERT INTO Sentences (sentence_id, sentence, sentence_type)VALUES (25, 'The man is performing a trick on a snowboard high in the air', 'auto');
INSERT INTO Words ( sentence_id,word_ID ,word,pos)VALUES (25, 1, 'The', 'DT'), (25, 2, 'man', 'NN'), (25, 3, 'is', 'VBZ'), (25, 4, 'performing', 'VBG'), (25, 5, 'a', 'DT'), (25, 6, 'trick', 'NN'), (25, 7, 'on', 'IN'), (25, 8, 'a', 'DT'), (25, 9, 'snowboard', 'NN'), (25, 10, 'high', 'JJ'), (25, 11, 'in', 'IN'), (25, 12, 'the', 'DT'), (25, 13, 'air', 'NN');
INSERT INTO triples (sentence_id, predicate_id,relation,arg_start_id,arg_end_id,triple_type)VALUES (25, 2, 'Location',11, 13, 'auto'), (25, 4, 'Agent',1, 2, 'auto'), (25, 4, 'Patient',5, 6, 'auto'), (25, 4, 'Location',7, 9, 'auto');
INSERT INTO Sentences (sentence_id, sentence, sentence_type)VALUES (26, 'A Baseball batter raising his arm', 'auto');
INSERT INTO Words ( sentence_id,word_ID ,word,pos)VALUES (26, 1, 'A', 'DT'), (26, 2, 'Baseball', 'NNP'), (26, 3, 'batter', 'NN'), (26, 4, 'raising', 'VBG'), (26, 5, 'his', 'PRP$'), (26, 6, 'arm', 'NN');
INSERT INTO triples (sentence_id, predicate_id,relation,arg_start_id,arg_end_id,triple_type)VALUES (26, 4, 'Agent',2, 3, 'auto'), (26, 4, 'Patient',5, 6, 'auto');
INSERT INTO Sentences (sentence_id, sentence, sentence_type)VALUES (27, 'A baseball player from New York waiting to bat during a game', 'auto');
INSERT INTO Words ( sentence_id,word_ID ,word,pos)VALUES (27, 1, 'A', 'DT'), (27, 2, 'baseball', 'NN'), (27, 3, 'player', 'NN'), (27, 4, 'from', 'IN'), (27, 5, 'New', 'NNP'), (27, 6, 'York', 'NNP'), (27, 7, 'waiting', 'VBG'), (27, 8, 'to', 'TO'), (27, 9, 'bat', 'VB'), (27, 10, 'during', 'IN'), (27, 11, 'a', 'DT'), (27, 12, 'game', 'NN');
INSERT INTO triples (sentence_id, predicate_id,relation,arg_start_id,arg_end_id,triple_type)VALUES (27, 7, 'Agent',2, 3, 'auto'), (27, 7, 'Beneficiary',8, 9, 'auto'), (27, 7, 'Time',10, 12, 'auto'), (27, 9, 'Agent',2, 3, 'auto');
INSERT INTO Sentences (sentence_id, sentence, sentence_type)VALUES (28, 'A baseball player in a Yankees uniform is holding a bat in one hand', 'auto');
INSERT INTO Words ( sentence_id,word_ID ,word,pos)VALUES (28, 1, 'A', 'DT'), (28, 2, 'baseball', 'NN'), (28, 3, 'player', 'NN'), (28, 4, 'in', 'IN'), (28, 5, 'a', 'DT'), (28, 6, 'Yankees', 'NNPS'), (28, 7, 'uniform', 'NN'), (28, 8, 'is', 'VBZ'), (28, 9, 'holding', 'VBG'), (28, 10, 'a', 'DT'), (28, 11, 'bat', 'NN'), (28, 12, 'in', 'IN'), (28, 13, 'one', 'CD'), (28, 14, 'hand', 'NN');
INSERT INTO triples (sentence_id, predicate_id,relation,arg_start_id,arg_end_id,triple_type)VALUES (28, 3, 'Property',4, 7, 'auto'), (28, 9, 'Agent',2, 3, 'auto'), (28, 9, 'Patient',10, 11, 'auto'), (28, 9, 'Instrument',12, 14, 'auto');
INSERT INTO Sentences (sentence_id, sentence, sentence_type)VALUES (29, 'A New York Yankee holds up a bat', 'auto');
INSERT INTO Words ( sentence_id,word_ID ,word,pos)VALUES (29, 1, 'A', 'DT'), (29, 2, 'New', 'NNP'), (29, 3, 'York', 'NNP'), (29, 4, 'Yankee', 'NNP'), (29, 5, 'holds', 'VBZ'), (29, 6, 'up', 'RP'), (29, 7, 'a', 'DT'), (29, 8, 'bat', 'NN');
INSERT INTO triples (sentence_id, predicate_id,relation,arg_start_id,arg_end_id,triple_type)VALUES (29, 5, 'Agent',2, 4, 'auto'), (29, 5, 'Destination',6, 6, 'auto'), (29, 5, 'Patient',7, 8, 'auto');
INSERT INTO Sentences (sentence_id, sentence, sentence_type)VALUES (30, 'New York Yankee warming up', 'auto');
INSERT INTO Words ( sentence_id,word_ID ,word,pos)VALUES (30, 1, 'New', 'NNP'), (30, 2, 'York', 'NNP'), (30, 3, 'Yankee', 'NNP'), (30, 4, 'warming', 'VBG'), (30, 5, 'up', 'RP');
INSERT INTO triples (sentence_id, predicate_id,relation,arg_start_id,arg_end_id,triple_type)VALUES (30, 4, 'Agent',1, 3, 'auto');
INSERT INTO Sentences (sentence_id, sentence, sentence_type)VALUES (31, 'A bare backed climber is attached to the rock face on a pink safety rope', 'auto');
INSERT INTO Words ( sentence_id,word_ID ,word,pos)VALUES (31, 1, 'A', 'DT'), (31, 2, 'bare', 'JJ'), (31, 3, 'backed', 'VBD'), (31, 4, 'climber', 'NN'), (31, 5, 'is', 'VBZ'), (31, 6, 'attached', 'VBN'), (31, 7, 'to', 'TO'), (31, 8, 'the', 'DT'), (31, 9, 'rock', 'NN'), (31, 10, 'face', 'NN'), (31, 11, 'on', 'IN'), (31, 12, 'a', 'DT'), (31, 13, 'pink', 'JJ'), (31, 14, 'safety', 'NN'), (31, 15, 'rope', 'NN');
INSERT INTO triples (sentence_id, predicate_id,relation,arg_start_id,arg_end_id,triple_type)VALUES (31, 4, 'Property',2, 3, 'auto'), (31, 6, 'Patient',2, 4, 'auto'), (31, 6, 'Destination',7, 10, 'auto'), (31, 6, 'Instrument',11, 15, 'auto');
INSERT INTO Sentences (sentence_id, sentence, sentence_type)VALUES (32, 'a lone rock climber in a harness climbing a huge rock wall', 'auto');
INSERT INTO Words ( sentence_id,word_ID ,word,pos)VALUES (32, 1, 'a', 'DT'), (32, 2, 'lone', 'JJ'), (32, 3, 'rock', 'NN'), (32, 4, 'climber', 'NN'), (32, 5, 'in', 'IN'), (32, 6, 'a', 'DT'), (32, 7, 'harness', 'NN'), (32, 8, 'climbing', 'VBG'), (32, 9, 'a', 'DT'), (32, 10, 'huge', 'JJ'), (32, 11, 'rock', 'NN'), (32, 12, 'wall', 'NN');
INSERT INTO triples (sentence_id, predicate_id,relation,arg_start_id,arg_end_id,triple_type)VALUES (32, 4, 'Property',5, 7, 'auto'), (32, 8, 'Agent',2, 4, 'auto'), (32, 8, 'Patient',10, 12, 'auto');
INSERT INTO Sentences (sentence_id, sentence, sentence_type)VALUES (33, 'A man is rock crawling up a rock wall', 'auto');
INSERT INTO Words ( sentence_id,word_ID ,word,pos)VALUES (33, 1, 'A', 'DT'), (33, 2, 'man', 'NN'), (33, 3, 'is', 'VBZ'), (33, 4, 'rock', 'NN'), (33, 5, 'crawling', 'VBG'), (33, 6, 'up', 'RP'), (33, 7, 'a', 'DT'), (33, 8, 'rock', 'NN'), (33, 9, 'wall', 'NN');
INSERT INTO triples (sentence_id, predicate_id,relation,arg_start_id,arg_end_id,triple_type)VALUES (33, 5, 'Agent',2, 2, 'auto'), (33, 5, 'Destination',6, 9, 'auto');
INSERT INTO Sentences (sentence_id, sentence, sentence_type)VALUES (34, 'A man wearing no shirt climbs a steep cliff', 'auto');
INSERT INTO Words ( sentence_id,word_ID ,word,pos)VALUES (34, 1, 'A', 'DT'), (34, 2, 'man', 'NN'), (34, 3, 'wearing', 'VBG'), (34, 4, 'no', 'DT'), (34, 5, 'shirt', 'NN'), (34, 6, 'climbs', 'VBZ'), (34, 7, 'a', 'DT'), (34, 8, 'steep', 'JJ'), (34, 9, 'cliff', 'NN');
INSERT INTO triples (sentence_id, predicate_id,relation,arg_start_id,arg_end_id,triple_type)VALUES (34, 2, 'Property',4, 5, 'auto'), (34, 3, 'Agent',2, 2, 'auto'), (34, 3, 'Patient',4, 5, 'auto'), (34, 6, 'Agent',2, 2, 'auto'), (34, 6, 'Patient',7, 9, 'auto');
INSERT INTO Sentences (sentence_id, sentence, sentence_type)VALUES (35, 'man with no shirt on climbing rocks', 'auto');
INSERT INTO Words ( sentence_id,word_ID ,word,pos)VALUES (35, 1, 'man', 'NN'), (35, 2, 'with', 'IN'), (35, 3, 'no', 'DT'), (35, 4, 'shirt', 'NN'), (35, 5, 'on', 'IN'), (35, 6, 'climbing', 'JJ'), (35, 7, 'rocks', 'NNS');
INSERT INTO triples (sentence_id, predicate_id,relation,arg_start_id,arg_end_id,triple_type)VALUES (35, 1, 'Property',2, 4, 'auto'), (35, 1, 'Location',5, 7, 'auto');
INSERT INTO Sentences (sentence_id, sentence, sentence_type)VALUES (36, 'A competitive motorcycle racer prepares to make a left turn along a paved road', 'auto');
INSERT INTO Words ( sentence_id,word_ID ,word,pos)VALUES (36, 1, 'A', 'DT'), (36, 2, 'competitive', 'JJ'), (36, 3, 'motorcycle', 'NN'), (36, 4, 'racer', 'NN'), (36, 5, 'prepares', 'VBZ'), (36, 6, 'to', 'TO'), (36, 7, 'make', 'VB'), (36, 8, 'a', 'DT'), (36, 9, 'left', 'JJ'), (36, 10, 'turn', 'NN'), (36, 11, 'along', 'IN'), (36, 12, 'a', 'DT'), (36, 13, 'paved', 'JJ'), (36, 14, 'road', 'NN');
INSERT INTO triples (sentence_id, predicate_id,relation,arg_start_id,arg_end_id,triple_type)VALUES (36, 5, 'Agent',4, 4, 'auto'), (36, 5, 'Beneficiary',6, 7, 'auto'), (36, 7, 'Agent',4, 4, 'auto'), (36, 7, 'Patient',8, 10, 'auto'), (36, 7, 'Destination',11, 14, 'auto');
INSERT INTO Sentences (sentence_id, sentence, sentence_type)VALUES (37, 'A man rides a motorcycle with the number 5 on it', 'auto');
INSERT INTO Words ( sentence_id,word_ID ,word,pos)VALUES (37, 1, 'A', 'DT'), (37, 2, 'man', 'NN'), (37, 3, 'rides', 'VBZ'), (37, 4, 'a', 'DT'), (37, 5, 'motorcycle', 'NN'), (37, 6, 'with', 'IN'), (37, 7, 'the', 'DT'), (37, 8, 'number', 'NN'), (37, 9, '5', 'CD'), (37, 10, 'on', 'IN'), (37, 11, 'it', 'PRP');
INSERT INTO triples (sentence_id, predicate_id,relation,arg_start_id,arg_end_id,triple_type)VALUES (37, 3, 'Agent',2, 2, 'auto'), (37, 3, 'Patient',5, 5, 'auto'), (37, 5, 'Property',6, 9, 'auto'), (37, 9, 'Location',10, 11, 'auto');
INSERT INTO Sentences (sentence_id, sentence, sentence_type)VALUES (38, 'A motorcycle driver swerves to the left', 'auto');
INSERT INTO Words ( sentence_id,word_ID ,word,pos)VALUES (38, 1, 'A', 'DT'), (38, 2, 'motorcycle', 'NN'), (38, 3, 'driver', 'NN'), (38, 4, 'swerves', 'VBZ'), (38, 5, 'to', 'TO'), (38, 6, 'the', 'DT'), (38, 7, 'left', 'NN');
INSERT INTO triples (sentence_id, predicate_id,relation,arg_start_id,arg_end_id,triple_type)VALUES (38, 2, 'Property',3, 7, 'auto'), (38, 4, 'Agent',3, 3, 'auto'), (38, 4, 'Location',7, 7, 'auto');
INSERT INTO Sentences (sentence_id, sentence, sentence_type)VALUES (39, 'A motorcycle with number five on front is being ridden by a rider wearing a red helmet', 'auto');
INSERT INTO Words ( sentence_id,word_ID ,word,pos)VALUES (39, 1, 'A', 'DT'), (39, 2, 'motorcycle', 'NN'), (39, 3, 'with', 'IN'), (39, 4, 'number', 'NN'), (39, 5, 'five', 'CD'), (39, 6, 'on', 'IN'), (39, 7, 'front', 'NN'), (39, 8, 'is', 'VBZ'), (39, 9, 'being', 'VBG'), (39, 10, 'ridden', 'VBN'), (39, 11, 'by', 'IN'), (39, 12, 'a', 'DT'), (39, 13, 'rider', 'NN'), (39, 14, 'wearing', 'VBG'), (39, 15, 'a', 'DT'), (39, 16, 'red', 'JJ'), (39, 17, 'helmet', 'NN');
INSERT INTO triples (sentence_id, predicate_id,relation,arg_start_id,arg_end_id,triple_type)VALUES (39, 2, 'Property',3, 5, 'auto'), (39, 10, 'Patient',2, 2, 'auto'), (39, 10, 'Agent',12, 13, 'auto'), (39, 14, 'Agent',12, 13, 'auto'), (39, 14, 'Patient',15, 17, 'auto');
INSERT INTO Sentences (sentence_id, sentence, sentence_type)VALUES (40, 'professional motorcycle racer turning a corner', 'auto');
INSERT INTO Words ( sentence_id,word_ID ,word,pos)VALUES (40, 1, 'professional', 'JJ'), (40, 2, 'motorcycle', 'NN'), (40, 3, 'racer', 'NN'), (40, 4, 'turning', 'VBG'), (40, 5, 'a', 'DT'), (40, 6, 'corner', 'NN');
INSERT INTO triples (sentence_id, predicate_id,relation,arg_start_id,arg_end_id,triple_type)VALUES (40, 2, 'Property',1, 1, 'auto'), (40, 4, 'Agent',3, 3, 'auto'), (40, 4, 'Patient',5, 6, 'auto');
INSERT INTO Sentences (sentence_id, sentence, sentence_type)VALUES (41, 'A man is riding on a red motorcycle', 'auto');
INSERT INTO Words ( sentence_id,word_ID ,word,pos)VALUES (41, 1, 'A', 'DT'), (41, 2, 'man', 'NN'), (41, 3, 'is', 'VBZ'), (41, 4, 'riding', 'VBG'), (41, 5, 'on', 'IN'), (41, 6, 'a', 'DT'), (41, 7, 'red', 'JJ'), (41, 8, 'motorcycle', 'NN');
INSERT INTO triples (sentence_id, predicate_id,relation,arg_start_id,arg_end_id,triple_type)VALUES (41, 2, 'Location',8, 8, 'auto'), (41, 4, 'Agent',2, 2, 'auto'), (41, 4, 'Patient',6, 8, 'auto'), (41, 8, 'Property',6, 7, 'auto');
INSERT INTO Sentences (sentence_id, sentence, sentence_type)VALUES (42, 'A motorcycle driver dressed in orange gear swerves to the right', 'auto');
INSERT INTO Words ( sentence_id,word_ID ,word,pos)VALUES (42, 1, 'A', 'DT'), (42, 2, 'motorcycle', 'NN'), (42, 3, 'driver', 'NN'), (42, 4, 'dressed', 'VBN'), (42, 5, 'in', 'IN'), (42, 6, 'orange', 'JJ'), (42, 7, 'gear', 'NN'), (42, 8, 'swerves', 'VBZ'), (42, 9, 'to', 'TO'), (42, 10, 'the', 'DT'), (42, 11, 'right', 'NN');
INSERT INTO triples (sentence_id, predicate_id,relation,arg_start_id,arg_end_id,triple_type)VALUES (42, 4, 'Agent',2, 3, 'auto'), (42, 4, 'Patient',6, 7, 'auto'), (42, 8, 'Agent',2, 3, 'auto'), (42, 8, 'Destination',9, 11, 'auto');
INSERT INTO Sentences (sentence_id, sentence, sentence_type)VALUES (43, 'A motorcyclist on a red speed bike leans into a sharp turn', 'auto');
INSERT INTO Words ( sentence_id,word_ID ,word,pos)VALUES (43, 1, 'A', 'DT'), (43, 2, 'motorcyclist', 'NN'), (43, 3, 'on', 'IN'), (43, 4, 'a', 'DT'), (43, 5, 'red', 'JJ'), (43, 6, 'speed', 'NN'), (43, 7, 'bike', 'NN'), (43, 8, 'leans', 'VBZ'), (43, 9, 'into', 'IN'), (43, 10, 'a', 'DT'), (43, 11, 'sharp', 'JJ'), (43, 12, 'turn', 'NN');
INSERT INTO triples (sentence_id, predicate_id,relation,arg_start_id,arg_end_id,triple_type)VALUES (43, 2, 'Property',5, 5, 'auto'), (43, 2, 'Location',7, 7, 'auto'), (43, 7, 'Property',5, 6, 'auto'), (43, 8, 'Agent',2, 2, 'auto'), (43, 8, 'Patient',4, 7, 'auto'), (43, 8, 'Destination',12, 12, 'auto');
INSERT INTO Sentences (sentence_id, sentence, sentence_type)VALUES (44, 'Motorcyclist crouches low as he rounds a turn', 'auto');
INSERT INTO Words ( sentence_id,word_ID ,word,pos)VALUES (44, 1, 'Motorcyclist', 'NN'), (44, 2, 'crouches', 'VBZ'), (44, 3, 'low', 'JJ'), (44, 4, 'as', 'IN'), (44, 5, 'he', 'PRP'), (44, 6, 'rounds', 'VBZ'), (44, 7, 'a', 'DT'), (44, 8, 'turn', 'NN');
INSERT INTO triples (sentence_id, predicate_id,relation,arg_start_id,arg_end_id,triple_type)VALUES (44, 1, 'Property',3, 6, 'auto'), (44, 1, 'Location',7, 8, 'auto'), (44, 2, 'Agent',1, 1, 'auto'), (44, 2, 'Patient',3, 4, 'auto'), (44, 6, 'Agent',5, 5, 'auto'), (44, 6, 'Patient',8, 8, 'auto');
INSERT INTO Sentences (sentence_id, sentence, sentence_type)VALUES (45, 'This person is on a red motorcycle', 'auto');
INSERT INTO Words ( sentence_id,word_ID ,word,pos)VALUES (45, 1, 'This', 'DT'), (45, 2, 'person', 'NN'), (45, 3, 'is', 'VBZ'), (45, 4, 'on', 'IN'), (45, 5, 'a', 'DT'), (45, 6, 'red', 'JJ'), (45, 7, 'motorcycle', 'NN');
INSERT INTO triples (sentence_id, predicate_id,relation,arg_start_id,arg_end_id,triple_type)VALUES (45, 3, 'Patient',2, 2, 'auto'), (45, 3, 'Location',4, 7, 'auto');
INSERT INTO Sentences (sentence_id, sentence, sentence_type)VALUES (46, 'A motorcycle racer leans his bike', 'auto');
INSERT INTO Words ( sentence_id,word_ID ,word,pos)VALUES (46, 1, 'A', 'DT'), (46, 2, 'motorcycle', 'NN'), (46, 3, 'racer', 'NN'), (46, 4, 'leans', 'VBZ'), (46, 5, 'his', 'PRP$'), (46, 6, 'bike', 'NN');
INSERT INTO triples (sentence_id, predicate_id,relation,arg_start_id,arg_end_id,triple_type)VALUES (46, 4, 'Agent',2, 3, 'auto'), (46, 4, 'Patient',5, 6, 'auto');
INSERT INTO Sentences (sentence_id, sentence, sentence_type)VALUES (47, 'A motorcyclist is driving down a road on their motorbike', 'auto');
INSERT INTO Words ( sentence_id,word_ID ,word,pos)VALUES (47, 1, 'A', 'DT'), (47, 2, 'motorcyclist', 'NN'), (47, 3, 'is', 'VBZ'), (47, 4, 'driving', 'VBG'), (47, 5, 'down', 'RP'), (47, 6, 'a', 'DT'), (47, 7, 'road', 'NN'), (47, 8, 'on', 'IN'), (47, 9, 'their', 'PRP$'), (47, 10, 'motorbike', 'NN');
INSERT INTO triples (sentence_id, predicate_id,relation,arg_start_id,arg_end_id,triple_type)VALUES (47, 2, 'Location',6, 7, 'auto'), (47, 2, 'Property',8, 10, 'auto'), (47, 4, 'Agent',2, 2, 'auto'), (47, 4, 'Destination',5, 5, 'auto'), (47, 4, 'Patient',7, 10, 'auto');
INSERT INTO Sentences (sentence_id, sentence, sentence_type)VALUES (48, 'A motorcyclist is riding their sponsored car along a roadway that has recently turned', 'auto');
INSERT INTO Words ( sentence_id,word_ID ,word,pos)VALUES (48, 1, 'A', 'DT'), (48, 2, 'motorcyclist', 'NN'), (48, 3, 'is', 'VBZ'), (48, 4, 'riding', 'VBG'), (48, 5, 'their', 'PRP$'), (48, 6, 'sponsored', 'VBN'), (48, 7, 'car', 'NN'), (48, 8, 'along', 'IN'), (48, 9, 'a', 'DT'), (48, 10, 'roadway', 'NN'), (48, 11, 'that', 'WDT'), (48, 12, 'has', 'VBZ'), (48, 13, 'recently', 'RB'), (48, 14, 'turned', 'VBN');
INSERT INTO triples (sentence_id, predicate_id,relation,arg_start_id,arg_end_id,triple_type)VALUES (48, 2, 'Location',8, 10, 'auto'), (48, 4, 'Agent',2, 3, 'auto'), (48, 4, 'Patient',5, 7, 'auto'), (48, 4, 'Location',8, 10, 'auto'), (48, 7, 'Property',5, 6, 'auto'), (48, 7, 'Location',8, 10, 'auto'), (48, 14, 'Patient',10, 10, 'auto');
INSERT INTO Sentences (sentence_id, sentence, sentence_type)VALUES (49, 'A motorcyclist on the street', 'auto');
INSERT INTO Words ( sentence_id,word_ID ,word,pos)VALUES (49, 1, 'A', 'DT'), (49, 2, 'motorcyclist', 'NN'), (49, 3, 'on', 'IN'), (49, 4, 'the', 'DT'), (49, 5, 'street', 'NN');
INSERT INTO triples (sentence_id, predicate_id,relation,arg_start_id,arg_end_id,triple_type)VALUES (49, 2, 'Location',3, 5, 'auto');
INSERT INTO Sentences (sentence_id, sentence, sentence_type)VALUES (50, 'A motorcyclist with a red helmet rides his blue motorcycle down the road', 'auto');
INSERT INTO Words ( sentence_id,word_ID ,word,pos)VALUES (50, 1, 'A', 'DT'), (50, 2, 'motorcyclist', 'NN'), (50, 3, 'with', 'IN'), (50, 4, 'a', 'DT'), (50, 5, 'red', 'JJ'), (50, 6, 'helmet', 'NN'), (50, 7, 'rides', 'VBZ'), (50, 8, 'his', 'PRP$'), (50, 9, 'blue', 'JJ'), (50, 10, 'motorcycle', 'NN'), (50, 11, 'down', 'IN'), (50, 12, 'the', 'DT'), (50, 13, 'road', 'NN');
INSERT INTO triples (sentence_id, predicate_id,relation,arg_start_id,arg_end_id,triple_type)VALUES (50, 2, 'Property',3, 6, 'auto'), (50, 7, 'Agent',2, 2, 'auto'), (50, 7, 'Patient',8, 10, 'auto'), (50, 7, 'Destination',11, 13, 'auto');
INSERT INTO Sentences (sentence_id, sentence, sentence_type)VALUES (51, 'The iguanas wrestled along the rocky water bank', 'auto');
INSERT INTO Words ( sentence_id,word_ID ,word,pos)VALUES (51, 1, 'The', 'DT'), (51, 2, 'iguanas', 'NNS'), (51, 3, 'wrestled', 'VBD'), (51, 4, 'along', 'IN'), (51, 5, 'the', 'DT'), (51, 6, 'rocky', 'JJ'), (51, 7, 'water', 'NN'), (51, 8, 'bank', 'NN');
INSERT INTO triples (sentence_id, predicate_id,relation,arg_start_id,arg_end_id,triple_type)VALUES (51, 3, 'Agent',2, 2, 'auto'), (51, 3, 'Patient',4, 8, 'auto'), (51, 7, 'Location',8, 8, 'auto');
INSERT INTO Sentences (sentence_id, sentence, sentence_type)VALUES (52, 'The two reptiles are standing on their back legs near deep water', 'auto');
INSERT INTO Words ( sentence_id,word_ID ,word,pos)VALUES (52, 1, 'The', 'DT'), (52, 2, 'two', 'CD'), (52, 3, 'reptiles', 'NNS'), (52, 4, 'are', 'VBP'), (52, 5, 'standing', 'VBG'), (52, 6, 'on', 'IN'), (52, 7, 'their', 'PRP$'), (52, 8, 'back', 'JJ'), (52, 9, 'legs', 'NNS'), (52, 10, 'near', 'IN'), (52, 11, 'deep', 'JJ'), (52, 12, 'water', 'NN');
INSERT INTO triples (sentence_id, predicate_id,relation,arg_start_id,arg_end_id,triple_type)VALUES (52, 5, 'Agent',2, 3, 'auto'), (52, 5, 'Instrument',6, 9, 'auto'), (52, 5, 'Location',10, 12, 'auto');
INSERT INTO Sentences (sentence_id, sentence, sentence_type)VALUES (53, 'Two lizards fighting', 'auto');
INSERT INTO Words ( sentence_id,word_ID ,word,pos)VALUES (53, 1, 'Two', 'CD'), (53, 2, 'lizards', 'NNS'), (53, 3, 'fighting', 'VBG');
INSERT INTO triples (sentence_id, predicate_id,relation,arg_start_id,arg_end_id,triple_type)VALUES (53, 3, 'Agent',2, 2, 'auto');
INSERT INTO Sentences (sentence_id, sentence, sentence_type)VALUES (54, 'Two lizards fight in the water', 'auto');
INSERT INTO Words ( sentence_id,word_ID ,word,pos)VALUES (54, 1, 'Two', 'CD'), (54, 2, 'lizards', 'NNS'), (54, 3, 'fight', 'VBP'), (54, 4, 'in', 'IN'), (54, 5, 'the', 'DT'), (54, 6, 'water', 'NN');
INSERT INTO triples (sentence_id, predicate_id,relation,arg_start_id,arg_end_id,triple_type)VALUES (54, 3, 'Agent',2, 2, 'auto'), (54, 6, 'Location',4, 5, 'auto');
INSERT INTO Sentences (sentence_id, sentence, sentence_type)VALUES (55, 'Two oriental lizards are fighting for dominance in a small pond', 'auto');
INSERT INTO Words ( sentence_id,word_ID ,word,pos)VALUES (55, 1, 'Two', 'CD'), (55, 2, 'oriental', 'JJ'), (55, 3, 'lizards', 'NNS'), (55, 4, 'are', 'VBP'), (55, 5, 'fighting', 'VBG'), (55, 6, 'for', 'IN'), (55, 7, 'dominance', 'NN'), (55, 8, 'in', 'IN'), (55, 9, 'a', 'DT'), (55, 10, 'small', 'JJ'), (55, 11, 'pond', 'NN');
INSERT INTO triples (sentence_id, predicate_id,relation,arg_start_id,arg_end_id,triple_type)VALUES (55, 5, 'Agent',1, 3, 'auto'), (55, 5, 'Beneficiary',6, 7, 'auto'), (55, 5, 'Location',8, 11, 'auto');
INSERT INTO Sentences (sentence_id, sentence, sentence_type)VALUES (56, 'a boxer punches a boxer in the face', 'auto');
INSERT INTO Words ( sentence_id,word_ID ,word,pos)VALUES (56, 1, 'a', 'DT'), (56, 2, 'boxer', 'NN'), (56, 3, 'punches', 'VBZ'), (56, 4, 'a', 'DT'), (56, 5, 'boxer', 'NN'), (56, 6, 'in', 'IN'), (56, 7, 'the', 'DT'), (56, 8, 'face', 'NN');
INSERT INTO triples (sentence_id, predicate_id,relation,arg_start_id,arg_end_id,triple_type)VALUES (56, 3, 'Agent',2, 2, 'auto'), (56, 3, 'Patient',4, 4, 'auto'), (56, 3, 'Location',6, 6, 'auto');
INSERT INTO Sentences (sentence_id, sentence, sentence_type)VALUES (57, 'A fighter attempts to kick another fighter while the other fighter blocks his kick', 'auto');
INSERT INTO Words ( sentence_id,word_ID ,word,pos)VALUES (57, 1, 'A', 'DT'), (57, 2, 'fighter', 'NN'), (57, 3, 'attempts', 'VBZ'), (57, 4, 'to', 'TO'), (57, 5, 'kick', 'VB'), (57, 6, 'another', 'DT'), (57, 7, 'fighter', 'NN'), (57, 8, 'while', 'IN'), (57, 9, 'the', 'DT'), (57, 10, 'other', 'JJ'), (57, 11, 'fighter', 'NN'), (57, 12, 'blocks', 'VBZ'), (57, 13, 'his', 'PRP$'), (57, 14, 'kick', 'NN');
INSERT INTO triples (sentence_id, predicate_id,relation,arg_start_id,arg_end_id,triple_type)VALUES (57, 3, 'Agent',1, 2, 'auto'), (57, 3, 'Beneficiary',4, 5, 'auto'), (57, 5, 'Agent',1, 2, 'auto'), (57, 5, 'Patient',6, 7, 'auto'), (57, 12, 'Agent',9, 11, 'auto'), (57, 12, 'Patient',13, 14, 'auto');
INSERT INTO Sentences (sentence_id, sentence, sentence_type)VALUES (58, 'a kickboxer jumping for a kick', 'auto');
INSERT INTO Words ( sentence_id,word_ID ,word,pos)VALUES (58, 1, 'a', 'DT'), (58, 2, 'kickboxer', 'NN'), (58, 3, 'jumping', 'VBG'), (58, 4, 'for', 'IN'), (58, 5, 'a', 'DT'), (58, 6, 'kick', 'NN');
INSERT INTO triples (sentence_id, predicate_id,relation,arg_start_id,arg_end_id,triple_type)VALUES (58, 3, 'Agent',2, 2, 'auto'), (58, 3, 'Beneficiary',4, 6, 'auto');
INSERT INTO Sentences (sentence_id, sentence, sentence_type)VALUES (59, 'Two boxers are in the ring', 'auto');
INSERT INTO Words ( sentence_id,word_ID ,word,pos)VALUES (59, 1, 'Two', 'CD'), (59, 2, 'boxers', 'NNS'), (59, 3, 'are', 'VBP'), (59, 4, 'in', 'IN'), (59, 5, 'the', 'DT'), (59, 6, 'ring', 'NN');
INSERT INTO triples (sentence_id, predicate_id,relation,arg_start_id,arg_end_id,triple_type)VALUES (59, 3, 'Patient',1, 2, 'auto'), (59, 3, 'Location',6, 6, 'auto');
INSERT INTO Sentences (sentence_id, sentence, sentence_type)VALUES (60, 'Two men kickbox in a ring , one man punching the other', 'auto');
INSERT INTO Words ( sentence_id,word_ID ,word,pos)VALUES (60, 1, 'Two', 'CD'), (60, 2, 'men', 'NNS'), (60, 3, 'kickbox', 'VBP'), (60, 4, 'in', 'IN'), (60, 5, 'a', 'DT'), (60, 6, 'ring', 'NN'), (60, 7, ',', ','), (60, 8, 'one', 'CD'), (60, 9, 'man', 'NN'), (60, 10, 'punching', 'VBG'), (60, 11, 'the', 'DT'), (60, 12, 'other', 'JJ');
INSERT INTO triples (sentence_id, predicate_id,relation,arg_start_id,arg_end_id,triple_type)VALUES (60, 2, 'Location',3, 6, 'auto'), (60, 10, 'Agent',9, 9, 'auto'), (60, 10, 'Patient',11, 12, 'auto');
INSERT INTO Sentences (sentence_id, sentence, sentence_type)VALUES (61, 'A football player pauses during a game', 'auto');
INSERT INTO Words ( sentence_id,word_ID ,word,pos)VALUES (61, 1, 'A', 'DT'), (61, 2, 'football', 'NN'), (61, 3, 'player', 'NN'), (61, 4, 'pauses', 'VBZ'), (61, 5, 'during', 'IN'), (61, 6, 'a', 'DT'), (61, 7, 'game', 'NN');
INSERT INTO triples (sentence_id, predicate_id,relation,arg_start_id,arg_end_id,triple_type)VALUES (61, 3, 'Property',2, 2, 'auto'), (61, 3, 'Time',5, 7, 'auto'), (61, 4, 'Agent',2, 3, 'auto'), (61, 4, 'Time',5, 7, 'auto');
INSERT INTO Sentences (sentence_id, sentence, sentence_type)VALUES (62, 'A football player wears a green jersey with the number ( 4 ) on it', 'auto');
INSERT INTO Words ( sentence_id,word_ID ,word,pos)VALUES (62, 1, 'A', 'DT'), (62, 2, 'football', 'NN'), (62, 3, 'player', 'NN'), (62, 4, 'wears', 'VBZ'), (62, 5, 'a', 'DT'), (62, 6, 'green', 'JJ'), (62, 7, 'jersey', 'NN'), (62, 8, 'with', 'IN'), (62, 9, 'the', 'DT'), (62, 10, 'number', 'NN'), (62, 11, '(', '('), (62, 12, '4', 'CD'), (62, 13, ')', ')'), (62, 14, 'on', 'IN'), (62, 15, 'it', 'PRP');
INSERT INTO triples (sentence_id, predicate_id,relation,arg_start_id,arg_end_id,triple_type)VALUES (62, 3, 'Property',4, 13, 'auto'), (62, 3, 'Location',14, 15, 'auto'), (62, 4, 'Agent',2, 3, 'auto'), (62, 4, 'Patient',5, 15, 'auto');
INSERT INTO Sentences (sentence_id, sentence, sentence_type)VALUES (63, 'Greenbay football player is being handed a towel on the field', 'auto');
INSERT INTO Words ( sentence_id,word_ID ,word,pos)VALUES (63, 1, 'Greenbay', 'NNP'), (63, 2, 'football', 'NN'), (63, 3, 'player', 'NN'), (63, 4, 'is', 'VBZ'), (63, 5, 'being', 'VBG'), (63, 6, 'handed', 'VBN'), (63, 7, 'a', 'DT'), (63, 8, 'towel', 'NN'), (63, 9, 'on', 'IN'), (63, 10, 'the', 'DT'), (63, 11, 'field', 'NN');
INSERT INTO triples (sentence_id, predicate_id,relation,arg_start_id,arg_end_id,triple_type)VALUES (63, 6, 'Recipient',1, 3, 'auto'), (63, 6, 'Patient',7, 8, 'auto'), (63, 6, 'Location',9, 11, 'auto');
INSERT INTO Sentences (sentence_id, sentence, sentence_type)VALUES (64, 'Green Bay Packer player cooling off', 'auto');
INSERT INTO Words ( sentence_id,word_ID ,word,pos)VALUES (64, 1, 'Green', 'NNP'), (64, 2, 'Bay', 'NNP'), (64, 3, 'Packer', 'NNP'), (64, 4, 'player', 'NN'), (64, 5, 'cooling', 'VBG'), (64, 6, 'off', 'RP');
INSERT INTO triples (sentence_id, predicate_id,relation,arg_start_id,arg_end_id,triple_type)VALUES (64, 4, 'Property',1, 3, 'auto'), (64, 5, 'Agent',4, 4, 'auto');
INSERT INTO Sentences (sentence_id, sentence, sentence_type)VALUES (65, 'Someone takes a cloth off of a Green Bay Packers football player', 'auto');
INSERT INTO Words ( sentence_id,word_ID ,word,pos)VALUES (65, 1, 'Someone', 'NN'), (65, 2, 'takes', 'VBZ'), (65, 3, 'a', 'DT'), (65, 4, 'cloth', 'NN'), (65, 5, 'off', 'IN'), (65, 6, 'of', 'IN'), (65, 7, 'a', 'DT'), (65, 8, 'Green', 'NNP'), (65, 9, 'Bay', 'NNP'), (65, 10, 'Packers', 'NNPS'), (65, 11, 'football', 'NN'), (65, 12, 'player', 'NN');
INSERT INTO triples (sentence_id, predicate_id,relation,arg_start_id,arg_end_id,triple_type)VALUES (65, 2, 'Agent',1, 1, 'auto'), (65, 2, 'Patient',3, 4, 'auto'), (65, 12, 'Location',6, 7, 'auto'), (65, 12, 'Property',8, 11, 'auto');
INSERT INTO Sentences (sentence_id, sentence, sentence_type)VALUES (66, 'a man jumping in a mud puddle in the middle of the street', 'auto');
INSERT INTO Words ( sentence_id,word_ID ,word,pos)VALUES (66, 1, 'a', 'DT'), (66, 2, 'man', 'NN'), (66, 3, 'jumping', 'VBG'), (66, 4, 'in', 'IN'), (66, 5, 'a', 'DT'), (66, 6, 'mud', 'NN'), (66, 7, 'puddle', 'NN'), (66, 8, 'in', 'IN'), (66, 9, 'the', 'DT'), (66, 10, 'middle', 'NN'), (66, 11, 'of', 'IN'), (66, 12, 'the', 'DT'), (66, 13, 'street', 'NN');
INSERT INTO triples (sentence_id, predicate_id,relation,arg_start_id,arg_end_id,triple_type)VALUES (66, 3, 'Agent',2, 2, 'auto'), (66, 3, 'Destination',4, 7, 'auto'), (66, 7, 'Location',8, 13, 'auto');
INSERT INTO Sentences (sentence_id, sentence, sentence_type)VALUES (67, 'A man jumps up and down in a puddle in a parking lot', 'auto');
INSERT INTO Words ( sentence_id,word_ID ,word,pos)VALUES (67, 1, 'A', 'DT'), (67, 2, 'man', 'NN'), (67, 3, 'jumps', 'VBZ'), (67, 4, 'up', 'RP'), (67, 5, 'and', 'CC'), (67, 6, 'down', 'RP'), (67, 7, 'in', 'IN'), (67, 8, 'a', 'DT'), (67, 9, 'puddle', 'NN'), (67, 10, 'in', 'IN'), (67, 11, 'a', 'DT'), (67, 12, 'parking', 'NN'), (67, 13, 'lot', 'NN');
INSERT INTO triples (sentence_id, predicate_id,relation,arg_start_id,arg_end_id,triple_type)VALUES (67, 2, 'Location',9, 9, 'auto'), (67, 3, 'Agent',2, 2, 'auto'), (67, 3, 'Destination',9, 9, 'auto'), (67, 3, 'Location',10, 13, 'auto'), (67, 9, 'Location',10, 13, 'auto');
INSERT INTO Sentences (sentence_id, sentence, sentence_type)VALUES (68, 'A smiling person wearing a jacket and boots jumps in a big puddle', 'auto');
INSERT INTO Words ( sentence_id,word_ID ,word,pos)VALUES (68, 1, 'A', 'DT'), (68, 2, 'smiling', 'JJ'), (68, 3, 'person', 'NN'), (68, 4, 'wearing', 'VBG'), (68, 5, 'a', 'DT'), (68, 6, 'jacket', 'NN'), (68, 7, 'and', 'CC'), (68, 8, 'boots', 'NNS'), (68, 9, 'jumps', 'VBZ'), (68, 10, 'in', 'IN'), (68, 11, 'a', 'DT'), (68, 12, 'big', 'JJ'), (68, 13, 'puddle', 'NN');
INSERT INTO triples (sentence_id, predicate_id,relation,arg_start_id,arg_end_id,triple_type)VALUES (68, 3, 'Property',1, 2, 'auto'), (68, 3, 'Location',13, 13, 'auto'), (68, 4, 'Agent',3, 3, 'auto'), (68, 4, 'Patient',5, 8, 'auto'), (68, 9, 'Agent',3, 3, 'auto'), (68, 9, 'Destination',10, 13, 'auto'), (68, 13, 'Location',10, 12, 'auto');
INSERT INTO Sentences (sentence_id, sentence, sentence_type)VALUES (69, 'Man jumping for joy in a rain storm at the beach', 'auto');
INSERT INTO Words ( sentence_id,word_ID ,word,pos)VALUES (69, 1, 'Man', 'NN'), (69, 2, 'jumping', 'VBG'), (69, 3, 'for', 'IN'), (69, 4, 'joy', 'NN'), (69, 5, 'in', 'IN'), (69, 6, 'a', 'DT'), (69, 7, 'rain', 'NN'), (69, 8, 'storm', 'NN'), (69, 9, 'at', 'IN'), (69, 10, 'the', 'DT'), (69, 11, 'beach', 'NN');
INSERT INTO triples (sentence_id, predicate_id,relation,arg_start_id,arg_end_id,triple_type)VALUES (69, 2, 'Agent',1, 1, 'auto'), (69, 2, 'Beneficiary',3, 4, 'auto'), (69, 2, 'Location',9, 11, 'auto');
INSERT INTO Sentences (sentence_id, sentence, sentence_type)VALUES (70, 'Person in blue coat jumping in standing water on pavement with body of water in the background', 'auto');
INSERT INTO Words ( sentence_id,word_ID ,word,pos)VALUES (70, 1, 'Person', 'NN'), (70, 2, 'in', 'IN'), (70, 3, 'blue', 'JJ'), (70, 4, 'coat', 'NN'), (70, 5, 'jumping', 'VBG'), (70, 6, 'in', 'IN'), (70, 7, 'standing', 'JJ'), (70, 8, 'water', 'NN'), (70, 9, 'on', 'IN'), (70, 10, 'pavement', 'NN'), (70, 11, 'with', 'IN'), (70, 12, 'body', 'NN'), (70, 13, 'of', 'IN'), (70, 14, 'water', 'NN'), (70, 15, 'in', 'IN'), (70, 16, 'the', 'DT'), (70, 17, 'background', 'NN');
INSERT INTO triples (sentence_id, predicate_id,relation,arg_start_id,arg_end_id,triple_type)VALUES (70, 1, 'Property',2, 4, 'auto'), (70, 1, 'Location',7, 8, 'auto'), (70, 5, 'Agent',1, 1, 'auto'), (70, 5, 'Destination',6, 8, 'auto'), (70, 8, 'Location',15, 17, 'auto');
INSERT INTO Sentences (sentence_id, sentence, sentence_type)VALUES (71, 'A man snowboarding down a mountain covered with snow', 'auto');
INSERT INTO Words ( sentence_id,word_ID ,word,pos)VALUES (71, 1, 'A', 'DT'), (71, 2, 'man', 'NN'), (71, 3, 'snowboarding', 'VBG'), (71, 4, 'down', 'RP'), (71, 5, 'a', 'DT'), (71, 6, 'mountain', 'NN'), (71, 7, 'covered', 'VBN'), (71, 8, 'with', 'IN'), (71, 9, 'snow', 'NN');
INSERT INTO triples (sentence_id, predicate_id,relation,arg_start_id,arg_end_id,triple_type)VALUES (71, 2, 'Location',6, 6, 'auto'), (71, 3, 'Agent',2, 2, 'auto'), (71, 3, 'Location',4, 6, 'auto'), (71, 6, 'Property',7, 9, 'auto'), (71, 7, 'Patient',1, 6, 'auto'), (71, 7, 'Instrument',8, 9, 'auto');
INSERT INTO Sentences (sentence_id, sentence, sentence_type)VALUES (72, 'A skier rapidly descending a steep snow covered hill', 'auto');
INSERT INTO Words ( sentence_id,word_ID ,word,pos)VALUES (72, 1, 'A', 'DT'), (72, 2, 'skier', 'NN'), (72, 3, 'rapidly', 'RB'), (72, 4, 'descending', 'VBG'), (72, 5, 'a', 'DT'), (72, 6, 'steep', 'JJ'), (72, 7, 'snow', 'NN'), (72, 8, 'covered', 'VBD'), (72, 9, 'hill', 'NN');
INSERT INTO triples (sentence_id, predicate_id,relation,arg_start_id,arg_end_id,triple_type)VALUES (72, 4, 'Agent',2, 2, 'auto'), (72, 4, 'Patient',6, 9, 'auto'), (72, 8, 'Destination',6, 7, 'auto'), (72, 8, 'Patient',9, 9, 'auto'), (72, 9, 'Property',1, 6, 'auto'), (72, 9, 'Material',7, 7, 'auto');
INSERT INTO Sentences (sentence_id, sentence, sentence_type)VALUES (73, 'A snowboarder coasting down the side of a snowy hill', 'auto');
INSERT INTO Words ( sentence_id,word_ID ,word,pos)VALUES (73, 1, 'A', 'DT'), (73, 2, 'snowboarder', 'NN'), (73, 3, 'coasting', 'VBG'), (73, 4, 'down', 'RP'), (73, 5, 'the', 'DT'), (73, 6, 'side', 'NN'), (73, 7, 'of', 'IN'), (73, 8, 'a', 'DT'), (73, 9, 'snowy', 'JJ'), (73, 10, 'hill', 'NN');
INSERT INTO triples (sentence_id, predicate_id,relation,arg_start_id,arg_end_id,triple_type)VALUES (73, 3, 'Agent',2, 2, 'auto'), (73, 3, 'Attribute',5, 6, 'auto'), (73, 3, 'Patient',8, 10, 'auto');
INSERT INTO Sentences (sentence_id, sentence, sentence_type)VALUES (74, 'Snowboarder going down a fresh hill', 'auto');
INSERT INTO Words ( sentence_id,word_ID ,word,pos)VALUES (74, 1, 'Snowboarder', 'NN'), (74, 2, 'going', 'VBG'), (74, 3, 'down', 'RP'), (74, 4, 'a', 'DT'), (74, 5, 'fresh', 'JJ'), (74, 6, 'hill', 'NN');
INSERT INTO triples (sentence_id, predicate_id,relation,arg_start_id,arg_end_id,triple_type)VALUES (74, 2, 'Agent',1, 1, 'auto'), (74, 2, 'Destination',3, 6, 'auto');
INSERT INTO Sentences (sentence_id, sentence, sentence_type)VALUES (75, 'The sun is shining above the snow and trees', 'auto');
INSERT INTO Words ( sentence_id,word_ID ,word,pos)VALUES (75, 1, 'The', 'DT'), (75, 2, 'sun', 'NN'), (75, 3, 'is', 'VBZ'), (75, 4, 'shining', 'VBG'), (75, 5, 'above', 'IN'), (75, 6, 'the', 'DT'), (75, 7, 'snow', 'NN'), (75, 8, 'and', 'CC'), (75, 9, 'trees', 'NNS');
INSERT INTO triples (sentence_id, predicate_id,relation,arg_start_id,arg_end_id,triple_type)VALUES (75, 4, 'Agent',1, 2, 'auto'), (75, 4, 'Destination',5, 9, 'auto');
INSERT INTO Sentences (sentence_id, sentence, sentence_type)VALUES (76, 'A man in a black hoodie and jeans skateboards down a railing', 'auto');
INSERT INTO Words ( sentence_id,word_ID ,word,pos)VALUES (76, 1, 'A', 'DT'), (76, 2, 'man', 'NN'), (76, 3, 'in', 'IN'), (76, 4, 'a', 'DT'), (76, 5, 'black', 'JJ'), (76, 6, 'hoodie', 'NN'), (76, 7, 'and', 'CC'), (76, 8, 'jeans', 'NNS'), (76, 9, 'skateboards', 'VBZ'), (76, 10, 'down', 'IN'), (76, 11, 'a', 'DT'), (76, 12, 'railing', 'NN');
INSERT INTO triples (sentence_id, predicate_id,relation,arg_start_id,arg_end_id,triple_type)VALUES (76, 2, 'Property',3, 8, 'auto'), (76, 9, 'Agent',2, 2, 'auto'), (76, 9, 'Destination',10, 12, 'auto');
INSERT INTO Sentences (sentence_id, sentence, sentence_type)VALUES (77, 'A man skateboards down a steep railing next to some steps', 'auto');
INSERT INTO Words ( sentence_id,word_ID ,word,pos)VALUES (77, 1, 'A', 'DT'), (77, 2, 'man', 'NN'), (77, 3, 'skateboards', 'VBZ'), (77, 4, 'down', 'IN'), (77, 5, 'a', 'DT'), (77, 6, 'steep', 'JJ'), (77, 7, 'railing', 'NN'), (77, 8, 'next', 'IN'), (77, 9, 'to', 'TO'), (77, 10, 'some', 'DT'), (77, 11, 'steps', 'NNS');
INSERT INTO triples (sentence_id, predicate_id,relation,arg_start_id,arg_end_id,triple_type)VALUES (77, 2, 'Location',6, 7, 'auto'), (77, 3, 'Agent',2, 2, 'auto'), (77, 3, 'Location',4, 4, 'auto'), (77, 3, 'Destination',7, 7, 'auto'), (77, 7, 'Location',8, 11, 'auto');
INSERT INTO Sentences (sentence_id, sentence, sentence_type)VALUES (78, 'a person is sliding down a brick rail on a snowboard', 'auto');
INSERT INTO Words ( sentence_id,word_ID ,word,pos)VALUES (78, 1, 'a', 'DT'), (78, 2, 'person', 'NN'), (78, 3, 'is', 'VBZ'), (78, 4, 'sliding', 'VBG'), (78, 5, 'down', 'RP'), (78, 6, 'a', 'DT'), (78, 7, 'brick', 'NN'), (78, 8, 'rail', 'NN'), (78, 9, 'on', 'IN'), (78, 10, 'a', 'DT'), (78, 11, 'snowboard', 'NN');
INSERT INTO triples (sentence_id, predicate_id,relation,arg_start_id,arg_end_id,triple_type)VALUES (78, 2, 'Property',3, 5, 'auto'), (78, 2, 'Location',9, 11, 'auto'), (78, 4, 'Agent',2, 3, 'auto'), (78, 4, 'Destination',5, 5, 'auto'), (78, 4, 'Patient',7, 8, 'auto'), (78, 4, 'Location',9, 9, 'auto');
INSERT INTO Sentences (sentence_id, sentence, sentence_type)VALUES (79, 'A person walks down the brick railing near a set of steps', 'auto');
INSERT INTO Words ( sentence_id,word_ID ,word,pos)VALUES (79, 1, 'A', 'DT'), (79, 2, 'person', 'NN'), (79, 3, 'walks', 'VBZ'), (79, 4, 'down', 'RP'), (79, 5, 'the', 'DT'), (79, 6, 'brick', 'NN'), (79, 7, 'railing', 'NN'), (79, 8, 'near', 'IN'), (79, 9, 'a', 'DT'), (79, 10, 'set', 'NN'), (79, 11, 'of', 'IN'), (79, 12, 'steps', 'NNS');
INSERT INTO triples (sentence_id, predicate_id,relation,arg_start_id,arg_end_id,triple_type)VALUES (79, 2, 'Location',8, 12, 'auto'), (79, 3, 'Agent',2, 2, 'auto'), (79, 3, 'Patient',5, 7, 'auto');
INSERT INTO Sentences (sentence_id, sentence, sentence_type)VALUES (80, 'A snowboarder rides down a handrail without snow', 'auto');
INSERT INTO Words ( sentence_id,word_ID ,word,pos)VALUES (80, 1, 'A', 'DT'), (80, 2, 'snowboarder', 'NN'), (80, 3, 'rides', 'VBZ'), (80, 4, 'down', 'IN'), (80, 5, 'a', 'DT'), (80, 6, 'handrail', 'NN'), (80, 7, 'without', 'IN'), (80, 8, 'snow', 'NN');
INSERT INTO triples (sentence_id, predicate_id,relation,arg_start_id,arg_end_id,triple_type)VALUES (80, 3, 'Agent',2, 2, 'auto'), (80, 3, 'Patient',4, 8, 'auto');
INSERT INTO Sentences (sentence_id, sentence, sentence_type)VALUES (81, 'A man in yellow jumps with his skis', 'auto');
INSERT INTO Words ( sentence_id,word_ID ,word,pos)VALUES (81, 1, 'A', 'DT'), (81, 2, 'man', 'NN'), (81, 3, 'in', 'IN'), (81, 4, 'yellow', 'JJ'), (81, 5, 'jumps', 'VBZ'), (81, 6, 'with', 'IN'), (81, 7, 'his', 'PRP$'), (81, 8, 'skis', 'NNS');
INSERT INTO triples (sentence_id, predicate_id,relation,arg_start_id,arg_end_id,triple_type)VALUES (81, 2, 'Property',3, 4, 'auto'), (81, 5, 'Agent',2, 2, 'auto'), (81, 5, 'Instrument',6, 8, 'auto');
INSERT INTO Sentences (sentence_id, sentence, sentence_type)VALUES (82, 'A man in yellow ski jumping over a barrel', 'auto');
INSERT INTO Words ( sentence_id,word_ID ,word,pos)VALUES (82, 1, 'A', 'DT'), (82, 2, 'man', 'NN'), (82, 3, 'in', 'IN'), (82, 4, 'yellow', 'JJ'), (82, 5, 'ski', 'NN'), (82, 6, 'jumping', 'VBG'), (82, 7, 'over', 'RP'), (82, 8, 'a', 'DT'), (82, 9, 'barrel', 'NN');
INSERT INTO triples (sentence_id, predicate_id,relation,arg_start_id,arg_end_id,triple_type)VALUES (82, 2, 'Property',3, 5, 'auto'), (82, 6, 'Agent',2, 2, 'auto'), (82, 6, 'Location',7, 9, 'auto');
INSERT INTO Sentences (sentence_id, sentence, sentence_type)VALUES (83, 'A man jumps while snow skiing', 'auto');
INSERT INTO Words ( sentence_id,word_ID ,word,pos)VALUES (83, 1, 'A', 'DT'), (83, 2, 'man', 'NN'), (83, 3, 'jumps', 'VBZ'), (83, 4, 'while', 'IN'), (83, 5, 'snow', 'NN'), (83, 6, 'skiing', 'NN');
INSERT INTO triples (sentence_id, predicate_id,relation,arg_start_id,arg_end_id,triple_type)VALUES (83, 2, 'Property',3, 6, 'auto'), (83, 3, 'Agent',2, 2, 'auto');
INSERT INTO Sentences (sentence_id, sentence, sentence_type)VALUES (84, 'A skier catches air over the snow', 'auto');
INSERT INTO Words ( sentence_id,word_ID ,word,pos)VALUES (84, 1, 'A', 'DT'), (84, 2, 'skier', 'NN'), (84, 3, 'catches', 'VBZ'), (84, 4, 'air', 'NN'), (84, 5, 'over', 'IN'), (84, 6, 'the', 'DT'), (84, 7, 'snow', 'NN');
INSERT INTO triples (sentence_id, predicate_id,relation,arg_start_id,arg_end_id,triple_type)VALUES (84, 3, 'Agent',2, 2, 'auto'), (84, 3, 'Patient',5, 5, 'auto');
INSERT INTO Sentences (sentence_id, sentence, sentence_type)VALUES (85, 'Man skiing over a barrel in a snowy area', 'auto');
INSERT INTO Words ( sentence_id,word_ID ,word,pos)VALUES (85, 1, 'Man', 'NN'), (85, 2, 'skiing', 'VBG'), (85, 3, 'over', 'IN'), (85, 4, 'a', 'DT'), (85, 5, 'barrel', 'NN'), (85, 6, 'in', 'IN'), (85, 7, 'a', 'DT'), (85, 8, 'snowy', 'JJ'), (85, 9, 'area', 'NN');
INSERT INTO triples (sentence_id, predicate_id,relation,arg_start_id,arg_end_id,triple_type)VALUES (85, 1, 'Location',3, 5, 'auto'), (85, 2, 'Agent',1, 1, 'auto'), (85, 2, 'Location',3, 3, 'auto'), (85, 2, 'Patient',7, 8, 'auto');
INSERT INTO Sentences (sentence_id, sentence, sentence_type)VALUES (86, 'A baseball is recoiling from an action taken on a treated field watched by others', 'auto');
INSERT INTO Words ( sentence_id,word_ID ,word,pos)VALUES (86, 1, 'A', 'DT'), (86, 2, 'baseball', 'NN'), (86, 3, 'is', 'VBZ'), (86, 4, 'recoiling', 'VBG'), (86, 5, 'from', 'IN'), (86, 6, 'an', 'DT'), (86, 7, 'action', 'NN'), (86, 8, 'taken', 'VBN'), (86, 9, 'on', 'IN'), (86, 10, 'a', 'DT'), (86, 11, 'treated', 'JJ'), (86, 12, 'field', 'NN'), (86, 13, 'watched', 'VBN'), (86, 14, 'by', 'IN'), (86, 15, 'others', 'NNS');
INSERT INTO Sentences (sentence_id, sentence, sentence_type)VALUES (87, 'A baseball player on a playing field springs into action', 'auto');
INSERT INTO Words ( sentence_id,word_ID ,word,pos)VALUES (87, 1, 'A', 'DT'), (87, 2, 'baseball', 'NN'), (87, 3, 'player', 'NN'), (87, 4, 'on', 'IN'), (87, 5, 'a', 'DT'), (87, 6, 'playing', 'NN'), (87, 7, 'field', 'NN'), (87, 8, 'springs', 'VBZ'), (87, 9, 'into', 'IN'), (87, 10, 'action', 'NN');
INSERT INTO triples (sentence_id, predicate_id,relation,arg_start_id,arg_end_id,triple_type)VALUES (87, 3, 'Location',4, 7, 'auto'), (87, 8, 'Agent',2, 3, 'auto'), (87, 8, 'Location',4, 7, 'auto');
INSERT INTO Sentences (sentence_id, sentence, sentence_type)VALUES (88, 'A baseball player standing on the mound', 'auto');
INSERT INTO Words ( sentence_id,word_ID ,word,pos)VALUES (88, 1, 'A', 'DT'), (88, 2, 'baseball', 'NN'), (88, 3, 'player', 'NN'), (88, 4, 'standing', 'VBZ'), (88, 5, 'on', 'IN'), (88, 6, 'the', 'DT'), (88, 7, 'mound', 'NN');
INSERT INTO triples (sentence_id, predicate_id,relation,arg_start_id,arg_end_id,triple_type)VALUES (88, 4, 'Agent',1, 3, 'auto'), (88, 4, 'Location',5, 7, 'auto');
INSERT INTO Sentences (sentence_id, sentence, sentence_type)VALUES (89, 'A Philadelphia Phillie pitcher on the pitchers mound with his left leg up behind him', 'auto');
INSERT INTO Words ( sentence_id,word_ID ,word,pos)VALUES (89, 1, 'A', 'DT'), (89, 2, 'Philadelphia', 'NNP'), (89, 3, 'Phillie', 'NNP'), (89, 4, 'pitcher', 'NN'), (89, 5, 'on', 'IN'), (89, 6, 'the', 'DT'), (89, 7, 'pitchers', 'NNS'), (89, 8, 'mound', 'NN'), (89, 9, 'with', 'IN'), (89, 10, 'his', 'PRP$'), (89, 11, 'left', 'JJ'), (89, 12, 'leg', 'NN'), (89, 13, 'up', 'IN'), (89, 14, 'behind', 'IN'), (89, 15, 'him', 'PRP');
INSERT INTO Sentences (sentence_id, sentence, sentence_type)VALUES (90, 'A pitcher in a red and white uniform in a baseball game has just thrown the ball', 'auto');
INSERT INTO Words ( sentence_id,word_ID ,word,pos)VALUES (90, 1, 'A', 'DT'), (90, 2, 'pitcher', 'NN'), (90, 3, 'in', 'IN'), (90, 4, 'a', 'DT'), (90, 5, 'red', 'JJ'), (90, 6, 'and', 'CC'), (90, 7, 'white', 'JJ'), (90, 8, 'uniform', 'NN'), (90, 9, 'in', 'IN'), (90, 10, 'a', 'DT'), (90, 11, 'baseball', 'NN'), (90, 12, 'game', 'NN'), (90, 13, 'has', 'VBZ'), (90, 14, 'just', 'RB'), (90, 15, 'thrown', 'VBN'), (90, 16, 'the', 'DT'), (90, 17, 'ball', 'NN');
INSERT INTO triples (sentence_id, predicate_id,relation,arg_start_id,arg_end_id,triple_type)VALUES (90, 2, 'Property',3, 8, 'auto'), (90, 15, 'Agent',2, 2, 'auto'), (90, 15, 'Patient',16, 17, 'auto');
INSERT INTO Sentences (sentence_id, sentence, sentence_type)VALUES (91, 'A person climbing up a snowy mountain', 'auto');
INSERT INTO Words ( sentence_id,word_ID ,word,pos)VALUES (91, 1, 'A', 'DT'), (91, 2, 'person', 'NN'), (91, 3, 'climbing', 'VBG'), (91, 4, 'up', 'RP'), (91, 5, 'a', 'DT'), (91, 6, 'snowy', 'JJ'), (91, 7, 'mountain', 'NN');
INSERT INTO triples (sentence_id, predicate_id,relation,arg_start_id,arg_end_id,triple_type)VALUES (91, 2, 'Property',3, 4, 'auto'), (91, 2, 'Location',5, 7, 'auto'), (91, 3, 'Agent',2, 2, 'auto'), (91, 3, 'Patient',4, 4, 'auto'), (91, 7, 'Property',1, 6, 'auto');
INSERT INTO Sentences (sentence_id, sentence, sentence_type)VALUES (92, 'A person climbing up the side of a snowy mountain to fetch his or her ski poles', 'auto');
INSERT INTO Words ( sentence_id,word_ID ,word,pos)VALUES (92, 1, 'A', 'DT'), (92, 2, 'person', 'NN'), (92, 3, 'climbing', 'VBG'), (92, 4, 'up', 'RP'), (92, 5, 'the', 'DT'), (92, 6, 'side', 'NN'), (92, 7, 'of', 'IN'), (92, 8, 'a', 'DT'), (92, 9, 'snowy', 'JJ'), (92, 10, 'mountain', 'NN'), (92, 11, 'to', 'TO'), (92, 12, 'fetch', 'VB'), (92, 13, 'his', 'PRP$'), (92, 14, 'or', 'CC'), (92, 15, 'her', 'PRP$'), (92, 16, 'ski', 'NN'), (92, 17, 'poles', 'NNS');
INSERT INTO triples (sentence_id, predicate_id,relation,arg_start_id,arg_end_id,triple_type)VALUES (92, 3, 'Agent',1, 2, 'auto'), (92, 3, 'Attribute',5, 6, 'auto'), (92, 3, 'Patient',8, 10, 'auto'), (92, 3, 'Beneficiary',11, 17, 'auto'), (92, 10, 'Property',9, 9, 'auto'), (92, 12, 'Agent',1, 2, 'auto'), (92, 12, 'Patient',13, 17, 'auto');
INSERT INTO Sentences (sentence_id, sentence, sentence_type)VALUES (93, 'A skier climbs up a snowy trail toward his poles', 'auto');
INSERT INTO Words ( sentence_id,word_ID ,word,pos)VALUES (93, 1, 'A', 'DT'), (93, 2, 'skier', 'NN'), (93, 3, 'climbs', 'VBZ'), (93, 4, 'up', 'RP'), (93, 5, 'a', 'DT'), (93, 6, 'snowy', 'JJ'), (93, 7, 'trail', 'NN'), (93, 8, 'toward', 'IN'), (93, 9, 'his', 'PRP$'), (93, 10, 'poles', 'NNS');
INSERT INTO triples (sentence_id, predicate_id,relation,arg_start_id,arg_end_id,triple_type)VALUES (93, 3, 'Agent',2, 2, 'auto'), (93, 3, 'Location',4, 4, 'auto'), (93, 3, 'Destination',8, 10, 'auto');
INSERT INTO Sentences (sentence_id, sentence, sentence_type)VALUES (94, 'A slimber with a backpack accends a snow covered mountain', 'auto');
INSERT INTO Words ( sentence_id,word_ID ,word,pos)VALUES (94, 1, 'A', 'DT'), (94, 2, 'slimber', 'NN'), (94, 3, 'with', 'IN'), (94, 4, 'a', 'DT'), (94, 5, 'backpack', 'NN'), (94, 6, 'accends', 'VBZ'), (94, 7, 'a', 'DT'), (94, 8, 'snow', 'NN'), (94, 9, 'covered', 'VBD'), (94, 10, 'mountain', 'NN');
INSERT INTO triples (sentence_id, predicate_id,relation,arg_start_id,arg_end_id,triple_type)VALUES (94, 2, 'Property',3, 5, 'auto'), (94, 9, 'Agent',8, 8, 'auto'), (94, 9, 'Patient',10, 10, 'auto'), (94, 10, 'Property',8, 9, 'auto');
INSERT INTO Sentences (sentence_id, sentence, sentence_type)VALUES (95, 'Man climbing a steep snow-covered slope', 'auto');
INSERT INTO Words ( sentence_id,word_ID ,word,pos)VALUES (95, 1, 'Man', 'NN'), (95, 2, 'climbing', 'VBG'), (95, 3, 'a', 'DT'), (95, 4, 'steep', 'JJ'), (95, 5, 'snow-covered', 'JJ'), (95, 6, 'slope', 'NN');
INSERT INTO triples (sentence_id, predicate_id,relation,arg_start_id,arg_end_id,triple_type)VALUES (95, 1, 'Location',4, 6, 'auto'), (95, 2, 'Agent',1, 1, 'auto'), (95, 2, 'Patient',3, 6, 'auto');
INSERT INTO Sentences (sentence_id, sentence, sentence_type)VALUES (96, 'A goalie tries to catch a ball during a soccer game', 'auto');
INSERT INTO Words ( sentence_id,word_ID ,word,pos)VALUES (96, 1, 'A', 'DT'), (96, 2, 'goalie', 'NN'), (96, 3, 'tries', 'VBZ'), (96, 4, 'to', 'TO'), (96, 5, 'catch', 'VB'), (96, 6, 'a', 'DT'), (96, 7, 'ball', 'NN'), (96, 8, 'during', 'IN'), (96, 9, 'a', 'DT'), (96, 10, 'soccer', 'NN'), (96, 11, 'game', 'NN');
INSERT INTO triples (sentence_id, predicate_id,relation,arg_start_id,arg_end_id,triple_type)VALUES (96, 3, 'Agent',2, 2, 'auto'), (96, 3, 'Patient',4, 11, 'auto'), (96, 5, 'Agent',2, 2, 'auto'), (96, 5, 'Patient',7, 7, 'auto'), (96, 5, 'Location',8, 11, 'auto');
INSERT INTO Sentences (sentence_id, sentence, sentence_type)VALUES (97, 'A group of guys playing soccer on a field', 'auto');
INSERT INTO Words ( sentence_id,word_ID ,word,pos)VALUES (97, 1, 'A', 'DT'), (97, 2, 'group', 'NN'), (97, 3, 'of', 'IN'), (97, 4, 'guys', 'NNS'), (97, 5, 'playing', 'VBG'), (97, 6, 'soccer', 'NN'), (97, 7, 'on', 'IN'), (97, 8, 'a', 'DT'), (97, 9, 'field', 'NN');
INSERT INTO triples (sentence_id, predicate_id,relation,arg_start_id,arg_end_id,triple_type)VALUES (97, 5, 'Agent',2, 4, 'auto'), (97, 5, 'Patient',6, 6, 'auto'), (97, 5, 'Location',7, 9, 'auto');
INSERT INTO Sentences (sentence_id, sentence, sentence_type)VALUES (98, 'Footballers are scrambling around the goal as the goal keeper reaches for the ball', 'auto');
INSERT INTO Words ( sentence_id,word_ID ,word,pos)VALUES (98, 1, 'Footballers', 'NNS'), (98, 2, 'are', 'VBP'), (98, 3, 'scrambling', 'VBG'), (98, 4, 'around', 'IN'), (98, 5, 'the', 'DT'), (98, 6, 'goal', 'NN'), (98, 7, 'as', 'IN'), (98, 8, 'the', 'DT'), (98, 9, 'goal', 'NN'), (98, 10, 'keeper', 'NN'), (98, 11, 'reaches', 'VBZ'), (98, 12, 'for', 'IN'), (98, 13, 'the', 'DT'), (98, 14, 'ball', 'NN');
INSERT INTO triples (sentence_id, predicate_id,relation,arg_start_id,arg_end_id,triple_type)VALUES (98, 3, 'Agent',1, 1, 'auto'), (98, 3, 'Location',4, 6, 'auto'), (98, 3, 'Agent',9, 10, 'auto'), (98, 3, 'Beneficiary',12, 14, 'auto');
INSERT INTO Sentences (sentence_id, sentence, sentence_type)VALUES (99, 'Four men in green at a soccer goal post trying to score , while 3 men in blue try to prevent it', 'auto');
INSERT INTO Words ( sentence_id,word_ID ,word,pos)VALUES (99, 1, 'Four', 'CD'), (99, 2, 'men', 'NNS'), (99, 3, 'in', 'IN'), (99, 4, 'green', 'JJ'), (99, 5, 'at', 'IN'), (99, 6, 'a', 'DT'), (99, 7, 'soccer', 'NN'), (99, 8, 'goal', 'NN'), (99, 9, 'post', 'NN'), (99, 10, 'trying', 'VBG'), (99, 11, 'to', 'TO'), (99, 12, 'score', 'NN'), (99, 13, ',', ','), (99, 14, 'while', 'IN'), (99, 15, '3', 'CD'), (99, 16, 'men', 'NNS'), (99, 17, 'in', 'IN'), (99, 18, 'blue', 'JJ'), (99, 19, 'try', 'NN'), (99, 20, 'to', 'TO'), (99, 21, 'prevent', 'VB'), (99, 22, 'it', 'PRP');
INSERT INTO triples (sentence_id, predicate_id,relation,arg_start_id,arg_end_id,triple_type)VALUES (99, 2, 'Property',3, 4, 'auto'), (99, 2, 'Location',7, 9, 'auto'), (99, 10, 'Agent',1, 2, 'auto'), (99, 10, 'Patient',11, 12, 'auto'), (99, 16, 'Location',7, 9, 'auto'), (99, 16, 'Property',17, 18, 'auto'), (99, 21, 'Agent',15, 16, 'auto'), (99, 21, 'Patient',22, 22, 'auto');
INSERT INTO Sentences (sentence_id, sentence, sentence_type)VALUES (100, 'Two soccer teams converge at the goal and the goalie reaches for the ball', 'auto');
INSERT INTO Words ( sentence_id,word_ID ,word,pos)VALUES (100, 1, 'Two', 'CD'), (100, 2, 'soccer', 'NN'), (100, 3, 'teams', 'NNS'), (100, 4, 'converge', 'VBP'), (100, 5, 'at', 'IN'), (100, 6, 'the', 'DT'), (100, 7, 'goal', 'NN'), (100, 8, 'and', 'CC'), (100, 9, 'the', 'DT'), (100, 10, 'goalie', 'NN'), (100, 11, 'reaches', 'VBZ'), (100, 12, 'for', 'IN'), (100, 13, 'the', 'DT'), (100, 14, 'ball', 'NN');
INSERT INTO triples (sentence_id, predicate_id,relation,arg_start_id,arg_end_id,triple_type)VALUES (100, 4, 'Agent',2, 3, 'auto'), (100, 4, 'Location',5, 7, 'auto'), (100, 11, 'Source',7, 7, 'auto'), (100, 11, 'Agent',10, 10, 'auto'), (100, 11, 'Beneficiary',13, 14, 'auto');
INSERT INTO Sentences (sentence_id, sentence, sentence_type)VALUES (101, 'A man is snow boarding and jumping off of a snow hill', 'auto');
INSERT INTO Words ( sentence_id,word_ID ,word,pos)VALUES (101, 1, 'A', 'DT'), (101, 2, 'man', 'NN'), (101, 3, 'is', 'VBZ'), (101, 4, 'snow', 'NN'), (101, 5, 'boarding', 'VBG'), (101, 6, 'and', 'CC'), (101, 7, 'jumping', 'VBG'), (101, 8, 'off', 'RB'), (101, 9, 'of', 'IN'), (101, 10, 'a', 'DT'), (101, 11, 'snow', 'NN'), (101, 12, 'hill', 'NN');
INSERT INTO triples (sentence_id, predicate_id,relation,arg_start_id,arg_end_id,triple_type)VALUES (101, 2, 'Location',11, 12, 'auto'), (101, 5, 'Agent',2, 2, 'auto'), (101, 5, 'Location',12, 12, 'auto'), (101, 7, 'Agent',2, 2, 'auto'), (101, 7, 'Location',8, 12, 'auto'), (101, 12, 'Material',11, 11, 'auto');
INSERT INTO Sentences (sentence_id, sentence, sentence_type)VALUES (102, 'A person in a black jacket is snowboarding during the evening', 'auto');
INSERT INTO Words ( sentence_id,word_ID ,word,pos)VALUES (102, 1, 'A', 'DT'), (102, 2, 'person', 'NN'), (102, 3, 'in', 'IN'), (102, 4, 'a', 'DT'), (102, 5, 'black', 'JJ'), (102, 6, 'jacket', 'NN'), (102, 7, 'is', 'VBZ'), (102, 8, 'snowboarding', 'VBG'), (102, 9, 'during', 'IN'), (102, 10, 'the', 'DT'), (102, 11, 'evening', 'NN');
INSERT INTO triples (sentence_id, predicate_id,relation,arg_start_id,arg_end_id,triple_type)VALUES (102, 2, 'Property',3, 6, 'auto'), (102, 8, 'Agent',2, 2, 'auto'), (102, 8, 'Time',9, 11, 'auto');
INSERT INTO Sentences (sentence_id, sentence, sentence_type)VALUES (103, 'A silhouette of a person snowboarding through a pile of snow', 'auto');
INSERT INTO Words ( sentence_id,word_ID ,word,pos)VALUES (103, 1, 'A', 'DT'), (103, 2, 'silhouette', 'NN'), (103, 3, 'of', 'IN'), (103, 4, 'a', 'DT'), (103, 5, 'person', 'NN'), (103, 6, 'snowboarding', 'VBG'), (103, 7, 'through', 'IN'), (103, 8, 'a', 'DT'), (103, 9, 'pile', 'NN'), (103, 10, 'of', 'IN'), (103, 11, 'snow', 'NN');
INSERT INTO triples (sentence_id, predicate_id,relation,arg_start_id,arg_end_id,triple_type)VALUES (103, 5, 'Location',2, 4, 'auto'), (103, 5, 'Property',11, 11, 'auto'), (103, 6, 'Agent',2, 2, 'auto'), (103, 6, 'Location',7, 7, 'auto');
INSERT INTO Sentences (sentence_id, sentence, sentence_type)VALUES (104, 'A snowboarder flying off a snow drift with a colorful sky in the background', 'auto');
INSERT INTO Words ( sentence_id,word_ID ,word,pos)VALUES (104, 1, 'A', 'DT'), (104, 2, 'snowboarder', 'NN'), (104, 3, 'flying', 'VBG'), (104, 4, 'off', 'RP'), (104, 5, 'a', 'DT'), (104, 6, 'snow', 'NN'), (104, 7, 'drift', 'NN'), (104, 8, 'with', 'IN'), (104, 9, 'a', 'DT'), (104, 10, 'colorful', 'JJ'), (104, 11, 'sky', 'NN'), (104, 12, 'in', 'IN'), (104, 13, 'the', 'DT'), (104, 14, 'background', 'NN');
INSERT INTO triples (sentence_id, predicate_id,relation,arg_start_id,arg_end_id,triple_type)VALUES (104, 3, 'Agent',2, 2, 'auto'), (104, 3, 'Patient',4, 6, 'auto'), (104, 3, 'Location',12, 12, 'auto'), (104, 11, 'Property',1, 10, 'auto');
INSERT INTO Sentences (sentence_id, sentence, sentence_type)VALUES (105, 'The person in the parka is on a snow board', 'auto');
INSERT INTO Words ( sentence_id,word_ID ,word,pos)VALUES (105, 1, 'The', 'DT'), (105, 2, 'person', 'NN'), (105, 3, 'in', 'IN'), (105, 4, 'the', 'DT'), (105, 5, 'parka', 'NN'), (105, 6, 'is', 'VBZ'), (105, 7, 'on', 'IN'), (105, 8, 'a', 'DT'), (105, 9, 'snow', 'NN'), (105, 10, 'board', 'NN');
INSERT INTO triples (sentence_id, predicate_id,relation,arg_start_id,arg_end_id,triple_type)VALUES (105, 2, 'Property',4, 5, 'auto'), (105, 2, 'Location',7, 10, 'auto'), (105, 6, 'Patient',2, 2, 'auto'), (105, 6, 'Location',7, 10, 'auto');
INSERT INTO Sentences (sentence_id, sentence, sentence_type)VALUES (106, 'A blue rally car pulls away from the spectators watching from the side of the track', 'auto');
INSERT INTO Words ( sentence_id,word_ID ,word,pos)VALUES (106, 1, 'A', 'DT'), (106, 2, 'blue', 'JJ'), (106, 3, 'rally', 'NN'), (106, 4, 'car', 'NN'), (106, 5, 'pulls', 'VBZ'), (106, 6, 'away', 'RB'), (106, 7, 'from', 'IN'), (106, 8, 'the', 'DT'), (106, 9, 'spectators', 'NNS'), (106, 10, 'watching', 'VBG'), (106, 11, 'from', 'IN'), (106, 12, 'the', 'DT'), (106, 13, 'side', 'NN'), (106, 14, 'of', 'IN'), (106, 15, 'the', 'DT'), (106, 16, 'track', 'NN');
INSERT INTO triples (sentence_id, predicate_id,relation,arg_start_id,arg_end_id,triple_type)VALUES (106, 5, 'Agent',2, 4, 'auto'), (106, 5, 'Source',6, 9, 'auto'), (106, 10, 'Agent',9, 9, 'auto'), (106, 10, 'Source',11, 16, 'auto');
INSERT INTO Sentences (sentence_id, sentence, sentence_type)VALUES (107, 'A car is being driven on a trail while people on both sides of the road look on', 'auto');
INSERT INTO Words ( sentence_id,word_ID ,word,pos)VALUES (107, 1, 'A', 'DT'), (107, 2, 'car', 'NN'), (107, 3, 'is', 'VBZ'), (107, 4, 'being', 'VBG'), (107, 5, 'driven', 'VBN'), (107, 6, 'on', 'IN'), (107, 7, 'a', 'DT'), (107, 8, 'trail', 'NN'), (107, 9, 'while', 'IN'), (107, 10, 'people', 'NNS'), (107, 11, 'on', 'IN'), (107, 12, 'both', 'DT'), (107, 13, 'sides', 'NNS'), (107, 14, 'of', 'IN'), (107, 15, 'the', 'DT'), (107, 16, 'road', 'NN'), (107, 17, 'look', 'NN'), (107, 18, 'on', 'IN');
INSERT INTO triples (sentence_id, predicate_id,relation,arg_start_id,arg_end_id,triple_type)VALUES (107, 2, 'Property',3, 5, 'auto'), (107, 2, 'Location',6, 14, 'auto'), (107, 5, 'Patient',1, 4, 'auto'), (107, 5, 'Location',6, 9, 'auto'), (107, 5, 'Agent',10, 10, 'auto'), (107, 10, 'Property',3, 5, 'auto'), (107, 10, 'Location',11, 18, 'auto');
INSERT INTO Sentences (sentence_id, sentence, sentence_type)VALUES (108, 'A race car zooms while onlookers watch', 'auto');
INSERT INTO Words ( sentence_id,word_ID ,word,pos)VALUES (108, 1, 'A', 'DT'), (108, 2, 'race', 'NN'), (108, 3, 'car', 'NN'), (108, 4, 'zooms', 'VBZ'), (108, 5, 'while', 'IN'), (108, 6, 'onlookers', 'NNS'), (108, 7, 'watch', 'VBP');
INSERT INTO triples (sentence_id, predicate_id,relation,arg_start_id,arg_end_id,triple_type)VALUES (108, 3, 'Property',1, 2, 'auto'), (108, 4, 'Agent',3, 3, 'auto'), (108, 4, 'Patient',7, 7, 'auto'), (108, 7, 'Patient',1, 5, 'auto'), (108, 7, 'Agent',6, 6, 'auto');
INSERT INTO Sentences (sentence_id, sentence, sentence_type)VALUES (109, 'A racing car goes through a dirt course while fans watch', 'auto');
INSERT INTO Words ( sentence_id,word_ID ,word,pos)VALUES (109, 1, 'A', 'DT'), (109, 2, 'racing', 'NN'), (109, 3, 'car', 'NN'), (109, 4, 'goes', 'VBZ'), (109, 5, 'through', 'IN'), (109, 6, 'a', 'DT'), (109, 7, 'dirt', 'NN'), (109, 8, 'course', 'NN'), (109, 9, 'while', 'IN'), (109, 10, 'fans', 'NNS'), (109, 11, 'watch', 'VBP');
INSERT INTO triples (sentence_id, predicate_id,relation,arg_start_id,arg_end_id,triple_type)VALUES (109, 3, 'Property',1, 2, 'auto'), (109, 3, 'Location',5, 7, 'auto'), (109, 4, 'Agent',3, 3, 'auto'), (109, 4, 'Location',5, 5, 'auto'), (109, 4, 'Patient',6, 7, 'auto'), (109, 4, 'Destination',8, 8, 'auto'), (109, 11, 'Patient',1, 2, 'auto'), (109, 11, 'Location',7, 7, 'auto'), (109, 11, 'Agent',10, 10, 'auto');
INSERT INTO Sentences (sentence_id, sentence, sentence_type)VALUES (110, 'Blue race car riding on dirt path with onlookers', 'auto');
INSERT INTO Words ( sentence_id,word_ID ,word,pos)VALUES (110, 1, 'Blue', 'NNP'), (110, 2, 'race', 'NN'), (110, 3, 'car', 'NN'), (110, 4, 'riding', 'VBG'), (110, 5, 'on', 'IN'), (110, 6, 'dirt', 'NN'), (110, 7, 'path', 'NN'), (110, 8, 'with', 'IN'), (110, 9, 'onlookers', 'NNS');
INSERT INTO triples (sentence_id, predicate_id,relation,arg_start_id,arg_end_id,triple_type)VALUES (110, 3, 'Property',1, 2, 'auto'), (110, 3, 'Location',7, 7, 'auto'), (110, 4, 'Agent',3, 3, 'auto'), (110, 4, 'Location',5, 5, 'auto'), (110, 4, 'Patient',6, 6, 'auto');
INSERT INTO Sentences (sentence_id, sentence, sentence_type)VALUES (111, 'A group of people are jumping into the air with their arms held high', 'auto');
INSERT INTO Words ( sentence_id,word_ID ,word,pos)VALUES (111, 1, 'A', 'DT'), (111, 2, 'group', 'NN'), (111, 3, 'of', 'IN'), (111, 4, 'people', 'NNS'), (111, 5, 'are', 'VBP'), (111, 6, 'jumping', 'VBG'), (111, 7, 'into', 'IN'), (111, 8, 'the', 'DT'), (111, 9, 'air', 'NN'), (111, 10, 'with', 'IN'), (111, 11, 'their', 'PRP$'), (111, 12, 'arms', 'NNS'), (111, 13, 'held', 'VBD'), (111, 14, 'high', 'JJ');
INSERT INTO triples (sentence_id, predicate_id,relation,arg_start_id,arg_end_id,triple_type)VALUES (111, 4, 'Location',2, 3, 'auto'), (111, 4, 'Property',12, 14, 'auto'), (111, 6, 'Agent',2, 5, 'auto'), (111, 6, 'Location',7, 7, 'auto'), (111, 6, 'Patient',13, 14, 'auto'), (111, 13, 'Agent',2, 4, 'auto'), (111, 13, 'Location',7, 9, 'auto'), (111, 13, 'Patient',14, 14, 'auto');
INSERT INTO Sentences (sentence_id, sentence, sentence_type)VALUES (112, 'A group of people in a desert jumping , one throwing a ball', 'auto');
INSERT INTO Words ( sentence_id,word_ID ,word,pos)VALUES (112, 1, 'A', 'DT'), (112, 2, 'group', 'NN'), (112, 3, 'of', 'IN'), (112, 4, 'people', 'NNS'), (112, 5, 'in', 'IN'), (112, 6, 'a', 'DT'), (112, 7, 'desert', 'NN'), (112, 8, 'jumping', 'VBG'), (112, 9, ',', ','), (112, 10, 'one', 'CD'), (112, 11, 'throwing', 'VBG'), (112, 12, 'a', 'DT'), (112, 13, 'ball', 'NN');
INSERT INTO triples (sentence_id, predicate_id,relation,arg_start_id,arg_end_id,triple_type)VALUES (112, 4, 'Location',5, 7, 'auto'), (112, 8, 'Agent',1, 4, 'auto'), (112, 11, 'Agent',10, 10, 'auto'), (112, 11, 'Patient',12, 13, 'auto');
INSERT INTO Sentences (sentence_id, sentence, sentence_type)VALUES (113, 'A group of six people have jumped into the air in the middle of nowhere and one is catching a ball', 'auto');
INSERT INTO Words ( sentence_id,word_ID ,word,pos)VALUES (113, 1, 'A', 'DT'), (113, 2, 'group', 'NN'), (113, 3, 'of', 'IN'), (113, 4, 'six', 'CD'), (113, 5, 'people', 'NNS'), (113, 6, 'have', 'VBP'), (113, 7, 'jumped', 'VBN'), (113, 8, 'into', 'IN'), (113, 9, 'the', 'DT'), (113, 10, 'air', 'NN'), (113, 11, 'in', 'IN'), (113, 12, 'the', 'DT'), (113, 13, 'middle', 'NN'), (113, 14, 'of', 'IN'), (113, 15, 'nowhere', 'RB'), (113, 16, 'and', 'CC'), (113, 17, 'one', 'CD'), (113, 18, 'is', 'VBZ'), (113, 19, 'catching', 'VBG'), (113, 20, 'a', 'DT'), (113, 21, 'ball', 'NN');
INSERT INTO triples (sentence_id, predicate_id,relation,arg_start_id,arg_end_id,triple_type)VALUES (113, 5, 'Location',6, 21, 'auto'), (113, 7, 'Agent',2, 5, 'auto'), (113, 7, 'Location',11, 13, 'auto'), (113, 7, 'Patient',14, 16, 'auto'), (113, 17, 'Location',8, 14, 'auto'), (113, 19, 'Patient',14, 16, 'auto'), (113, 19, 'Agent',17, 18, 'auto');
INSERT INTO Sentences (sentence_id, sentence, sentence_type)VALUES (114, 'Six people are jumping in the air , one of them throwing a ball', 'auto');
INSERT INTO Words ( sentence_id,word_ID ,word,pos)VALUES (114, 1, 'Six', 'CD'), (114, 2, 'people', 'NNS'), (114, 3, 'are', 'VBP'), (114, 4, 'jumping', 'VBG'), (114, 5, 'in', 'IN'), (114, 6, 'the', 'DT'), (114, 7, 'air', 'NN'), (114, 8, ',', ','), (114, 9, 'one', 'CD'), (114, 10, 'of', 'IN'), (114, 11, 'them', 'PRP'), (114, 12, 'throwing', 'VBG'), (114, 13, 'a', 'DT'), (114, 14, 'ball', 'NN');
INSERT INTO triples (sentence_id, predicate_id,relation,arg_start_id,arg_end_id,triple_type)VALUES (114, 2, 'Location',3, 8, 'auto'), (114, 2, 'Property',9, 9, 'auto'), (114, 4, 'Agent',1, 3, 'auto'), (114, 4, 'Location',5, 5, 'auto'), (114, 4, 'Patient',12, 12, 'auto'), (114, 9, 'Location',5, 8, 'auto'), (114, 12, 'Destination',6, 6, 'auto'), (114, 12, 'Agent',9, 11, 'auto'), (114, 12, 'Patient',13, 14, 'auto');
INSERT INTO Sentences (sentence_id, sentence, sentence_type)VALUES (115, 'Six people jump for ball', 'auto');
INSERT INTO Words ( sentence_id,word_ID ,word,pos)VALUES (115, 1, 'Six', 'CD'), (115, 2, 'people', 'NNS'), (115, 3, 'jump', 'VBP'), (115, 4, 'for', 'IN'), (115, 5, 'ball', 'NN');
INSERT INTO triples (sentence_id, predicate_id,relation,arg_start_id,arg_end_id,triple_type)VALUES (115, 3, 'Agent',2, 2, 'auto'), (115, 3, 'Beneficiary',4, 5, 'auto');
INSERT INTO Sentences (sentence_id, sentence, sentence_type)VALUES (116, 'A man jumps off a ramp on a snowboard', 'auto');
INSERT INTO Words ( sentence_id,word_ID ,word,pos)VALUES (116, 1, 'A', 'DT'), (116, 2, 'man', 'NN'), (116, 3, 'jumps', 'VBZ'), (116, 4, 'off', 'RP'), (116, 5, 'a', 'DT'), (116, 6, 'ramp', 'NN'), (116, 7, 'on', 'IN'), (116, 8, 'a', 'DT'), (116, 9, 'snowboard', 'NN');
INSERT INTO triples (sentence_id, predicate_id,relation,arg_start_id,arg_end_id,triple_type)VALUES (116, 3, 'Agent',2, 2, 'auto'), (116, 3, 'Source',4, 6, 'auto'), (116, 3, 'Instrument',7, 9, 'auto');
INSERT INTO Sentences (sentence_id, sentence, sentence_type)VALUES (117, 'A snowboarder high in the air', 'auto');
INSERT INTO Words ( sentence_id,word_ID ,word,pos)VALUES (117, 1, 'A', 'DT'), (117, 2, 'snowboarder', 'NN'), (117, 3, 'high', 'JJ'), (117, 4, 'in', 'IN'), (117, 5, 'the', 'DT'), (117, 6, 'air', 'NN');
INSERT INTO Sentences (sentence_id, sentence, sentence_type)VALUES (118, 'A snowboarder jumps through the air on their snowboard', 'auto');
INSERT INTO Words ( sentence_id,word_ID ,word,pos)VALUES (118, 1, 'A', 'DT'), (118, 2, 'snowboarder', 'NN'), (118, 3, 'jumps', 'VBZ'), (118, 4, 'through', 'IN'), (118, 5, 'the', 'DT'), (118, 6, 'air', 'NN'), (118, 7, 'on', 'IN'), (118, 8, 'their', 'PRP$'), (118, 9, 'snowboard', 'NN');
INSERT INTO triples (sentence_id, predicate_id,relation,arg_start_id,arg_end_id,triple_type)VALUES (118, 3, 'Agent',2, 2, 'auto'), (118, 3, 'Location',4, 4, 'auto'), (118, 3, 'Destination',6, 6, 'auto'), (118, 3, 'Patient',7, 9, 'auto');
INSERT INTO Sentences (sentence_id, sentence, sentence_type)VALUES (119, 'Snowboarder flies off of snowy jump , mountains in background', 'auto');
INSERT INTO Words ( sentence_id,word_ID ,word,pos)VALUES (119, 1, 'Snowboarder', 'NN'), (119, 2, 'flies', 'VBZ'), (119, 3, 'off', 'IN'), (119, 4, 'of', 'IN'), (119, 5, 'snowy', 'JJ'), (119, 6, 'jump', 'NN'), (119, 7, ',', ','), (119, 8, 'mountains', 'NNS'), (119, 9, 'in', 'IN'), (119, 10, 'background', 'NN');
INSERT INTO triples (sentence_id, predicate_id,relation,arg_start_id,arg_end_id,triple_type)VALUES (119, 2, 'Agent',1, 1, 'auto'), (119, 2, 'Source',3, 6, 'auto'), (119, 8, 'Location',9, 10, 'auto');
INSERT INTO Sentences (sentence_id, sentence, sentence_type)VALUES (120, 'The snowboarder is in the middle of a very tall jump', 'auto');
INSERT INTO Words ( sentence_id,word_ID ,word,pos)VALUES (120, 1, 'The', 'DT'), (120, 2, 'snowboarder', 'NN'), (120, 3, 'is', 'VBZ'), (120, 4, 'in', 'IN'), (120, 5, 'the', 'DT'), (120, 6, 'middle', 'NN'), (120, 7, 'of', 'IN'), (120, 8, 'a', 'DT'), (120, 9, 'very', 'RB'), (120, 10, 'tall', 'JJ'), (120, 11, 'jump', 'NN');
INSERT INTO triples (sentence_id, predicate_id,relation,arg_start_id,arg_end_id,triple_type)VALUES (120, 3, 'Agent',2, 2, 'auto'), (120, 3, 'Location',4, 11, 'auto');
INSERT INTO Sentences (sentence_id, sentence, sentence_type)VALUES (121, 'Four bicyclists ride along a dirt road between two wire fences', 'auto');
INSERT INTO Words ( sentence_id,word_ID ,word,pos)VALUES (121, 1, 'Four', 'CD'), (121, 2, 'bicyclists', 'NNS'), (121, 3, 'ride', 'VBP'), (121, 4, 'along', 'IN'), (121, 5, 'a', 'DT'), (121, 6, 'dirt', 'NN'), (121, 7, 'road', 'NN'), (121, 8, 'between', 'IN'), (121, 9, 'two', 'CD'), (121, 10, 'wire', 'NN'), (121, 11, 'fences', 'NNS');
INSERT INTO triples (sentence_id, predicate_id,relation,arg_start_id,arg_end_id,triple_type)VALUES (121, 3, 'Agent',2, 2, 'auto'), (121, 3, 'Location',6, 7, 'auto'), (121, 3, 'Patient',8, 11, 'auto');
INSERT INTO Sentences (sentence_id, sentence, sentence_type)VALUES (122, 'Four cyclists on a country trail are passing by an electricity pylon', 'auto');
INSERT INTO Words ( sentence_id,word_ID ,word,pos)VALUES (122, 1, 'Four', 'CD'), (122, 2, 'cyclists', 'NNS'), (122, 3, 'on', 'IN'), (122, 4, 'a', 'DT'), (122, 5, 'country', 'NN'), (122, 6, 'trail', 'NN'), (122, 7, 'are', 'VBP'), (122, 8, 'passing', 'VBG'), (122, 9, 'by', 'IN'), (122, 10, 'an', 'DT'), (122, 11, 'electricity', 'NN'), (122, 12, 'pylon', 'NN');
INSERT INTO triples (sentence_id, predicate_id,relation,arg_start_id,arg_end_id,triple_type)VALUES (122, 2, 'Location',3, 6, 'auto'), (122, 8, 'Agent',1, 2, 'auto'), (122, 8, 'Location',9, 12, 'auto');
INSERT INTO Sentences (sentence_id, sentence, sentence_type)VALUES (123, 'The four bicyclists are riding through the desert', 'auto');
INSERT INTO Words ( sentence_id,word_ID ,word,pos)VALUES (123, 1, 'The', 'DT'), (123, 2, 'four', 'CD'), (123, 3, 'bicyclists', 'NNS'), (123, 4, 'are', 'VBP'), (123, 5, 'riding', 'VBG'), (123, 6, 'through', 'IN'), (123, 7, 'the', 'DT'), (123, 8, 'desert', 'NN');
INSERT INTO triples (sentence_id, predicate_id,relation,arg_start_id,arg_end_id,triple_type)VALUES (123, 5, 'Patient',1, 1, 'auto'), (123, 5, 'Agent',2, 4, 'auto'), (123, 5, 'Location',6, 7, 'auto');
INSERT INTO Sentences (sentence_id, sentence, sentence_type)VALUES (124, 'three bikers bike across the dry land', 'auto');
INSERT INTO Words ( sentence_id,word_ID ,word,pos)VALUES (124, 1, 'three', 'CD'), (124, 2, 'bikers', 'NNS'), (124, 3, 'bike', 'VBP'), (124, 4, 'across', 'IN'), (124, 5, 'the', 'DT'), (124, 6, 'dry', 'JJ'), (124, 7, 'land', 'NN');
INSERT INTO triples (sentence_id, predicate_id,relation,arg_start_id,arg_end_id,triple_type)VALUES (124, 3, 'Agent',2, 2, 'auto'), (124, 3, 'Location',4, 4, 'auto'), (124, 3, 'Patient',5, 6, 'auto'), (124, 3, 'Destination',7, 7, 'auto');
INSERT INTO Sentences (sentence_id, sentence, sentence_type)VALUES (125, 'Three cyclists ride near mountain', 'auto');
INSERT INTO Words ( sentence_id,word_ID ,word,pos)VALUES (125, 1, 'Three', 'CD'), (125, 2, 'cyclists', 'NNS'), (125, 3, 'ride', 'VBP'), (125, 4, 'near', 'IN'), (125, 5, 'mountain', 'NN');
INSERT INTO triples (sentence_id, predicate_id,relation,arg_start_id,arg_end_id,triple_type)VALUES (125, 2, 'Location',4, 5, 'auto'), (125, 3, 'Patient',1, 1, 'auto'), (125, 3, 'Agent',2, 2, 'auto'), (125, 3, 'Location',4, 5, 'auto'), (125, 5, 'Property',1, 4, 'auto');
INSERT INTO Sentences (sentence_id, sentence, sentence_type)VALUES (126, 'a girl wearing a pink scarf and pink bellbottoms riding her bike outside', 'auto');
INSERT INTO Words ( sentence_id,word_ID ,word,pos)VALUES (126, 1, 'a', 'DT'), (126, 2, 'girl', 'NN'), (126, 3, 'wearing', 'VBG'), (126, 4, 'a', 'DT'), (126, 5, 'pink', 'JJ'), (126, 6, 'scarf', 'NN'), (126, 7, 'and', 'CC'), (126, 8, 'pink', 'JJ'), (126, 9, 'bellbottoms', 'NNS'), (126, 10, 'riding', 'VBG'), (126, 11, 'her', 'PRP$'), (126, 12, 'bike', 'NN'), (126, 13, 'outside', 'IN');
INSERT INTO triples (sentence_id, predicate_id,relation,arg_start_id,arg_end_id,triple_type)VALUES (126, 3, 'Agent',2, 2, 'auto'), (126, 3, 'Patient',4, 9, 'auto'), (126, 10, 'Agent',2, 2, 'auto'), (126, 10, 'Patient',11, 12, 'auto'), (126, 10, 'Location',13, 13, 'auto');
INSERT INTO Sentences (sentence_id, sentence, sentence_type)VALUES (127, 'A woman wearing a pink boa rides a bicycle down a pedestrian bridge', 'auto');
INSERT INTO Words ( sentence_id,word_ID ,word,pos)VALUES (127, 1, 'A', 'DT'), (127, 2, 'woman', 'NN'), (127, 3, 'wearing', 'VBG'), (127, 4, 'a', 'DT'), (127, 5, 'pink', 'JJ'), (127, 6, 'boa', 'NN'), (127, 7, 'rides', 'VBZ'), (127, 8, 'a', 'DT'), (127, 9, 'bicycle', 'NN'), (127, 10, 'down', 'IN'), (127, 11, 'a', 'DT'), (127, 12, 'pedestrian', 'JJ'), (127, 13, 'bridge', 'NN');
INSERT INTO triples (sentence_id, predicate_id,relation,arg_start_id,arg_end_id,triple_type)VALUES (127, 2, 'Property',3, 6, 'auto'), (127, 3, 'Agent',2, 2, 'auto'), (127, 3, 'Patient',4, 6, 'auto'), (127, 7, 'Agent',2, 2, 'auto'), (127, 7, 'Patient',8, 9, 'auto'), (127, 7, 'Location',10, 10, 'auto'), (127, 9, 'Location',12, 13, 'auto');
INSERT INTO Sentences (sentence_id, sentence, sentence_type)VALUES (128, 'A woman with pink bags rides her bike over a bridge', 'auto');
INSERT INTO Words ( sentence_id,word_ID ,word,pos)VALUES (128, 1, 'A', 'DT'), (128, 2, 'woman', 'NN'), (128, 3, 'with', 'IN'), (128, 4, 'pink', 'JJ'), (128, 5, 'bags', 'NNS'), (128, 6, 'rides', 'VBZ'), (128, 7, 'her', 'PRP$'), (128, 8, 'bike', 'NN'), (128, 9, 'over', 'IN'), (128, 10, 'a', 'DT'), (128, 11, 'bridge', 'NN');
INSERT INTO triples (sentence_id, predicate_id,relation,arg_start_id,arg_end_id,triple_type)VALUES (128, 2, 'Property',3, 5, 'auto'), (128, 6, 'Agent',2, 2, 'auto'), (128, 6, 'Patient',7, 8, 'auto'), (128, 6, 'Location',9, 11, 'auto');
INSERT INTO Sentences (sentence_id, sentence, sentence_type)VALUES (129, 'A woman with silver pants and pink bellbottoms , and a pink scarf riding her bike by a fence , with a buildings in the background', 'auto');
INSERT INTO Words ( sentence_id,word_ID ,word,pos)VALUES (129, 1, 'A', 'DT'), (129, 2, 'woman', 'NN'), (129, 3, 'with', 'IN'), (129, 4, 'silver', 'NN'), (129, 5, 'pants', 'NNS'), (129, 6, 'and', 'CC'), (129, 7, 'pink', 'JJ'), (129, 8, 'bellbottoms', 'NNS'), (129, 9, ',', ','), (129, 10, 'and', 'CC'), (129, 11, 'a', 'DT'), (129, 12, 'pink', 'JJ'), (129, 13, 'scarf', 'NN'), (129, 14, 'riding', 'VBG'), (129, 15, 'her', 'PRP$'), (129, 16, 'bike', 'NN'), (129, 17, 'by', 'IN'), (129, 18, 'a', 'DT'), (129, 19, 'fence', 'NN'), (129, 20, ',', ','), (129, 21, 'with', 'IN'), (129, 22, 'a', 'DT'), (129, 23, 'buildings', 'NNS'), (129, 24, 'in', 'IN'), (129, 25, 'the', 'DT'), (129, 26, 'background', 'NN');
INSERT INTO triples (sentence_id, predicate_id,relation,arg_start_id,arg_end_id,triple_type)VALUES (129, 2, 'Property',3, 13, 'auto'), (129, 14, 'Agent',2, 2, 'auto'), (129, 14, 'Patient',15, 16, 'auto'), (129, 14, 'Location',17, 19, 'auto'), (129, 23, 'Location',24, 26, 'auto');
INSERT INTO Sentences (sentence_id, sentence, sentence_type)VALUES (130, 'The lady with a pink scarf rides her bike over the bridge', 'auto');
INSERT INTO Words ( sentence_id,word_ID ,word,pos)VALUES (130, 1, 'The', 'DT'), (130, 2, 'lady', 'NN'), (130, 3, 'with', 'IN'), (130, 4, 'a', 'DT'), (130, 5, 'pink', 'JJ'), (130, 6, 'scarf', 'NN'), (130, 7, 'rides', 'VBZ'), (130, 8, 'her', 'PRP$'), (130, 9, 'bike', 'NN'), (130, 10, 'over', 'IN'), (130, 11, 'the', 'DT'), (130, 12, 'bridge', 'NN');
INSERT INTO triples (sentence_id, predicate_id,relation,arg_start_id,arg_end_id,triple_type)VALUES (130, 7, 'Agent',2, 2, 'auto'), (130, 7, 'Patient',8, 9, 'auto'), (130, 7, 'Location',12, 12, 'auto'), (130, 9, 'Property',1, 8, 'auto'), (130, 9, 'Location',12, 12, 'auto');
INSERT INTO Sentences (sentence_id, sentence, sentence_type)VALUES (131, 'A person hits a ball with a tennis racket', 'auto');
INSERT INTO Words ( sentence_id,word_ID ,word,pos)VALUES (131, 1, 'A', 'DT'), (131, 2, 'person', 'NN'), (131, 3, 'hits', 'VBZ'), (131, 4, 'a', 'DT'), (131, 5, 'ball', 'NN'), (131, 6, 'with', 'IN'), (131, 7, 'a', 'DT'), (131, 8, 'tennis', 'NN'), (131, 9, 'racket', 'NN');
INSERT INTO triples (sentence_id, predicate_id,relation,arg_start_id,arg_end_id,triple_type)VALUES (131, 3, 'Agent',2, 2, 'auto'), (131, 3, 'Patient',5, 5, 'auto'), (131, 3, 'Instrument',6, 9, 'auto');
INSERT INTO Sentences (sentence_id, sentence, sentence_type)VALUES (132, 'A person swings at a tennis ball', 'auto');
INSERT INTO Words ( sentence_id,word_ID ,word,pos)VALUES (132, 1, 'A', 'DT'), (132, 2, 'person', 'NN'), (132, 3, 'swings', 'VBZ'), (132, 4, 'at', 'IN'), (132, 5, 'a', 'DT'), (132, 6, 'tennis', 'NN'), (132, 7, 'ball', 'NN');
INSERT INTO triples (sentence_id, predicate_id,relation,arg_start_id,arg_end_id,triple_type)VALUES (132, 2, 'Location',4, 7, 'auto'), (132, 3, 'Agent',2, 2, 'auto'), (132, 3, 'Patient',5, 6, 'auto'), (132, 3, 'Instrument',7, 7, 'auto');
INSERT INTO Sentences (sentence_id, sentence, sentence_type)VALUES (133, 'a tennis player wearing a green shirt about to hit a ball with his racquet', 'auto');
INSERT INTO Words ( sentence_id,word_ID ,word,pos)VALUES (133, 1, 'a', 'DT'), (133, 2, 'tennis', 'NN'), (133, 3, 'player', 'NN'), (133, 4, 'wearing', 'VBG'), (133, 5, 'a', 'DT'), (133, 6, 'green', 'JJ'), (133, 7, 'shirt', 'NN'), (133, 8, 'about', 'IN'), (133, 9, 'to', 'TO'), (133, 10, 'hit', 'VB'), (133, 11, 'a', 'DT'), (133, 12, 'ball', 'NN'), (133, 13, 'with', 'IN'), (133, 14, 'his', 'PRP$'), (133, 15, 'racquet', 'NN');
INSERT INTO triples (sentence_id, predicate_id,relation,arg_start_id,arg_end_id,triple_type)VALUES (133, 3, 'Property',13, 15, 'auto'), (133, 4, 'Agent',2, 3, 'auto'), (133, 4, 'Patient',6, 7, 'auto'), (133, 10, 'Agent',2, 3, 'auto'), (133, 10, 'Patient',12, 12, 'auto'), (133, 10, 'Instrument',13, 15, 'auto');
INSERT INTO Sentences (sentence_id, sentence, sentence_type)VALUES (134, 'A woman in a green shirt and blue hat is playing tennis', 'auto');
INSERT INTO Words ( sentence_id,word_ID ,word,pos)VALUES (134, 1, 'A', 'DT'), (134, 2, 'woman', 'NN'), (134, 3, 'in', 'IN'), (134, 4, 'a', 'DT'), (134, 5, 'green', 'JJ'), (134, 6, 'shirt', 'NN'), (134, 7, 'and', 'CC'), (134, 8, 'blue', 'JJ'), (134, 9, 'hat', 'NN'), (134, 10, 'is', 'VBZ'), (134, 11, 'playing', 'VBG'), (134, 12, 'tennis', 'NN');
INSERT INTO triples (sentence_id, predicate_id,relation,arg_start_id,arg_end_id,triple_type)VALUES (134, 2, 'Property',3, 9, 'auto'), (134, 11, 'Agent',2, 2, 'auto'), (134, 11, 'Patient',12, 12, 'auto');
INSERT INTO Sentences (sentence_id, sentence, sentence_type)VALUES (135, 'Miami tennis player hits the ball with a forehand', 'auto');
INSERT INTO Words ( sentence_id,word_ID ,word,pos)VALUES (135, 1, 'Miami', 'NNP'), (135, 2, 'tennis', 'NN'), (135, 3, 'player', 'NN'), (135, 4, 'hits', 'VBZ'), (135, 5, 'the', 'DT'), (135, 6, 'ball', 'NN'), (135, 7, 'with', 'IN'), (135, 8, 'a', 'DT'), (135, 9, 'forehand', 'NN');
INSERT INTO triples (sentence_id, predicate_id,relation,arg_start_id,arg_end_id,triple_type)VALUES (135, 3, 'Property',1, 2, 'auto'), (135, 3, 'Location',7, 9, 'auto'), (135, 4, 'Agent',3, 3, 'auto'), (135, 4, 'Patient',5, 7, 'auto'), (135, 4, 'Instrument',9, 9, 'auto');
INSERT INTO Sentences (sentence_id, sentence, sentence_type)VALUES (136, 'A basketball player in a duke uniform looks up', 'auto');
INSERT INTO Words ( sentence_id,word_ID ,word,pos)VALUES (136, 1, 'A', 'DT'), (136, 2, 'basketball', 'NN'), (136, 3, 'player', 'NN'), (136, 4, 'in', 'IN'), (136, 5, 'a', 'DT'), (136, 6, 'duke', 'NN'), (136, 7, 'uniform', 'NN'), (136, 8, 'looks', 'VBZ'), (136, 9, 'up', 'RP');
INSERT INTO triples (sentence_id, predicate_id,relation,arg_start_id,arg_end_id,triple_type)VALUES (136, 3, 'Property',7, 9, 'auto'), (136, 8, 'Agent',3, 3, 'auto'), (136, 8, 'Destination',9, 9, 'auto');
INSERT INTO Sentences (sentence_id, sentence, sentence_type)VALUES (137, 'There are three basketball players', 'auto');
INSERT INTO Words ( sentence_id,word_ID ,word,pos)VALUES (137, 1, 'There', 'EX'), (137, 2, 'are', 'VBP'), (137, 3, 'three', 'CD'), (137, 4, 'basketball', 'NN'), (137, 5, 'players', 'NNS');
INSERT INTO triples (sentence_id, predicate_id,relation,arg_start_id,arg_end_id,triple_type)VALUES (137, 2, 'Patient',3, 5, 'auto');
INSERT INTO Sentences (sentence_id, sentence, sentence_type)VALUES (138, 'Three men in basketball uniforms looking at something', 'auto');
INSERT INTO Words ( sentence_id,word_ID ,word,pos)VALUES (138, 1, 'Three', 'CD'), (138, 2, 'men', 'NNS'), (138, 3, 'in', 'IN'), (138, 4, 'basketball', 'NN'), (138, 5, 'uniforms', 'NNS'), (138, 6, 'looking', 'VBG'), (138, 7, 'at', 'IN'), (138, 8, 'something', 'NN');
INSERT INTO triples (sentence_id, predicate_id,relation,arg_start_id,arg_end_id,triple_type)VALUES (138, 2, 'Property',3, 5, 'auto'), (138, 6, 'Agent',2, 2, 'auto'), (138, 6, 'Patient',7, 8, 'auto');
INSERT INTO Sentences (sentence_id, sentence, sentence_type)VALUES (139, 'Two basketball players from duke are looking upward', 'auto');
INSERT INTO Words ( sentence_id,word_ID ,word,pos)VALUES (139, 1, 'Two', 'CD'), (139, 2, 'basketball', 'NN'), (139, 3, 'players', 'NNS'), (139, 4, 'from', 'IN'), (139, 5, 'duke', 'NN'), (139, 6, 'are', 'VBP'), (139, 7, 'looking', 'VBG'), (139, 8, 'upward', 'RB');
INSERT INTO triples (sentence_id, predicate_id,relation,arg_start_id,arg_end_id,triple_type)VALUES (139, 7, 'Agent',2, 3, 'auto'), (139, 7, 'Patient',8, 8, 'auto');
INSERT INTO Sentences (sentence_id, sentence, sentence_type)VALUES (140, 'Two basketball players watching the ball', 'auto');
INSERT INTO Words ( sentence_id,word_ID ,word,pos)VALUES (140, 1, 'Two', 'CD'), (140, 2, 'basketball', 'NN'), (140, 3, 'players', 'NNS'), (140, 4, 'watching', 'VBG'), (140, 5, 'the', 'DT'), (140, 6, 'ball', 'NN');
INSERT INTO triples (sentence_id, predicate_id,relation,arg_start_id,arg_end_id,triple_type)VALUES (140, 4, 'Agent',1, 3, 'auto'), (140, 4, 'Patient',5, 6, 'auto');
INSERT INTO Sentences (sentence_id, sentence, sentence_type)VALUES (141, 'A motocross rider rides in the air over a bar', 'auto');
INSERT INTO Words ( sentence_id,word_ID ,word,pos)VALUES (141, 1, 'A', 'DT'), (141, 2, 'motocross', 'NN'), (141, 3, 'rider', 'NN'), (141, 4, 'rides', 'VBZ'), (141, 5, 'in', 'IN'), (141, 6, 'the', 'DT'), (141, 7, 'air', 'NN'), (141, 8, 'over', 'IN'), (141, 9, 'a', 'DT'), (141, 10, 'bar', 'NN');
INSERT INTO triples (sentence_id, predicate_id,relation,arg_start_id,arg_end_id,triple_type)VALUES (141, 3, 'Property',1, 2, 'auto'), (141, 4, 'Agent',2, 3, 'auto'), (141, 4, 'Location',5, 5, 'auto'), (141, 4, 'Destination',7, 7, 'auto'), (141, 4, 'Patient',8, 10, 'auto');
INSERT INTO Sentences (sentence_id, sentence, sentence_type)VALUES (142, 'A motorbike jumping a pole', 'auto');
INSERT INTO Words ( sentence_id,word_ID ,word,pos)VALUES (142, 1, 'A', 'DT'), (142, 2, 'motorbike', 'NN'), (142, 3, 'jumping', 'VBG'), (142, 4, 'a', 'DT'), (142, 5, 'pole', 'NN');
INSERT INTO triples (sentence_id, predicate_id,relation,arg_start_id,arg_end_id,triple_type)VALUES (142, 3, 'Agent',2, 2, 'auto'), (142, 3, 'Patient',4, 5, 'auto');
INSERT INTO Sentences (sentence_id, sentence, sentence_type)VALUES (143, 'A person is jumping a motorcycle over a pole while camera men film', 'auto');
INSERT INTO Words ( sentence_id,word_ID ,word,pos)VALUES (143, 1, 'A', 'DT'), (143, 2, 'person', 'NN'), (143, 3, 'is', 'VBZ'), (143, 4, 'jumping', 'VBG'), (143, 5, 'a', 'DT'), (143, 6, 'motorcycle', 'NN'), (143, 7, 'over', 'IN'), (143, 8, 'a', 'DT'), (143, 9, 'pole', 'NN'), (143, 10, 'while', 'IN'), (143, 11, 'camera', 'NN'), (143, 12, 'men', 'NNS'), (143, 13, 'film', 'VBP');
INSERT INTO triples (sentence_id, predicate_id,relation,arg_start_id,arg_end_id,triple_type)VALUES (143, 2, 'Location',6, 9, 'auto'), (143, 2, 'Property',10, 13, 'auto'), (143, 4, 'Agent',2, 3, 'auto'), (143, 4, 'Location',7, 9, 'auto'), (143, 6, 'Location',7, 9, 'auto'), (143, 13, 'Agent',12, 12, 'auto');
INSERT INTO Sentences (sentence_id, sentence, sentence_type)VALUES (144, 'A professional dirt biker doing stunts while being videotaped', 'auto');
INSERT INTO Words ( sentence_id,word_ID ,word,pos)VALUES (144, 1, 'A', 'DT'), (144, 2, 'professional', 'JJ'), (144, 3, 'dirt', 'NN'), (144, 4, 'biker', 'NN'), (144, 5, 'doing', 'VBG'), (144, 6, 'stunts', 'NNS'), (144, 7, 'while', 'IN'), (144, 8, 'being', 'VBG'), (144, 9, 'videotaped', 'VBN');
INSERT INTO triples (sentence_id, predicate_id,relation,arg_start_id,arg_end_id,triple_type)VALUES (144, 5, 'Agent',2, 4, 'auto'), (144, 5, 'Patient',6, 6, 'auto'), (144, 9, 'Patient',2, 4, 'auto');
INSERT INTO Sentences (sentence_id, sentence, sentence_type)VALUES (145, 'Man on a motorcycle performing a trick high in the air', 'auto');
INSERT INTO Words ( sentence_id,word_ID ,word,pos)VALUES (145, 1, 'Man', 'NN'), (145, 2, 'on', 'IN'), (145, 3, 'a', 'DT'), (145, 4, 'motorcycle', 'NN'), (145, 5, 'performing', 'VBG'), (145, 6, 'a', 'DT'), (145, 7, 'trick', 'NN'), (145, 8, 'high', 'JJ'), (145, 9, 'in', 'IN'), (145, 10, 'the', 'DT'), (145, 11, 'air', 'NN');
INSERT INTO triples (sentence_id, predicate_id,relation,arg_start_id,arg_end_id,triple_type)VALUES (145, 1, 'Location',2, 4, 'auto'), (145, 1, 'Property',5, 8, 'auto'), (145, 4, 'Property',5, 11, 'auto'), (145, 5, 'Agent',1, 1, 'auto'), (145, 5, 'Patient',7, 7, 'auto'), (145, 5, 'Location',9, 11, 'auto');
INSERT INTO Sentences (sentence_id, sentence, sentence_type)VALUES (146, 'A boy in a blue shirt jumps down stairs on a skateboard', 'auto');
INSERT INTO Words ( sentence_id,word_ID ,word,pos)VALUES (146, 1, 'A', 'DT'), (146, 2, 'boy', 'NN'), (146, 3, 'in', 'IN'), (146, 4, 'a', 'DT'), (146, 5, 'blue', 'JJ'), (146, 6, 'shirt', 'NN'), (146, 7, 'jumps', 'VBZ'), (146, 8, 'down', 'RP'), (146, 9, 'stairs', 'NNS'), (146, 10, 'on', 'IN'), (146, 11, 'a', 'DT'), (146, 12, 'skateboard', 'NN');
INSERT INTO triples (sentence_id, predicate_id,relation,arg_start_id,arg_end_id,triple_type)VALUES (146, 2, 'Location',10, 12, 'auto'), (146, 7, 'Agent',2, 2, 'auto'), (146, 7, 'Patient',3, 6, 'auto'), (146, 7, 'Destination',8, 9, 'auto'), (146, 7, 'Location',10, 10, 'auto'), (146, 7, 'Instrument',11, 11, 'auto');
INSERT INTO Sentences (sentence_id, sentence, sentence_type)VALUES (147, 'A man flies through the air on his skateboard above a white staircase', 'auto');
INSERT INTO Words ( sentence_id,word_ID ,word,pos)VALUES (147, 1, 'A', 'DT'), (147, 2, 'man', 'NN'), (147, 3, 'flies', 'VBZ'), (147, 4, 'through', 'IN'), (147, 5, 'the', 'DT'), (147, 6, 'air', 'NN'), (147, 7, 'on', 'IN'), (147, 8, 'his', 'PRP$'), (147, 9, 'skateboard', 'NN'), (147, 10, 'above', 'IN'), (147, 11, 'a', 'DT'), (147, 12, 'white', 'JJ'), (147, 13, 'staircase', 'NN');
INSERT INTO triples (sentence_id, predicate_id,relation,arg_start_id,arg_end_id,triple_type)VALUES (147, 2, 'Location',6, 6, 'auto'), (147, 3, 'Agent',2, 2, 'auto'), (147, 3, 'Location',6, 6, 'auto'), (147, 3, 'Instrument',7, 9, 'auto'), (147, 9, 'Location',10, 13, 'auto');
INSERT INTO Sentences (sentence_id, sentence, sentence_type)VALUES (148, 'A skateboarder jumps his board down a flight of stairs', 'auto');
INSERT INTO Words ( sentence_id,word_ID ,word,pos)VALUES (148, 1, 'A', 'DT'), (148, 2, 'skateboarder', 'NN'), (148, 3, 'jumps', 'VBZ'), (148, 4, 'his', 'PRP$'), (148, 5, 'board', 'NN'), (148, 6, 'down', 'IN'), (148, 7, 'a', 'DT'), (148, 8, 'flight', 'NN'), (148, 9, 'of', 'IN'), (148, 10, 'stairs', 'NNS');
INSERT INTO triples (sentence_id, predicate_id,relation,arg_start_id,arg_end_id,triple_type)VALUES (148, 3, 'Agent',2, 2, 'auto'), (148, 3, 'Patient',4, 7, 'auto'), (148, 3, 'Location',8, 8, 'auto');
INSERT INTO Sentences (sentence_id, sentence, sentence_type)VALUES (149, 'A skateboarder sails over white steps', 'auto');
INSERT INTO Words ( sentence_id,word_ID ,word,pos)VALUES (149, 1, 'A', 'DT'), (149, 2, 'skateboarder', 'NN'), (149, 3, 'sails', 'VBZ'), (149, 4, 'over', 'IN'), (149, 5, 'white', 'JJ'), (149, 6, 'steps', 'NNS');
INSERT INTO triples (sentence_id, predicate_id,relation,arg_start_id,arg_end_id,triple_type)VALUES (149, 3, 'Agent',2, 2, 'auto'), (149, 3, 'Location',4, 6, 'auto');
INSERT INTO Sentences (sentence_id, sentence, sentence_type)VALUES (150, 'Skateboarder jumping down stairs of building', 'auto');
INSERT INTO Words ( sentence_id,word_ID ,word,pos)VALUES (150, 1, 'Skateboarder', 'NN'), (150, 2, 'jumping', 'VBG'), (150, 3, 'down', 'RP'), (150, 4, 'stairs', 'NNS'), (150, 5, 'of', 'IN'), (150, 6, 'building', 'NN');
INSERT INTO triples (sentence_id, predicate_id,relation,arg_start_id,arg_end_id,triple_type)VALUES (150, 2, 'Agent',1, 1, 'auto'), (150, 2, 'Destination',3, 4, 'auto');
INSERT INTO Sentences (sentence_id, sentence, sentence_type)VALUES (151, 'A man rides a bike on a dirt path', 'auto');
INSERT INTO Words ( sentence_id,word_ID ,word,pos)VALUES (151, 1, 'A', 'DT'), (151, 2, 'man', 'NN'), (151, 3, 'rides', 'VBZ'), (151, 4, 'a', 'DT'), (151, 5, 'bike', 'NN'), (151, 6, 'on', 'IN'), (151, 7, 'a', 'DT'), (151, 8, 'dirt', 'NN'), (151, 9, 'path', 'NN');
INSERT INTO triples (sentence_id, predicate_id,relation,arg_start_id,arg_end_id,triple_type)VALUES (151, 2, 'Location',6, 9, 'auto'), (151, 3, 'Agent',2, 2, 'auto'), (151, 3, 'Patient',4, 5, 'auto'), (151, 3, 'Location',6, 9, 'auto'), (151, 5, 'Location',6, 9, 'auto');
INSERT INTO Sentences (sentence_id, sentence, sentence_type)VALUES (152, 'A person biking through the woods', 'auto');
INSERT INTO Words ( sentence_id,word_ID ,word,pos)VALUES (152, 1, 'A', 'DT'), (152, 2, 'person', 'NN'), (152, 3, 'biking', 'VBG'), (152, 4, 'through', 'IN'), (152, 5, 'the', 'DT'), (152, 6, 'woods', 'NNS');
INSERT INTO triples (sentence_id, predicate_id,relation,arg_start_id,arg_end_id,triple_type)VALUES (152, 2, 'Location',4, 6, 'auto'), (152, 3, 'Agent',2, 2, 'auto'), (152, 3, 'Location',4, 6, 'auto');
INSERT INTO Sentences (sentence_id, sentence, sentence_type)VALUES (153, 'A person dirtbikes along a muddy trail', 'auto');
INSERT INTO Words ( sentence_id,word_ID ,word,pos)VALUES (153, 1, 'A', 'DT'), (153, 2, 'person', 'NN'), (153, 3, 'dirtbikes', 'VBZ'), (153, 4, 'along', 'IN'), (153, 5, 'a', 'DT'), (153, 6, 'muddy', 'JJ'), (153, 7, 'trail', 'NN');
INSERT INTO triples (sentence_id, predicate_id,relation,arg_start_id,arg_end_id,triple_type)VALUES (153, 3, 'Agent',2, 2, 'auto'), (153, 3, 'Destination',4, 7, 'auto');
INSERT INTO Sentences (sentence_id, sentence, sentence_type)VALUES (154, 'Dirt bike rider riding down the slope', 'auto');
INSERT INTO Words ( sentence_id,word_ID ,word,pos)VALUES (154, 1, 'Dirt', 'NN'), (154, 2, 'bike', 'NN'), (154, 3, 'rider', 'NN'), (154, 4, 'riding', 'VBG'), (154, 5, 'down', 'RP'), (154, 6, 'the', 'DT'), (154, 7, 'slope', 'NN');
INSERT INTO triples (sentence_id, predicate_id,relation,arg_start_id,arg_end_id,triple_type)VALUES (154, 2, 'Property',1, 1, 'auto'), (154, 3, 'Property',1, 2, 'auto'), (154, 4, 'Agent',3, 3, 'auto'), (154, 4, 'Location',5, 7, 'auto');
INSERT INTO Sentences (sentence_id, sentence, sentence_type)VALUES (155, 'Person rides a dirt bike down a dirt hill', 'auto');
INSERT INTO Words ( sentence_id,word_ID ,word,pos)VALUES (155, 1, 'Person', 'NN'), (155, 2, 'rides', 'VBZ'), (155, 3, 'a', 'DT'), (155, 4, 'dirt', 'NN'), (155, 5, 'bike', 'NN'), (155, 6, 'down', 'IN'), (155, 7, 'a', 'DT'), (155, 8, 'dirt', 'NN'), (155, 9, 'hill', 'NN');
INSERT INTO triples (sentence_id, predicate_id,relation,arg_start_id,arg_end_id,triple_type)VALUES (155, 1, 'Location',7, 9, 'auto'), (155, 2, 'Agent',1, 1, 'auto'), (155, 2, 'Patient',3, 5, 'auto'), (155, 2, 'Destination',6, 9, 'auto'), (155, 5, 'Property',4, 4, 'auto'), (155, 9, 'Property',8, 8, 'auto');
INSERT INTO Sentences (sentence_id, sentence, sentence_type)VALUES (156, 'A man with an Afro is skating on a vert ramp', 'auto');
INSERT INTO Words ( sentence_id,word_ID ,word,pos)VALUES (156, 1, 'A', 'DT'), (156, 2, 'man', 'NN'), (156, 3, 'with', 'IN'), (156, 4, 'an', 'DT'), (156, 5, 'Afro', 'NN'), (156, 6, 'is', 'VBZ'), (156, 7, 'skating', 'VBG'), (156, 8, 'on', 'IN'), (156, 9, 'a', 'DT'), (156, 10, 'vert', 'NN'), (156, 11, 'ramp', 'NN');
INSERT INTO triples (sentence_id, predicate_id,relation,arg_start_id,arg_end_id,triple_type)VALUES (156, 2, 'Property',3, 5, 'auto'), (156, 7, 'Agent',2, 2, 'auto'), (156, 7, 'Location',8, 11, 'auto');
INSERT INTO Sentences (sentence_id, sentence, sentence_type)VALUES (157, 'a skateboarder doing a trick on a ramp', 'auto');
INSERT INTO Words ( sentence_id,word_ID ,word,pos)VALUES (157, 1, 'a', 'DT'), (157, 2, 'skateboarder', 'NN'), (157, 3, 'doing', 'VBG'), (157, 4, 'a', 'DT'), (157, 5, 'trick', 'NN'), (157, 6, 'on', 'IN'), (157, 7, 'a', 'DT'), (157, 8, 'ramp', 'NN');
INSERT INTO triples (sentence_id, predicate_id,relation,arg_start_id,arg_end_id,triple_type)VALUES (157, 3, 'Agent',2, 2, 'auto'), (157, 3, 'Patient',4, 5, 'auto'), (157, 3, 'Location',6, 8, 'auto'), (157, 8, 'Location',4, 7, 'auto');
INSERT INTO Sentences (sentence_id, sentence, sentence_type)VALUES (158, 'A skateboard rides up the ramp and does a trick in mid-air', 'auto');
INSERT INTO Words ( sentence_id,word_ID ,word,pos)VALUES (158, 1, 'A', 'DT'), (158, 2, 'skateboard', 'NN'), (158, 3, 'rides', 'VBZ'), (158, 4, 'up', 'IN'), (158, 5, 'the', 'DT'), (158, 6, 'ramp', 'NN'), (158, 7, 'and', 'CC'), (158, 8, 'does', 'VBZ'), (158, 9, 'a', 'DT'), (158, 10, 'trick', 'NN'), (158, 11, 'in', 'IN'), (158, 12, 'mid-air', 'NN');
INSERT INTO triples (sentence_id, predicate_id,relation,arg_start_id,arg_end_id,triple_type)VALUES (158, 3, 'Agent',2, 2, 'auto'), (158, 3, 'Location',6, 6, 'auto');
INSERT INTO Sentences (sentence_id, sentence, sentence_type)VALUES (159, 'The skateboarder is performing a trick off a ramp', 'auto');
INSERT INTO Words ( sentence_id,word_ID ,word,pos)VALUES (159, 1, 'The', 'DT'), (159, 2, 'skateboarder', 'NN'), (159, 3, 'is', 'VBZ'), (159, 4, 'performing', 'VBG'), (159, 5, 'a', 'DT'), (159, 6, 'trick', 'NN'), (159, 7, 'off', 'IN'), (159, 8, 'a', 'DT'), (159, 9, 'ramp', 'NN');
INSERT INTO triples (sentence_id, predicate_id,relation,arg_start_id,arg_end_id,triple_type)VALUES (159, 4, 'Agent',2, 3, 'auto'), (159, 4, 'Patient',6, 6, 'auto'), (159, 4, 'Location',9, 9, 'auto');
INSERT INTO Sentences (sentence_id, sentence, sentence_type)VALUES (160, 'The skateboarder launches off a quarter pipe', 'auto');
INSERT INTO Words ( sentence_id,word_ID ,word,pos)VALUES (160, 1, 'The', 'DT'), (160, 2, 'skateboarder', 'NN'), (160, 3, 'launches', 'VBZ'), (160, 4, 'off', 'RP'), (160, 5, 'a', 'DT'), (160, 6, 'quarter', 'NN'), (160, 7, 'pipe', 'NN');
INSERT INTO triples (sentence_id, predicate_id,relation,arg_start_id,arg_end_id,triple_type)VALUES (160, 3, 'Agent',2, 2, 'auto'), (160, 3, 'Patient',4, 7, 'auto');
INSERT INTO Sentences (sentence_id, sentence, sentence_type)VALUES (161, 'A furocious female tennis player about to hit a tennis ball in the air', 'auto');
INSERT INTO Words ( sentence_id,word_ID ,word,pos)VALUES (161, 1, 'A', 'DT'), (161, 2, 'furocious', 'JJ'), (161, 3, 'female', 'JJ'), (161, 4, 'tennis', 'NN'), (161, 5, 'player', 'NN'), (161, 6, 'about', 'IN'), (161, 7, 'to', 'TO'), (161, 8, 'hit', 'VB'), (161, 9, 'a', 'DT'), (161, 10, 'tennis', 'NN'), (161, 11, 'ball', 'NN'), (161, 12, 'in', 'IN'), (161, 13, 'the', 'DT'), (161, 14, 'air', 'NN');
INSERT INTO triples (sentence_id, predicate_id,relation,arg_start_id,arg_end_id,triple_type)VALUES (161, 5, 'Property',1, 4, 'auto'), (161, 5, 'Location',12, 14, 'auto'), (161, 8, 'Agent',4, 5, 'auto'), (161, 8, 'Patient',9, 11, 'auto'), (161, 8, 'Location',12, 14, 'auto');
INSERT INTO Sentences (sentence_id, sentence, sentence_type)VALUES (162, 'A woman dressed in a blue tennis outfit is returning a hit with her tennis racket', 'auto');
INSERT INTO Words ( sentence_id,word_ID ,word,pos)VALUES (162, 1, 'A', 'DT'), (162, 2, 'woman', 'NN'), (162, 3, 'dressed', 'VBN'), (162, 4, 'in', 'IN'), (162, 5, 'a', 'DT'), (162, 6, 'blue', 'JJ'), (162, 7, 'tennis', 'NN'), (162, 8, 'outfit', 'NN'), (162, 9, 'is', 'VBZ'), (162, 10, 'returning', 'VBG'), (162, 11, 'a', 'DT'), (162, 12, 'hit', 'VBN'), (162, 13, 'with', 'IN'), (162, 14, 'her', 'PRP$'), (162, 15, 'tennis', 'NN'), (162, 16, 'racket', 'NN');
INSERT INTO triples (sentence_id, predicate_id,relation,arg_start_id,arg_end_id,triple_type)VALUES (162, 3, 'Agent',2, 2, 'auto'), (162, 3, 'Patient',4, 8, 'auto'), (162, 10, 'Agent',2, 2, 'auto'), (162, 10, 'Patient',12, 12, 'auto'), (162, 10, 'Instrument',13, 16, 'auto');
INSERT INTO Sentences (sentence_id, sentence, sentence_type)VALUES (163, 'A woman in blue hits a tennis ball in a tennis match', 'auto');
INSERT INTO Words ( sentence_id,word_ID ,word,pos)VALUES (163, 1, 'A', 'DT'), (163, 2, 'woman', 'NN'), (163, 3, 'in', 'IN'), (163, 4, 'blue', 'JJ'), (163, 5, 'hits', 'VBZ'), (163, 6, 'a', 'DT'), (163, 7, 'tennis', 'NN'), (163, 8, 'ball', 'NN'), (163, 9, 'in', 'IN'), (163, 10, 'a', 'DT'), (163, 11, 'tennis', 'NN'), (163, 12, 'match', 'NN');
INSERT INTO triples (sentence_id, predicate_id,relation,arg_start_id,arg_end_id,triple_type)VALUES (163, 2, 'Property',3, 4, 'auto'), (163, 5, 'Agent',2, 2, 'auto'), (163, 5, 'Patient',6, 8, 'auto'), (163, 5, 'Location',9, 12, 'auto');
INSERT INTO Sentences (sentence_id, sentence, sentence_type)VALUES (164, 'A women playing tennis', 'auto');
INSERT INTO Words ( sentence_id,word_ID ,word,pos)VALUES (164, 1, 'A', 'DT'), (164, 2, 'women', 'NNS'), (164, 3, 'playing', 'VBG'), (164, 4, 'tennis', 'NN');
INSERT INTO Sentences (sentence_id, sentence, sentence_type)VALUES (165, 'Woman playing tennis and hitting the ball', 'auto');
INSERT INTO Words ( sentence_id,word_ID ,word,pos)VALUES (165, 1, 'Woman', 'NNP'), (165, 2, 'playing', 'VBG'), (165, 3, 'tennis', 'NN'), (165, 4, 'and', 'CC'), (165, 5, 'hitting', 'VBG'), (165, 6, 'the', 'DT'), (165, 7, 'ball', 'NN');
INSERT INTO triples (sentence_id, predicate_id,relation,arg_start_id,arg_end_id,triple_type)VALUES (165, 2, 'Agent',1, 1, 'auto'), (165, 2, 'Patient',5, 6, 'auto'), (165, 5, 'Instrument',3, 3, 'auto'), (165, 5, 'Agent',4, 4, 'auto'), (165, 5, 'Location',6, 6, 'auto'), (165, 5, 'Patient',7, 7, 'auto');
INSERT INTO Sentences (sentence_id, sentence, sentence_type)VALUES (166, 'A man parasails in the waves', 'auto');
INSERT INTO Words ( sentence_id,word_ID ,word,pos)VALUES (166, 1, 'A', 'DT'), (166, 2, 'man', 'NN'), (166, 3, 'parasails', 'VBZ'), (166, 4, 'in', 'IN'), (166, 5, 'the', 'DT'), (166, 6, 'waves', 'NNS');
INSERT INTO triples (sentence_id, predicate_id,relation,arg_start_id,arg_end_id,triple_type)VALUES (166, 3, 'Agent',2, 2, 'auto'), (166, 3, 'Location',4, 6, 'auto');
INSERT INTO Sentences (sentence_id, sentence, sentence_type)VALUES (167, 'A man rides large waves on a wind sail', 'auto');
INSERT INTO Words ( sentence_id,word_ID ,word,pos)VALUES (167, 1, 'A', 'DT'), (167, 2, 'man', 'NN'), (167, 3, 'rides', 'VBZ'), (167, 4, 'large', 'JJ'), (167, 5, 'waves', 'NNS'), (167, 6, 'on', 'IN'), (167, 7, 'a', 'DT'), (167, 8, 'wind', 'NN'), (167, 9, 'sail', 'NN');
INSERT INTO triples (sentence_id, predicate_id,relation,arg_start_id,arg_end_id,triple_type)VALUES (167, 3, 'Agent',2, 2, 'auto'), (167, 3, 'Patient',4, 5, 'auto'), (167, 3, 'Location',6, 9, 'auto');
INSERT INTO Sentences (sentence_id, sentence, sentence_type)VALUES (168, 'A man wind surfs in the ocean', 'auto');
INSERT INTO Words ( sentence_id,word_ID ,word,pos)VALUES (168, 1, 'A', 'DT'), (168, 2, 'man', 'NN'), (168, 3, 'wind', 'NN'), (168, 4, 'surfs', 'VBZ'), (168, 5, 'in', 'IN'), (168, 6, 'the', 'DT'), (168, 7, 'ocean', 'NN');
INSERT INTO triples (sentence_id, predicate_id,relation,arg_start_id,arg_end_id,triple_type)VALUES (168, 2, 'Property',3, 5, 'auto'), (168, 2, 'Location',7, 7, 'auto'), (168, 4, 'Agent',2, 2, 'auto'), (168, 4, 'Location',5, 7, 'auto');
INSERT INTO Sentences (sentence_id, sentence, sentence_type)VALUES (169, 'A person parasails on the crest of a wave', 'auto');
INSERT INTO Words ( sentence_id,word_ID ,word,pos)VALUES (169, 1, 'A', 'DT'), (169, 2, 'person', 'NN'), (169, 3, 'parasails', 'VBZ'), (169, 4, 'on', 'IN'), (169, 5, 'the', 'DT'), (169, 6, 'crest', 'NN'), (169, 7, 'of', 'IN'), (169, 8, 'a', 'DT'), (169, 9, 'wave', 'NN');
INSERT INTO triples (sentence_id, predicate_id,relation,arg_start_id,arg_end_id,triple_type)VALUES (169, 2, 'Property',3, 3, 'auto'), (169, 2, 'Location',4, 9, 'auto'), (169, 3, 'Agent',2, 2, 'auto'), (169, 3, 'Location',8, 9, 'auto');
INSERT INTO Sentences (sentence_id, sentence, sentence_type)VALUES (170, 'A wind surfer in the waves of the ocean', 'auto');
INSERT INTO Words ( sentence_id,word_ID ,word,pos)VALUES (170, 1, 'A', 'DT'), (170, 2, 'wind', 'NN'), (170, 3, 'surfer', 'NN'), (170, 4, 'in', 'IN'), (170, 5, 'the', 'DT'), (170, 6, 'waves', 'NNS'), (170, 7, 'of', 'IN'), (170, 8, 'the', 'DT'), (170, 9, 'ocean', 'NN');
INSERT INTO Sentences (sentence_id, sentence, sentence_type)VALUES (171, 'A kid wearing a brown hoodie doing an ollie', 'auto');
INSERT INTO Words ( sentence_id,word_ID ,word,pos)VALUES (171, 1, 'A', 'DT'), (171, 2, 'kid', 'NN'), (171, 3, 'wearing', 'VBG'), (171, 4, 'a', 'DT'), (171, 5, 'brown', 'JJ'), (171, 6, 'hoodie', 'NN'), (171, 7, 'doing', 'VBG'), (171, 8, 'an', 'DT'), (171, 9, 'ollie', 'NN');
INSERT INTO triples (sentence_id, predicate_id,relation,arg_start_id,arg_end_id,triple_type)VALUES (171, 3, 'Agent',2, 2, 'auto'), (171, 3, 'Patient',4, 6, 'auto'), (171, 7, 'Agent',2, 2, 'auto'), (171, 7, 'Patient',8, 9, 'auto');
INSERT INTO Sentences (sentence_id, sentence, sentence_type)VALUES (172, 'A man in a hoodie skateboards in front of a blue sky and building , shot from below', 'auto');
INSERT INTO Words ( sentence_id,word_ID ,word,pos)VALUES (172, 1, 'A', 'DT'), (172, 2, 'man', 'NN'), (172, 3, 'in', 'IN'), (172, 4, 'a', 'DT'), (172, 5, 'hoodie', 'NN'), (172, 6, 'skateboards', 'VBZ'), (172, 7, 'in', 'IN'), (172, 8, 'front', 'NN'), (172, 9, 'of', 'IN'), (172, 10, 'a', 'DT'), (172, 11, 'blue', 'JJ'), (172, 12, 'sky', 'NN'), (172, 13, 'and', 'CC'), (172, 14, 'building', 'NN'), (172, 15, ',', ','), (172, 16, 'shot', 'VBN'), (172, 17, 'from', 'IN'), (172, 18, 'below', 'IN');
INSERT INTO triples (sentence_id, predicate_id,relation,arg_start_id,arg_end_id,triple_type)VALUES (172, 2, 'Property',3, 5, 'auto'), (172, 6, 'Agent',2, 2, 'auto'), (172, 6, 'Location',7, 14, 'auto'), (172, 16, 'Source',17, 18, 'auto');
INSERT INTO Sentences (sentence_id, sentence, sentence_type)VALUES (173, 'A skateboarder jumps mid-air near a building', 'auto');
INSERT INTO Words ( sentence_id,word_ID ,word,pos)VALUES (173, 1, 'A', 'DT'), (173, 2, 'skateboarder', 'NN'), (173, 3, 'jumps', 'VBZ'), (173, 4, 'mid-air', 'RB'), (173, 5, 'near', 'IN'), (173, 6, 'a', 'DT'), (173, 7, 'building', 'NN');
INSERT INTO triples (sentence_id, predicate_id,relation,arg_start_id,arg_end_id,triple_type)VALUES (173, 3, 'Agent',2, 2, 'auto'), (173, 3, 'Patient',4, 4, 'auto'), (173, 3, 'Instrument',6, 6, 'auto'), (173, 3, 'Location',7, 7, 'auto'), (173, 7, 'Location',5, 6, 'auto');
INSERT INTO Sentences (sentence_id, sentence, sentence_type)VALUES (174, 'A skateboarder making a jump', 'auto');
INSERT INTO Words ( sentence_id,word_ID ,word,pos)VALUES (174, 1, 'A', 'DT'), (174, 2, 'skateboarder', 'NN'), (174, 3, 'making', 'VBG'), (174, 4, 'a', 'DT'), (174, 5, 'jump', 'NN');
INSERT INTO triples (sentence_id, predicate_id,relation,arg_start_id,arg_end_id,triple_type)VALUES (174, 3, 'Agent',2, 2, 'auto'), (174, 3, 'Patient',4, 5, 'auto');
INSERT INTO Sentences (sentence_id, sentence, sentence_type)VALUES (175, 'Man with jeans and a hooding doing skateboarding tricks', 'auto');
INSERT INTO Words ( sentence_id,word_ID ,word,pos)VALUES (175, 1, 'Man', 'NN'), (175, 2, 'with', 'IN'), (175, 3, 'jeans', 'NNS'), (175, 4, 'and', 'CC'), (175, 5, 'a', 'DT'), (175, 6, 'hooding', 'NN'), (175, 7, 'doing', 'VBG'), (175, 8, 'skateboarding', 'NNP'), (175, 9, 'tricks', 'NNS');
INSERT INTO triples (sentence_id, predicate_id,relation,arg_start_id,arg_end_id,triple_type)VALUES (175, 1, 'Property',2, 6, 'auto'), (175, 7, 'Agent',1, 1, 'auto'), (175, 7, 'Patient',8, 9, 'auto');
INSERT INTO Sentences (sentence_id, sentence, sentence_type)VALUES (176, 'A boy skateboards up a concrete ramp', 'auto');
INSERT INTO Words ( sentence_id,word_ID ,word,pos)VALUES (176, 1, 'A', 'DT'), (176, 2, 'boy', 'NN'), (176, 3, 'skateboards', 'VBZ'), (176, 4, 'up', 'IN'), (176, 5, 'a', 'DT'), (176, 6, 'concrete', 'JJ'), (176, 7, 'ramp', 'NN');
INSERT INTO triples (sentence_id, predicate_id,relation,arg_start_id,arg_end_id,triple_type)VALUES (176, 2, 'Location',7, 7, 'auto'), (176, 3, 'Agent',2, 2, 'auto'), (176, 3, 'Patient',4, 6, 'auto'), (176, 3, 'Location',7, 7, 'auto'), (176, 7, 'Location',5, 6, 'auto');
INSERT INTO Sentences (sentence_id, sentence, sentence_type)VALUES (177, 'A man does tricks on his skateboard off a ramp', 'auto');
INSERT INTO Words ( sentence_id,word_ID ,word,pos)VALUES (177, 1, 'A', 'DT'), (177, 2, 'man', 'NN'), (177, 3, 'does', 'VBZ'), (177, 4, 'tricks', 'NNS'), (177, 5, 'on', 'IN'), (177, 6, 'his', 'PRP$'), (177, 7, 'skateboard', 'NN'), (177, 8, 'off', 'IN'), (177, 9, 'a', 'DT'), (177, 10, 'ramp', 'NN');
INSERT INTO triples (sentence_id, predicate_id,relation,arg_start_id,arg_end_id,triple_type)VALUES (177, 2, 'Property',3, 7, 'auto'), (177, 2, 'Location',8, 10, 'auto');
INSERT INTO Sentences (sentence_id, sentence, sentence_type)VALUES (178, 'A skateboarder wearing a red plaid shirt does a trick off of a concrete ramp', 'auto');
INSERT INTO Words ( sentence_id,word_ID ,word,pos)VALUES (178, 1, 'A', 'DT'), (178, 2, 'skateboarder', 'NN'), (178, 3, 'wearing', 'VBG'), (178, 4, 'a', 'DT'), (178, 5, 'red', 'JJ'), (178, 6, 'plaid', 'NN'), (178, 7, 'shirt', 'NN'), (178, 8, 'does', 'VBZ'), (178, 9, 'a', 'DT'), (178, 10, 'trick', 'NN'), (178, 11, 'off', 'IN'), (178, 12, 'of', 'IN'), (178, 13, 'a', 'DT'), (178, 14, 'concrete', 'JJ'), (178, 15, 'ramp', 'NN');
INSERT INTO triples (sentence_id, predicate_id,relation,arg_start_id,arg_end_id,triple_type)VALUES (178, 3, 'Agent',2, 2, 'auto'), (178, 3, 'Patient',8, 15, 'auto'), (178, 15, 'Location',12, 14, 'auto');
INSERT INTO Sentences (sentence_id, sentence, sentence_type)VALUES (179, 'It is a distorted lens almost fish eye of a teenage boy skateboarding on a concrete block', 'auto');
INSERT INTO Words ( sentence_id,word_ID ,word,pos)VALUES (179, 1, 'It', 'PRP'), (179, 2, 'is', 'VBZ'), (179, 3, 'a', 'DT'), (179, 4, 'distorted', 'JJ'), (179, 5, 'lens', 'NN'), (179, 6, 'almost', 'RB'), (179, 7, 'fish', 'RB'), (179, 8, 'eye', 'NN'), (179, 9, 'of', 'IN'), (179, 10, 'a', 'DT'), (179, 11, 'teenage', 'JJ'), (179, 12, 'boy', 'NN'), (179, 13, 'skateboarding', 'VBG'), (179, 14, 'on', 'IN'), (179, 15, 'a', 'DT'), (179, 16, 'concrete', 'JJ'), (179, 17, 'block', 'NN');
INSERT INTO triples (sentence_id, predicate_id,relation,arg_start_id,arg_end_id,triple_type)VALUES (179, 2, 'Patient',1, 1, 'auto'), (179, 2, 'Attribute',3, 5, 'auto'), (179, 13, 'Agent',11, 12, 'auto'), (179, 13, 'Location',14, 17, 'auto');
INSERT INTO Sentences (sentence_id, sentence, sentence_type)VALUES (180, 'Skateboard rider balancing on a rock on his skateboard', 'auto');
INSERT INTO Words ( sentence_id,word_ID ,word,pos)VALUES (180, 1, 'Skateboard', 'NNP'), (180, 2, 'rider', 'NN'), (180, 3, 'balancing', 'VBG'), (180, 4, 'on', 'IN'), (180, 5, 'a', 'DT'), (180, 6, 'rock', 'NN'), (180, 7, 'on', 'IN'), (180, 8, 'his', 'PRP$'), (180, 9, 'skateboard', 'NN');
INSERT INTO triples (sentence_id, predicate_id,relation,arg_start_id,arg_end_id,triple_type)VALUES (180, 3, 'Agent',1, 2, 'auto'), (180, 3, 'Location',4, 6, 'auto'), (180, 3, 'Instrument',7, 9, 'auto');
INSERT INTO Sentences (sentence_id, sentence, sentence_type)VALUES (181, 'A group of baseball players wearing blue uniforms walk across the grass', 'auto');
INSERT INTO Words ( sentence_id,word_ID ,word,pos)VALUES (181, 1, 'A', 'DT'), (181, 2, 'group', 'NN'), (181, 3, 'of', 'IN'), (181, 4, 'baseball', 'NN'), (181, 5, 'players', 'NNS'), (181, 6, 'wearing', 'VBG'), (181, 7, 'blue', 'JJ'), (181, 8, 'uniforms', 'NNS'), (181, 9, 'walk', 'VBP'), (181, 10, 'across', 'IN'), (181, 11, 'the', 'DT'), (181, 12, 'grass', 'NN');
INSERT INTO triples (sentence_id, predicate_id,relation,arg_start_id,arg_end_id,triple_type)VALUES (181, 6, 'Agent',2, 3, 'auto'), (181, 6, 'Patient',7, 12, 'auto'), (181, 9, 'Agent',2, 2, 'auto'), (181, 9, 'Patient',6, 7, 'auto'), (181, 9, 'Location',12, 12, 'auto');
INSERT INTO Sentences (sentence_id, sentence, sentence_type)VALUES (182, 'A men \'s baseball team leaving the field', 'auto');
INSERT INTO Words ( sentence_id,word_ID ,word,pos)VALUES (182, 1, 'A', 'DT'), (182, 2, 'men', 'NNS'), (182, 3, '\'s', 'POS'), (182, 4, 'baseball', 'NN'), (182, 5, 'team', 'NN'), (182, 6, 'leaving', 'VBG'), (182, 7, 'the', 'DT'), (182, 8, 'field', 'NN');
INSERT INTO triples (sentence_id, predicate_id,relation,arg_start_id,arg_end_id,triple_type)VALUES (182, 6, 'Agent',5, 5, 'auto'), (182, 6, 'Patient',7, 8, 'auto');
INSERT INTO Sentences (sentence_id, sentence, sentence_type)VALUES (183, 'A team of baseball players in blue uniforms , walking together on field', 'auto');
INSERT INTO Words ( sentence_id,word_ID ,word,pos)VALUES (183, 1, 'A', 'DT'), (183, 2, 'team', 'NN'), (183, 3, 'of', 'IN'), (183, 4, 'baseball', 'NN'), (183, 5, 'players', 'NNS'), (183, 6, 'in', 'IN'), (183, 7, 'blue', 'JJ'), (183, 8, 'uniforms', 'NNS'), (183, 9, ',', ','), (183, 10, 'walking', 'VBG'), (183, 11, 'together', 'RB'), (183, 12, 'on', 'IN'), (183, 13, 'field', 'NN');
INSERT INTO triples (sentence_id, predicate_id,relation,arg_start_id,arg_end_id,triple_type)VALUES (183, 10, 'Agent',2, 2, 'auto'), (183, 10, 'Patient',8, 9, 'auto'), (183, 10, 'Location',11, 13, 'auto');
INSERT INTO Sentences (sentence_id, sentence, sentence_type)VALUES (184, 'Group of people on a ball team wearing blue and white uniforms , some of gloves on their hands , one is wearing red shoes , tall trees are in the background', 'auto');
INSERT INTO Words ( sentence_id,word_ID ,word,pos)VALUES (184, 1, 'Group', 'NN'), (184, 2, 'of', 'IN'), (184, 3, 'people', 'NNS'), (184, 4, 'on', 'IN'), (184, 5, 'a', 'DT'), (184, 6, 'ball', 'NN'), (184, 7, 'team', 'NN'), (184, 8, 'wearing', 'VBG'), (184, 9, 'blue', 'JJ'), (184, 10, 'and', 'CC'), (184, 11, 'white', 'JJ'), (184, 12, 'uniforms', 'NNS'), (184, 13, ',', ','), (184, 14, 'some', 'DT'), (184, 15, 'of', 'IN'), (184, 16, 'gloves', 'NNS'), (184, 17, 'on', 'IN'), (184, 18, 'their', 'PRP$'), (184, 19, 'hands', 'NNS'), (184, 20, ',', ','), (184, 21, 'one', 'CD'), (184, 22, 'is', 'VBZ'), (184, 23, 'wearing', 'VBG'), (184, 24, 'red', 'JJ'), (184, 25, 'shoes', 'NNS'), (184, 26, ',', ','), (184, 27, 'tall', 'JJ'), (184, 28, 'trees', 'NNS'), (184, 29, 'are', 'VBP'), (184, 30, 'in', 'IN'), (184, 31, 'the', 'DT'), (184, 32, 'background', 'NN');
INSERT INTO triples (sentence_id, predicate_id,relation,arg_start_id,arg_end_id,triple_type)VALUES (184, 8, 'Agent',6, 7, 'auto'), (184, 8, 'Patient',9, 12, 'auto'), (184, 16, 'Location',17, 19, 'auto'), (184, 23, 'Agent',21, 21, 'auto'), (184, 23, 'Patient',24, 25, 'auto'), (184, 28, 'Property',27, 27, 'auto'), (184, 28, 'Location',30, 32, 'auto'), (184, 29, 'Patient',28, 28, 'auto'), (184, 29, 'Location',30, 32, 'auto');
INSERT INTO Sentences (sentence_id, sentence, sentence_type)VALUES (185, 'Twelve members of a baseball team walk across the diamond', 'auto');
INSERT INTO Words ( sentence_id,word_ID ,word,pos)VALUES (185, 1, 'Twelve', 'CD'), (185, 2, 'members', 'NNS'), (185, 3, 'of', 'IN'), (185, 4, 'a', 'DT'), (185, 5, 'baseball', 'NN'), (185, 6, 'team', 'NN'), (185, 7, 'walk', 'VBP'), (185, 8, 'across', 'IN'), (185, 9, 'the', 'DT'), (185, 10, 'diamond', 'NN');
INSERT INTO triples (sentence_id, predicate_id,relation,arg_start_id,arg_end_id,triple_type)VALUES (185, 2, 'Property',3, 6, 'auto'), (185, 7, 'Agent',1, 2, 'auto'), (185, 7, 'Destination',8, 10, 'auto');
INSERT INTO Sentences (sentence_id, sentence, sentence_type)VALUES (186, 'a man doing tricks on a motorcycle', 'auto');
INSERT INTO Words ( sentence_id,word_ID ,word,pos)VALUES (186, 1, 'a', 'DT'), (186, 2, 'man', 'NN'), (186, 3, 'doing', 'VBG'), (186, 4, 'tricks', 'NNS'), (186, 5, 'on', 'IN'), (186, 6, 'a', 'DT'), (186, 7, 'motorcycle', 'NN');
INSERT INTO triples (sentence_id, predicate_id,relation,arg_start_id,arg_end_id,triple_type)VALUES (186, 2, 'Location',5, 7, 'auto'), (186, 3, 'Agent',2, 2, 'auto'), (186, 3, 'Patient',4, 4, 'auto'), (186, 3, 'Location',5, 7, 'auto');
INSERT INTO Sentences (sentence_id, sentence, sentence_type)VALUES (187, 'A man puts his motorcycle up on its rear wheel on a track', 'auto');
INSERT INTO Words ( sentence_id,word_ID ,word,pos)VALUES (187, 1, 'A', 'DT'), (187, 2, 'man', 'NN'), (187, 3, 'puts', 'VBZ'), (187, 4, 'his', 'PRP$'), (187, 5, 'motorcycle', 'NN'), (187, 6, 'up', 'RP'), (187, 7, 'on', 'IN'), (187, 8, 'its', 'PRP$'), (187, 9, 'rear', 'JJ'), (187, 10, 'wheel', 'NN'), (187, 11, 'on', 'IN'), (187, 12, 'a', 'DT'), (187, 13, 'track', 'NN');
INSERT INTO triples (sentence_id, predicate_id,relation,arg_start_id,arg_end_id,triple_type)VALUES (187, 3, 'Agent',2, 2, 'auto'), (187, 3, 'Patient',4, 5, 'auto'), (187, 3, 'Destination',6, 10, 'auto');
INSERT INTO Sentences (sentence_id, sentence, sentence_type)VALUES (188, 'A man riding a motorcycle is performing a trick at a track', 'auto');
INSERT INTO Words ( sentence_id,word_ID ,word,pos)VALUES (188, 1, 'A', 'DT'), (188, 2, 'man', 'NN'), (188, 3, 'riding', 'VBG'), (188, 4, 'a', 'DT'), (188, 5, 'motorcycle', 'NN'), (188, 6, 'is', 'VBZ'), (188, 7, 'performing', 'VBG'), (188, 8, 'a', 'DT'), (188, 9, 'trick', 'NN'), (188, 10, 'at', 'IN'), (188, 11, 'a', 'DT'), (188, 12, 'track', 'NN');
INSERT INTO triples (sentence_id, predicate_id,relation,arg_start_id,arg_end_id,triple_type)VALUES (188, 2, 'Location',9, 12, 'auto'), (188, 3, 'Agent',2, 2, 'auto'), (188, 3, 'Patient',5, 5, 'auto'), (188, 3, 'Location',10, 12, 'auto'), (188, 7, 'Agent',2, 2, 'auto'), (188, 7, 'Patient',9, 9, 'auto'), (188, 7, 'Location',10, 12, 'auto');
INSERT INTO Sentences (sentence_id, sentence, sentence_type)VALUES (189, 'A man stands on his motorcycle while doing a wheelie', 'auto');
INSERT INTO Words ( sentence_id,word_ID ,word,pos)VALUES (189, 1, 'A', 'DT'), (189, 2, 'man', 'NN'), (189, 3, 'stands', 'VBZ'), (189, 4, 'on', 'IN'), (189, 5, 'his', 'PRP$'), (189, 6, 'motorcycle', 'NN'), (189, 7, 'while', 'IN'), (189, 8, 'doing', 'VBG'), (189, 9, 'a', 'DT'), (189, 10, 'wheelie', 'NN');
INSERT INTO triples (sentence_id, predicate_id,relation,arg_start_id,arg_end_id,triple_type)VALUES (189, 2, 'Property',3, 6, 'auto'), (189, 3, 'Agent',2, 2, 'auto'), (189, 3, 'Location',4, 6, 'auto'), (189, 8, 'Agent',2, 2, 'auto'), (189, 8, 'Location',4, 6, 'auto'), (189, 8, 'Patient',10, 10, 'auto');
INSERT INTO Sentences (sentence_id, sentence, sentence_type)VALUES (190, 'The motorcycle is being ridden on a track whilst pulling a wheelie', 'auto');
INSERT INTO Words ( sentence_id,word_ID ,word,pos)VALUES (190, 1, 'The', 'DT'), (190, 2, 'motorcycle', 'NN'), (190, 3, 'is', 'VBZ'), (190, 4, 'being', 'VBG'), (190, 5, 'ridden', 'VBN'), (190, 6, 'on', 'IN'), (190, 7, 'a', 'DT'), (190, 8, 'track', 'NN'), (190, 9, 'whilst', 'IN'), (190, 10, 'pulling', 'VBG'), (190, 11, 'a', 'DT'), (190, 12, 'wheelie', 'NN');
INSERT INTO triples (sentence_id, predicate_id,relation,arg_start_id,arg_end_id,triple_type)VALUES (190, 5, 'Patient',2, 2, 'auto'), (190, 5, 'Location',6, 8, 'auto'), (190, 10, 'Agent',2, 2, 'auto'), (190, 10, 'Patient',11, 12, 'auto');
INSERT INTO Sentences (sentence_id, sentence, sentence_type)VALUES (191, 'Children are practicing judo on red and white mats', 'auto');
INSERT INTO Words ( sentence_id,word_ID ,word,pos)VALUES (191, 1, 'Children', 'NNS'), (191, 2, 'are', 'VBP'), (191, 3, 'practicing', 'VBG'), (191, 4, 'judo', 'NN'), (191, 5, 'on', 'IN'), (191, 6, 'red', 'JJ'), (191, 7, 'and', 'CC'), (191, 8, 'white', 'JJ'), (191, 9, 'mats', 'NNS');
INSERT INTO triples (sentence_id, predicate_id,relation,arg_start_id,arg_end_id,triple_type)VALUES (191, 3, 'Agent',1, 1, 'auto'), (191, 3, 'Patient',4, 4, 'auto'), (191, 3, 'Location',9, 9, 'auto');
INSERT INTO Sentences (sentence_id, sentence, sentence_type)VALUES (192, 'Girls do martial arts on a red mat', 'auto');
INSERT INTO Words ( sentence_id,word_ID ,word,pos)VALUES (192, 1, 'Girls', 'NNS'), (192, 2, 'do', 'VBP'), (192, 3, 'martial', 'JJ'), (192, 4, 'arts', 'NNS'), (192, 5, 'on', 'IN'), (192, 6, 'a', 'DT'), (192, 7, 'red', 'JJ'), (192, 8, 'mat', 'NN');
INSERT INTO Sentences (sentence_id, sentence, sentence_type)VALUES (193, 'People practicing martial arts in a training hall', 'auto');
INSERT INTO Words ( sentence_id,word_ID ,word,pos)VALUES (193, 1, 'People', 'NNS'), (193, 2, 'practicing', 'VBG'), (193, 3, 'martial', 'JJ'), (193, 4, 'arts', 'NNS'), (193, 5, 'in', 'IN'), (193, 6, 'a', 'DT'), (193, 7, 'training', 'NN'), (193, 8, 'hall', 'NN');
INSERT INTO triples (sentence_id, predicate_id,relation,arg_start_id,arg_end_id,triple_type)VALUES (193, 2, 'Agent',1, 1, 'auto'), (193, 2, 'Patient',3, 4, 'auto'), (193, 2, 'Location',5, 8, 'auto');
INSERT INTO Sentences (sentence_id, sentence, sentence_type)VALUES (194, 'Two children perform a karate move on a red mat', 'auto');
INSERT INTO Words ( sentence_id,word_ID ,word,pos)VALUES (194, 1, 'Two', 'CD'), (194, 2, 'children', 'NNS'), (194, 3, 'perform', 'VBP'), (194, 4, 'a', 'DT'), (194, 5, 'karate', 'JJ'), (194, 6, 'move', 'NN'), (194, 7, 'on', 'IN'), (194, 8, 'a', 'DT'), (194, 9, 'red', 'JJ'), (194, 10, 'mat', 'NN');
INSERT INTO triples (sentence_id, predicate_id,relation,arg_start_id,arg_end_id,triple_type)VALUES (194, 3, 'Agent',2, 2, 'auto'), (194, 3, 'Patient',6, 10, 'auto');
INSERT INTO Sentences (sentence_id, sentence, sentence_type)VALUES (195, 'Two girls karate fighting', 'auto');
INSERT INTO Words ( sentence_id,word_ID ,word,pos)VALUES (195, 1, 'Two', 'CD'), (195, 2, 'girls', 'NNS'), (195, 3, 'karate', 'JJ'), (195, 4, 'fighting', 'VBP');
INSERT INTO triples (sentence_id, predicate_id,relation,arg_start_id,arg_end_id,triple_type)VALUES (195, 4, 'Agent',2, 2, 'auto'), (195, 4, 'Patient',3, 3, 'auto');
INSERT INTO Sentences (sentence_id, sentence, sentence_type)VALUES (196, 'A man on a motorcycle going around a corner', 'auto');
INSERT INTO Words ( sentence_id,word_ID ,word,pos)VALUES (196, 1, 'A', 'DT'), (196, 2, 'man', 'NN'), (196, 3, 'on', 'IN'), (196, 4, 'a', 'DT'), (196, 5, 'motorcycle', 'NN'), (196, 6, 'going', 'VBG'), (196, 7, 'around', 'IN'), (196, 8, 'a', 'DT'), (196, 9, 'corner', 'NN');
INSERT INTO triples (sentence_id, predicate_id,relation,arg_start_id,arg_end_id,triple_type)VALUES (196, 2, 'Property',5, 5, 'auto'), (196, 2, 'Location',9, 9, 'auto'), (196, 5, 'Property',6, 9, 'auto'), (196, 6, 'Agent',2, 2, 'auto'), (196, 6, 'Location',9, 9, 'auto');
INSERT INTO Sentences (sentence_id, sentence, sentence_type)VALUES (197, 'a man rides a green motorcycle around a corner', 'auto');
INSERT INTO Words ( sentence_id,word_ID ,word,pos)VALUES (197, 1, 'a', 'DT'), (197, 2, 'man', 'NN'), (197, 3, 'rides', 'VBZ'), (197, 4, 'a', 'DT'), (197, 5, 'green', 'JJ'), (197, 6, 'motorcycle', 'NN'), (197, 7, 'around', 'IN'), (197, 8, 'a', 'DT'), (197, 9, 'corner', 'NN');
INSERT INTO triples (sentence_id, predicate_id,relation,arg_start_id,arg_end_id,triple_type)VALUES (197, 2, 'Property',3, 6, 'auto'), (197, 2, 'Location',8, 9, 'auto'), (197, 3, 'Agent',2, 2, 'auto'), (197, 3, 'Patient',4, 6, 'auto'), (197, 3, 'Location',9, 9, 'auto'), (197, 6, 'Property',5, 5, 'auto');
INSERT INTO Sentences (sentence_id, sentence, sentence_type)VALUES (198, 'A man with a blue helmet leans into a sharp turn on his motorcycle', 'auto');
INSERT INTO Words ( sentence_id,word_ID ,word,pos)VALUES (198, 1, 'A', 'DT'), (198, 2, 'man', 'NN'), (198, 3, 'with', 'IN'), (198, 4, 'a', 'DT'), (198, 5, 'blue', 'JJ'), (198, 6, 'helmet', 'NN'), (198, 7, 'leans', 'VBZ'), (198, 8, 'into', 'IN'), (198, 9, 'a', 'DT'), (198, 10, 'sharp', 'JJ'), (198, 11, 'turn', 'NN'), (198, 12, 'on', 'IN'), (198, 13, 'his', 'PRP$'), (198, 14, 'motorcycle', 'NN');
INSERT INTO triples (sentence_id, predicate_id,relation,arg_start_id,arg_end_id,triple_type)VALUES (198, 2, 'Property',5, 6, 'auto'), (198, 7, 'Agent',2, 2, 'auto'), (198, 7, 'Destination',10, 11, 'auto'), (198, 7, 'Instrument',12, 14, 'auto');
INSERT INTO Sentences (sentence_id, sentence, sentence_type)VALUES (199, 'A motorcyclist on a number 52 bike leans in for a sharp turn', 'auto');
INSERT INTO Words ( sentence_id,word_ID ,word,pos)VALUES (199, 1, 'A', 'DT'), (199, 2, 'motorcyclist', 'NN'), (199, 3, 'on', 'IN'), (199, 4, 'a', 'DT'), (199, 5, 'number', 'NN'), (199, 6, '52', 'CD'), (199, 7, 'bike', 'NN'), (199, 8, 'leans', 'VBZ'), (199, 9, 'in', 'IN'), (199, 10, 'for', 'IN'), (199, 11, 'a', 'DT'), (199, 12, 'sharp', 'JJ'), (199, 13, 'turn', 'NN');
INSERT INTO triples (sentence_id, predicate_id,relation,arg_start_id,arg_end_id,triple_type)VALUES (199, 2, 'Location',3, 7, 'auto'), (199, 8, 'Agent',2, 2, 'auto'), (199, 8, 'Destination',10, 13, 'auto');
INSERT INTO Sentences (sentence_id, sentence, sentence_type)VALUES (200, 'The number 52 motorcyclist in a blue and black helmet is going around a corner', 'auto');
INSERT INTO Words ( sentence_id,word_ID ,word,pos)VALUES (200, 1, 'The', 'DT'), (200, 2, 'number', 'NN'), (200, 3, '52', 'CD'), (200, 4, 'motorcyclist', 'NN'), (200, 5, 'in', 'IN'), (200, 6, 'a', 'DT'), (200, 7, 'blue', 'JJ'), (200, 8, 'and', 'CC'), (200, 9, 'black', 'JJ'), (200, 10, 'helmet', 'NN'), (200, 11, 'is', 'VBZ'), (200, 12, 'going', 'VBG'), (200, 13, 'around', 'RP'), (200, 14, 'a', 'DT'), (200, 15, 'corner', 'NN');
INSERT INTO triples (sentence_id, predicate_id,relation,arg_start_id,arg_end_id,triple_type)VALUES (200, 4, 'Property',5, 10, 'auto'), (200, 12, 'Agent',2, 4, 'auto'), (200, 12, 'Location',13, 15, 'auto');
INSERT INTO Sentences (sentence_id, sentence, sentence_type)VALUES (201, 'A man on a motorcycle does a wheelie on the track', 'auto');
INSERT INTO Words ( sentence_id,word_ID ,word,pos)VALUES (201, 1, 'A', 'DT'), (201, 2, 'man', 'NN'), (201, 3, 'on', 'IN'), (201, 4, 'a', 'DT'), (201, 5, 'motorcycle', 'NN'), (201, 6, 'does', 'VBZ'), (201, 7, 'a', 'DT'), (201, 8, 'wheelie', 'NN'), (201, 9, 'on', 'IN'), (201, 10, 'the', 'DT'), (201, 11, 'track', 'NN');
INSERT INTO triples (sentence_id, predicate_id,relation,arg_start_id,arg_end_id,triple_type)VALUES (201, 2, 'Property',3, 5, 'auto'), (201, 2, 'Location',11, 11, 'auto'), (201, 5, 'Location',11, 11, 'auto');
INSERT INTO Sentences (sentence_id, sentence, sentence_type)VALUES (202, 'A man on a red crotch rocket', 'auto');
INSERT INTO Words ( sentence_id,word_ID ,word,pos)VALUES (202, 1, 'A', 'DT'), (202, 2, 'man', 'NN'), (202, 3, 'on', 'IN'), (202, 4, 'a', 'DT'), (202, 5, 'red', 'JJ'), (202, 6, 'crotch', 'NN'), (202, 7, 'rocket', 'NN');
INSERT INTO triples (sentence_id, predicate_id,relation,arg_start_id,arg_end_id,triple_type)VALUES (202, 2, 'Location',5, 7, 'auto');
INSERT INTO Sentences (sentence_id, sentence, sentence_type)VALUES (203, 'A motorcycle rider doing a wheelie', 'auto');
INSERT INTO Words ( sentence_id,word_ID ,word,pos)VALUES (203, 1, 'A', 'DT'), (203, 2, 'motorcycle', 'NN'), (203, 3, 'rider', 'NN'), (203, 4, 'doing', 'VBG'), (203, 5, 'a', 'DT'), (203, 6, 'wheelie', 'NN');
INSERT INTO triples (sentence_id, predicate_id,relation,arg_start_id,arg_end_id,triple_type)VALUES (203, 2, 'Property',3, 6, 'auto'), (203, 3, 'Property',1, 2, 'auto'), (203, 4, 'Agent',2, 3, 'auto'), (203, 4, 'Patient',5, 6, 'auto');
INSERT INTO Sentences (sentence_id, sentence, sentence_type)VALUES (204, 'Someone in a red and white uniform is driving a red and white motorcycle down a track with the front wheel in the air', 'auto');
INSERT INTO Words ( sentence_id,word_ID ,word,pos)VALUES (204, 1, 'Someone', 'NN'), (204, 2, 'in', 'IN'), (204, 3, 'a', 'DT'), (204, 4, 'red', 'JJ'), (204, 5, 'and', 'CC'), (204, 6, 'white', 'JJ'), (204, 7, 'uniform', 'NN'), (204, 8, 'is', 'VBZ'), (204, 9, 'driving', 'VBG'), (204, 10, 'a', 'DT'), (204, 11, 'red', 'JJ'), (204, 12, 'and', 'CC'), (204, 13, 'white', 'JJ'), (204, 14, 'motorcycle', 'NN'), (204, 15, 'down', 'IN'), (204, 16, 'a', 'DT'), (204, 17, 'track', 'NN'), (204, 18, 'with', 'IN'), (204, 19, 'the', 'DT'), (204, 20, 'front', 'JJ'), (204, 21, 'wheel', 'NN'), (204, 22, 'in', 'IN'), (204, 23, 'the', 'DT'), (204, 24, 'air', 'NN');
INSERT INTO triples (sentence_id, predicate_id,relation,arg_start_id,arg_end_id,triple_type)VALUES (204, 1, 'Property',2, 7, 'auto'), (204, 9, 'Agent',1, 1, 'auto'), (204, 9, 'Patient',10, 14, 'auto'), (204, 9, 'Destination',15, 17, 'auto'), (204, 9, 'Instrument',18, 21, 'auto'), (204, 21, 'Location',22, 24, 'auto');
INSERT INTO Sentences (sentence_id, sentence, sentence_type)VALUES (205, 'The red motorcycle pulls a wheelie on the race track', 'auto');
INSERT INTO Words ( sentence_id,word_ID ,word,pos)VALUES (205, 1, 'The', 'DT'), (205, 2, 'red', 'JJ'), (205, 3, 'motorcycle', 'NN'), (205, 4, 'pulls', 'VBZ'), (205, 5, 'a', 'DT'), (205, 6, 'wheelie', 'NN'), (205, 7, 'on', 'IN'), (205, 8, 'the', 'DT'), (205, 9, 'race', 'NN'), (205, 10, 'track', 'NN');
INSERT INTO triples (sentence_id, predicate_id,relation,arg_start_id,arg_end_id,triple_type)VALUES (205, 3, 'Property',4, 10, 'auto'), (205, 4, 'Agent',3, 3, 'auto'), (205, 4, 'Patient',5, 10, 'auto');
INSERT INTO Sentences (sentence_id, sentence, sentence_type)VALUES (206, 'A boat sailing past the rising sun', 'auto');
INSERT INTO Words ( sentence_id,word_ID ,word,pos)VALUES (206, 1, 'A', 'DT'), (206, 2, 'boat', 'NN'), (206, 3, 'sailing', 'VBG'), (206, 4, 'past', 'IN'), (206, 5, 'the', 'DT'), (206, 6, 'rising', 'VBG'), (206, 7, 'sun', 'NN');
INSERT INTO triples (sentence_id, predicate_id,relation,arg_start_id,arg_end_id,triple_type)VALUES (206, 2, 'Time',5, 6, 'auto'), (206, 2, 'Location',7, 7, 'auto'), (206, 3, 'Agent',1, 2, 'auto'), (206, 3, 'Location',4, 4, 'auto'), (206, 6, 'Agent',1, 2, 'auto'), (206, 6, 'Patient',3, 3, 'auto'), (206, 6, 'Location',7, 7, 'auto');
INSERT INTO Sentences (sentence_id, sentence, sentence_type)VALUES (207, 'A sail boat in the water', 'auto');
INSERT INTO Words ( sentence_id,word_ID ,word,pos)VALUES (207, 1, 'A', 'DT'), (207, 2, 'sail', 'NN'), (207, 3, 'boat', 'NN'), (207, 4, 'in', 'IN'), (207, 5, 'the', 'DT'), (207, 6, 'water', 'NN');
INSERT INTO triples (sentence_id, predicate_id,relation,arg_start_id,arg_end_id,triple_type)VALUES (207, 3, 'Time',2, 2, 'auto'), (207, 3, 'Location',4, 4, 'auto'), (207, 3, 'Property',5, 6, 'auto'), (207, 6, 'Location',4, 5, 'auto');
INSERT INTO Sentences (sentence_id, sentence, sentence_type)VALUES (208, 'A sail boat in the water at sunrise', 'auto');
INSERT INTO Words ( sentence_id,word_ID ,word,pos)VALUES (208, 1, 'A', 'DT'), (208, 2, 'sail', 'NN'), (208, 3, 'boat', 'NN'), (208, 4, 'in', 'IN'), (208, 5, 'the', 'DT'), (208, 6, 'water', 'NN'), (208, 7, 'at', 'IN'), (208, 8, 'sunrise', 'NN');
INSERT INTO triples (sentence_id, predicate_id,relation,arg_start_id,arg_end_id,triple_type)VALUES (208, 3, 'Property',2, 2, 'auto'), (208, 3, 'Location',4, 6, 'auto'), (208, 3, 'Time',7, 8, 'auto');
INSERT INTO Sentences (sentence_id, sentence, sentence_type)VALUES (209, 'A ship sails in a blue sea', 'auto');
INSERT INTO Words ( sentence_id,word_ID ,word,pos)VALUES (209, 1, 'A', 'DT'), (209, 2, 'ship', 'NN'), (209, 3, 'sails', 'VBZ'), (209, 4, 'in', 'IN'), (209, 5, 'a', 'DT'), (209, 6, 'blue', 'JJ'), (209, 7, 'sea', 'NN');
INSERT INTO triples (sentence_id, predicate_id,relation,arg_start_id,arg_end_id,triple_type)VALUES (209, 3, 'Agent',2, 2, 'auto'), (209, 3, 'Destination',4, 7, 'auto');
INSERT INTO Sentences (sentence_id, sentence, sentence_type)VALUES (210, 'The old looking ship is sailing at sunset', 'auto');
INSERT INTO Words ( sentence_id,word_ID ,word,pos)VALUES (210, 1, 'The', 'DT'), (210, 2, 'old', 'JJ'), (210, 3, 'looking', 'VBG'), (210, 4, 'ship', 'NN'), (210, 5, 'is', 'VBZ'), (210, 6, 'sailing', 'VBG'), (210, 7, 'at', 'IN'), (210, 8, 'sunset', 'NN');
INSERT INTO triples (sentence_id, predicate_id,relation,arg_start_id,arg_end_id,triple_type)VALUES (210, 3, 'Agent',4, 4, 'auto'), (210, 3, 'Patient',5, 5, 'auto'), (210, 3, 'Attribute',6, 6, 'auto'), (210, 3, 'Location',7, 8, 'auto'), (210, 6, 'Patient',1, 3, 'auto'), (210, 6, 'Agent',4, 4, 'auto'), (210, 6, 'Location',7, 8, 'auto');
INSERT INTO Sentences (sentence_id, sentence, sentence_type)VALUES (211, 'A guy in a yellow shirt with a bike gets very high in the air', 'auto');
INSERT INTO Words ( sentence_id,word_ID ,word,pos)VALUES (211, 1, 'A', 'DT'), (211, 2, 'guy', 'NN'), (211, 3, 'in', 'IN'), (211, 4, 'a', 'DT'), (211, 5, 'yellow', 'JJ'), (211, 6, 'shirt', 'NN'), (211, 7, 'with', 'IN'), (211, 8, 'a', 'DT'), (211, 9, 'bike', 'NN'), (211, 10, 'gets', 'VBZ'), (211, 11, 'very', 'RB'), (211, 12, 'high', 'JJ'), (211, 13, 'in', 'IN'), (211, 14, 'the', 'DT'), (211, 15, 'air', 'NN');
INSERT INTO triples (sentence_id, predicate_id,relation,arg_start_id,arg_end_id,triple_type)VALUES (211, 2, 'Property',3, 6, 'auto'), (211, 10, 'Agent',2, 2, 'auto'), (211, 10, 'Destination',13, 15, 'auto');
INSERT INTO Sentences (sentence_id, sentence, sentence_type)VALUES (212, 'A man in mid-air holding his bike \'s handle bars', 'auto');
INSERT INTO Words ( sentence_id,word_ID ,word,pos)VALUES (212, 1, 'A', 'DT'), (212, 2, 'man', 'NN'), (212, 3, 'in', 'IN'), (212, 4, 'mid-air', 'JJ'), (212, 5, 'holding', 'VBG'), (212, 6, 'his', 'PRP$'), (212, 7, 'bike', 'NN'), (212, 8, '\'s', 'POS'), (212, 9, 'handle', 'NN'), (212, 10, 'bars', 'NNS');
INSERT INTO triples (sentence_id, predicate_id,relation,arg_start_id,arg_end_id,triple_type)VALUES (212, 2, 'Property',3, 10, 'auto'), (212, 5, 'Agent',2, 2, 'auto'), (212, 5, 'Location',3, 4, 'auto'), (212, 5, 'Patient',6, 10, 'auto');
INSERT INTO Sentences (sentence_id, sentence, sentence_type)VALUES (213, 'A man is performing a trick high in the air with a bicycle', 'auto');
INSERT INTO Words ( sentence_id,word_ID ,word,pos)VALUES (213, 1, 'A', 'DT'), (213, 2, 'man', 'NN'), (213, 3, 'is', 'VBZ'), (213, 4, 'performing', 'VBG'), (213, 5, 'a', 'DT'), (213, 6, 'trick', 'NN'), (213, 7, 'high', 'JJ'), (213, 8, 'in', 'IN'), (213, 9, 'the', 'DT'), (213, 10, 'air', 'NN'), (213, 11, 'with', 'IN'), (213, 12, 'a', 'DT'), (213, 13, 'bicycle', 'NN');
INSERT INTO triples (sentence_id, predicate_id,relation,arg_start_id,arg_end_id,triple_type)VALUES (213, 4, 'Agent',2, 2, 'auto'), (213, 4, 'Patient',5, 6, 'auto'), (213, 4, 'Location',7, 10, 'auto'), (213, 4, 'Instrument',11, 13, 'auto');
INSERT INTO Sentences (sentence_id, sentence, sentence_type)VALUES (214, 'A man wearing a yellow shirt is doing a trick high in the air with his bike', 'auto');
INSERT INTO Words ( sentence_id,word_ID ,word,pos)VALUES (214, 1, 'A', 'DT'), (214, 2, 'man', 'NN'), (214, 3, 'wearing', 'VBG'), (214, 4, 'a', 'DT'), (214, 5, 'yellow', 'JJ'), (214, 6, 'shirt', 'NN'), (214, 7, 'is', 'VBZ'), (214, 8, 'doing', 'VBG'), (214, 9, 'a', 'DT'), (214, 10, 'trick', 'NN'), (214, 11, 'high', 'JJ'), (214, 12, 'in', 'IN'), (214, 13, 'the', 'DT'), (214, 14, 'air', 'NN'), (214, 15, 'with', 'IN'), (214, 16, 'his', 'PRP$'), (214, 17, 'bike', 'NN');
INSERT INTO triples (sentence_id, predicate_id,relation,arg_start_id,arg_end_id,triple_type)VALUES (214, 2, 'Property',3, 9, 'auto'), (214, 2, 'Location',14, 14, 'auto'), (214, 3, 'Agent',2, 2, 'auto'), (214, 3, 'Patient',4, 17, 'auto'), (214, 8, 'Agent',2, 2, 'auto'), (214, 8, 'Patient',10, 10, 'auto'), (214, 8, 'Location',11, 13, 'auto'), (214, 17, 'Property',3, 9, 'auto'), (214, 17, 'Location',14, 14, 'auto');
INSERT INTO Sentences (sentence_id, sentence, sentence_type)VALUES (215, 'Man holding onto bike handlebars while in mid-air', 'auto');
INSERT INTO Words ( sentence_id,word_ID ,word,pos)VALUES (215, 1, 'Man', 'NN'), (215, 2, 'holding', 'VBG'), (215, 3, 'onto', 'IN'), (215, 4, 'bike', 'NN'), (215, 5, 'handlebars', 'NNS'), (215, 6, 'while', 'IN'), (215, 7, 'in', 'IN'), (215, 8, 'mid-air', 'NN');
INSERT INTO triples (sentence_id, predicate_id,relation,arg_start_id,arg_end_id,triple_type)VALUES (215, 1, 'Location',4, 4, 'auto'), (215, 1, 'Property',5, 8, 'auto'), (215, 2, 'Agent',1, 1, 'auto'), (215, 2, 'Patient',3, 8, 'auto'), (215, 4, 'Location',5, 5, 'auto'), (215, 4, 'Property',6, 8, 'auto');
INSERT INTO Sentences (sentence_id, sentence, sentence_type)VALUES (216, 'A blue car drives down a mostly dirt road', 'auto');
INSERT INTO Words ( sentence_id,word_ID ,word,pos)VALUES (216, 1, 'A', 'DT'), (216, 2, 'blue', 'JJ'), (216, 3, 'car', 'NN'), (216, 4, 'drives', 'VBZ'), (216, 5, 'down', 'IN'), (216, 6, 'a', 'DT'), (216, 7, 'mostly', 'RB'), (216, 8, 'dirt', 'NN'), (216, 9, 'road', 'NN');
INSERT INTO triples (sentence_id, predicate_id,relation,arg_start_id,arg_end_id,triple_type)VALUES (216, 3, 'Property',1, 2, 'auto'), (216, 3, 'Location',9, 9, 'auto'), (216, 4, 'Agent',3, 3, 'auto'), (216, 4, 'Location',5, 5, 'auto'), (216, 4, 'Patient',6, 8, 'auto'), (216, 4, 'Destination',9, 9, 'auto');
INSERT INTO Sentences (sentence_id, sentence, sentence_type)VALUES (217, 'A blue race car on an off road track', 'auto');
INSERT INTO Words ( sentence_id,word_ID ,word,pos)VALUES (217, 1, 'A', 'DT'), (217, 2, 'blue', 'JJ'), (217, 3, 'race', 'NN'), (217, 4, 'car', 'NN'), (217, 5, 'on', 'IN'), (217, 6, 'an', 'DT'), (217, 7, 'off', 'JJ'), (217, 8, 'road', 'NN'), (217, 9, 'track', 'NN');
INSERT INTO triples (sentence_id, predicate_id,relation,arg_start_id,arg_end_id,triple_type)VALUES (217, 4, 'Property',1, 3, 'auto'), (217, 4, 'Location',5, 5, 'auto');
INSERT INTO Sentences (sentence_id, sentence, sentence_type)VALUES (218, 'Blue car on a small road with men in the background and a res car on a slightly higher road', 'auto');
INSERT INTO Words ( sentence_id,word_ID ,word,pos)VALUES (218, 1, 'Blue', 'JJ'), (218, 2, 'car', 'NN'), (218, 3, 'on', 'IN'), (218, 4, 'a', 'DT'), (218, 5, 'small', 'JJ'), (218, 6, 'road', 'NN'), (218, 7, 'with', 'IN'), (218, 8, 'men', 'NNS'), (218, 9, 'in', 'IN'), (218, 10, 'the', 'DT'), (218, 11, 'background', 'NN'), (218, 12, 'and', 'CC'), (218, 13, 'a', 'DT'), (218, 14, 'res', 'NN'), (218, 15, 'car', 'NN'), (218, 16, 'on', 'IN'), (218, 17, 'a', 'DT'), (218, 18, 'slightly', 'RB'), (218, 19, 'higher', 'JJR'), (218, 20, 'road', 'NN');
INSERT INTO triples (sentence_id, predicate_id,relation,arg_start_id,arg_end_id,triple_type)VALUES (218, 2, 'Property',1, 1, 'auto'), (218, 2, 'Location',3, 6, 'auto'), (218, 8, 'Location',9, 11, 'auto'), (218, 15, 'Property',14, 14, 'auto'), (218, 15, 'Location',16, 20, 'auto');
INSERT INTO Sentences (sentence_id, sentence, sentence_type)VALUES (219, 'Blue race car driving down narrow road', 'auto');
INSERT INTO Words ( sentence_id,word_ID ,word,pos)VALUES (219, 1, 'Blue', 'JJ'), (219, 2, 'race', 'NN'), (219, 3, 'car', 'NN'), (219, 4, 'driving', 'VBG'), (219, 5, 'down', 'RP'), (219, 6, 'narrow', 'JJ'), (219, 7, 'road', 'NN');
INSERT INTO triples (sentence_id, predicate_id,relation,arg_start_id,arg_end_id,triple_type)VALUES (219, 3, 'Property',1, 2, 'auto'), (219, 3, 'Location',7, 7, 'auto'), (219, 4, 'Agent',2, 3, 'auto'), (219, 4, 'Destination',5, 5, 'auto'), (219, 4, 'Patient',6, 6, 'auto');
INSERT INTO Sentences (sentence_id, sentence, sentence_type)VALUES (220, 'Bright blue car going down a dirt road onlookers watch', 'auto');
INSERT INTO Words ( sentence_id,word_ID ,word,pos)VALUES (220, 1, 'Bright', 'JJ'), (220, 2, 'blue', 'JJ'), (220, 3, 'car', 'NN'), (220, 4, 'going', 'VBG'), (220, 5, 'down', 'RP'), (220, 6, 'a', 'DT'), (220, 7, 'dirt', 'NN'), (220, 8, 'road', 'NN'), (220, 9, 'onlookers', 'NNS'), (220, 10, 'watch', 'VBP');
INSERT INTO triples (sentence_id, predicate_id,relation,arg_start_id,arg_end_id,triple_type)VALUES (220, 3, 'Property',1, 2, 'auto'), (220, 3, 'Location',6, 8, 'auto'), (220, 4, 'Location',5, 5, 'auto'), (220, 4, 'Destination',6, 6, 'auto'), (220, 4, 'Patient',8, 8, 'auto'), (220, 4, 'Agent',9, 9, 'auto'), (220, 10, 'Agent',3, 3, 'auto'), (220, 10, 'Location',7, 7, 'auto'), (220, 10, 'Patient',8, 8, 'auto');
INSERT INTO Sentences (sentence_id, sentence, sentence_type)VALUES (221, 'A cricketer is laying on the ground between the wicket and the ball', 'auto');
INSERT INTO Words ( sentence_id,word_ID ,word,pos)VALUES (221, 1, 'A', 'DT'), (221, 2, 'cricketer', 'NN'), (221, 3, 'is', 'VBZ'), (221, 4, 'laying', 'VBG'), (221, 5, 'on', 'IN'), (221, 6, 'the', 'DT'), (221, 7, 'ground', 'NN'), (221, 8, 'between', 'IN'), (221, 9, 'the', 'DT'), (221, 10, 'wicket', 'NN'), (221, 11, 'and', 'CC'), (221, 12, 'the', 'DT'), (221, 13, 'ball', 'NN');
INSERT INTO triples (sentence_id, predicate_id,relation,arg_start_id,arg_end_id,triple_type)VALUES (221, 4, 'Agent',2, 2, 'auto'), (221, 4, 'Patient',5, 5, 'auto'), (221, 4, 'Material',9, 13, 'auto');
INSERT INTO Sentences (sentence_id, sentence, sentence_type)VALUES (222, 'A man is lying on the ground , laughing , during a ball game', 'auto');
INSERT INTO Words ( sentence_id,word_ID ,word,pos)VALUES (222, 1, 'A', 'DT'), (222, 2, 'man', 'NN'), (222, 3, 'is', 'VBZ'), (222, 4, 'lying', 'VBG'), (222, 5, 'on', 'IN'), (222, 6, 'the', 'DT'), (222, 7, 'ground', 'NN'), (222, 8, ',', ','), (222, 9, 'laughing', 'VBG'), (222, 10, ',', ','), (222, 11, 'during', 'IN'), (222, 12, 'a', 'DT'), (222, 13, 'ball', 'NN'), (222, 14, 'game', 'NN');
INSERT INTO triples (sentence_id, predicate_id,relation,arg_start_id,arg_end_id,triple_type)VALUES (222, 4, 'Agent',2, 2, 'auto'), (222, 4, 'Location',5, 7, 'auto'), (222, 4, 'Time',11, 14, 'auto'), (222, 9, 'Agent',2, 2, 'auto'), (222, 9, 'Time',11, 14, 'auto');
INSERT INTO Sentences (sentence_id, sentence, sentence_type)VALUES (223, 'A man playing cricket closely inspects a shot', 'auto');
INSERT INTO Words ( sentence_id,word_ID ,word,pos)VALUES (223, 1, 'A', 'DT'), (223, 2, 'man', 'NN'), (223, 3, 'playing', 'VBG'), (223, 4, 'cricket', 'NN'), (223, 5, 'closely', 'RB'), (223, 6, 'inspects', 'VBZ'), (223, 7, 'a', 'DT'), (223, 8, 'shot', 'NN');
INSERT INTO triples (sentence_id, predicate_id,relation,arg_start_id,arg_end_id,triple_type)VALUES (223, 2, 'Property',3, 7, 'auto'), (223, 2, 'Location',8, 8, 'auto'), (223, 3, 'Agent',2, 2, 'auto'), (223, 3, 'Patient',4, 8, 'auto'), (223, 6, 'Agent',2, 2, 'auto'), (223, 6, 'Patient',7, 8, 'auto');
INSERT INTO Sentences (sentence_id, sentence, sentence_type)VALUES (224, 'Guy playing cricket lying on the grass', 'auto');
INSERT INTO Words ( sentence_id,word_ID ,word,pos)VALUES (224, 1, 'Guy', 'NNP'), (224, 2, 'playing', 'VBG'), (224, 3, 'cricket', 'NN'), (224, 4, 'lying', 'VBG'), (224, 5, 'on', 'IN'), (224, 6, 'the', 'DT'), (224, 7, 'grass', 'NN');
INSERT INTO triples (sentence_id, predicate_id,relation,arg_start_id,arg_end_id,triple_type)VALUES (224, 2, 'Agent',1, 1, 'auto'), (224, 2, 'Beneficiary',4, 4, 'auto'), (224, 2, 'Location',5, 7, 'auto'), (224, 4, 'Patient',2, 3, 'auto'), (224, 4, 'Location',5, 5, 'auto'), (224, 4, 'Agent',7, 7, 'auto');
INSERT INTO Sentences (sentence_id, sentence, sentence_type)VALUES (225, 'The cricket player just misses catching the ball', 'auto');
INSERT INTO Words ( sentence_id,word_ID ,word,pos)VALUES (225, 1, 'The', 'DT'), (225, 2, 'cricket', 'NN'), (225, 3, 'player', 'NN'), (225, 4, 'just', 'RB'), (225, 5, 'misses', 'VBZ'), (225, 6, 'catching', 'VBG'), (225, 7, 'the', 'DT'), (225, 8, 'ball', 'NN');
INSERT INTO triples (sentence_id, predicate_id,relation,arg_start_id,arg_end_id,triple_type)VALUES (225, 3, 'Location',2, 2, 'auto'), (225, 3, 'Property',4, 8, 'auto'), (225, 5, 'Agent',3, 3, 'auto'), (225, 6, 'Agent',2, 3, 'auto'), (225, 6, 'Patient',7, 8, 'auto');
INSERT INTO Sentences (sentence_id, sentence, sentence_type)VALUES (226, 'A cricket batsman swinging', 'auto');
INSERT INTO Words ( sentence_id,word_ID ,word,pos)VALUES (226, 1, 'A', 'DT'), (226, 2, 'cricket', 'NN'), (226, 3, 'batsman', 'NN'), (226, 4, 'swinging', 'VBG');
INSERT INTO triples (sentence_id, predicate_id,relation,arg_start_id,arg_end_id,triple_type)VALUES (226, 4, 'Patient',1, 1, 'auto'), (226, 4, 'Agent',2, 3, 'auto');
INSERT INTO Sentences (sentence_id, sentence, sentence_type)VALUES (227, 'A man playing cricket', 'auto');
INSERT INTO Words ( sentence_id,word_ID ,word,pos)VALUES (227, 1, 'A', 'DT'), (227, 2, 'man', 'NN'), (227, 3, 'playing', 'VBG'), (227, 4, 'cricket', 'NN');
INSERT INTO triples (sentence_id, predicate_id,relation,arg_start_id,arg_end_id,triple_type)VALUES (227, 2, 'Property',3, 4, 'auto'), (227, 3, 'Patient',1, 1, 'auto'), (227, 3, 'Agent',2, 2, 'auto');
INSERT INTO Sentences (sentence_id, sentence, sentence_type)VALUES (228, 'A man wearing a baseball uniform swings back with a large bat', 'auto');
INSERT INTO Words ( sentence_id,word_ID ,word,pos)VALUES (228, 1, 'A', 'DT'), (228, 2, 'man', 'NN'), (228, 3, 'wearing', 'VBG'), (228, 4, 'a', 'DT'), (228, 5, 'baseball', 'NN'), (228, 6, 'uniform', 'JJ'), (228, 7, 'swings', 'VBZ'), (228, 8, 'back', 'RB'), (228, 9, 'with', 'IN'), (228, 10, 'a', 'DT'), (228, 11, 'large', 'JJ'), (228, 12, 'bat', 'NN');
INSERT INTO triples (sentence_id, predicate_id,relation,arg_start_id,arg_end_id,triple_type)VALUES (228, 3, 'Agent',2, 2, 'auto'), (228, 3, 'Patient',4, 6, 'auto'), (228, 7, 'Agent',2, 2, 'auto'), (228, 7, 'Destination',8, 8, 'auto'), (228, 7, 'Instrument',9, 12, 'auto');
INSERT INTO Sentences (sentence_id, sentence, sentence_type)VALUES (229, 'A man wearing white clothes playing cricket', 'auto');
INSERT INTO Words ( sentence_id,word_ID ,word,pos)VALUES (229, 1, 'A', 'DT'), (229, 2, 'man', 'NN'), (229, 3, 'wearing', 'VBG'), (229, 4, 'white', 'JJ'), (229, 5, 'clothes', 'NNS'), (229, 6, 'playing', 'VBG'), (229, 7, 'cricket', 'NN');
INSERT INTO triples (sentence_id, predicate_id,relation,arg_start_id,arg_end_id,triple_type)VALUES (229, 2, 'Location',3, 3, 'auto'), (229, 2, 'Property',4, 7, 'auto'), (229, 3, 'Agent',2, 2, 'auto'), (229, 3, 'Patient',4, 7, 'auto'), (229, 6, 'Beneficiary',1, 1, 'auto'), (229, 6, 'Agent',2, 2, 'auto'), (229, 6, 'Location',4, 4, 'auto'), (229, 6, 'Patient',7, 7, 'auto');
INSERT INTO Sentences (sentence_id, sentence, sentence_type)VALUES (230, 'The baseball player holds up his bat ready to swing', 'auto');
INSERT INTO Words ( sentence_id,word_ID ,word,pos)VALUES (230, 1, 'The', 'DT'), (230, 2, 'baseball', 'NN'), (230, 3, 'player', 'NN'), (230, 4, 'holds', 'VBZ'), (230, 5, 'up', 'RP'), (230, 6, 'his', 'PRP$'), (230, 7, 'bat', 'NN'), (230, 8, 'ready', 'JJ'), (230, 9, 'to', 'TO'), (230, 10, 'swing', 'VB');
INSERT INTO triples (sentence_id, predicate_id,relation,arg_start_id,arg_end_id,triple_type)VALUES (230, 3, 'Location',2, 2, 'auto'), (230, 3, 'Property',4, 10, 'auto'), (230, 4, 'Patient',1, 2, 'auto'), (230, 4, 'Agent',3, 3, 'auto'), (230, 4, 'Destination',5, 5, 'auto'), (230, 4, 'Instrument',7, 7, 'auto'), (230, 10, 'Agent',2, 3, 'auto'), (230, 10, 'Patient',4, 9, 'auto');
INSERT INTO Sentences (sentence_id, sentence, sentence_type)VALUES (231, 'A race car moves down the road as two people watch from a distance', 'auto');
INSERT INTO Words ( sentence_id,word_ID ,word,pos)VALUES (231, 1, 'A', 'DT'), (231, 2, 'race', 'NN'), (231, 3, 'car', 'NN'), (231, 4, 'moves', 'VBZ'), (231, 5, 'down', 'RP'), (231, 6, 'the', 'DT'), (231, 7, 'road', 'NN'), (231, 8, 'as', 'IN'), (231, 9, 'two', 'CD'), (231, 10, 'people', 'NNS'), (231, 11, 'watch', 'VBP'), (231, 12, 'from', 'IN'), (231, 13, 'a', 'DT'), (231, 14, 'distance', 'NN');
INSERT INTO triples (sentence_id, predicate_id,relation,arg_start_id,arg_end_id,triple_type)VALUES (231, 3, 'Property',1, 2, 'auto'), (231, 3, 'Location',12, 14, 'auto'), (231, 4, 'Agent',2, 3, 'auto'), (231, 4, 'Destination',5, 5, 'auto'), (231, 4, 'Patient',11, 14, 'auto'), (231, 10, 'Property',8, 8, 'auto'), (231, 10, 'Location',11, 14, 'auto'), (231, 11, 'Patient',1, 8, 'auto'), (231, 11, 'Agent',9, 10, 'auto'), (231, 11, 'Location',14, 14, 'auto');
INSERT INTO Sentences (sentence_id, sentence, sentence_type)VALUES (232, 'A race car , numbered 104 is rounding a bend as two people watch and take pictures', 'auto');
INSERT INTO Words ( sentence_id,word_ID ,word,pos)VALUES (232, 1, 'A', 'DT'), (232, 2, 'race', 'NN'), (232, 3, 'car', 'NN'), (232, 4, ',', ','), (232, 5, 'numbered', 'VBD'), (232, 6, '104', 'CD'), (232, 7, 'is', 'VBZ'), (232, 8, 'rounding', 'VBG'), (232, 9, 'a', 'DT'), (232, 10, 'bend', 'NN'), (232, 11, 'as', 'IN'), (232, 12, 'two', 'CD'), (232, 13, 'people', 'NNS'), (232, 14, 'watch', 'VBP'), (232, 15, 'and', 'CC'), (232, 16, 'take', 'VBP'), (232, 17, 'pictures', 'NNS');
INSERT INTO triples (sentence_id, predicate_id,relation,arg_start_id,arg_end_id,triple_type)VALUES (232, 3, 'Property',1, 2, 'auto'), (232, 3, 'Location',10, 10, 'auto'), (232, 8, 'Agent',6, 6, 'auto'), (232, 8, 'Patient',9, 11, 'auto'), (232, 10, 'Location',9, 9, 'auto'), (232, 13, 'Location',2, 2, 'auto'), (232, 13, 'Property',11, 12, 'auto'), (232, 14, 'Patient',7, 11, 'auto'), (232, 14, 'Agent',12, 13, 'auto'), (232, 16, 'Beneficiary',1, 1, 'auto'), (232, 16, 'Agent',2, 2, 'auto'), (232, 16, 'Source',3, 3, 'auto'), (232, 16, 'Location',10, 10, 'auto'), (232, 16, 'Patient',11, 13, 'auto'), (232, 16, 'Instrument',17, 17, 'auto');
INSERT INTO Sentences (sentence_id, sentence, sentence_type)VALUES (233, 'A silver and blue rally car is passing two spectators who are standing at the roadside', 'auto');
INSERT INTO Words ( sentence_id,word_ID ,word,pos)VALUES (233, 1, 'A', 'DT'), (233, 2, 'silver', 'NN'), (233, 3, 'and', 'CC'), (233, 4, 'blue', 'JJ'), (233, 5, 'rally', 'NN'), (233, 6, 'car', 'NN'), (233, 7, 'is', 'VBZ'), (233, 8, 'passing', 'VBG'), (233, 9, 'two', 'CD'), (233, 10, 'spectators', 'NNS'), (233, 11, 'who', 'WP'), (233, 12, 'are', 'VBP'), (233, 13, 'standing', 'VBG'), (233, 14, 'at', 'IN'), (233, 15, 'the', 'DT'), (233, 16, 'roadside', 'NN');
INSERT INTO triples (sentence_id, predicate_id,relation,arg_start_id,arg_end_id,triple_type)VALUES (233, 6, 'Property',2, 5, 'auto'), (233, 8, 'Agent',5, 6, 'auto'), (233, 8, 'Patient',9, 10, 'auto'), (233, 13, 'Agent',9, 10, 'auto'), (233, 13, 'Location',14, 16, 'auto');
INSERT INTO Sentences (sentence_id, sentence, sentence_type)VALUES (234, 'Blue and silver car going around curve being watched by people standing in grass', 'auto');
INSERT INTO Words ( sentence_id,word_ID ,word,pos)VALUES (234, 1, 'Blue', 'NNP'), (234, 2, 'and', 'CC'), (234, 3, 'silver', 'JJ'), (234, 4, 'car', 'NN'), (234, 5, 'going', 'VBG'), (234, 6, 'around', 'IN'), (234, 7, 'curve', 'NN'), (234, 8, 'being', 'VBG'), (234, 9, 'watched', 'VBN'), (234, 10, 'by', 'IN'), (234, 11, 'people', 'NNS'), (234, 12, 'standing', 'VBG'), (234, 13, 'in', 'IN'), (234, 14, 'grass', 'NN');
INSERT INTO triples (sentence_id, predicate_id,relation,arg_start_id,arg_end_id,triple_type)VALUES (234, 4, 'Property',1, 3, 'auto'), (234, 4, 'Location',13, 14, 'auto'), (234, 5, 'Location',6, 6, 'auto'), (234, 5, 'Patient',8, 9, 'auto'), (234, 5, 'Agent',11, 11, 'auto'), (234, 7, 'Location',13, 14, 'auto'), (234, 9, 'Location',10, 10, 'auto'), (234, 9, 'Patient',11, 14, 'auto'), (234, 11, 'Property',1, 5, 'auto'), (234, 11, 'Location',10, 10, 'auto'), (234, 12, 'Agent',11, 11, 'auto'), (234, 12, 'Location',13, 13, 'auto'), (234, 12, 'Patient',14, 14, 'auto');
INSERT INTO Sentences (sentence_id, sentence, sentence_type)VALUES (235, 'Silver and blue car marked 104 raises dust on road as two background people watch', 'auto');
INSERT INTO Words ( sentence_id,word_ID ,word,pos)VALUES (235, 1, 'Silver', 'NN'), (235, 2, 'and', 'CC'), (235, 3, 'blue', 'JJ'), (235, 4, 'car', 'NN'), (235, 5, 'marked', 'JJ'), (235, 6, '104', 'CD'), (235, 7, 'raises', 'VBZ'), (235, 8, 'dust', 'NN'), (235, 9, 'on', 'IN'), (235, 10, 'road', 'NN'), (235, 11, 'as', 'IN'), (235, 12, 'two', 'CD'), (235, 13, 'background', 'NN'), (235, 14, 'people', 'NNS'), (235, 15, 'watch', 'VBP');
INSERT INTO Sentences (sentence_id, sentence, sentence_type)VALUES (236, 'A cyclist is performing a jump next to a black advertising banner', 'auto');
INSERT INTO Words ( sentence_id,word_ID ,word,pos)VALUES (236, 1, 'A', 'DT'), (236, 2, 'cyclist', 'NN'), (236, 3, 'is', 'VBZ'), (236, 4, 'performing', 'VBG'), (236, 5, 'a', 'DT'), (236, 6, 'jump', 'NN'), (236, 7, 'next', 'JJ'), (236, 8, 'to', 'TO'), (236, 9, 'a', 'DT'), (236, 10, 'black', 'JJ'), (236, 11, 'advertising', 'NN'), (236, 12, 'banner', 'NN');
INSERT INTO triples (sentence_id, predicate_id,relation,arg_start_id,arg_end_id,triple_type)VALUES (236, 4, 'Agent',2, 3, 'auto'), (236, 4, 'Location',5, 5, 'auto'), (236, 4, 'Patient',6, 9, 'auto');
INSERT INTO Sentences (sentence_id, sentence, sentence_type)VALUES (237, 'A male doing a bicycle trick in midair', 'auto');
INSERT INTO Words ( sentence_id,word_ID ,word,pos)VALUES (237, 1, 'A', 'DT'), (237, 2, 'male', 'JJ'), (237, 3, 'doing', 'VBG'), (237, 4, 'a', 'DT'), (237, 5, 'bicycle', 'NN'), (237, 6, 'trick', 'NN'), (237, 7, 'in', 'IN'), (237, 8, 'midair', 'NN');
INSERT INTO triples (sentence_id, predicate_id,relation,arg_start_id,arg_end_id,triple_type)VALUES (237, 3, 'Agent',2, 2, 'auto'), (237, 3, 'Patient',5, 6, 'auto'), (237, 3, 'Location',7, 7, 'auto'), (237, 5, 'Location',4, 4, 'auto');
INSERT INTO Sentences (sentence_id, sentence, sentence_type)VALUES (238, 'A man in a white t-shirt jumping something on his yellow bike', 'auto');
INSERT INTO Words ( sentence_id,word_ID ,word,pos)VALUES (238, 1, 'A', 'DT'), (238, 2, 'man', 'NN'), (238, 3, 'in', 'IN'), (238, 4, 'a', 'DT'), (238, 5, 'white', 'JJ'), (238, 6, 't-shirt', 'NN'), (238, 7, 'jumping', 'VBG'), (238, 8, 'something', 'NN'), (238, 9, 'on', 'IN'), (238, 10, 'his', 'PRP$'), (238, 11, 'yellow', 'JJ'), (238, 12, 'bike', 'NN');
INSERT INTO triples (sentence_id, predicate_id,relation,arg_start_id,arg_end_id,triple_type)VALUES (238, 2, 'Property',3, 11, 'auto'), (238, 2, 'Location',12, 12, 'auto'), (238, 7, 'Agent',2, 2, 'auto'), (238, 7, 'Destination',8, 8, 'auto'), (238, 7, 'Patient',10, 11, 'auto'), (238, 7, 'Location',12, 12, 'auto'), (238, 12, 'Location',2, 2, 'auto'), (238, 12, 'Property',10, 11, 'auto');
INSERT INTO Sentences (sentence_id, sentence, sentence_type)VALUES (239, 'A trick cyclist takes air', 'auto');
INSERT INTO Words ( sentence_id,word_ID ,word,pos)VALUES (239, 1, 'A', 'DT'), (239, 2, 'trick', 'NN'), (239, 3, 'cyclist', 'NN'), (239, 4, 'takes', 'VBZ'), (239, 5, 'air', 'NN');
INSERT INTO triples (sentence_id, predicate_id,relation,arg_start_id,arg_end_id,triple_type)VALUES (239, 4, 'Patient',1, 1, 'auto'), (239, 4, 'Agent',2, 3, 'auto');
INSERT INTO Sentences (sentence_id, sentence, sentence_type)VALUES (240, 'The man is performing a trick off a ramp with a bicycle', 'auto');
INSERT INTO Words ( sentence_id,word_ID ,word,pos)VALUES (240, 1, 'The', 'DT'), (240, 2, 'man', 'NN'), (240, 3, 'is', 'VBZ'), (240, 4, 'performing', 'VBG'), (240, 5, 'a', 'DT'), (240, 6, 'trick', 'NN'), (240, 7, 'off', 'IN'), (240, 8, 'a', 'DT'), (240, 9, 'ramp', 'NN'), (240, 10, 'with', 'IN'), (240, 11, 'a', 'DT'), (240, 12, 'bicycle', 'NN');
INSERT INTO triples (sentence_id, predicate_id,relation,arg_start_id,arg_end_id,triple_type)VALUES (240, 2, 'Location',8, 9, 'auto'), (240, 2, 'Property',10, 10, 'auto'), (240, 4, 'Agent',2, 2, 'auto'), (240, 4, 'Patient',6, 7, 'auto'), (240, 4, 'Location',8, 9, 'auto'), (240, 4, 'Instrument',11, 12, 'auto'), (240, 9, 'Location',10, 12, 'auto'), (240, 12, 'Location',8, 11, 'auto');
INSERT INTO Sentences (sentence_id, sentence, sentence_type)VALUES (241, 'A black and white rally car takes the turn', 'auto');
INSERT INTO Words ( sentence_id,word_ID ,word,pos)VALUES (241, 1, 'A', 'DT'), (241, 2, 'black', 'JJ'), (241, 3, 'and', 'CC'), (241, 4, 'white', 'JJ'), (241, 5, 'rally', 'NN'), (241, 6, 'car', 'NN'), (241, 7, 'takes', 'VBZ'), (241, 8, 'the', 'DT'), (241, 9, 'turn', 'NN');
INSERT INTO triples (sentence_id, predicate_id,relation,arg_start_id,arg_end_id,triple_type)VALUES (241, 6, 'Property',2, 5, 'auto'), (241, 7, 'Agent',5, 6, 'auto'), (241, 7, 'Destination',8, 9, 'auto');
INSERT INTO Sentences (sentence_id, sentence, sentence_type)VALUES (242, 'A global group race car', 'auto');
INSERT INTO Words ( sentence_id,word_ID ,word,pos)VALUES (242, 1, 'A', 'DT'), (242, 2, 'global', 'JJ'), (242, 3, 'group', 'NN'), (242, 4, 'race', 'NN'), (242, 5, 'car', 'NN');
INSERT INTO triples (sentence_id, predicate_id,relation,arg_start_id,arg_end_id,triple_type)VALUES (242, 5, 'Property',1, 4, 'auto');
INSERT INTO Sentences (sentence_id, sentence, sentence_type)VALUES (243, 'The black and white race car is going fast around the track while fans watch nearby', 'auto');
INSERT INTO Words ( sentence_id,word_ID ,word,pos)VALUES (243, 1, 'The', 'DT'), (243, 2, 'black', 'JJ'), (243, 3, 'and', 'CC'), (243, 4, 'white', 'JJ'), (243, 5, 'race', 'NN'), (243, 6, 'car', 'NN'), (243, 7, 'is', 'VBZ'), (243, 8, 'going', 'VBG'), (243, 9, 'fast', 'RB'), (243, 10, 'around', 'IN'), (243, 11, 'the', 'DT'), (243, 12, 'track', 'NN'), (243, 13, 'while', 'IN'), (243, 14, 'fans', 'NNS'), (243, 15, 'watch', 'VBP'), (243, 16, 'nearby', 'RB');
INSERT INTO triples (sentence_id, predicate_id,relation,arg_start_id,arg_end_id,triple_type)VALUES (243, 6, 'Property',2, 5, 'auto'), (243, 8, 'Agent',6, 6, 'auto'), (243, 8, 'Location',10, 12, 'auto'), (243, 8, 'Time',13, 16, 'auto'), (243, 15, 'Agent',14, 14, 'auto');
INSERT INTO Sentences (sentence_id, sentence, sentence_type)VALUES (244, 'The black and white race car is rounding the turn', 'auto');
INSERT INTO Words ( sentence_id,word_ID ,word,pos)VALUES (244, 1, 'The', 'DT'), (244, 2, 'black', 'JJ'), (244, 3, 'and', 'CC'), (244, 4, 'white', 'JJ'), (244, 5, 'race', 'NN'), (244, 6, 'car', 'NN'), (244, 7, 'is', 'VBZ'), (244, 8, 'rounding', 'VBG'), (244, 9, 'the', 'DT'), (244, 10, 'turn', 'NN');
INSERT INTO triples (sentence_id, predicate_id,relation,arg_start_id,arg_end_id,triple_type)VALUES (244, 6, 'Property',1, 5, 'auto'), (244, 8, 'Agent',6, 6, 'auto'), (244, 8, 'Patient',9, 10, 'auto');
INSERT INTO Sentences (sentence_id, sentence, sentence_type)VALUES (245, 'The race car is speeding up the hill', 'auto');
INSERT INTO Words ( sentence_id,word_ID ,word,pos)VALUES (245, 1, 'The', 'DT'), (245, 2, 'race', 'NN'), (245, 3, 'car', 'NN'), (245, 4, 'is', 'VBZ'), (245, 5, 'speeding', 'VBG'), (245, 6, 'up', 'RP'), (245, 7, 'the', 'DT'), (245, 8, 'hill', 'NN');
INSERT INTO triples (sentence_id, predicate_id,relation,arg_start_id,arg_end_id,triple_type)VALUES (245, 3, 'Property',1, 2, 'auto'), (245, 5, 'Agent',3, 3, 'auto'), (245, 5, 'Location',6, 6, 'auto'), (245, 5, 'Patient',7, 7, 'auto'), (245, 8, 'Material',5, 7, 'auto');
INSERT INTO Sentences (sentence_id, sentence, sentence_type)VALUES (246, 'A white car racing in the dirt and water', 'auto');
INSERT INTO Words ( sentence_id,word_ID ,word,pos)VALUES (246, 1, 'A', 'DT'), (246, 2, 'white', 'JJ'), (246, 3, 'car', 'NN'), (246, 4, 'racing', 'VBG'), (246, 5, 'in', 'IN'), (246, 6, 'the', 'DT'), (246, 7, 'dirt', 'NN'), (246, 8, 'and', 'CC'), (246, 9, 'water', 'NN');
INSERT INTO triples (sentence_id, predicate_id,relation,arg_start_id,arg_end_id,triple_type)VALUES (246, 4, 'Agent',3, 3, 'auto'), (246, 4, 'Location',5, 9, 'auto');
INSERT INTO Sentences (sentence_id, sentence, sentence_type)VALUES (247, 'A white race car drives through a puddle', 'auto');
INSERT INTO Words ( sentence_id,word_ID ,word,pos)VALUES (247, 1, 'A', 'DT'), (247, 2, 'white', 'JJ'), (247, 3, 'race', 'NN'), (247, 4, 'car', 'NN'), (247, 5, 'drives', 'VBZ'), (247, 6, 'through', 'IN'), (247, 7, 'a', 'DT'), (247, 8, 'puddle', 'NN');
INSERT INTO triples (sentence_id, predicate_id,relation,arg_start_id,arg_end_id,triple_type)VALUES (247, 4, 'Property',1, 3, 'auto'), (247, 4, 'Location',6, 8, 'auto'), (247, 5, 'Patient',1, 3, 'auto'), (247, 5, 'Agent',4, 4, 'auto'), (247, 5, 'Location',6, 6, 'auto'), (247, 8, 'Location',6, 7, 'auto');
INSERT INTO Sentences (sentence_id, sentence, sentence_type)VALUES (248, 'A white race car makes a splash through a wet track', 'auto');
INSERT INTO Words ( sentence_id,word_ID ,word,pos)VALUES (248, 1, 'A', 'DT'), (248, 2, 'white', 'JJ'), (248, 3, 'race', 'NN'), (248, 4, 'car', 'NN'), (248, 5, 'makes', 'VBZ'), (248, 6, 'a', 'DT'), (248, 7, 'splash', 'NN'), (248, 8, 'through', 'IN'), (248, 9, 'a', 'DT'), (248, 10, 'wet', 'JJ'), (248, 11, 'track', 'NN');
INSERT INTO triples (sentence_id, predicate_id,relation,arg_start_id,arg_end_id,triple_type)VALUES (248, 5, 'Agent',4, 4, 'auto'), (248, 5, 'Patient',6, 7, 'auto'), (248, 5, 'Instrument',8, 11, 'auto');
INSERT INTO Sentences (sentence_id, sentence, sentence_type)VALUES (249, 'A white race car splashes through a puddle on a dirt road', 'auto');
INSERT INTO Words ( sentence_id,word_ID ,word,pos)VALUES (249, 1, 'A', 'DT'), (249, 2, 'white', 'JJ'), (249, 3, 'race', 'NN'), (249, 4, 'car', 'NN'), (249, 5, 'splashes', 'VBZ'), (249, 6, 'through', 'IN'), (249, 7, 'a', 'DT'), (249, 8, 'puddle', 'NN'), (249, 9, 'on', 'IN'), (249, 10, 'a', 'DT'), (249, 11, 'dirt', 'NN'), (249, 12, 'road', 'NN');
INSERT INTO triples (sentence_id, predicate_id,relation,arg_start_id,arg_end_id,triple_type)VALUES (249, 4, 'Property',1, 3, 'auto'), (249, 4, 'Location',6, 12, 'auto'), (249, 5, 'Agent',3, 4, 'auto'), (249, 5, 'Location',9, 10, 'auto'), (249, 5, 'Patient',12, 12, 'auto'), (249, 8, 'Location',9, 12, 'auto');
INSERT INTO Sentences (sentence_id, sentence, sentence_type)VALUES (250, 'A white rally car is throwing mud into the air as it approaches a bend in the track', 'auto');
INSERT INTO Words ( sentence_id,word_ID ,word,pos)VALUES (250, 1, 'A', 'DT'), (250, 2, 'white', 'JJ'), (250, 3, 'rally', 'NN'), (250, 4, 'car', 'NN'), (250, 5, 'is', 'VBZ'), (250, 6, 'throwing', 'VBG'), (250, 7, 'mud', 'NN'), (250, 8, 'into', 'IN'), (250, 9, 'the', 'DT'), (250, 10, 'air', 'NN'), (250, 11, 'as', 'IN'), (250, 12, 'it', 'PRP'), (250, 13, 'approaches', 'VBZ'), (250, 14, 'a', 'DT'), (250, 15, 'bend', 'NN'), (250, 16, 'in', 'IN'), (250, 17, 'the', 'DT'), (250, 18, 'track', 'NN');
INSERT INTO triples (sentence_id, predicate_id,relation,arg_start_id,arg_end_id,triple_type)VALUES (250, 6, 'Agent',4, 4, 'auto'), (250, 6, 'Patient',7, 7, 'auto'), (250, 6, 'Destination',8, 10, 'auto'), (250, 13, 'Agent',12, 12, 'auto'), (250, 13, 'Patient',14, 15, 'auto'), (250, 13, 'Location',16, 18, 'auto'), (250, 15, 'Location',16, 18, 'auto');
INSERT INTO Sentences (sentence_id, sentence, sentence_type)VALUES (251, 'A race car drives through a dirt-covered racetrack', 'auto');
INSERT INTO Words ( sentence_id,word_ID ,word,pos)VALUES (251, 1, 'A', 'DT'), (251, 2, 'race', 'NN'), (251, 3, 'car', 'NN'), (251, 4, 'drives', 'VBZ'), (251, 5, 'through', 'IN'), (251, 6, 'a', 'DT'), (251, 7, 'dirt-covered', 'JJ'), (251, 8, 'racetrack', 'NN');
INSERT INTO triples (sentence_id, predicate_id,relation,arg_start_id,arg_end_id,triple_type)VALUES (251, 3, 'Property',1, 2, 'auto'), (251, 3, 'Location',5, 5, 'auto'), (251, 4, 'Agent',2, 3, 'auto'), (251, 4, 'Location',5, 5, 'auto'), (251, 4, 'Patient',6, 7, 'auto'), (251, 4, 'Destination',8, 8, 'auto');
INSERT INTO Sentences (sentence_id, sentence, sentence_type)VALUES (252, 'A red car emitting smoke while on a paved track', 'auto');
INSERT INTO Words ( sentence_id,word_ID ,word,pos)VALUES (252, 1, 'A', 'DT'), (252, 2, 'red', 'JJ'), (252, 3, 'car', 'NN'), (252, 4, 'emitting', 'VBG'), (252, 5, 'smoke', 'NN'), (252, 6, 'while', 'IN'), (252, 7, 'on', 'IN'), (252, 8, 'a', 'DT'), (252, 9, 'paved', 'JJ'), (252, 10, 'track', 'NN');
INSERT INTO triples (sentence_id, predicate_id,relation,arg_start_id,arg_end_id,triple_type)VALUES (252, 4, 'Agent',3, 3, 'auto'), (252, 4, 'Patient',5, 5, 'auto'), (252, 4, 'Location',7, 10, 'auto');
INSERT INTO Sentences (sentence_id, sentence, sentence_type)VALUES (253, 'A red race car pulls off the track smoking', 'auto');
INSERT INTO Words ( sentence_id,word_ID ,word,pos)VALUES (253, 1, 'A', 'DT'), (253, 2, 'red', 'JJ'), (253, 3, 'race', 'NN'), (253, 4, 'car', 'NN'), (253, 5, 'pulls', 'VBZ'), (253, 6, 'off', 'RP'), (253, 7, 'the', 'DT'), (253, 8, 'track', 'NN'), (253, 9, 'smoking', 'NN');
INSERT INTO triples (sentence_id, predicate_id,relation,arg_start_id,arg_end_id,triple_type)VALUES (253, 4, 'Property',1, 3, 'auto'), (253, 5, 'Agent',4, 4, 'auto'), (253, 5, 'Source',6, 8, 'auto');
INSERT INTO Sentences (sentence_id, sentence, sentence_type)VALUES (254, 'A red race car travels down a road marked with red and white striped ribbons', 'auto');
INSERT INTO Words ( sentence_id,word_ID ,word,pos)VALUES (254, 1, 'A', 'DT'), (254, 2, 'red', 'JJ'), (254, 3, 'race', 'NN'), (254, 4, 'car', 'NN'), (254, 5, 'travels', 'VBZ'), (254, 6, 'down', 'RP'), (254, 7, 'a', 'DT'), (254, 8, 'road', 'NN'), (254, 9, 'marked', 'VBN'), (254, 10, 'with', 'IN'), (254, 11, 'red', 'JJ'), (254, 12, 'and', 'CC'), (254, 13, 'white', 'JJ'), (254, 14, 'striped', 'JJ'), (254, 15, 'ribbons', 'NNS');
INSERT INTO triples (sentence_id, predicate_id,relation,arg_start_id,arg_end_id,triple_type)VALUES (254, 5, 'Agent',4, 4, 'auto'), (254, 5, 'Destination',6, 8, 'auto'), (254, 9, 'Patient',8, 8, 'auto'), (254, 9, 'Instrument',10, 14, 'auto');
INSERT INTO Sentences (sentence_id, sentence, sentence_type)VALUES (255, 'A red rally car taking a slippery turn in a race', 'auto');
INSERT INTO Words ( sentence_id,word_ID ,word,pos)VALUES (255, 1, 'A', 'DT'), (255, 2, 'red', 'JJ'), (255, 3, 'rally', 'NN'), (255, 4, 'car', 'NN'), (255, 5, 'taking', 'VBG'), (255, 6, 'a', 'DT'), (255, 7, 'slippery', 'JJ'), (255, 8, 'turn', 'NN'), (255, 9, 'in', 'IN'), (255, 10, 'a', 'DT'), (255, 11, 'race', 'NN');
INSERT INTO triples (sentence_id, predicate_id,relation,arg_start_id,arg_end_id,triple_type)VALUES (255, 4, 'Property',1, 3, 'auto'), (255, 4, 'Location',9, 11, 'auto'), (255, 5, 'Patient',1, 1, 'auto'), (255, 5, 'Agent',2, 4, 'auto'), (255, 5, 'Location',9, 9, 'auto');
INSERT INTO Sentences (sentence_id, sentence, sentence_type)VALUES (256, 'A yellow car is driving away from the water', 'auto');
INSERT INTO Words ( sentence_id,word_ID ,word,pos)VALUES (256, 1, 'A', 'DT'), (256, 2, 'yellow', 'JJ'), (256, 3, 'car', 'NN'), (256, 4, 'is', 'VBZ'), (256, 5, 'driving', 'VBG'), (256, 6, 'away', 'RB'), (256, 7, 'from', 'IN'), (256, 8, 'the', 'DT'), (256, 9, 'water', 'NN');
INSERT INTO triples (sentence_id, predicate_id,relation,arg_start_id,arg_end_id,triple_type)VALUES (256, 3, 'Property',1, 2, 'auto'), (256, 3, 'Location',7, 9, 'auto'), (256, 5, 'Agent',3, 3, 'auto'), (256, 5, 'Location',7, 9, 'auto');
INSERT INTO Sentences (sentence_id, sentence, sentence_type)VALUES (257, 'A yellow race car is driving on a track in front of a group of people', 'auto');
INSERT INTO Words ( sentence_id,word_ID ,word,pos)VALUES (257, 1, 'A', 'DT'), (257, 2, 'yellow', 'JJ'), (257, 3, 'race', 'NN'), (257, 4, 'car', 'NN'), (257, 5, 'is', 'VBZ'), (257, 6, 'driving', 'VBG'), (257, 7, 'on', 'IN'), (257, 8, 'a', 'DT'), (257, 9, 'track', 'NN'), (257, 10, 'in', 'IN'), (257, 11, 'front', 'NN'), (257, 12, 'of', 'IN'), (257, 13, 'a', 'DT'), (257, 14, 'group', 'NN'), (257, 15, 'of', 'IN'), (257, 16, 'people', 'NNS');
INSERT INTO triples (sentence_id, predicate_id,relation,arg_start_id,arg_end_id,triple_type)VALUES (257, 4, 'Property',1, 3, 'auto'), (257, 4, 'Location',7, 10, 'auto'), (257, 6, 'Agent',4, 4, 'auto'), (257, 6, 'Patient',5, 5, 'auto'), (257, 6, 'Location',7, 10, 'auto'), (257, 16, 'Location',3, 15, 'auto');
INSERT INTO Sentences (sentence_id, sentence, sentence_type)VALUES (258, 'A yellow race car is driving through water on the race course', 'auto');
INSERT INTO Words ( sentence_id,word_ID ,word,pos)VALUES (258, 1, 'A', 'DT'), (258, 2, 'yellow', 'JJ'), (258, 3, 'race', 'NN'), (258, 4, 'car', 'NN'), (258, 5, 'is', 'VBZ'), (258, 6, 'driving', 'VBG'), (258, 7, 'through', 'IN'), (258, 8, 'water', 'NN'), (258, 9, 'on', 'IN'), (258, 10, 'the', 'DT'), (258, 11, 'race', 'NN'), (258, 12, 'course', 'NN');
INSERT INTO triples (sentence_id, predicate_id,relation,arg_start_id,arg_end_id,triple_type)VALUES (258, 4, 'Property',1, 3, 'auto'), (258, 4, 'Location',9, 9, 'auto'), (258, 6, 'Agent',4, 4, 'auto'), (258, 6, 'Destination',8, 8, 'auto'), (258, 6, 'Location',9, 9, 'auto'), (258, 6, 'Patient',12, 12, 'auto'), (258, 8, 'Location',9, 12, 'auto');
INSERT INTO Sentences (sentence_id, sentence, sentence_type)VALUES (259, 'A yellow race car sliding through a corner as spectators watch', 'auto');
INSERT INTO Words ( sentence_id,word_ID ,word,pos)VALUES (259, 1, 'A', 'DT'), (259, 2, 'yellow', 'JJ'), (259, 3, 'race', 'NN'), (259, 4, 'car', 'NN'), (259, 5, 'sliding', 'VBG'), (259, 6, 'through', 'IN'), (259, 7, 'a', 'DT'), (259, 8, 'corner', 'NN'), (259, 9, 'as', 'IN'), (259, 10, 'spectators', 'NNS'), (259, 11, 'watch', 'VBP');
INSERT INTO triples (sentence_id, predicate_id,relation,arg_start_id,arg_end_id,triple_type)VALUES (259, 5, 'Agent',2, 4, 'auto'), (259, 5, 'Destination',6, 8, 'auto'), (259, 11, 'Agent',10, 10, 'auto');
INSERT INTO Sentences (sentence_id, sentence, sentence_type)VALUES (260, 'A yellow race race car in a curve , with smoke behind it', 'auto');
INSERT INTO Words ( sentence_id,word_ID ,word,pos)VALUES (260, 1, 'A', 'DT'), (260, 2, 'yellow', 'JJ'), (260, 3, 'race', 'NN'), (260, 4, 'race', 'NN'), (260, 5, 'car', 'NN'), (260, 6, 'in', 'IN'), (260, 7, 'a', 'DT'), (260, 8, 'curve', 'NN'), (260, 9, ',', ','), (260, 10, 'with', 'IN'), (260, 11, 'smoke', 'NN'), (260, 12, 'behind', 'IN'), (260, 13, 'it', 'PRP');
INSERT INTO triples (sentence_id, predicate_id,relation,arg_start_id,arg_end_id,triple_type)VALUES (260, 5, 'Property',2, 4, 'auto'), (260, 5, 'Location',6, 8, 'auto'), (260, 11, 'Location',12, 13, 'auto');
INSERT INTO Sentences (sentence_id, sentence, sentence_type)VALUES (261, 'A darked skinned male is standing on one palm in front of a yellow building', 'auto');
INSERT INTO Words ( sentence_id,word_ID ,word,pos)VALUES (261, 1, 'A', 'DT'), (261, 2, 'darked', 'JJ'), (261, 3, 'skinned', 'JJ'), (261, 4, 'male', 'NN'), (261, 5, 'is', 'VBZ'), (261, 6, 'standing', 'VBG'), (261, 7, 'on', 'IN'), (261, 8, 'one', 'CD'), (261, 9, 'palm', 'NN'), (261, 10, 'in', 'IN'), (261, 11, 'front', 'NN'), (261, 12, 'of', 'IN'), (261, 13, 'a', 'DT'), (261, 14, 'yellow', 'JJ'), (261, 15, 'building', 'NN');
INSERT INTO triples (sentence_id, predicate_id,relation,arg_start_id,arg_end_id,triple_type)VALUES (261, 6, 'Agent',4, 4, 'auto'), (261, 6, 'Location',7, 7, 'auto'), (261, 6, 'Instrument',9, 9, 'auto'), (261, 6, 'Patient',11, 15, 'auto'), (261, 8, 'Location',9, 15, 'auto'), (261, 15, 'Location',10, 14, 'auto');
INSERT INTO Sentences (sentence_id, sentence, sentence_type)VALUES (262, 'a man break dances', 'auto');
INSERT INTO Words ( sentence_id,word_ID ,word,pos)VALUES (262, 1, 'a', 'DT'), (262, 2, 'man', 'NN'), (262, 3, 'break', 'NN'), (262, 4, 'dances', 'VBZ');
INSERT INTO triples (sentence_id, predicate_id,relation,arg_start_id,arg_end_id,triple_type)VALUES (262, 2, 'Property',1, 1, 'auto'), (262, 2, 'Location',3, 3, 'auto'), (262, 4, 'Patient',1, 1, 'auto'), (262, 4, 'Agent',2, 3, 'auto');
INSERT INTO Sentences (sentence_id, sentence, sentence_type)VALUES (263, 'A man holding himself with one arm in front of a store', 'auto');
INSERT INTO Words ( sentence_id,word_ID ,word,pos)VALUES (263, 1, 'A', 'DT'), (263, 2, 'man', 'NN'), (263, 3, 'holding', 'VBG'), (263, 4, 'himself', 'PRP'), (263, 5, 'with', 'IN'), (263, 6, 'one', 'CD'), (263, 7, 'arm', 'NN'), (263, 8, 'in', 'IN'), (263, 9, 'front', 'NN'), (263, 10, 'of', 'IN'), (263, 11, 'a', 'DT'), (263, 12, 'store', 'NN');
INSERT INTO triples (sentence_id, predicate_id,relation,arg_start_id,arg_end_id,triple_type)VALUES (263, 3, 'Agent',2, 2, 'auto'), (263, 3, 'Patient',4, 4, 'auto'), (263, 3, 'Instrument',5, 7, 'auto'), (263, 3, 'Location',8, 12, 'auto');
INSERT INTO Sentences (sentence_id, sentence, sentence_type)VALUES (264, 'A young man jumps on a table', 'auto');
INSERT INTO Words ( sentence_id,word_ID ,word,pos)VALUES (264, 1, 'A', 'DT'), (264, 2, 'young', 'JJ'), (264, 3, 'man', 'NN'), (264, 4, 'jumps', 'VBZ'), (264, 5, 'on', 'IN'), (264, 6, 'a', 'DT'), (264, 7, 'table', 'NN');
INSERT INTO triples (sentence_id, predicate_id,relation,arg_start_id,arg_end_id,triple_type)VALUES (264, 3, 'Property',1, 2, 'auto'), (264, 3, 'Location',5, 7, 'auto'), (264, 4, 'Agent',2, 3, 'auto'), (264, 4, 'Location',5, 5, 'auto'), (264, 4, 'Patient',6, 6, 'auto');
INSERT INTO Sentences (sentence_id, sentence, sentence_type)VALUES (265, 'This black man appears to be break dancing on the pavement', 'auto');
INSERT INTO Words ( sentence_id,word_ID ,word,pos)VALUES (265, 1, 'This', 'DT'), (265, 2, 'black', 'JJ'), (265, 3, 'man', 'NN'), (265, 4, 'appears', 'VBZ'), (265, 5, 'to', 'TO'), (265, 6, 'be', 'VB'), (265, 7, 'break', 'NN'), (265, 8, 'dancing', 'VBG'), (265, 9, 'on', 'IN'), (265, 10, 'the', 'DT'), (265, 11, 'pavement', 'NN');
INSERT INTO triples (sentence_id, predicate_id,relation,arg_start_id,arg_end_id,triple_type)VALUES (265, 3, 'Property',1, 2, 'auto'), (265, 3, 'Location',10, 11, 'auto'), (265, 4, 'Patient',5, 8, 'auto'), (265, 4, 'Location',9, 9, 'auto'), (265, 8, 'Agent',3, 3, 'auto'), (265, 8, 'Patient',4, 7, 'auto'), (265, 8, 'Location',9, 9, 'auto');
INSERT INTO Sentences (sentence_id, sentence, sentence_type)VALUES (266, 'Basketball player has fallen on the court while another grabs at the ball from out of frame', 'auto');
INSERT INTO Words ( sentence_id,word_ID ,word,pos)VALUES (266, 1, 'Basketball', 'NN'), (266, 2, 'player', 'NN'), (266, 3, 'has', 'VBZ'), (266, 4, 'fallen', 'VBN'), (266, 5, 'on', 'IN'), (266, 6, 'the', 'DT'), (266, 7, 'court', 'NN'), (266, 8, 'while', 'IN'), (266, 9, 'another', 'DT'), (266, 10, 'grabs', 'VBZ'), (266, 11, 'at', 'IN'), (266, 12, 'the', 'DT'), (266, 13, 'ball', 'NN'), (266, 14, 'from', 'IN'), (266, 15, 'out', 'IN'), (266, 16, 'of', 'IN'), (266, 17, 'frame', 'NN');
INSERT INTO triples (sentence_id, predicate_id,relation,arg_start_id,arg_end_id,triple_type)VALUES (266, 4, 'Agent',1, 2, 'auto'), (266, 4, 'Destination',5, 7, 'auto'), (266, 10, 'Agent',9, 9, 'auto'), (266, 10, 'Destination',11, 13, 'auto'), (266, 10, 'Source',14, 17, 'auto');
INSERT INTO Sentences (sentence_id, sentence, sentence_type)VALUES (267, 'Two basketball players are scrambling for the ball on the court', 'auto');
INSERT INTO Words ( sentence_id,word_ID ,word,pos)VALUES (267, 1, 'Two', 'CD'), (267, 2, 'basketball', 'NN'), (267, 3, 'players', 'NNS'), (267, 4, 'are', 'VBP'), (267, 5, 'scrambling', 'VBG'), (267, 6, 'for', 'IN'), (267, 7, 'the', 'DT'), (267, 8, 'ball', 'NN'), (267, 9, 'on', 'IN'), (267, 10, 'the', 'DT'), (267, 11, 'court', 'NN');
INSERT INTO triples (sentence_id, predicate_id,relation,arg_start_id,arg_end_id,triple_type)VALUES (267, 5, 'Agent',2, 3, 'auto'), (267, 5, 'Patient',4, 4, 'auto'), (267, 5, 'Location',9, 10, 'auto');
INSERT INTO Sentences (sentence_id, sentence, sentence_type)VALUES (268, 'Two basketball players , one on the floor , struggle to gain possession of a basketball', 'auto');
INSERT INTO Words ( sentence_id,word_ID ,word,pos)VALUES (268, 1, 'Two', 'CD'), (268, 2, 'basketball', 'NN'), (268, 3, 'players', 'NNS'), (268, 4, ',', ','), (268, 5, 'one', 'CD'), (268, 6, 'on', 'IN'), (268, 7, 'the', 'DT'), (268, 8, 'floor', 'NN'), (268, 9, ',', ','), (268, 10, 'struggle', 'VBP'), (268, 11, 'to', 'TO'), (268, 12, 'gain', 'VB'), (268, 13, 'possession', 'NN'), (268, 14, 'of', 'IN'), (268, 15, 'a', 'DT'), (268, 16, 'basketball', 'NN');
INSERT INTO triples (sentence_id, predicate_id,relation,arg_start_id,arg_end_id,triple_type)VALUES (268, 5, 'Location',6, 8, 'auto'), (268, 10, 'Agent',3, 3, 'auto'), (268, 12, 'Agent',3, 3, 'auto'), (268, 12, 'Attribute',13, 13, 'auto'), (268, 12, 'Patient',15, 16, 'auto');
INSERT INTO Sentences (sentence_id, sentence, sentence_type)VALUES (269, 'Two high school basketball players reach to grab the ball , one falling to the floor', 'auto');
INSERT INTO Words ( sentence_id,word_ID ,word,pos)VALUES (269, 1, 'Two', 'CD'), (269, 2, 'high', 'JJ'), (269, 3, 'school', 'NN'), (269, 4, 'basketball', 'NN'), (269, 5, 'players', 'NNS'), (269, 6, 'reach', 'VBP'), (269, 7, 'to', 'TO'), (269, 8, 'grab', 'VB'), (269, 9, 'the', 'DT'), (269, 10, 'ball', 'NN'), (269, 11, ',', ','), (269, 12, 'one', 'CD'), (269, 13, 'falling', 'VBG'), (269, 14, 'to', 'TO'), (269, 15, 'the', 'DT'), (269, 16, 'floor', 'NN');
INSERT INTO triples (sentence_id, predicate_id,relation,arg_start_id,arg_end_id,triple_type)VALUES (269, 6, 'Agent',3, 5, 'auto'), (269, 6, 'Beneficiary',7, 8, 'auto'), (269, 8, 'Agent',3, 5, 'auto'), (269, 8, 'Patient',9, 10, 'auto'), (269, 13, 'Agent',12, 12, 'auto'), (269, 13, 'Destination',14, 16, 'auto');
INSERT INTO Sentences (sentence_id, sentence, sentence_type)VALUES (270, 'Two men in uniforms playing basketball , struggle for the ball', 'auto');
INSERT INTO Words ( sentence_id,word_ID ,word,pos)VALUES (270, 1, 'Two', 'CD'), (270, 2, 'men', 'NNS'), (270, 3, 'in', 'IN'), (270, 4, 'uniforms', 'NNS'), (270, 5, 'playing', 'VBG'), (270, 6, 'basketball', 'NN'), (270, 7, ',', ','), (270, 8, 'struggle', 'VBP'), (270, 9, 'for', 'IN'), (270, 10, 'the', 'DT'), (270, 11, 'ball', 'NN');
INSERT INTO triples (sentence_id, predicate_id,relation,arg_start_id,arg_end_id,triple_type)VALUES (270, 2, 'Location',11, 11, 'auto'), (270, 5, 'Agent',2, 2, 'auto'), (270, 5, 'Patient',6, 6, 'auto'), (270, 5, 'Beneficiary',7, 8, 'auto'), (270, 5, 'Location',9, 11, 'auto'), (270, 8, 'Agent',2, 2, 'auto'), (270, 8, 'Patient',9, 11, 'auto');
INSERT INTO Sentences (sentence_id, sentence, sentence_type)VALUES (271, 'a lone blue and white race car about to cross the finish line', 'auto');
INSERT INTO Words ( sentence_id,word_ID ,word,pos)VALUES (271, 1, 'a', 'DT'), (271, 2, 'lone', 'JJ'), (271, 3, 'blue', 'JJ'), (271, 4, 'and', 'CC'), (271, 5, 'white', 'JJ'), (271, 6, 'race', 'NN'), (271, 7, 'car', 'NN'), (271, 8, 'about', 'IN'), (271, 9, 'to', 'TO'), (271, 10, 'cross', 'VB'), (271, 11, 'the', 'DT'), (271, 12, 'finish', 'NN'), (271, 13, 'line', 'NN');
INSERT INTO triples (sentence_id, predicate_id,relation,arg_start_id,arg_end_id,triple_type)VALUES (271, 7, 'Property',1, 6, 'auto'), (271, 10, 'Patient',1, 3, 'auto'), (271, 10, 'Recipient',4, 6, 'auto'), (271, 10, 'Agent',7, 7, 'auto'), (271, 10, 'Destination',9, 9, 'auto');
INSERT INTO Sentences (sentence_id, sentence, sentence_type)VALUES (272, 'A race car is observed by the crowd', 'auto');
INSERT INTO Words ( sentence_id,word_ID ,word,pos)VALUES (272, 1, 'A', 'DT'), (272, 2, 'race', 'NN'), (272, 3, 'car', 'NN'), (272, 4, 'is', 'VBZ'), (272, 5, 'observed', 'VBN'), (272, 6, 'by', 'IN'), (272, 7, 'the', 'DT'), (272, 8, 'crowd', 'NN');
INSERT INTO triples (sentence_id, predicate_id,relation,arg_start_id,arg_end_id,triple_type)VALUES (272, 3, 'Property',1, 2, 'auto'), (272, 3, 'Location',8, 8, 'auto'), (272, 5, 'Patient',1, 1, 'auto'), (272, 5, 'Recipient',2, 3, 'auto'), (272, 5, 'Location',8, 8, 'auto');
INSERT INTO Sentences (sentence_id, sentence, sentence_type)VALUES (273, 'A white and blue car is on the street', 'auto');
INSERT INTO Words ( sentence_id,word_ID ,word,pos)VALUES (273, 1, 'A', 'DT'), (273, 2, 'white', 'JJ'), (273, 3, 'and', 'CC'), (273, 4, 'blue', 'JJ'), (273, 5, 'car', 'NN'), (273, 6, 'is', 'VBZ'), (273, 7, 'on', 'IN'), (273, 8, 'the', 'DT'), (273, 9, 'street', 'NN');
INSERT INTO triples (sentence_id, predicate_id,relation,arg_start_id,arg_end_id,triple_type)VALUES (273, 6, 'Patient',5, 5, 'auto'), (273, 6, 'Location',7, 9, 'auto');
INSERT INTO Sentences (sentence_id, sentence, sentence_type)VALUES (274, 'Spectators watching white and blue race car passing by', 'auto');
INSERT INTO Words ( sentence_id,word_ID ,word,pos)VALUES (274, 1, 'Spectators', 'NNS'), (274, 2, 'watching', 'VBG'), (274, 3, 'white', 'JJ'), (274, 4, 'and', 'CC'), (274, 5, 'blue', 'JJ'), (274, 6, 'race', 'NN'), (274, 7, 'car', 'NN'), (274, 8, 'passing', 'VBG'), (274, 9, 'by', 'IN');
INSERT INTO triples (sentence_id, predicate_id,relation,arg_start_id,arg_end_id,triple_type)VALUES (274, 2, 'Agent',1, 1, 'auto'), (274, 2, 'Patient',3, 6, 'auto'), (274, 7, 'Property',1, 6, 'auto'), (274, 7, 'Location',8, 8, 'auto'), (274, 8, 'Recipient',4, 6, 'auto'), (274, 8, 'Agent',7, 7, 'auto'), (274, 8, 'Patient',9, 9, 'auto');
INSERT INTO Sentences (sentence_id, sentence, sentence_type)VALUES (275, 'The blue and white car is in the road , with onlookers nearby', 'auto');
INSERT INTO Words ( sentence_id,word_ID ,word,pos)VALUES (275, 1, 'The', 'DT'), (275, 2, 'blue', 'JJ'), (275, 3, 'and', 'CC'), (275, 4, 'white', 'JJ'), (275, 5, 'car', 'NN'), (275, 6, 'is', 'VBZ'), (275, 7, 'in', 'IN'), (275, 8, 'the', 'DT'), (275, 9, 'road', 'NN'), (275, 10, ',', ','), (275, 11, 'with', 'IN'), (275, 12, 'onlookers', 'NNS'), (275, 13, 'nearby', 'RB');
INSERT INTO triples (sentence_id, predicate_id,relation,arg_start_id,arg_end_id,triple_type)VALUES (275, 5, 'Property',1, 4, 'auto'), (275, 5, 'Location',7, 8, 'auto'), (275, 6, 'Patient',1, 5, 'auto'), (275, 6, 'Location',7, 8, 'auto');
INSERT INTO Sentences (sentence_id, sentence, sentence_type)VALUES (276, 'A race car blows smoke while it drives', 'auto');
INSERT INTO Words ( sentence_id,word_ID ,word,pos)VALUES (276, 1, 'A', 'DT'), (276, 2, 'race', 'NN'), (276, 3, 'car', 'NN'), (276, 4, 'blows', 'VBZ'), (276, 5, 'smoke', 'VBP'), (276, 6, 'while', 'IN'), (276, 7, 'it', 'PRP'), (276, 8, 'drives', 'VBZ');
INSERT INTO triples (sentence_id, predicate_id,relation,arg_start_id,arg_end_id,triple_type)VALUES (276, 4, 'Agent',2, 3, 'auto'), (276, 4, 'Patient',5, 5, 'auto'), (276, 8, 'Agent',7, 7, 'auto');
INSERT INTO Sentences (sentence_id, sentence, sentence_type)VALUES (277, 'A race car drives on a track while several people watch from behind rope', 'auto');
INSERT INTO Words ( sentence_id,word_ID ,word,pos)VALUES (277, 1, 'A', 'DT'), (277, 2, 'race', 'NN'), (277, 3, 'car', 'NN'), (277, 4, 'drives', 'NNS'), (277, 5, 'on', 'IN'), (277, 6, 'a', 'DT'), (277, 7, 'track', 'NN'), (277, 8, 'while', 'IN'), (277, 9, 'several', 'JJ'), (277, 10, 'people', 'NNS'), (277, 11, 'watch', 'VBP'), (277, 12, 'from', 'IN'), (277, 13, 'behind', 'IN'), (277, 14, 'rope', 'NN');
INSERT INTO triples (sentence_id, predicate_id,relation,arg_start_id,arg_end_id,triple_type)VALUES (277, 3, 'Property',1, 2, 'auto'), (277, 3, 'Location',5, 7, 'auto'), (277, 10, 'Location',5, 8, 'auto'), (277, 10, 'Property',9, 9, 'auto'), (277, 11, 'Patient',1, 3, 'auto'), (277, 11, 'Agent',4, 4, 'auto'), (277, 11, 'Location',5, 5, 'auto'), (277, 14, 'Location',5, 7, 'auto');
INSERT INTO Sentences (sentence_id, sentence, sentence_type)VALUES (278, 'A race car screeches through a turn as spectators watch', 'auto');
INSERT INTO Words ( sentence_id,word_ID ,word,pos)VALUES (278, 1, 'A', 'DT'), (278, 2, 'race', 'NN'), (278, 3, 'car', 'NN'), (278, 4, 'screeches', 'VBZ'), (278, 5, 'through', 'IN'), (278, 6, 'a', 'DT'), (278, 7, 'turn', 'NN'), (278, 8, 'as', 'IN'), (278, 9, 'spectators', 'NNS'), (278, 10, 'watch', 'VBP');
INSERT INTO triples (sentence_id, predicate_id,relation,arg_start_id,arg_end_id,triple_type)VALUES (278, 4, 'Agent',2, 3, 'auto'), (278, 4, 'Location',5, 7, 'auto'), (278, 10, 'Agent',9, 9, 'auto');
INSERT INTO Sentences (sentence_id, sentence, sentence_type)VALUES (279, 'A sponsored race car is spinning its tires on a track while being watched by spectators', 'auto');
INSERT INTO Words ( sentence_id,word_ID ,word,pos)VALUES (279, 1, 'A', 'DT'), (279, 2, 'sponsored', 'VBN'), (279, 3, 'race', 'NN'), (279, 4, 'car', 'NN'), (279, 5, 'is', 'VBZ'), (279, 6, 'spinning', 'VBG'), (279, 7, 'its', 'PRP$'), (279, 8, 'tires', 'NNS'), (279, 9, 'on', 'IN'), (279, 10, 'a', 'DT'), (279, 11, 'track', 'NN'), (279, 12, 'while', 'IN'), (279, 13, 'being', 'VBG'), (279, 14, 'watched', 'VBN'), (279, 15, 'by', 'IN'), (279, 16, 'spectators', 'NNS');
INSERT INTO triples (sentence_id, predicate_id,relation,arg_start_id,arg_end_id,triple_type)VALUES (279, 2, 'Agent',4, 4, 'auto'), (279, 2, 'Beneficiary',10, 11, 'auto'), (279, 4, 'Property',1, 3, 'auto'), (279, 4, 'Location',9, 11, 'auto'), (279, 6, 'Agent',4, 4, 'auto'), (279, 6, 'Patient',7, 7, 'auto'), (279, 6, 'Location',9, 11, 'auto'), (279, 6, 'Material',16, 16, 'auto'), (279, 14, 'Patient',1, 8, 'auto'), (279, 14, 'Location',9, 11, 'auto');
INSERT INTO Sentences (sentence_id, sentence, sentence_type)VALUES (280, 'Onlookers watch a white stock car that has smoke coming out of the back', 'auto');
INSERT INTO Words ( sentence_id,word_ID ,word,pos)VALUES (280, 1, 'Onlookers', 'NNS'), (280, 2, 'watch', 'VBP'), (280, 3, 'a', 'DT'), (280, 4, 'white', 'JJ'), (280, 5, 'stock', 'NN'), (280, 6, 'car', 'NN'), (280, 7, 'that', 'WDT'), (280, 8, 'has', 'VBZ'), (280, 9, 'smoke', 'NN'), (280, 10, 'coming', 'VBG'), (280, 11, 'out', 'IN'), (280, 12, 'of', 'IN'), (280, 13, 'the', 'DT'), (280, 14, 'back', 'NN');
INSERT INTO triples (sentence_id, predicate_id,relation,arg_start_id,arg_end_id,triple_type)VALUES (280, 2, 'Agent',1, 1, 'auto'), (280, 2, 'Patient',3, 6, 'auto'), (280, 8, 'Agent',7, 7, 'auto'), (280, 8, 'Patient',9, 9, 'auto'), (280, 10, 'Agent',9, 9, 'auto'), (280, 10, 'Source',11, 14, 'auto');
INSERT INTO Sentences (sentence_id, sentence, sentence_type)VALUES (281, 'A male topless rock climber is climbing a rock face whilst attached to a safety harness', 'auto');
INSERT INTO Words ( sentence_id,word_ID ,word,pos)VALUES (281, 1, 'A', 'DT'), (281, 2, 'male', 'JJ'), (281, 3, 'topless', 'JJ'), (281, 4, 'rock', 'NN'), (281, 5, 'climber', 'NN'), (281, 6, 'is', 'VBZ'), (281, 7, 'climbing', 'VBG'), (281, 8, 'a', 'DT'), (281, 9, 'rock', 'NN'), (281, 10, 'face', 'NN'), (281, 11, 'whilst', 'IN'), (281, 12, 'attached', 'VBN'), (281, 13, 'to', 'TO'), (281, 14, 'a', 'DT'), (281, 15, 'safety', 'NN'), (281, 16, 'harness', 'NN');
INSERT INTO triples (sentence_id, predicate_id,relation,arg_start_id,arg_end_id,triple_type)VALUES (281, 5, 'Property',1, 4, 'auto'), (281, 7, 'Agent',5, 5, 'auto'), (281, 7, 'Patient',11, 16, 'auto'), (281, 12, 'Patient',1, 4, 'auto'), (281, 12, 'Agent',5, 5, 'auto'), (281, 12, 'Destination',13, 13, 'auto'), (281, 12, 'Instrument',14, 16, 'auto');
INSERT INTO Sentences (sentence_id, sentence, sentence_type)VALUES (282, 'A man without a shirt climbs a rock wall with help from a red rope', 'auto');
INSERT INTO Words ( sentence_id,word_ID ,word,pos)VALUES (282, 1, 'A', 'DT'), (282, 2, 'man', 'NN'), (282, 3, 'without', 'IN'), (282, 4, 'a', 'DT'), (282, 5, 'shirt', 'NN'), (282, 6, 'climbs', 'VBZ'), (282, 7, 'a', 'DT'), (282, 8, 'rock', 'NN'), (282, 9, 'wall', 'NN'), (282, 10, 'with', 'IN'), (282, 11, 'help', 'NN'), (282, 12, 'from', 'IN'), (282, 13, 'a', 'DT'), (282, 14, 'red', 'JJ'), (282, 15, 'rope', 'NN');
INSERT INTO triples (sentence_id, predicate_id,relation,arg_start_id,arg_end_id,triple_type)VALUES (282, 2, 'Property',3, 15, 'auto'), (282, 6, 'Agent',2, 2, 'auto'), (282, 6, 'Patient',7, 15, 'auto'), (282, 9, 'Property',1, 8, 'auto'), (282, 15, 'Location',14, 14, 'auto');
INSERT INTO Sentences (sentence_id, sentence, sentence_type)VALUES (283, 'A shirtless man rock climbs', 'auto');
INSERT INTO Words ( sentence_id,word_ID ,word,pos)VALUES (283, 1, 'A', 'DT'), (283, 2, 'shirtless', 'JJ'), (283, 3, 'man', 'NN'), (283, 4, 'rock', 'NN'), (283, 5, 'climbs', 'VBZ');
INSERT INTO triples (sentence_id, predicate_id,relation,arg_start_id,arg_end_id,triple_type)VALUES (283, 3, 'Property',2, 2, 'auto'), (283, 5, 'Agent',2, 3, 'auto');
INSERT INTO Sentences (sentence_id, sentence, sentence_type)VALUES (284, 'Shirtless man climbs a steep rock face', 'auto');
INSERT INTO Words ( sentence_id,word_ID ,word,pos)VALUES (284, 1, 'Shirtless', 'JJ'), (284, 2, 'man', 'NN'), (284, 3, 'climbs', 'VBZ'), (284, 4, 'a', 'DT'), (284, 5, 'steep', 'JJ'), (284, 6, 'rock', 'NN'), (284, 7, 'face', 'NN');
INSERT INTO Sentences (sentence_id, sentence, sentence_type)VALUES (285, 'The man in boarding shorts is rock climbing with a red rope', 'auto');
INSERT INTO Words ( sentence_id,word_ID ,word,pos)VALUES (285, 1, 'The', 'DT'), (285, 2, 'man', 'NN'), (285, 3, 'in', 'IN'), (285, 4, 'boarding', 'VBG'), (285, 5, 'shorts', 'NNS'), (285, 6, 'is', 'VBZ'), (285, 7, 'rock', 'NN'), (285, 8, 'climbing', 'VBG'), (285, 9, 'with', 'IN'), (285, 10, 'a', 'DT'), (285, 11, 'red', 'JJ'), (285, 12, 'rope', 'NN');
INSERT INTO triples (sentence_id, predicate_id,relation,arg_start_id,arg_end_id,triple_type)VALUES (285, 2, 'Property',3, 5, 'auto'), (285, 8, 'Agent',2, 2, 'auto'), (285, 8, 'Instrument',9, 12, 'auto');
INSERT INTO Sentences (sentence_id, sentence, sentence_type)VALUES (286, 'a dog nipping at the feet of a cow', 'auto');
INSERT INTO Words ( sentence_id,word_ID ,word,pos)VALUES (286, 1, 'a', 'DT'), (286, 2, 'dog', 'NN'), (286, 3, 'nipping', 'VBG'), (286, 4, 'at', 'IN'), (286, 5, 'the', 'DT'), (286, 6, 'feet', 'NNS'), (286, 7, 'of', 'IN'), (286, 8, 'a', 'DT'), (286, 9, 'cow', 'NN');
INSERT INTO triples (sentence_id, predicate_id,relation,arg_start_id,arg_end_id,triple_type)VALUES (286, 3, 'Agent',2, 2, 'auto'), (286, 3, 'Location',4, 6, 'auto');
INSERT INTO Sentences (sentence_id, sentence, sentence_type)VALUES (287, 'a dog pounces on the grass', 'auto');
INSERT INTO Words ( sentence_id,word_ID ,word,pos)VALUES (287, 1, 'a', 'DT'), (287, 2, 'dog', 'NN'), (287, 3, 'pounces', 'VBZ'), (287, 4, 'on', 'IN'), (287, 5, 'the', 'DT'), (287, 6, 'grass', 'NN');
INSERT INTO triples (sentence_id, predicate_id,relation,arg_start_id,arg_end_id,triple_type)VALUES (287, 3, 'Agent',2, 2, 'auto'), (287, 3, 'Location',4, 4, 'auto'), (287, 3, 'Patient',5, 5, 'auto');
INSERT INTO Sentences (sentence_id, sentence, sentence_type)VALUES (288, 'The dog is running after the bull', 'auto');
INSERT INTO Words ( sentence_id,word_ID ,word,pos)VALUES (288, 1, 'The', 'DT'), (288, 2, 'dog', 'NN'), (288, 3, 'is', 'VBZ'), (288, 4, 'running', 'VBG'), (288, 5, 'after', 'IN'), (288, 6, 'the', 'DT'), (288, 7, 'bull', 'NN');
INSERT INTO triples (sentence_id, predicate_id,relation,arg_start_id,arg_end_id,triple_type)VALUES (288, 4, 'Patient',1, 1, 'auto'), (288, 4, 'Agent',2, 3, 'auto'), (288, 4, 'Location',5, 5, 'auto');
INSERT INTO Sentences (sentence_id, sentence, sentence_type)VALUES (289, 'The large brown dog is playing in the grass with a brown cow', 'auto');
INSERT INTO Words ( sentence_id,word_ID ,word,pos)VALUES (289, 1, 'The', 'DT'), (289, 2, 'large', 'JJ'), (289, 3, 'brown', 'JJ'), (289, 4, 'dog', 'NN'), (289, 5, 'is', 'VBZ'), (289, 6, 'playing', 'VBG'), (289, 7, 'in', 'IN'), (289, 8, 'the', 'DT'), (289, 9, 'grass', 'NN'), (289, 10, 'with', 'IN'), (289, 11, 'a', 'DT'), (289, 12, 'brown', 'JJ'), (289, 13, 'cow', 'NN');
INSERT INTO triples (sentence_id, predicate_id,relation,arg_start_id,arg_end_id,triple_type)VALUES (289, 6, 'Agent',2, 4, 'auto'), (289, 6, 'Location',7, 9, 'auto'), (289, 6, 'Instrument',10, 13, 'auto');
INSERT INTO Sentences (sentence_id, sentence, sentence_type)VALUES (290, 'Two dogs outside on green grass', 'auto');
INSERT INTO Words ( sentence_id,word_ID ,word,pos)VALUES (290, 1, 'Two', 'CD'), (290, 2, 'dogs', 'NNS'), (290, 3, 'outside', 'IN'), (290, 4, 'on', 'IN'), (290, 5, 'green', 'JJ'), (290, 6, 'grass', 'NN');
INSERT INTO Sentences (sentence_id, sentence, sentence_type)VALUES (291, 'A motorcycle races', 'auto');
INSERT INTO Words ( sentence_id,word_ID ,word,pos)VALUES (291, 1, 'A', 'DT'), (291, 2, 'motorcycle', 'NN'), (291, 3, 'races', 'VBZ');
INSERT INTO triples (sentence_id, predicate_id,relation,arg_start_id,arg_end_id,triple_type)VALUES (291, 2, 'Property',1, 1, 'auto'), (291, 3, 'Patient',1, 1, 'auto'), (291, 3, 'Agent',2, 2, 'auto');
INSERT INTO Sentences (sentence_id, sentence, sentence_type)VALUES (292, 'A motorcycle rider in a white helmet leans into a curve on a rural road', 'auto');
INSERT INTO Words ( sentence_id,word_ID ,word,pos)VALUES (292, 1, 'A', 'DT'), (292, 2, 'motorcycle', 'NN'), (292, 3, 'rider', 'NN'), (292, 4, 'in', 'IN'), (292, 5, 'a', 'DT'), (292, 6, 'white', 'JJ'), (292, 7, 'helmet', 'NN'), (292, 8, 'leans', 'VBZ'), (292, 9, 'into', 'IN'), (292, 10, 'a', 'DT'), (292, 11, 'curve', 'NN'), (292, 12, 'on', 'IN'), (292, 13, 'a', 'DT'), (292, 14, 'rural', 'JJ'), (292, 15, 'road', 'NN');
INSERT INTO triples (sentence_id, predicate_id,relation,arg_start_id,arg_end_id,triple_type)VALUES (292, 3, 'Property',4, 7, 'auto'), (292, 8, 'Agent',2, 3, 'auto'), (292, 8, 'Destination',9, 11, 'auto'), (292, 11, 'Location',12, 15, 'auto');
INSERT INTO Sentences (sentence_id, sentence, sentence_type)VALUES (293, 'A motorcycle rider making a turn', 'auto');
INSERT INTO Words ( sentence_id,word_ID ,word,pos)VALUES (293, 1, 'A', 'DT'), (293, 2, 'motorcycle', 'NN'), (293, 3, 'rider', 'NN'), (293, 4, 'making', 'VBG'), (293, 5, 'a', 'DT'), (293, 6, 'turn', 'NN');
INSERT INTO triples (sentence_id, predicate_id,relation,arg_start_id,arg_end_id,triple_type)VALUES (293, 2, 'Property',3, 6, 'auto'), (293, 3, 'Property',1, 2, 'auto'), (293, 4, 'Agent',2, 3, 'auto'), (293, 4, 'Patient',5, 6, 'auto');
INSERT INTO Sentences (sentence_id, sentence, sentence_type)VALUES (294, 'Someone on a motorcycle leaning into a turn', 'auto');
INSERT INTO Words ( sentence_id,word_ID ,word,pos)VALUES (294, 1, 'Someone', 'NN'), (294, 2, 'on', 'IN'), (294, 3, 'a', 'DT'), (294, 4, 'motorcycle', 'NN'), (294, 5, 'leaning', 'VBG'), (294, 6, 'into', 'IN'), (294, 7, 'a', 'DT'), (294, 8, 'turn', 'NN');
INSERT INTO triples (sentence_id, predicate_id,relation,arg_start_id,arg_end_id,triple_type)VALUES (294, 1, 'Property',2, 8, 'auto'), (294, 4, 'Property',5, 8, 'auto'), (294, 5, 'Agent',3, 4, 'auto'), (294, 5, 'Location',6, 6, 'auto');
INSERT INTO Sentences (sentence_id, sentence, sentence_type)VALUES (295, 'There is a professional motorcyclist turning a corner', 'auto');
INSERT INTO Words ( sentence_id,word_ID ,word,pos)VALUES (295, 1, 'There', 'EX'), (295, 2, 'is', 'VBZ'), (295, 3, 'a', 'DT'), (295, 4, 'professional', 'JJ'), (295, 5, 'motorcyclist', 'NN'), (295, 6, 'turning', 'VBG'), (295, 7, 'a', 'DT'), (295, 8, 'corner', 'NN');
INSERT INTO triples (sentence_id, predicate_id,relation,arg_start_id,arg_end_id,triple_type)VALUES (295, 2, 'Location',4, 4, 'auto'), (295, 2, 'Agent',5, 5, 'auto'), (295, 2, 'Patient',6, 8, 'auto'), (295, 5, 'Property',1, 2, 'auto'), (295, 5, 'Location',8, 8, 'auto'), (295, 6, 'Recipient',1, 1, 'auto'), (295, 6, 'Patient',3, 3, 'auto'), (295, 6, 'Agent',5, 5, 'auto'), (295, 6, 'Material',7, 7, 'auto');
INSERT INTO Sentences (sentence_id, sentence, sentence_type)VALUES (296, 'A girl holds onto a rope above the water', 'auto');
INSERT INTO Words ( sentence_id,word_ID ,word,pos)VALUES (296, 1, 'A', 'DT'), (296, 2, 'girl', 'NN'), (296, 3, 'holds', 'VBZ'), (296, 4, 'onto', 'IN'), (296, 5, 'a', 'DT'), (296, 6, 'rope', 'NN'), (296, 7, 'above', 'IN'), (296, 8, 'the', 'DT'), (296, 9, 'water', 'NN');
INSERT INTO triples (sentence_id, predicate_id,relation,arg_start_id,arg_end_id,triple_type)VALUES (296, 3, 'Agent',2, 2, 'auto'), (296, 3, 'Instrument',4, 6, 'auto'), (296, 6, 'Location',7, 9, 'auto');
INSERT INTO Sentences (sentence_id, sentence, sentence_type)VALUES (297, 'A girl wearing a harness is lifted out of the water', 'auto');
INSERT INTO Words ( sentence_id,word_ID ,word,pos)VALUES (297, 1, 'A', 'DT'), (297, 2, 'girl', 'NN'), (297, 3, 'wearing', 'VBG'), (297, 4, 'a', 'DT'), (297, 5, 'harness', 'NN'), (297, 6, 'is', 'VBZ'), (297, 7, 'lifted', 'VBN'), (297, 8, 'out', 'IN'), (297, 9, 'of', 'IN'), (297, 10, 'the', 'DT'), (297, 11, 'water', 'NN');
INSERT INTO triples (sentence_id, predicate_id,relation,arg_start_id,arg_end_id,triple_type)VALUES (297, 3, 'Agent',2, 2, 'auto'), (297, 3, 'Patient',4, 11, 'auto'), (297, 7, 'Agent',2, 2, 'auto'), (297, 7, 'Source',5, 5, 'auto'), (297, 7, 'Beneficiary',6, 6, 'auto'), (297, 7, 'Patient',8, 10, 'auto'), (297, 7, 'Destination',11, 11, 'auto'), (297, 11, 'Location',9, 10, 'auto');
INSERT INTO Sentences (sentence_id, sentence, sentence_type)VALUES (298, 'A person attached to a harness is being dragged through the water', 'auto');
INSERT INTO Words ( sentence_id,word_ID ,word,pos)VALUES (298, 1, 'A', 'DT'), (298, 2, 'person', 'NN'), (298, 3, 'attached', 'VBN'), (298, 4, 'to', 'TO'), (298, 5, 'a', 'DT'), (298, 6, 'harness', 'NN'), (298, 7, 'is', 'VBZ'), (298, 8, 'being', 'VBG'), (298, 9, 'dragged', 'VBN'), (298, 10, 'through', 'IN'), (298, 11, 'the', 'DT'), (298, 12, 'water', 'NN');
INSERT INTO triples (sentence_id, predicate_id,relation,arg_start_id,arg_end_id,triple_type)VALUES (298, 2, 'Property',3, 4, 'auto'), (298, 2, 'Location',10, 12, 'auto'), (298, 3, 'Instrument',5, 6, 'auto'), (298, 3, 'Patient',7, 10, 'auto'), (298, 9, 'Destination',2, 2, 'auto'), (298, 9, 'Patient',3, 8, 'auto'), (298, 9, 'Location',10, 12, 'auto'), (298, 12, 'Location',10, 11, 'auto');
INSERT INTO Sentences (sentence_id, sentence, sentence_type)VALUES (299, 'A person in a harness is hanging above water making a spray with their feet', 'auto');
INSERT INTO Words ( sentence_id,word_ID ,word,pos)VALUES (299, 1, 'A', 'DT'), (299, 2, 'person', 'NN'), (299, 3, 'in', 'IN'), (299, 4, 'a', 'DT'), (299, 5, 'harness', 'NN'), (299, 6, 'is', 'VBZ'), (299, 7, 'hanging', 'VBG'), (299, 8, 'above', 'IN'), (299, 9, 'water', 'NN'), (299, 10, 'making', 'VBG'), (299, 11, 'a', 'DT'), (299, 12, 'spray', 'NN'), (299, 13, 'with', 'IN'), (299, 14, 'their', 'PRP$'), (299, 15, 'feet', 'NNS');
INSERT INTO triples (sentence_id, predicate_id,relation,arg_start_id,arg_end_id,triple_type)VALUES (299, 2, 'Property',3, 5, 'auto'), (299, 7, 'Agent',2, 2, 'auto'), (299, 7, 'Location',8, 9, 'auto'), (299, 10, 'Agent',2, 2, 'auto'), (299, 10, 'Patient',11, 12, 'auto'), (299, 10, 'Instrument',13, 15, 'auto');
INSERT INTO Sentences (sentence_id, sentence, sentence_type)VALUES (300, 'A person on a pulley is dragged across water', 'auto');
INSERT INTO Words ( sentence_id,word_ID ,word,pos)VALUES (300, 1, 'A', 'DT'), (300, 2, 'person', 'NN'), (300, 3, 'on', 'IN'), (300, 4, 'a', 'DT'), (300, 5, 'pulley', 'NN'), (300, 6, 'is', 'VBZ'), (300, 7, 'dragged', 'VBN'), (300, 8, 'across', 'IN'), (300, 9, 'water', 'NN');
INSERT INTO triples (sentence_id, predicate_id,relation,arg_start_id,arg_end_id,triple_type)VALUES (300, 2, 'Location',3, 5, 'auto'), (300, 2, 'Property',6, 9, 'auto'), (300, 7, 'Destination',2, 2, 'auto'), (300, 7, 'Location',3, 5, 'auto'), (300, 7, 'Patient',6, 6, 'auto'), (300, 9, 'Location',2, 5, 'auto');
INSERT INTO Sentences (sentence_id, sentence, sentence_type)VALUES (301, 'A teenage girl and little girl play on pink toy', 'auto');
INSERT INTO Words ( sentence_id,word_ID ,word,pos)VALUES (301, 1, 'A', 'DT'), (301, 2, 'teenage', 'JJ'), (301, 3, 'girl', 'NN'), (301, 4, 'and', 'CC'), (301, 5, 'little', 'JJ'), (301, 6, 'girl', 'NN'), (301, 7, 'play', 'VBP'), (301, 8, 'on', 'IN'), (301, 9, 'pink', 'JJ'), (301, 10, 'toy', 'NN');
INSERT INTO triples (sentence_id, predicate_id,relation,arg_start_id,arg_end_id,triple_type)VALUES (301, 7, 'Agent',3, 3, 'auto'), (301, 7, 'Location',8, 8, 'auto'), (301, 7, 'Patient',9, 10, 'auto');
INSERT INTO Sentences (sentence_id, sentence, sentence_type)VALUES (302, 'A woman and a girl are swinging on a red swing', 'auto');
INSERT INTO Words ( sentence_id,word_ID ,word,pos)VALUES (302, 1, 'A', 'DT'), (302, 2, 'woman', 'NN'), (302, 3, 'and', 'CC'), (302, 4, 'a', 'DT'), (302, 5, 'girl', 'NN'), (302, 6, 'are', 'VBP'), (302, 7, 'swinging', 'VBG'), (302, 8, 'on', 'IN'), (302, 9, 'a', 'DT'), (302, 10, 'red', 'JJ'), (302, 11, 'swing', 'NN');
INSERT INTO triples (sentence_id, predicate_id,relation,arg_start_id,arg_end_id,triple_type)VALUES (302, 7, 'Agent',2, 5, 'auto'), (302, 7, 'Location',8, 11, 'auto');
INSERT INTO Sentences (sentence_id, sentence, sentence_type)VALUES (303, 'A woman playing with play equipment while a child looks on', 'auto');
INSERT INTO Words ( sentence_id,word_ID ,word,pos)VALUES (303, 1, 'A', 'DT'), (303, 2, 'woman', 'NN'), (303, 3, 'playing', 'VBG'), (303, 4, 'with', 'IN'), (303, 5, 'play', 'NN'), (303, 6, 'equipment', 'NN'), (303, 7, 'while', 'IN'), (303, 8, 'a', 'DT'), (303, 9, 'child', 'NN'), (303, 10, 'looks', 'VBZ'), (303, 11, 'on', 'IN');
INSERT INTO triples (sentence_id, predicate_id,relation,arg_start_id,arg_end_id,triple_type)VALUES (303, 2, 'Property',3, 11, 'auto'), (303, 3, 'Agent',2, 2, 'auto'), (303, 3, 'Patient',4, 8, 'auto'), (303, 10, 'Patient',1, 8, 'auto'), (303, 10, 'Agent',9, 9, 'auto'), (303, 10, 'Location',11, 11, 'auto');
INSERT INTO Sentences (sentence_id, sentence, sentence_type)VALUES (304, 'Children on a red and yellow swing set', 'auto');
INSERT INTO Words ( sentence_id,word_ID ,word,pos)VALUES (304, 1, 'Children', 'NNS'), (304, 2, 'on', 'IN'), (304, 3, 'a', 'DT'), (304, 4, 'red', 'JJ'), (304, 5, 'and', 'CC'), (304, 6, 'yellow', 'JJ'), (304, 7, 'swing', 'NN'), (304, 8, 'set', 'NN');
INSERT INTO Sentences (sentence_id, sentence, sentence_type)VALUES (305, 'Two kids playing on playground equipment', 'auto');
INSERT INTO Words ( sentence_id,word_ID ,word,pos)VALUES (305, 1, 'Two', 'CD'), (305, 2, 'kids', 'NNS'), (305, 3, 'playing', 'VBG'), (305, 4, 'on', 'IN'), (305, 5, 'playground', 'NN'), (305, 6, 'equipment', 'NN');
INSERT INTO triples (sentence_id, predicate_id,relation,arg_start_id,arg_end_id,triple_type)VALUES (305, 3, 'Agent',2, 2, 'auto'), (305, 3, 'Location',4, 4, 'auto'), (305, 3, 'Patient',5, 5, 'auto');
INSERT INTO Sentences (sentence_id, sentence, sentence_type)VALUES (306, 'A man crouching down on some rocks in the ocean', 'auto');
INSERT INTO Words ( sentence_id,word_ID ,word,pos)VALUES (306, 1, 'A', 'DT'), (306, 2, 'man', 'NN'), (306, 3, 'crouching', 'VBG'), (306, 4, 'down', 'RP'), (306, 5, 'on', 'IN'), (306, 6, 'some', 'DT'), (306, 7, 'rocks', 'NNS'), (306, 8, 'in', 'IN'), (306, 9, 'the', 'DT'), (306, 10, 'ocean', 'NN');
INSERT INTO triples (sentence_id, predicate_id,relation,arg_start_id,arg_end_id,triple_type)VALUES (306, 3, 'Agent',2, 2, 'auto'), (306, 3, 'Destination',4, 7, 'auto'), (306, 7, 'Location',8, 10, 'auto');
INSERT INTO Sentences (sentence_id, sentence, sentence_type)VALUES (307, 'A man in a green shirt climbing on rocks while water rushes over them at night', 'auto');
INSERT INTO Words ( sentence_id,word_ID ,word,pos)VALUES (307, 1, 'A', 'DT'), (307, 2, 'man', 'NN'), (307, 3, 'in', 'IN'), (307, 4, 'a', 'DT'), (307, 5, 'green', 'JJ'), (307, 6, 'shirt', 'NN'), (307, 7, 'climbing', 'VBG'), (307, 8, 'on', 'IN'), (307, 9, 'rocks', 'NNS'), (307, 10, 'while', 'IN'), (307, 11, 'water', 'NN'), (307, 12, 'rushes', 'VBZ'), (307, 13, 'over', 'IN'), (307, 14, 'them', 'PRP'), (307, 15, 'at', 'IN'), (307, 16, 'night', 'NN');
INSERT INTO triples (sentence_id, predicate_id,relation,arg_start_id,arg_end_id,triple_type)VALUES (307, 2, 'Property',3, 16, 'auto'), (307, 7, 'Agent',2, 2, 'auto'), (307, 7, 'Location',8, 8, 'auto'), (307, 7, 'Patient',14, 16, 'auto'), (307, 9, 'Location',8, 8, 'auto'), (307, 11, 'Location',8, 10, 'auto'), (307, 12, 'Agent',11, 11, 'auto'), (307, 12, 'Location',13, 13, 'auto'), (307, 12, 'Patient',14, 16, 'auto');
INSERT INTO Sentences (sentence_id, sentence, sentence_type)VALUES (308, 'A man is standing on some rocks while waves lap around him', 'auto');
INSERT INTO Words ( sentence_id,word_ID ,word,pos)VALUES (308, 1, 'A', 'DT'), (308, 2, 'man', 'NN'), (308, 3, 'is', 'VBZ'), (308, 4, 'standing', 'VBG'), (308, 5, 'on', 'IN'), (308, 6, 'some', 'DT'), (308, 7, 'rocks', 'NNS'), (308, 8, 'while', 'IN'), (308, 9, 'waves', 'NNS'), (308, 10, 'lap', 'VBP'), (308, 11, 'around', 'IN'), (308, 12, 'him', 'PRP');
INSERT INTO triples (sentence_id, predicate_id,relation,arg_start_id,arg_end_id,triple_type)VALUES (308, 4, 'Agent',2, 2, 'auto'), (308, 4, 'Location',5, 7, 'auto'), (308, 10, 'Agent',9, 9, 'auto'), (308, 10, 'Destination',11, 12, 'auto');
INSERT INTO Sentences (sentence_id, sentence, sentence_type)VALUES (309, 'Man crouching on rocks by the ocean shore', 'auto');
INSERT INTO Words ( sentence_id,word_ID ,word,pos)VALUES (309, 1, 'Man', 'NN'), (309, 2, 'crouching', 'VBG'), (309, 3, 'on', 'IN'), (309, 4, 'rocks', 'NNS'), (309, 5, 'by', 'IN'), (309, 6, 'the', 'DT'), (309, 7, 'ocean', 'NN'), (309, 8, 'shore', 'NN');
INSERT INTO triples (sentence_id, predicate_id,relation,arg_start_id,arg_end_id,triple_type)VALUES (309, 1, 'Location',2, 8, 'auto'), (309, 2, 'Agent',1, 1, 'auto'), (309, 2, 'Location',3, 3, 'auto'), (309, 2, 'Patient',5, 5, 'auto'), (309, 4, 'Location',3, 3, 'auto');
INSERT INTO Sentences (sentence_id, sentence, sentence_type)VALUES (310, 'The man is leaning on rocks close to water', 'auto');
INSERT INTO Words ( sentence_id,word_ID ,word,pos)VALUES (310, 1, 'The', 'DT'), (310, 2, 'man', 'NN'), (310, 3, 'is', 'VBZ'), (310, 4, 'leaning', 'VBG'), (310, 5, 'on', 'IN'), (310, 6, 'rocks', 'NNS'), (310, 7, 'close', 'RB'), (310, 8, 'to', 'TO'), (310, 9, 'water', 'NN');
INSERT INTO triples (sentence_id, predicate_id,relation,arg_start_id,arg_end_id,triple_type)VALUES (310, 2, 'Location',5, 6, 'auto'), (310, 2, 'Property',7, 8, 'auto'), (310, 4, 'Agent',2, 2, 'auto'), (310, 4, 'Location',5, 5, 'auto'), (310, 4, 'Patient',7, 9, 'auto'), (310, 6, 'Location',5, 5, 'auto'), (310, 9, 'Location',5, 6, 'auto');
INSERT INTO Sentences (sentence_id, sentence, sentence_type)VALUES (311, 'a man dragging between two horses holding on to the horse on his right', 'auto');
INSERT INTO Words ( sentence_id,word_ID ,word,pos)VALUES (311, 1, 'a', 'DT'), (311, 2, 'man', 'NN'), (311, 3, 'dragging', 'VBG'), (311, 4, 'between', 'IN'), (311, 5, 'two', 'CD'), (311, 6, 'horses', 'NNS'), (311, 7, 'holding', 'VBG'), (311, 8, 'on', 'IN'), (311, 9, 'to', 'TO'), (311, 10, 'the', 'DT'), (311, 11, 'horse', 'NN'), (311, 12, 'on', 'IN'), (311, 13, 'his', 'PRP$'), (311, 14, 'right', 'NN');
INSERT INTO triples (sentence_id, predicate_id,relation,arg_start_id,arg_end_id,triple_type)VALUES (311, 3, 'Patient',2, 2, 'auto'), (311, 3, 'Source',4, 6, 'auto'), (311, 6, 'Location',12, 14, 'auto'), (311, 7, 'Agent',2, 2, 'auto'), (311, 7, 'Location',8, 11, 'auto');
INSERT INTO Sentences (sentence_id, sentence, sentence_type)VALUES (312, 'A man falls off his horse on a racetrack', 'auto');
INSERT INTO Words ( sentence_id,word_ID ,word,pos)VALUES (312, 1, 'A', 'DT'), (312, 2, 'man', 'NN'), (312, 3, 'falls', 'VBZ'), (312, 4, 'off', 'RP'), (312, 5, 'his', 'PRP$'), (312, 6, 'horse', 'NN'), (312, 7, 'on', 'IN'), (312, 8, 'a', 'DT'), (312, 9, 'racetrack', 'NN');
INSERT INTO triples (sentence_id, predicate_id,relation,arg_start_id,arg_end_id,triple_type)VALUES (312, 2, 'Property',3, 6, 'auto'), (312, 2, 'Location',7, 9, 'auto'), (312, 3, 'Agent',2, 2, 'auto'), (312, 3, 'Source',4, 4, 'auto'), (312, 3, 'Patient',5, 8, 'auto');
INSERT INTO Sentences (sentence_id, sentence, sentence_type)VALUES (313, 'A person is kneeling between two horses', 'auto');
INSERT INTO Words ( sentence_id,word_ID ,word,pos)VALUES (313, 1, 'A', 'DT'), (313, 2, 'person', 'NN'), (313, 3, 'is', 'VBZ'), (313, 4, 'kneeling', 'VBG'), (313, 5, 'between', 'IN'), (313, 6, 'two', 'CD'), (313, 7, 'horses', 'NNS');
INSERT INTO triples (sentence_id, predicate_id,relation,arg_start_id,arg_end_id,triple_type)VALUES (313, 2, 'Location',1, 1, 'auto'), (313, 2, 'Property',3, 7, 'auto'), (313, 4, 'Agent',2, 2, 'auto'), (313, 4, 'Recipient',5, 5, 'auto'), (313, 4, 'Patient',6, 7, 'auto'), (313, 7, 'Location',5, 6, 'auto');
INSERT INTO Sentences (sentence_id, sentence, sentence_type)VALUES (314, 'A rodeo contestent being dragged between two horses', 'auto');
INSERT INTO Words ( sentence_id,word_ID ,word,pos)VALUES (314, 1, 'A', 'DT'), (314, 2, 'rodeo', 'NN'), (314, 3, 'contestent', 'NN'), (314, 4, 'being', 'VBG'), (314, 5, 'dragged', 'VBN'), (314, 6, 'between', 'IN'), (314, 7, 'two', 'CD'), (314, 8, 'horses', 'NNS');
INSERT INTO triples (sentence_id, predicate_id,relation,arg_start_id,arg_end_id,triple_type)VALUES (314, 5, 'Agent',2, 3, 'auto'), (314, 5, 'Location',6, 6, 'auto'), (314, 5, 'Patient',7, 7, 'auto'), (314, 8, 'Location',6, 7, 'auto');
INSERT INTO Sentences (sentence_id, sentence, sentence_type)VALUES (315, 'Cowboy in blue and red pants getting bucked off a horse', 'auto');
INSERT INTO Words ( sentence_id,word_ID ,word,pos)VALUES (315, 1, 'Cowboy', 'NN'), (315, 2, 'in', 'IN'), (315, 3, 'blue', 'JJ'), (315, 4, 'and', 'CC'), (315, 5, 'red', 'JJ'), (315, 6, 'pants', 'NNS'), (315, 7, 'getting', 'VBG'), (315, 8, 'bucked', 'VBN'), (315, 9, 'off', 'RP'), (315, 10, 'a', 'DT'), (315, 11, 'horse', 'NN');
INSERT INTO triples (sentence_id, predicate_id,relation,arg_start_id,arg_end_id,triple_type)VALUES (315, 1, 'Property',2, 6, 'auto'), (315, 8, 'Patient',1, 1, 'auto'), (315, 8, 'Source',9, 11, 'auto');
INSERT INTO Sentences (sentence_id, sentence, sentence_type)VALUES (316, 'A female tennis player in a purple top and black skirt swings her racquet', 'auto');
INSERT INTO Words ( sentence_id,word_ID ,word,pos)VALUES (316, 1, 'A', 'DT'), (316, 2, 'female', 'JJ'), (316, 3, 'tennis', 'NN'), (316, 4, 'player', 'NN'), (316, 5, 'in', 'IN'), (316, 6, 'a', 'DT'), (316, 7, 'purple', 'JJ'), (316, 8, 'top', 'NN'), (316, 9, 'and', 'CC'), (316, 10, 'black', 'JJ'), (316, 11, 'skirt', 'NN'), (316, 12, 'swings', 'VBZ'), (316, 13, 'her', 'PRP$'), (316, 14, 'racquet', 'NN');
INSERT INTO triples (sentence_id, predicate_id,relation,arg_start_id,arg_end_id,triple_type)VALUES (316, 4, 'Location',5, 5, 'auto'), (316, 4, 'Property',6, 14, 'auto'), (316, 12, 'Patient',3, 3, 'auto'), (316, 12, 'Agent',4, 4, 'auto'), (316, 12, 'Location',5, 5, 'auto'), (316, 12, 'Instrument',13, 14, 'auto');
INSERT INTO Sentences (sentence_id, sentence, sentence_type)VALUES (317, 'A female tennis player prepairing to serve the ball', 'auto');
INSERT INTO Words ( sentence_id,word_ID ,word,pos)VALUES (317, 1, 'A', 'DT'), (317, 2, 'female', 'JJ'), (317, 3, 'tennis', 'NN'), (317, 4, 'player', 'NN'), (317, 5, 'prepairing', 'VBG'), (317, 6, 'to', 'TO'), (317, 7, 'serve', 'VB'), (317, 8, 'the', 'DT'), (317, 9, 'ball', 'NN');
INSERT INTO triples (sentence_id, predicate_id,relation,arg_start_id,arg_end_id,triple_type)VALUES (317, 5, 'Agent',2, 4, 'auto'), (317, 5, 'Beneficiary',6, 7, 'auto'), (317, 7, 'Agent',2, 4, 'auto'), (317, 7, 'Patient',8, 9, 'auto');
INSERT INTO Sentences (sentence_id, sentence, sentence_type)VALUES (318, 'A woman in a purple tank top holds a tennis racket , extends an arm upward , and looks up', 'auto');
INSERT INTO Words ( sentence_id,word_ID ,word,pos)VALUES (318, 1, 'A', 'DT'), (318, 2, 'woman', 'NN'), (318, 3, 'in', 'IN'), (318, 4, 'a', 'DT'), (318, 5, 'purple', 'JJ'), (318, 6, 'tank', 'NN'), (318, 7, 'top', 'JJ'), (318, 8, 'holds', 'VBZ'), (318, 9, 'a', 'DT'), (318, 10, 'tennis', 'NN'), (318, 11, 'racket', 'NN'), (318, 12, ',', ','), (318, 13, 'extends', 'VBZ'), (318, 14, 'an', 'DT'), (318, 15, 'arm', 'NN'), (318, 16, 'upward', 'RB'), (318, 17, ',', ','), (318, 18, 'and', 'CC'), (318, 19, 'looks', 'VBZ'), (318, 20, 'up', 'RP');
INSERT INTO triples (sentence_id, predicate_id,relation,arg_start_id,arg_end_id,triple_type)VALUES (318, 2, 'Property',3, 7, 'auto'), (318, 8, 'Agent',2, 2, 'auto'), (318, 8, 'Patient',10, 11, 'auto'), (318, 13, 'Agent',2, 2, 'auto'), (318, 13, 'Patient',14, 15, 'auto'), (318, 13, 'Destination',16, 16, 'auto'), (318, 19, 'Agent',2, 2, 'auto'), (318, 19, 'Destination',20, 20, 'auto');
INSERT INTO Sentences (sentence_id, sentence, sentence_type)VALUES (319, 'A woman wearing a purple shirt and holding a tennis racket in her hand is looking up', 'auto');
INSERT INTO Words ( sentence_id,word_ID ,word,pos)VALUES (319, 1, 'A', 'DT'), (319, 2, 'woman', 'NN'), (319, 3, 'wearing', 'VBG'), (319, 4, 'a', 'DT'), (319, 5, 'purple', 'JJ'), (319, 6, 'shirt', 'NN'), (319, 7, 'and', 'CC'), (319, 8, 'holding', 'VBG'), (319, 9, 'a', 'DT'), (319, 10, 'tennis', 'NN'), (319, 11, 'racket', 'NN'), (319, 12, 'in', 'IN'), (319, 13, 'her', 'PRP$'), (319, 14, 'hand', 'NN'), (319, 15, 'is', 'VBZ'), (319, 16, 'looking', 'VBG'), (319, 17, 'up', 'RP');
INSERT INTO triples (sentence_id, predicate_id,relation,arg_start_id,arg_end_id,triple_type)VALUES (319, 2, 'Property',3, 17, 'auto'), (319, 3, 'Agent',2, 2, 'auto'), (319, 3, 'Patient',8, 17, 'auto'), (319, 8, 'Agent',2, 2, 'auto'), (319, 8, 'Location',9, 9, 'auto'), (319, 8, 'Patient',10, 12, 'auto'), (319, 8, 'Instrument',13, 13, 'auto'), (319, 16, 'Agent',2, 2, 'auto'), (319, 16, 'Patient',3, 15, 'auto');
INSERT INTO Sentences (sentence_id, sentence, sentence_type)VALUES (320, 'Girl is waiting for the ball to come down as she plays tennis', 'auto');
INSERT INTO Words ( sentence_id,word_ID ,word,pos)VALUES (320, 1, 'Girl', 'NNP'), (320, 2, 'is', 'VBZ'), (320, 3, 'waiting', 'VBG'), (320, 4, 'for', 'IN'), (320, 5, 'the', 'DT'), (320, 6, 'ball', 'NN'), (320, 7, 'to', 'TO'), (320, 8, 'come', 'VB'), (320, 9, 'down', 'RP'), (320, 10, 'as', 'IN'), (320, 11, 'she', 'PRP'), (320, 12, 'plays', 'VBZ'), (320, 13, 'tennis', 'NN');
INSERT INTO triples (sentence_id, predicate_id,relation,arg_start_id,arg_end_id,triple_type)VALUES (320, 1, 'Location',2, 6, 'auto'), (320, 3, 'Location',4, 4, 'auto'), (320, 3, 'Patient',7, 10, 'auto'), (320, 3, 'Agent',11, 11, 'auto'), (320, 8, 'Location',4, 5, 'auto'), (320, 8, 'Destination',9, 12, 'auto'), (320, 8, 'Patient',13, 13, 'auto'), (320, 12, 'Beneficiary',2, 5, 'auto'), (320, 12, 'Agent',10, 11, 'auto');
INSERT INTO Sentences (sentence_id, sentence, sentence_type)VALUES (321, 'a tennis player wearing a red shirt about to hit a tennis ball with her racquet', 'auto');
INSERT INTO Words ( sentence_id,word_ID ,word,pos)VALUES (321, 1, 'a', 'DT'), (321, 2, 'tennis', 'NN'), (321, 3, 'player', 'NN'), (321, 4, 'wearing', 'VBG'), (321, 5, 'a', 'DT'), (321, 6, 'red', 'JJ'), (321, 7, 'shirt', 'NN'), (321, 8, 'about', 'IN'), (321, 9, 'to', 'TO'), (321, 10, 'hit', 'VB'), (321, 11, 'a', 'DT'), (321, 12, 'tennis', 'NN'), (321, 13, 'ball', 'NN'), (321, 14, 'with', 'IN'), (321, 15, 'her', 'PRP$'), (321, 16, 'racquet', 'NN');
INSERT INTO triples (sentence_id, predicate_id,relation,arg_start_id,arg_end_id,triple_type)VALUES (321, 4, 'Agent',2, 3, 'auto'), (321, 4, 'Patient',5, 7, 'auto'), (321, 10, 'Agent',2, 3, 'auto'), (321, 10, 'Patient',11, 13, 'auto'), (321, 10, 'Instrument',14, 16, 'auto');
INSERT INTO Sentences (sentence_id, sentence, sentence_type)VALUES (322, 'A woman in an orange shirt and white skirt hits a tennis ball with a racket', 'auto');
INSERT INTO Words ( sentence_id,word_ID ,word,pos)VALUES (322, 1, 'A', 'DT'), (322, 2, 'woman', 'NN'), (322, 3, 'in', 'IN'), (322, 4, 'an', 'DT'), (322, 5, 'orange', 'JJ'), (322, 6, 'shirt', 'NN'), (322, 7, 'and', 'CC'), (322, 8, 'white', 'JJ'), (322, 9, 'skirt', 'NN'), (322, 10, 'hits', 'VBZ'), (322, 11, 'a', 'DT'), (322, 12, 'tennis', 'NN'), (322, 13, 'ball', 'NN'), (322, 14, 'with', 'IN'), (322, 15, 'a', 'DT'), (322, 16, 'racket', 'NN');
INSERT INTO triples (sentence_id, predicate_id,relation,arg_start_id,arg_end_id,triple_type)VALUES (322, 2, 'Property',3, 16, 'auto'), (322, 10, 'Agent',2, 2, 'auto'), (322, 10, 'Patient',11, 14, 'auto'), (322, 10, 'Instrument',15, 15, 'auto'), (322, 10, 'Location',16, 16, 'auto');
INSERT INTO Sentences (sentence_id, sentence, sentence_type)VALUES (323, 'A woman in a red shirt , white hat , and white shirts is playing tennis', 'auto');
INSERT INTO Words ( sentence_id,word_ID ,word,pos)VALUES (323, 1, 'A', 'DT'), (323, 2, 'woman', 'NN'), (323, 3, 'in', 'IN'), (323, 4, 'a', 'DT'), (323, 5, 'red', 'JJ'), (323, 6, 'shirt', 'NN'), (323, 7, ',', ','), (323, 8, 'white', 'JJ'), (323, 9, 'hat', 'NN'), (323, 10, ',', ','), (323, 11, 'and', 'CC'), (323, 12, 'white', 'JJ'), (323, 13, 'shirts', 'NNS'), (323, 14, 'is', 'VBZ'), (323, 15, 'playing', 'VBG'), (323, 16, 'tennis', 'NN');
INSERT INTO triples (sentence_id, predicate_id,relation,arg_start_id,arg_end_id,triple_type)VALUES (323, 2, 'Property',3, 16, 'auto'), (323, 15, 'Agent',2, 2, 'auto'), (323, 15, 'Location',3, 4, 'auto'), (323, 15, 'Instrument',5, 5, 'auto'), (323, 15, 'Patient',6, 14, 'auto');
INSERT INTO Sentences (sentence_id, sentence, sentence_type)VALUES (324, 'A woman swings at a tennis ball', 'auto');
INSERT INTO Words ( sentence_id,word_ID ,word,pos)VALUES (324, 1, 'A', 'DT'), (324, 2, 'woman', 'NN'), (324, 3, 'swings', 'VBZ'), (324, 4, 'at', 'IN'), (324, 5, 'a', 'DT'), (324, 6, 'tennis', 'NN'), (324, 7, 'ball', 'NN');
INSERT INTO triples (sentence_id, predicate_id,relation,arg_start_id,arg_end_id,triple_type)VALUES (324, 2, 'Property',3, 7, 'auto'), (324, 3, 'Agent',1, 2, 'auto'), (324, 3, 'Location',4, 4, 'auto');
INSERT INTO Sentences (sentence_id, sentence, sentence_type)VALUES (325, 'Female tennis player on grass prepares a two handed backhand', 'auto');
INSERT INTO Words ( sentence_id,word_ID ,word,pos)VALUES (325, 1, 'Female', 'JJ'), (325, 2, 'tennis', 'NN'), (325, 3, 'player', 'NN'), (325, 4, 'on', 'IN'), (325, 5, 'grass', 'NN'), (325, 6, 'prepares', 'VBZ'), (325, 7, 'a', 'DT'), (325, 8, 'two', 'CD'), (325, 9, 'handed', 'VBN'), (325, 10, 'backhand', 'RB');
INSERT INTO triples (sentence_id, predicate_id,relation,arg_start_id,arg_end_id,triple_type)VALUES (325, 3, 'Location',4, 5, 'auto'), (325, 6, 'Agent',1, 3, 'auto'), (325, 6, 'Patient',7, 10, 'auto');
INSERT INTO Sentences (sentence_id, sentence, sentence_type)VALUES (326, 'A guy riding a motorcycle on one wheel', 'auto');
INSERT INTO Words ( sentence_id,word_ID ,word,pos)VALUES (326, 1, 'A', 'DT'), (326, 2, 'guy', 'NN'), (326, 3, 'riding', 'VBG'), (326, 4, 'a', 'DT'), (326, 5, 'motorcycle', 'NN'), (326, 6, 'on', 'IN'), (326, 7, 'one', 'CD'), (326, 8, 'wheel', 'NN');
INSERT INTO triples (sentence_id, predicate_id,relation,arg_start_id,arg_end_id,triple_type)VALUES (326, 2, 'Property',3, 8, 'auto'), (326, 3, 'Agent',2, 2, 'auto'), (326, 3, 'Patient',4, 8, 'auto'), (326, 5, 'Property',6, 8, 'auto'), (326, 7, 'Location',4, 6, 'auto'), (326, 8, 'Location',2, 2, 'auto');
INSERT INTO Sentences (sentence_id, sentence, sentence_type)VALUES (327, 'A man with a red helmet in doing a trick on a gray motorcycle', 'auto');
INSERT INTO Words ( sentence_id,word_ID ,word,pos)VALUES (327, 1, 'A', 'DT'), (327, 2, 'man', 'NN'), (327, 3, 'with', 'IN'), (327, 4, 'a', 'DT'), (327, 5, 'red', 'JJ'), (327, 6, 'helmet', 'NN'), (327, 7, 'in', 'IN'), (327, 8, 'doing', 'VBG'), (327, 9, 'a', 'DT'), (327, 10, 'trick', 'NN'), (327, 11, 'on', 'IN'), (327, 12, 'a', 'DT'), (327, 13, 'gray', 'JJ'), (327, 14, 'motorcycle', 'NN');
INSERT INTO triples (sentence_id, predicate_id,relation,arg_start_id,arg_end_id,triple_type)VALUES (327, 2, 'Property',3, 13, 'auto'), (327, 2, 'Location',14, 14, 'auto'), (327, 8, 'Agent',2, 2, 'auto'), (327, 8, 'Patient',10, 10, 'auto'), (327, 8, 'Location',11, 12, 'auto'), (327, 14, 'Property',1, 13, 'auto');
INSERT INTO Sentences (sentence_id, sentence, sentence_type)VALUES (328, 'A motorcyclist pops a wheelie', 'auto');
INSERT INTO Words ( sentence_id,word_ID ,word,pos)VALUES (328, 1, 'A', 'DT'), (328, 2, 'motorcyclist', 'NN'), (328, 3, 'pops', 'VBZ'), (328, 4, 'a', 'DT'), (328, 5, 'wheelie', 'NN');
INSERT INTO triples (sentence_id, predicate_id,relation,arg_start_id,arg_end_id,triple_type)VALUES (328, 2, 'Property',3, 4, 'auto'), (328, 2, 'Location',5, 5, 'auto'), (328, 3, 'Agent',2, 2, 'auto'), (328, 3, 'Patient',4, 5, 'auto');
INSERT INTO Sentences (sentence_id, sentence, sentence_type)VALUES (329, 'A person on a motorcycle popping a wheelie in a parkinglot', 'auto');
INSERT INTO Words ( sentence_id,word_ID ,word,pos)VALUES (329, 1, 'A', 'DT'), (329, 2, 'person', 'NN'), (329, 3, 'on', 'IN'), (329, 4, 'a', 'DT'), (329, 5, 'motorcycle', 'NN'), (329, 6, 'popping', 'VBG'), (329, 7, 'a', 'DT'), (329, 8, 'wheelie', 'NN'), (329, 9, 'in', 'IN'), (329, 10, 'a', 'DT'), (329, 11, 'parkinglot', 'NN');
INSERT INTO triples (sentence_id, predicate_id,relation,arg_start_id,arg_end_id,triple_type)VALUES (329, 2, 'Location',3, 5, 'auto'), (329, 6, 'Agent',2, 2, 'auto'), (329, 6, 'Patient',8, 8, 'auto'), (329, 6, 'Location',9, 11, 'auto');
INSERT INTO Sentences (sentence_id, sentence, sentence_type)VALUES (330, 'Person doing a trick wheelie on a motorcycle', 'auto');
INSERT INTO Words ( sentence_id,word_ID ,word,pos)VALUES (330, 1, 'Person', 'NN'), (330, 2, 'doing', 'VBG'), (330, 3, 'a', 'DT'), (330, 4, 'trick', 'NN'), (330, 5, 'wheelie', 'NN'), (330, 6, 'on', 'IN'), (330, 7, 'a', 'DT'), (330, 8, 'motorcycle', 'NN');
INSERT INTO triples (sentence_id, predicate_id,relation,arg_start_id,arg_end_id,triple_type)VALUES (330, 1, 'Location',6, 8, 'auto'), (330, 2, 'Agent',1, 1, 'auto'), (330, 2, 'Patient',5, 5, 'auto'), (330, 2, 'Location',6, 8, 'auto');
INSERT INTO Sentences (sentence_id, sentence, sentence_type)VALUES (331, 'A biker in red rides in the countryside', 'auto');
INSERT INTO Words ( sentence_id,word_ID ,word,pos)VALUES (331, 1, 'A', 'DT'), (331, 2, 'biker', 'NN'), (331, 3, 'in', 'IN'), (331, 4, 'red', 'JJ'), (331, 5, 'rides', 'VBZ'), (331, 6, 'in', 'IN'), (331, 7, 'the', 'DT'), (331, 8, 'countryside', 'NN');
INSERT INTO triples (sentence_id, predicate_id,relation,arg_start_id,arg_end_id,triple_type)VALUES (331, 5, 'Agent',2, 2, 'auto'), (331, 5, 'Location',6, 8, 'auto');
INSERT INTO Sentences (sentence_id, sentence, sentence_type)VALUES (332, 'A biker on a dirt path', 'auto');
INSERT INTO Words ( sentence_id,word_ID ,word,pos)VALUES (332, 1, 'A', 'DT'), (332, 2, 'biker', 'NN'), (332, 3, 'on', 'IN'), (332, 4, 'a', 'DT'), (332, 5, 'dirt', 'NN'), (332, 6, 'path', 'NN');
INSERT INTO Sentences (sentence_id, sentence, sentence_type)VALUES (333, 'A person rides a bike off the top of a hill and is airborne', 'auto');
INSERT INTO Words ( sentence_id,word_ID ,word,pos)VALUES (333, 1, 'A', 'DT'), (333, 2, 'person', 'NN'), (333, 3, 'rides', 'VBZ'), (333, 4, 'a', 'DT'), (333, 5, 'bike', 'NN'), (333, 6, 'off', 'IN'), (333, 7, 'the', 'DT'), (333, 8, 'top', 'NN'), (333, 9, 'of', 'IN'), (333, 10, 'a', 'DT'), (333, 11, 'hill', 'NN'), (333, 12, 'and', 'CC'), (333, 13, 'is', 'VBZ'), (333, 14, 'airborne', 'JJ');
INSERT INTO triples (sentence_id, predicate_id,relation,arg_start_id,arg_end_id,triple_type)VALUES (333, 3, 'Agent',2, 2, 'auto'), (333, 3, 'Patient',4, 5, 'auto'), (333, 3, 'Source',6, 8, 'auto'), (333, 13, 'Patient',2, 2, 'auto'), (333, 13, 'Attribute',14, 14, 'auto');
INSERT INTO Sentences (sentence_id, sentence, sentence_type)VALUES (334, 'A person riding a bmx bike on a dirt course', 'auto');
INSERT INTO Words ( sentence_id,word_ID ,word,pos)VALUES (334, 1, 'A', 'DT'), (334, 2, 'person', 'NN'), (334, 3, 'riding', 'VBG'), (334, 4, 'a', 'DT'), (334, 5, 'bmx', 'NN'), (334, 6, 'bike', 'NN'), (334, 7, 'on', 'IN'), (334, 8, 'a', 'DT'), (334, 9, 'dirt', 'NN'), (334, 10, 'course', 'NN');
INSERT INTO triples (sentence_id, predicate_id,relation,arg_start_id,arg_end_id,triple_type)VALUES (334, 3, 'Agent',2, 2, 'auto'), (334, 3, 'Patient',5, 6, 'auto'), (334, 3, 'Location',7, 10, 'auto'), (334, 6, 'Location',7, 10, 'auto');
INSERT INTO Sentences (sentence_id, sentence, sentence_type)VALUES (335, 'The person on the bicycle is wearing red', 'auto');
INSERT INTO Words ( sentence_id,word_ID ,word,pos)VALUES (335, 1, 'The', 'DT'), (335, 2, 'person', 'NN'), (335, 3, 'on', 'IN'), (335, 4, 'the', 'DT'), (335, 5, 'bicycle', 'NN'), (335, 6, 'is', 'VBZ'), (335, 7, 'wearing', 'VBG'), (335, 8, 'red', 'JJ');
INSERT INTO triples (sentence_id, predicate_id,relation,arg_start_id,arg_end_id,triple_type)VALUES (335, 2, 'Location',3, 5, 'auto'), (335, 2, 'Property',7, 8, 'auto'), (335, 7, 'Agent',2, 2, 'auto'), (335, 7, 'Patient',8, 8, 'auto');
INSERT INTO Sentences (sentence_id, sentence, sentence_type)VALUES (336, 'A gas station and a car on fire', 'auto');
INSERT INTO Words ( sentence_id,word_ID ,word,pos)VALUES (336, 1, 'A', 'DT'), (336, 2, 'gas', 'NN'), (336, 3, 'station', 'NN'), (336, 4, 'and', 'CC'), (336, 5, 'a', 'DT'), (336, 6, 'car', 'NN'), (336, 7, 'on', 'IN'), (336, 8, 'fire', 'NN');
INSERT INTO triples (sentence_id, predicate_id,relation,arg_start_id,arg_end_id,triple_type)VALUES (336, 6, 'Location',7, 8, 'auto');
INSERT INTO Sentences (sentence_id, sentence, sentence_type)VALUES (337, 'A large explosion occured near a red car at a gas station', 'auto');
INSERT INTO Words ( sentence_id,word_ID ,word,pos)VALUES (337, 1, 'A', 'DT'), (337, 2, 'large', 'JJ'), (337, 3, 'explosion', 'NN'), (337, 4, 'occured', 'VBD'), (337, 5, 'near', 'IN'), (337, 6, 'a', 'DT'), (337, 7, 'red', 'JJ'), (337, 8, 'car', 'NN'), (337, 9, 'at', 'IN'), (337, 10, 'a', 'DT'), (337, 11, 'gas', 'NN'), (337, 12, 'station', 'NN');
INSERT INTO triples (sentence_id, predicate_id,relation,arg_start_id,arg_end_id,triple_type)VALUES (337, 4, 'Location',5, 8, 'auto'), (337, 8, 'Property',6, 7, 'auto'), (337, 8, 'Location',9, 12, 'auto');
INSERT INTO Sentences (sentence_id, sentence, sentence_type)VALUES (338, 'A red car is caught in an explosion', 'auto');
INSERT INTO Words ( sentence_id,word_ID ,word,pos)VALUES (338, 1, 'A', 'DT'), (338, 2, 'red', 'JJ'), (338, 3, 'car', 'NN'), (338, 4, 'is', 'VBZ'), (338, 5, 'caught', 'VBN'), (338, 6, 'in', 'IN'), (338, 7, 'an', 'DT'), (338, 8, 'explosion', 'NN');
INSERT INTO triples (sentence_id, predicate_id,relation,arg_start_id,arg_end_id,triple_type)VALUES (338, 3, 'Property',2, 2, 'auto'), (338, 5, 'Patient',2, 3, 'auto'), (338, 5, 'Location',6, 8, 'auto');
INSERT INTO Sentences (sentence_id, sentence, sentence_type)VALUES (339, 'a red car is leaping through a ball of fire', 'auto');
INSERT INTO Words ( sentence_id,word_ID ,word,pos)VALUES (339, 1, 'a', 'DT'), (339, 2, 'red', 'JJ'), (339, 3, 'car', 'NN'), (339, 4, 'is', 'VBZ'), (339, 5, 'leaping', 'VBG'), (339, 6, 'through', 'IN'), (339, 7, 'a', 'DT'), (339, 8, 'ball', 'NN'), (339, 9, 'of', 'IN'), (339, 10, 'fire', 'NN');
INSERT INTO triples (sentence_id, predicate_id,relation,arg_start_id,arg_end_id,triple_type)VALUES (339, 3, 'Location',6, 9, 'auto'), (339, 3, 'Property',10, 10, 'auto'), (339, 5, 'Agent',3, 3, 'auto'), (339, 5, 'Location',6, 6, 'auto'), (339, 5, 'Patient',9, 10, 'auto');
INSERT INTO Sentences (sentence_id, sentence, sentence_type)VALUES (340, 'Flames at gas pumps engulf a red car', 'auto');
INSERT INTO Words ( sentence_id,word_ID ,word,pos)VALUES (340, 1, 'Flames', 'NNS'), (340, 2, 'at', 'IN'), (340, 3, 'gas', 'NN'), (340, 4, 'pumps', 'VBP'), (340, 5, 'engulf', 'NN'), (340, 6, 'a', 'DT'), (340, 7, 'red', 'JJ'), (340, 8, 'car', 'NN');
INSERT INTO triples (sentence_id, predicate_id,relation,arg_start_id,arg_end_id,triple_type)VALUES (340, 4, 'Patient',1, 2, 'auto'), (340, 4, 'Agent',3, 3, 'auto'), (340, 4, 'Destination',5, 5, 'auto'), (340, 8, 'Property',1, 4, 'auto'), (340, 8, 'Location',7, 7, 'auto');
INSERT INTO Sentences (sentence_id, sentence, sentence_type)VALUES (341, 'A shirtless dark haired boy in gray shorts is running', 'auto');
INSERT INTO Words ( sentence_id,word_ID ,word,pos)VALUES (341, 1, 'A', 'DT'), (341, 2, 'shirtless', 'JJ'), (341, 3, 'dark', 'JJ'), (341, 4, 'haired', 'JJ'), (341, 5, 'boy', 'NN'), (341, 6, 'in', 'IN'), (341, 7, 'gray', 'JJ'), (341, 8, 'shorts', 'NNS'), (341, 9, 'is', 'VBZ'), (341, 10, 'running', 'VBG');
INSERT INTO triples (sentence_id, predicate_id,relation,arg_start_id,arg_end_id,triple_type)VALUES (341, 5, 'Property',6, 8, 'auto'), (341, 10, 'Agent',5, 5, 'auto');
INSERT INTO Sentences (sentence_id, sentence, sentence_type)VALUES (342, 'a skinny young man running with no shirt on', 'auto');
INSERT INTO Words ( sentence_id,word_ID ,word,pos)VALUES (342, 1, 'a', 'DT'), (342, 2, 'skinny', 'JJ'), (342, 3, 'young', 'JJ'), (342, 4, 'man', 'NN'), (342, 5, 'running', 'VBG'), (342, 6, 'with', 'IN'), (342, 7, 'no', 'DT'), (342, 8, 'shirt', 'NN'), (342, 9, 'on', 'IN');
INSERT INTO triples (sentence_id, predicate_id,relation,arg_start_id,arg_end_id,triple_type)VALUES (342, 4, 'Property',6, 8, 'auto'), (342, 5, 'Agent',2, 4, 'auto');
INSERT INTO Sentences (sentence_id, sentence, sentence_type)VALUES (343, 'a small boy in blue shorts running down a sidewalk with flowers in the background', 'auto');
INSERT INTO Words ( sentence_id,word_ID ,word,pos)VALUES (343, 1, 'a', 'DT'), (343, 2, 'small', 'JJ'), (343, 3, 'boy', 'NN'), (343, 4, 'in', 'IN'), (343, 5, 'blue', 'JJ'), (343, 6, 'shorts', 'NNS'), (343, 7, 'running', 'VBG'), (343, 8, 'down', 'RP'), (343, 9, 'a', 'DT'), (343, 10, 'sidewalk', 'NN'), (343, 11, 'with', 'IN'), (343, 12, 'flowers', 'NNS'), (343, 13, 'in', 'IN'), (343, 14, 'the', 'DT'), (343, 15, 'background', 'NN');
INSERT INTO triples (sentence_id, predicate_id,relation,arg_start_id,arg_end_id,triple_type)VALUES (343, 3, 'Property',4, 6, 'auto'), (343, 7, 'Agent',2, 4, 'auto'), (343, 7, 'Destination',8, 10, 'auto'), (343, 12, 'Location',13, 15, 'auto');
INSERT INTO Sentences (sentence_id, sentence, sentence_type)VALUES (344, 'A small boy , wearing shorts and no shirt , is running outdoors', 'auto');
INSERT INTO Words ( sentence_id,word_ID ,word,pos)VALUES (344, 1, 'A', 'DT'), (344, 2, 'small', 'JJ'), (344, 3, 'boy', 'NN'), (344, 4, ',', ','), (344, 5, 'wearing', 'VBG'), (344, 6, 'shorts', 'NNS'), (344, 7, 'and', 'CC'), (344, 8, 'no', 'DT'), (344, 9, 'shirt', 'NN'), (344, 10, ',', ','), (344, 11, 'is', 'VBZ'), (344, 12, 'running', 'VBG'), (344, 13, 'outdoors', 'RB');
INSERT INTO triples (sentence_id, predicate_id,relation,arg_start_id,arg_end_id,triple_type)VALUES (344, 3, 'Property',5, 9, 'auto'), (344, 5, 'Agent',3, 3, 'auto'), (344, 5, 'Patient',5, 8, 'auto'), (344, 12, 'Agent',3, 3, 'auto'), (344, 12, 'Destination',13, 13, 'auto');
INSERT INTO Sentences (sentence_id, sentence, sentence_type)VALUES (345, 'The boy who is walking is wearing grey shorts and no shirt', 'auto');
INSERT INTO Words ( sentence_id,word_ID ,word,pos)VALUES (345, 1, 'The', 'DT'), (345, 2, 'boy', 'NN'), (345, 3, 'who', 'WP'), (345, 4, 'is', 'VBZ'), (345, 5, 'walking', 'VBG'), (345, 6, 'is', 'VBZ'), (345, 7, 'wearing', 'VBG'), (345, 8, 'grey', 'JJ'), (345, 9, 'shorts', 'NNS'), (345, 10, 'and', 'CC'), (345, 11, 'no', 'DT'), (345, 12, 'shirt', 'NN');
INSERT INTO triples (sentence_id, predicate_id,relation,arg_start_id,arg_end_id,triple_type)VALUES (345, 2, 'Property',7, 12, 'auto'), (345, 5, 'Agent',2, 2, 'auto'), (345, 7, 'Agent',2, 2, 'auto'), (345, 7, 'Patient',8, 12, 'auto');
INSERT INTO Sentences (sentence_id, sentence, sentence_type)VALUES (346, 'A cowboy covers his head as a jumping horse tramples him', 'auto');
INSERT INTO Words ( sentence_id,word_ID ,word,pos)VALUES (346, 1, 'A', 'DT'), (346, 2, 'cowboy', 'NN'), (346, 3, 'covers', 'VBZ'), (346, 4, 'his', 'PRP$'), (346, 5, 'head', 'NN'), (346, 6, 'as', 'IN'), (346, 7, 'a', 'DT'), (346, 8, 'jumping', 'VBG'), (346, 9, 'horse', 'NN'), (346, 10, 'tramples', 'VBZ'), (346, 11, 'him', 'PRP');
INSERT INTO triples (sentence_id, predicate_id,relation,arg_start_id,arg_end_id,triple_type)VALUES (346, 3, 'Agent',2, 2, 'auto'), (346, 3, 'Patient',4, 5, 'auto'), (346, 8, 'Agent',9, 9, 'auto'), (346, 10, 'Agent',8, 9, 'auto'), (346, 10, 'Patient',11, 11, 'auto');
INSERT INTO Sentences (sentence_id, sentence, sentence_type)VALUES (347, 'A man in a cowboy hat being stepped on by a brown horse', 'auto');
INSERT INTO Words ( sentence_id,word_ID ,word,pos)VALUES (347, 1, 'A', 'DT'), (347, 2, 'man', 'NN'), (347, 3, 'in', 'IN'), (347, 4, 'a', 'DT'), (347, 5, 'cowboy', 'NN'), (347, 6, 'hat', 'NN'), (347, 7, 'being', 'VBG'), (347, 8, 'stepped', 'VBN'), (347, 9, 'on', 'RP'), (347, 10, 'by', 'IN'), (347, 11, 'a', 'DT'), (347, 12, 'brown', 'JJ'), (347, 13, 'horse', 'NN');
INSERT INTO triples (sentence_id, predicate_id,relation,arg_start_id,arg_end_id,triple_type)VALUES (347, 2, 'Property',4, 6, 'auto'), (347, 8, 'Patient',2, 2, 'auto'), (347, 8, 'Agent',11, 13, 'auto');
INSERT INTO Sentences (sentence_id, sentence, sentence_type)VALUES (348, 'A rider has fallen off a horse and is shielding himself from being trampled', 'auto');
INSERT INTO Words ( sentence_id,word_ID ,word,pos)VALUES (348, 1, 'A', 'DT'), (348, 2, 'rider', 'NN'), (348, 3, 'has', 'VBZ'), (348, 4, 'fallen', 'VBN'), (348, 5, 'off', 'RP'), (348, 6, 'a', 'DT'), (348, 7, 'horse', 'NN'), (348, 8, 'and', 'CC'), (348, 9, 'is', 'VBZ'), (348, 10, 'shielding', 'VBG'), (348, 11, 'himself', 'PRP'), (348, 12, 'from', 'IN'), (348, 13, 'being', 'VBG'), (348, 14, 'trampled', 'VBN');
INSERT INTO triples (sentence_id, predicate_id,relation,arg_start_id,arg_end_id,triple_type)VALUES (348, 4, 'Agent',2, 2, 'auto'), (348, 4, 'Source',5, 7, 'auto'), (348, 10, 'Agent',2, 2, 'auto'), (348, 10, 'Patient',11, 11, 'auto'), (348, 10, 'Beneficiary',12, 14, 'auto'), (348, 14, 'Patient',11, 11, 'auto');
INSERT INTO Sentences (sentence_id, sentence, sentence_type)VALUES (349, 'Man with white cowboy hat on the ground behind a brown horse with both front legs off the ground', 'auto');
INSERT INTO Words ( sentence_id,word_ID ,word,pos)VALUES (349, 1, 'Man', 'NN'), (349, 2, 'with', 'IN'), (349, 3, 'white', 'JJ'), (349, 4, 'cowboy', 'NN'), (349, 5, 'hat', 'NN'), (349, 6, 'on', 'IN'), (349, 7, 'the', 'DT'), (349, 8, 'ground', 'NN'), (349, 9, 'behind', 'IN'), (349, 10, 'a', 'DT'), (349, 11, 'brown', 'JJ'), (349, 12, 'horse', 'NN'), (349, 13, 'with', 'IN'), (349, 14, 'both', 'CC'), (349, 15, 'front', 'JJ'), (349, 16, 'legs', 'NNS'), (349, 17, 'off', 'IN'), (349, 18, 'the', 'DT'), (349, 19, 'ground', 'NN');
INSERT INTO triples (sentence_id, predicate_id,relation,arg_start_id,arg_end_id,triple_type)VALUES (349, 1, 'Property',3, 5, 'auto');
INSERT INTO Sentences (sentence_id, sentence, sentence_type)VALUES (350, 'Whoa', 'auto');
INSERT INTO Words ( sentence_id,word_ID ,word,pos)VALUES (350, 1, 'Whoa', 'RB');
INSERT INTO Sentences (sentence_id, sentence, sentence_type)VALUES (351, 'The cowboy is underneath the hoofs of the brown horse and is getting stepped on', 'auto');
INSERT INTO Words ( sentence_id,word_ID ,word,pos)VALUES (351, 1, 'The', 'DT'), (351, 2, 'cowboy', 'NN'), (351, 3, 'is', 'VBZ'), (351, 4, 'underneath', 'IN'), (351, 5, 'the', 'DT'), (351, 6, 'hoofs', 'NNS'), (351, 7, 'of', 'IN'), (351, 8, 'the', 'DT'), (351, 9, 'brown', 'JJ'), (351, 10, 'horse', 'NN'), (351, 11, 'and', 'CC'), (351, 12, 'is', 'VBZ'), (351, 13, 'getting', 'VBG'), (351, 14, 'stepped', 'VBD'), (351, 15, 'on', 'IN');
INSERT INTO triples (sentence_id, predicate_id,relation,arg_start_id,arg_end_id,triple_type)VALUES (351, 2, 'Property',3, 15, 'auto'), (351, 3, 'Patient',2, 2, 'auto'), (351, 3, 'Location',4, 10, 'auto'), (351, 14, 'Patient',2, 2, 'auto');
INSERT INTO Sentences (sentence_id, sentence, sentence_type)VALUES (352, 'A girl jumps over water at the beach', 'auto');
INSERT INTO Words ( sentence_id,word_ID ,word,pos)VALUES (352, 1, 'A', 'DT'), (352, 2, 'girl', 'NN'), (352, 3, 'jumps', 'VBZ'), (352, 4, 'over', 'IN'), (352, 5, 'water', 'NN'), (352, 6, 'at', 'IN'), (352, 7, 'the', 'DT'), (352, 8, 'beach', 'NN');
INSERT INTO triples (sentence_id, predicate_id,relation,arg_start_id,arg_end_id,triple_type)VALUES (352, 3, 'Agent',2, 2, 'auto'), (352, 3, 'Destination',4, 5, 'auto'), (352, 3, 'Location',6, 8, 'auto');
INSERT INTO Sentences (sentence_id, sentence, sentence_type)VALUES (353, 'a lone person wearing a purple tank top running on the shore at the beach', 'auto');
INSERT INTO Words ( sentence_id,word_ID ,word,pos)VALUES (353, 1, 'a', 'DT'), (353, 2, 'lone', 'JJ'), (353, 3, 'person', 'NN'), (353, 4, 'wearing', 'VBG'), (353, 5, 'a', 'DT'), (353, 6, 'purple', 'JJ'), (353, 7, 'tank', 'NN'), (353, 8, 'top', 'JJ'), (353, 9, 'running', 'VBG'), (353, 10, 'on', 'IN'), (353, 11, 'the', 'DT'), (353, 12, 'shore', 'NN'), (353, 13, 'at', 'IN'), (353, 14, 'the', 'DT'), (353, 15, 'beach', 'NN');
INSERT INTO triples (sentence_id, predicate_id,relation,arg_start_id,arg_end_id,triple_type)VALUES (353, 3, 'Property',2, 2, 'auto'), (353, 3, 'Location',10, 15, 'auto'), (353, 4, 'Agent',3, 3, 'auto'), (353, 4, 'Patient',5, 8, 'auto'), (353, 9, 'Agent',3, 3, 'auto'), (353, 9, 'Location',10, 15, 'auto');
INSERT INTO Sentences (sentence_id, sentence, sentence_type)VALUES (354, 'A woman leaps across the beach', 'auto');
INSERT INTO Words ( sentence_id,word_ID ,word,pos)VALUES (354, 1, 'A', 'DT'), (354, 2, 'woman', 'NN'), (354, 3, 'leaps', 'VBZ'), (354, 4, 'across', 'IN'), (354, 5, 'the', 'DT'), (354, 6, 'beach', 'NN');
INSERT INTO triples (sentence_id, predicate_id,relation,arg_start_id,arg_end_id,triple_type)VALUES (354, 2, 'Property',3, 6, 'auto'), (354, 3, 'Agent',2, 2, 'auto'), (354, 3, 'Location',6, 6, 'auto');
INSERT INTO Sentences (sentence_id, sentence, sentence_type)VALUES (355, 'The woman is wearing a purple shirt and runs on the beach', 'auto');
INSERT INTO Words ( sentence_id,word_ID ,word,pos)VALUES (355, 1, 'The', 'DT'), (355, 2, 'woman', 'NN'), (355, 3, 'is', 'VBZ'), (355, 4, 'wearing', 'VBG'), (355, 5, 'a', 'DT'), (355, 6, 'purple', 'JJ'), (355, 7, 'shirt', 'NN'), (355, 8, 'and', 'CC'), (355, 9, 'runs', 'VBZ'), (355, 10, 'on', 'IN'), (355, 11, 'the', 'DT'), (355, 12, 'beach', 'NN');
INSERT INTO triples (sentence_id, predicate_id,relation,arg_start_id,arg_end_id,triple_type)VALUES (355, 4, 'Agent',2, 2, 'auto'), (355, 4, 'Patient',5, 7, 'auto'), (355, 9, 'Agent',2, 2, 'auto'), (355, 9, 'Location',10, 12, 'auto');
INSERT INTO Sentences (sentence_id, sentence, sentence_type)VALUES (356, 'Woman on beach , running from water to trees', 'auto');
INSERT INTO Words ( sentence_id,word_ID ,word,pos)VALUES (356, 1, 'Woman', 'NNP'), (356, 2, 'on', 'IN'), (356, 3, 'beach', 'NN'), (356, 4, ',', ','), (356, 5, 'running', 'VBG'), (356, 6, 'from', 'IN'), (356, 7, 'water', 'NN'), (356, 8, 'to', 'TO'), (356, 9, 'trees', 'NNS');
INSERT INTO triples (sentence_id, predicate_id,relation,arg_start_id,arg_end_id,triple_type)VALUES (356, 5, 'Agent',1, 1, 'auto'), (356, 5, 'Patient',3, 4, 'auto'), (356, 5, 'Location',6, 6, 'auto'), (356, 5, 'Beneficiary',8, 8, 'auto'), (356, 7, 'Location',6, 6, 'auto'), (356, 9, 'Location',2, 2, 'auto'), (356, 9, 'Property',4, 5, 'auto');
INSERT INTO Sentences (sentence_id, sentence, sentence_type)VALUES (357, 'A close-up shot of a long haired man playing a red electric guitar', 'auto');
INSERT INTO Words ( sentence_id,word_ID ,word,pos)VALUES (357, 1, 'A', 'DT'), (357, 2, 'close-up', 'NN'), (357, 3, 'shot', 'NN'), (357, 4, 'of', 'IN'), (357, 5, 'a', 'DT'), (357, 6, 'long', 'JJ'), (357, 7, 'haired', 'JJ'), (357, 8, 'man', 'NN'), (357, 9, 'playing', 'VBG'), (357, 10, 'a', 'DT'), (357, 11, 'red', 'JJ'), (357, 12, 'electric', 'JJ'), (357, 13, 'guitar', 'NN');
INSERT INTO triples (sentence_id, predicate_id,relation,arg_start_id,arg_end_id,triple_type)VALUES (357, 8, 'Property',6, 7, 'auto'), (357, 9, 'Agent',8, 8, 'auto'), (357, 9, 'Patient',10, 13, 'auto');
INSERT INTO Sentences (sentence_id, sentence, sentence_type)VALUES (358, 'A man rocks out on stage with his guitar', 'auto');
INSERT INTO Words ( sentence_id,word_ID ,word,pos)VALUES (358, 1, 'A', 'DT'), (358, 2, 'man', 'NN'), (358, 3, 'rocks', 'VBZ'), (358, 4, 'out', 'RP'), (358, 5, 'on', 'IN'), (358, 6, 'stage', 'NN'), (358, 7, 'with', 'IN'), (358, 8, 'his', 'PRP$'), (358, 9, 'guitar', 'NN');
INSERT INTO triples (sentence_id, predicate_id,relation,arg_start_id,arg_end_id,triple_type)VALUES (358, 2, 'Location',6, 6, 'auto'), (358, 2, 'Property',7, 9, 'auto'), (358, 3, 'Agent',2, 2, 'auto'), (358, 3, 'Location',5, 5, 'auto'), (358, 3, 'Patient',6, 9, 'auto');
INSERT INTO Sentences (sentence_id, sentence, sentence_type)VALUES (359, 'A man with long blonde hair playing a red guitar', 'auto');
INSERT INTO Words ( sentence_id,word_ID ,word,pos)VALUES (359, 1, 'A', 'DT'), (359, 2, 'man', 'NN'), (359, 3, 'with', 'IN'), (359, 4, 'long', 'JJ'), (359, 5, 'blonde', 'JJ'), (359, 6, 'hair', 'NN'), (359, 7, 'playing', 'VBG'), (359, 8, 'a', 'DT'), (359, 9, 'red', 'JJ'), (359, 10, 'guitar', 'NN');
INSERT INTO triples (sentence_id, predicate_id,relation,arg_start_id,arg_end_id,triple_type)VALUES (359, 2, 'Property',3, 6, 'auto'), (359, 7, 'Agent',2, 2, 'auto'), (359, 7, 'Patient',9, 10, 'auto');
INSERT INTO Sentences (sentence_id, sentence, sentence_type)VALUES (360, 'Man with long blond hair playing red electric guitar', 'auto');
INSERT INTO Words ( sentence_id,word_ID ,word,pos)VALUES (360, 1, 'Man', 'NN'), (360, 2, 'with', 'IN'), (360, 3, 'long', 'JJ'), (360, 4, 'blond', 'JJ'), (360, 5, 'hair', 'NN'), (360, 6, 'playing', 'VBG'), (360, 7, 'red', 'JJ'), (360, 8, 'electric', 'JJ'), (360, 9, 'guitar', 'NN');
INSERT INTO triples (sentence_id, predicate_id,relation,arg_start_id,arg_end_id,triple_type)VALUES (360, 1, 'Property',2, 9, 'auto'), (360, 6, 'Agent',1, 1, 'auto'), (360, 6, 'Patient',7, 9, 'auto');
INSERT INTO Sentences (sentence_id, sentence, sentence_type)VALUES (361, 'Person with blonde flyaway hair playing guitar', 'auto');
INSERT INTO Words ( sentence_id,word_ID ,word,pos)VALUES (361, 1, 'Person', 'NN'), (361, 2, 'with', 'IN'), (361, 3, 'blonde', 'JJ'), (361, 4, 'flyaway', 'NN'), (361, 5, 'hair', 'NN'), (361, 6, 'playing', 'VBG'), (361, 7, 'guitar', 'NN');
INSERT INTO triples (sentence_id, predicate_id,relation,arg_start_id,arg_end_id,triple_type)VALUES (361, 1, 'Property',2, 7, 'auto'), (361, 6, 'Agent',1, 1, 'auto'), (361, 6, 'Patient',7, 7, 'auto');
INSERT INTO Sentences (sentence_id, sentence, sentence_type)VALUES (362, 'A man doing a karate kick on a block of ice', 'auto');
INSERT INTO Words ( sentence_id,word_ID ,word,pos)VALUES (362, 1, 'A', 'DT'), (362, 2, 'man', 'NN'), (362, 3, 'doing', 'VBG'), (362, 4, 'a', 'DT'), (362, 5, 'karate', 'NN'), (362, 6, 'kick', 'NN'), (362, 7, 'on', 'IN'), (362, 8, 'a', 'DT'), (362, 9, 'block', 'NN'), (362, 10, 'of', 'IN'), (362, 11, 'ice', 'NN');
INSERT INTO triples (sentence_id, predicate_id,relation,arg_start_id,arg_end_id,triple_type)VALUES (362, 3, 'Agent',2, 2, 'auto'), (362, 3, 'Patient',5, 6, 'auto'), (362, 3, 'Location',7, 9, 'auto');
INSERT INTO Sentences (sentence_id, sentence, sentence_type)VALUES (363, 'A man karate kicks a stack of ice bricks', 'auto');
INSERT INTO Words ( sentence_id,word_ID ,word,pos)VALUES (363, 1, 'A', 'DT'), (363, 2, 'man', 'NN'), (363, 3, 'karate', 'VB'), (363, 4, 'kicks', 'VBZ'), (363, 5, 'a', 'DT'), (363, 6, 'stack', 'NN'), (363, 7, 'of', 'IN'), (363, 8, 'ice', 'NN'), (363, 9, 'bricks', 'NNS');
INSERT INTO triples (sentence_id, predicate_id,relation,arg_start_id,arg_end_id,triple_type)VALUES (363, 4, 'Agent',2, 2, 'auto'), (363, 4, 'Patient',9, 9, 'auto');
INSERT INTO Sentences (sentence_id, sentence, sentence_type)VALUES (364, 'A martial artist breaks a brick', 'auto');
INSERT INTO Words ( sentence_id,word_ID ,word,pos)VALUES (364, 1, 'A', 'DT'), (364, 2, 'martial', 'JJ'), (364, 3, 'artist', 'NN'), (364, 4, 'breaks', 'VBZ'), (364, 5, 'a', 'DT'), (364, 6, 'brick', 'NN');
INSERT INTO triples (sentence_id, predicate_id,relation,arg_start_id,arg_end_id,triple_type)VALUES (364, 4, 'Agent',3, 3, 'auto'), (364, 4, 'Patient',5, 6, 'auto');
INSERT INTO Sentences (sentence_id, sentence, sentence_type)VALUES (365, 'A martial artist breaks ice with a kick', 'auto');
INSERT INTO Words ( sentence_id,word_ID ,word,pos)VALUES (365, 1, 'A', 'DT'), (365, 2, 'martial', 'JJ'), (365, 3, 'artist', 'NN'), (365, 4, 'breaks', 'VBZ'), (365, 5, 'ice', 'NN'), (365, 6, 'with', 'IN'), (365, 7, 'a', 'DT'), (365, 8, 'kick', 'NN');
INSERT INTO triples (sentence_id, predicate_id,relation,arg_start_id,arg_end_id,triple_type)VALUES (365, 4, 'Agent',2, 3, 'auto'), (365, 4, 'Patient',5, 5, 'auto'), (365, 4, 'Instrument',6, 8, 'auto');
INSERT INTO Sentences (sentence_id, sentence, sentence_type)VALUES (366, 'The man breaking the ice with his foot stands on a blue mat', 'auto');
INSERT INTO Words ( sentence_id,word_ID ,word,pos)VALUES (366, 1, 'The', 'DT'), (366, 2, 'man', 'NN'), (366, 3, 'breaking', 'VBG'), (366, 4, 'the', 'DT'), (366, 5, 'ice', 'NN'), (366, 6, 'with', 'IN'), (366, 7, 'his', 'PRP$'), (366, 8, 'foot', 'NN'), (366, 9, 'stands', 'VBZ'), (366, 10, 'on', 'IN'), (366, 11, 'a', 'DT'), (366, 12, 'blue', 'JJ'), (366, 13, 'mat', 'NN');
INSERT INTO triples (sentence_id, predicate_id,relation,arg_start_id,arg_end_id,triple_type)VALUES (366, 2, 'Property',3, 8, 'auto'), (366, 2, 'Location',10, 13, 'auto'), (366, 3, 'Agent',2, 2, 'auto'), (366, 3, 'Patient',4, 5, 'auto'), (366, 3, 'Instrument',6, 8, 'auto'), (366, 3, 'Location',10, 13, 'auto'), (366, 9, 'Agent',2, 2, 'auto'), (366, 9, 'Location',10, 13, 'auto');
INSERT INTO Sentences (sentence_id, sentence, sentence_type)VALUES (367, 'A boy on a biciycle rides the ledge of water fountain while another boy is in the fountain', 'auto');
INSERT INTO Words ( sentence_id,word_ID ,word,pos)VALUES (367, 1, 'A', 'DT'), (367, 2, 'boy', 'NN'), (367, 3, 'on', 'IN'), (367, 4, 'a', 'DT'), (367, 5, 'biciycle', 'NN'), (367, 6, 'rides', 'VBZ'), (367, 7, 'the', 'DT'), (367, 8, 'ledge', 'NN'), (367, 9, 'of', 'IN'), (367, 10, 'water', 'NN'), (367, 11, 'fountain', 'NN'), (367, 12, 'while', 'IN'), (367, 13, 'another', 'DT'), (367, 14, 'boy', 'NN'), (367, 15, 'is', 'VBZ'), (367, 16, 'in', 'IN'), (367, 17, 'the', 'DT'), (367, 18, 'fountain', 'NN');
INSERT INTO triples (sentence_id, predicate_id,relation,arg_start_id,arg_end_id,triple_type)VALUES (367, 2, 'Location',3, 5, 'auto'), (367, 6, 'Agent',2, 2, 'auto'), (367, 6, 'Attribute',7, 8, 'auto'), (367, 6, 'Patient',10, 11, 'auto'), (367, 15, 'Patient',13, 14, 'auto'), (367, 15, 'Location',16, 18, 'auto');
INSERT INTO Sentences (sentence_id, sentence, sentence_type)VALUES (368, 'A man on a bike tries to do a trick on the railing of an outdoor fountain', 'auto');
INSERT INTO Words ( sentence_id,word_ID ,word,pos)VALUES (368, 1, 'A', 'DT'), (368, 2, 'man', 'NN'), (368, 3, 'on', 'IN'), (368, 4, 'a', 'DT'), (368, 5, 'bike', 'NN'), (368, 6, 'tries', 'VBZ'), (368, 7, 'to', 'TO'), (368, 8, 'do', 'VB'), (368, 9, 'a', 'DT'), (368, 10, 'trick', 'NN'), (368, 11, 'on', 'IN'), (368, 12, 'the', 'DT'), (368, 13, 'railing', 'NN'), (368, 14, 'of', 'IN'), (368, 15, 'an', 'DT'), (368, 16, 'outdoor', 'JJ'), (368, 17, 'fountain', 'NN');
INSERT INTO triples (sentence_id, predicate_id,relation,arg_start_id,arg_end_id,triple_type)VALUES (368, 2, 'Location',3, 5, 'auto'), (368, 5, 'Location',11, 13, 'auto'), (368, 6, 'Agent',2, 2, 'auto'), (368, 6, 'Beneficiary',7, 10, 'auto'), (368, 8, 'Agent',2, 2, 'auto'), (368, 8, 'Patient',9, 10, 'auto'), (368, 8, 'Location',11, 13, 'auto');
INSERT INTO Sentences (sentence_id, sentence, sentence_type)VALUES (369, 'a man wearing a blue shirt and hat jumping on one wheel on a fountain ledge', 'auto');
INSERT INTO Words ( sentence_id,word_ID ,word,pos)VALUES (369, 1, 'a', 'DT'), (369, 2, 'man', 'NN'), (369, 3, 'wearing', 'VBG'), (369, 4, 'a', 'DT'), (369, 5, 'blue', 'JJ'), (369, 6, 'shirt', 'NN'), (369, 7, 'and', 'CC'), (369, 8, 'hat', 'NN'), (369, 9, 'jumping', 'VBG'), (369, 10, 'on', 'IN'), (369, 11, 'one', 'CD'), (369, 12, 'wheel', 'NN'), (369, 13, 'on', 'IN'), (369, 14, 'a', 'DT'), (369, 15, 'fountain', 'NN'), (369, 16, 'ledge', 'NN');
INSERT INTO triples (sentence_id, predicate_id,relation,arg_start_id,arg_end_id,triple_type)VALUES (369, 3, 'Agent',2, 2, 'auto'), (369, 3, 'Patient',4, 8, 'auto'), (369, 9, 'Agent',2, 2, 'auto'), (369, 9, 'Location',10, 12, 'auto'), (369, 12, 'Location',13, 16, 'auto');
INSERT INTO Sentences (sentence_id, sentence, sentence_type)VALUES (370, 'A young man on a bike balances one wheel on the edge of a fountain in a city park', 'auto');
INSERT INTO Words ( sentence_id,word_ID ,word,pos)VALUES (370, 1, 'A', 'DT'), (370, 2, 'young', 'JJ'), (370, 3, 'man', 'NN'), (370, 4, 'on', 'IN'), (370, 5, 'a', 'DT'), (370, 6, 'bike', 'NN'), (370, 7, 'balances', 'VBZ'), (370, 8, 'one', 'CD'), (370, 9, 'wheel', 'NN'), (370, 10, 'on', 'IN'), (370, 11, 'the', 'DT'), (370, 12, 'edge', 'NN'), (370, 13, 'of', 'IN'), (370, 14, 'a', 'DT'), (370, 15, 'fountain', 'NN'), (370, 16, 'in', 'IN'), (370, 17, 'a', 'DT'), (370, 18, 'city', 'NN'), (370, 19, 'park', 'NN');
INSERT INTO triples (sentence_id, predicate_id,relation,arg_start_id,arg_end_id,triple_type)VALUES (370, 3, 'Property',6, 11, 'auto'), (370, 3, 'Location',15, 15, 'auto'), (370, 6, 'Property',1, 3, 'auto'), (370, 6, 'Location',4, 5, 'auto'), (370, 7, 'Agent',2, 3, 'auto'), (370, 7, 'Instrument',5, 5, 'auto'), (370, 7, 'Patient',8, 8, 'auto'), (370, 7, 'Location',14, 16, 'auto'), (370, 8, 'Location',10, 19, 'auto'), (370, 9, 'Location',10, 19, 'auto');
INSERT INTO Sentences (sentence_id, sentence, sentence_type)VALUES (371, 'The guy on his bike does a jump near a water fountain', 'auto');
INSERT INTO Words ( sentence_id,word_ID ,word,pos)VALUES (371, 1, 'The', 'DT'), (371, 2, 'guy', 'NN'), (371, 3, 'on', 'IN'), (371, 4, 'his', 'PRP$'), (371, 5, 'bike', 'NN'), (371, 6, 'does', 'VBZ'), (371, 7, 'a', 'DT'), (371, 8, 'jump', 'NN'), (371, 9, 'near', 'IN'), (371, 10, 'a', 'DT'), (371, 11, 'water', 'NN'), (371, 12, 'fountain', 'NN');
INSERT INTO triples (sentence_id, predicate_id,relation,arg_start_id,arg_end_id,triple_type)VALUES (371, 2, 'Property',3, 12, 'auto'), (371, 5, 'Property',3, 4, 'auto'), (371, 5, 'Location',8, 12, 'auto'), (371, 11, 'Location',9, 10, 'auto');
INSERT INTO Sentences (sentence_id, sentence, sentence_type)VALUES (372, 'Acrobatic entertainers with no shirts perform for spectators', 'auto');
INSERT INTO Words ( sentence_id,word_ID ,word,pos)VALUES (372, 1, 'Acrobatic', 'JJ'), (372, 2, 'entertainers', 'NNS'), (372, 3, 'with', 'IN'), (372, 4, 'no', 'DT'), (372, 5, 'shirts', 'NNS'), (372, 6, 'perform', 'VBP'), (372, 7, 'for', 'IN'), (372, 8, 'spectators', 'NNS');
INSERT INTO triples (sentence_id, predicate_id,relation,arg_start_id,arg_end_id,triple_type)VALUES (372, 6, 'Agent',1, 2, 'auto'), (372, 6, 'Patient',3, 4, 'auto'), (372, 6, 'Beneficiary',7, 7, 'auto');
INSERT INTO Sentences (sentence_id, sentence, sentence_type)VALUES (373, 'a midget jumps over another midget', 'auto');
INSERT INTO Words ( sentence_id,word_ID ,word,pos)VALUES (373, 1, 'a', 'DT'), (373, 2, 'midget', 'NN'), (373, 3, 'jumps', 'VBZ'), (373, 4, 'over', 'IN'), (373, 5, 'another', 'DT'), (373, 6, 'midget', 'NN');
INSERT INTO triples (sentence_id, predicate_id,relation,arg_start_id,arg_end_id,triple_type)VALUES (373, 3, 'Agent',2, 2, 'auto'), (373, 3, 'Location',4, 4, 'auto'), (373, 3, 'Patient',5, 5, 'auto');
INSERT INTO Sentences (sentence_id, sentence, sentence_type)VALUES (374, 'Two men in bowler hats and Union Jack underwear perform acrobatics', 'auto');
INSERT INTO Words ( sentence_id,word_ID ,word,pos)VALUES (374, 1, 'Two', 'CD'), (374, 2, 'men', 'NNS'), (374, 3, 'in', 'IN'), (374, 4, 'bowler', 'NN'), (374, 5, 'hats', 'NNS'), (374, 6, 'and', 'CC'), (374, 7, 'Union', 'NNP'), (374, 8, 'Jack', 'NNP'), (374, 9, 'underwear', 'NN'), (374, 10, 'perform', 'VB'), (374, 11, 'acrobatics', 'NNS');
INSERT INTO triples (sentence_id, predicate_id,relation,arg_start_id,arg_end_id,triple_type)VALUES (374, 10, 'Agent',2, 2, 'auto'), (374, 10, 'Patient',11, 11, 'auto');
INSERT INTO Sentences (sentence_id, sentence, sentence_type)VALUES (375, 'Two men scantily clad performing acrobatic moves in front of a crowd', 'auto');
INSERT INTO Words ( sentence_id,word_ID ,word,pos)VALUES (375, 1, 'Two', 'CD'), (375, 2, 'men', 'NNS'), (375, 3, 'scantily', 'RB'), (375, 4, 'clad', 'VBD'), (375, 5, 'performing', 'VBG'), (375, 6, 'acrobatic', 'JJ'), (375, 7, 'moves', 'NNS'), (375, 8, 'in', 'IN'), (375, 9, 'front', 'NN'), (375, 10, 'of', 'IN'), (375, 11, 'a', 'DT'), (375, 12, 'crowd', 'NN');
INSERT INTO triples (sentence_id, predicate_id,relation,arg_start_id,arg_end_id,triple_type)VALUES (375, 4, 'Patient',2, 2, 'auto'), (375, 5, 'Agent',2, 2, 'auto'), (375, 5, 'Patient',6, 7, 'auto'), (375, 5, 'Location',9, 12, 'auto');
INSERT INTO Sentences (sentence_id, sentence, sentence_type)VALUES (376, 'Two men wearing red and blue trunks and bowler hats are performing in a crowded street', 'auto');
INSERT INTO Words ( sentence_id,word_ID ,word,pos)VALUES (376, 1, 'Two', 'CD'), (376, 2, 'men', 'NNS'), (376, 3, 'wearing', 'VBG'), (376, 4, 'red', 'JJ'), (376, 5, 'and', 'CC'), (376, 6, 'blue', 'JJ'), (376, 7, 'trunks', 'NNS'), (376, 8, 'and', 'CC'), (376, 9, 'bowler', 'NN'), (376, 10, 'hats', 'NNS'), (376, 11, 'are', 'VBP'), (376, 12, 'performing', 'VBG'), (376, 13, 'in', 'IN'), (376, 14, 'a', 'DT'), (376, 15, 'crowded', 'JJ'), (376, 16, 'street', 'NN');
INSERT INTO triples (sentence_id, predicate_id,relation,arg_start_id,arg_end_id,triple_type)VALUES (376, 3, 'Agent',2, 2, 'auto'), (376, 3, 'Patient',4, 10, 'auto'), (376, 12, 'Agent',2, 2, 'auto'), (376, 12, 'Location',13, 16, 'auto'), (376, 16, 'Property',15, 15, 'auto');
INSERT INTO Sentences (sentence_id, sentence, sentence_type)VALUES (377, 'An athlete performs the high jump', 'auto');
INSERT INTO Words ( sentence_id,word_ID ,word,pos)VALUES (377, 1, 'An', 'DT'), (377, 2, 'athlete', 'NN'), (377, 3, 'performs', 'VBZ'), (377, 4, 'the', 'DT'), (377, 5, 'high', 'JJ'), (377, 6, 'jump', 'NN');
INSERT INTO triples (sentence_id, predicate_id,relation,arg_start_id,arg_end_id,triple_type)VALUES (377, 3, 'Agent',2, 2, 'auto'), (377, 3, 'Patient',4, 6, 'auto');
INSERT INTO Sentences (sentence_id, sentence, sentence_type)VALUES (378, 'A woman athlete launching herself over the bar during a pole vault', 'auto');
INSERT INTO Words ( sentence_id,word_ID ,word,pos)VALUES (378, 1, 'A', 'DT'), (378, 2, 'woman', 'NN'), (378, 3, 'athlete', 'NN'), (378, 4, 'launching', 'VBG'), (378, 5, 'herself', 'PRP'), (378, 6, 'over', 'IN'), (378, 7, 'the', 'DT'), (378, 8, 'bar', 'NN'), (378, 9, 'during', 'IN'), (378, 10, 'a', 'DT'), (378, 11, 'pole', 'NN'), (378, 12, 'vault', 'NN');
INSERT INTO triples (sentence_id, predicate_id,relation,arg_start_id,arg_end_id,triple_type)VALUES (378, 2, 'Property',3, 12, 'auto'), (378, 4, 'Agent',2, 3, 'auto'), (378, 4, 'Patient',5, 7, 'auto');
INSERT INTO Sentences (sentence_id, sentence, sentence_type)VALUES (379, 'A woman in black is pole vaulting', 'auto');
INSERT INTO Words ( sentence_id,word_ID ,word,pos)VALUES (379, 1, 'A', 'DT'), (379, 2, 'woman', 'NN'), (379, 3, 'in', 'IN'), (379, 4, 'black', 'JJ'), (379, 5, 'is', 'VBZ'), (379, 6, 'pole', 'NN'), (379, 7, 'vaulting', 'VBG');
INSERT INTO triples (sentence_id, predicate_id,relation,arg_start_id,arg_end_id,triple_type)VALUES (379, 2, 'Property',3, 7, 'auto'), (379, 7, 'Agent',2, 2, 'auto'), (379, 7, 'Location',3, 3, 'auto'), (379, 7, 'Patient',4, 5, 'auto');
INSERT INTO Sentences (sentence_id, sentence, sentence_type)VALUES (380, 'A woman pole vaulter upside down as she attempts the vault', 'auto');
INSERT INTO Words ( sentence_id,word_ID ,word,pos)VALUES (380, 1, 'A', 'DT'), (380, 2, 'woman', 'NN'), (380, 3, 'pole', 'NN'), (380, 4, 'vaulter', 'NN'), (380, 5, 'upside', 'RB'), (380, 6, 'down', 'RB'), (380, 7, 'as', 'IN'), (380, 8, 'she', 'PRP'), (380, 9, 'attempts', 'VBZ'), (380, 10, 'the', 'DT'), (380, 11, 'vault', 'NN');
INSERT INTO triples (sentence_id, predicate_id,relation,arg_start_id,arg_end_id,triple_type)VALUES (380, 4, 'Property',2, 3, 'auto'), (380, 9, 'Agent',8, 8, 'auto'), (380, 9, 'Patient',10, 11, 'auto');
INSERT INTO Sentences (sentence_id, sentence, sentence_type)VALUES (381, 'a woman with her feet in the air about to do pole vaulting', 'auto');
INSERT INTO Words ( sentence_id,word_ID ,word,pos)VALUES (381, 1, 'a', 'DT'), (381, 2, 'woman', 'NN'), (381, 3, 'with', 'IN'), (381, 4, 'her', 'PRP$'), (381, 5, 'feet', 'NNS'), (381, 6, 'in', 'IN'), (381, 7, 'the', 'DT'), (381, 8, 'air', 'NN'), (381, 9, 'about', 'IN'), (381, 10, 'to', 'TO'), (381, 11, 'do', 'VB'), (381, 12, 'pole', 'NN'), (381, 13, 'vaulting', 'VBG');
INSERT INTO triples (sentence_id, predicate_id,relation,arg_start_id,arg_end_id,triple_type)VALUES (381, 2, 'Property',3, 13, 'auto'), (381, 13, 'Agent',2, 2, 'auto'), (381, 13, 'Location',6, 8, 'auto'), (381, 13, 'Patient',9, 12, 'auto');
INSERT INTO Sentences (sentence_id, sentence, sentence_type)VALUES (382, 'A man is skating on a rail', 'auto');
INSERT INTO Words ( sentence_id,word_ID ,word,pos)VALUES (382, 1, 'A', 'DT'), (382, 2, 'man', 'NN'), (382, 3, 'is', 'VBZ'), (382, 4, 'skating', 'VBG'), (382, 5, 'on', 'IN'), (382, 6, 'a', 'DT'), (382, 7, 'rail', 'NN');
INSERT INTO triples (sentence_id, predicate_id,relation,arg_start_id,arg_end_id,triple_type)VALUES (382, 2, 'Property',1, 1, 'auto'), (382, 2, 'Location',5, 7, 'auto'), (382, 4, 'Agent',2, 2, 'auto'), (382, 4, 'Patient',3, 3, 'auto'), (382, 4, 'Location',5, 7, 'auto');
INSERT INTO Sentences (sentence_id, sentence, sentence_type)VALUES (383, 'A person wearing Rollerblades slides along a handrail', 'auto');
INSERT INTO Words ( sentence_id,word_ID ,word,pos)VALUES (383, 1, 'A', 'DT'), (383, 2, 'person', 'NN'), (383, 3, 'wearing', 'VBG'), (383, 4, 'Rollerblades', 'NNP'), (383, 5, 'slides', 'NNS'), (383, 6, 'along', 'IN'), (383, 7, 'a', 'DT'), (383, 8, 'handrail', 'NN');
INSERT INTO triples (sentence_id, predicate_id,relation,arg_start_id,arg_end_id,triple_type)VALUES (383, 2, 'Property',3, 5, 'auto'), (383, 2, 'Location',6, 8, 'auto'), (383, 3, 'Agent',2, 2, 'auto'), (383, 3, 'Patient',6, 6, 'auto');
INSERT INTO Sentences (sentence_id, sentence, sentence_type)VALUES (384, 'A rollerblader grinding a rail and grabbing one foot', 'auto');
INSERT INTO Words ( sentence_id,word_ID ,word,pos)VALUES (384, 1, 'A', 'DT'), (384, 2, 'rollerblader', 'NN'), (384, 3, 'grinding', 'VBG'), (384, 4, 'a', 'DT'), (384, 5, 'rail', 'NN'), (384, 6, 'and', 'CC'), (384, 7, 'grabbing', 'VBG'), (384, 8, 'one', 'CD'), (384, 9, 'foot', 'NN');
INSERT INTO triples (sentence_id, predicate_id,relation,arg_start_id,arg_end_id,triple_type)VALUES (384, 3, 'Agent',2, 2, 'auto'), (384, 3, 'Patient',4, 5, 'auto'), (384, 7, 'Agent',2, 2, 'auto'), (384, 7, 'Patient',8, 9, 'auto');
INSERT INTO Sentences (sentence_id, sentence, sentence_type)VALUES (385, 'A rollerblader grinds across a rail', 'auto');
INSERT INTO Words ( sentence_id,word_ID ,word,pos)VALUES (385, 1, 'A', 'DT'), (385, 2, 'rollerblader', 'NN'), (385, 3, 'grinds', 'VBZ'), (385, 4, 'across', 'IN'), (385, 5, 'a', 'DT'), (385, 6, 'rail', 'NN');
INSERT INTO triples (sentence_id, predicate_id,relation,arg_start_id,arg_end_id,triple_type)VALUES (385, 3, 'Patient',1, 1, 'auto'), (385, 3, 'Agent',2, 2, 'auto');
INSERT INTO Sentences (sentence_id, sentence, sentence_type)VALUES (386, 'Boy in black shirt on one foot standing on metal rail above green grass on right and black pavement on left', 'auto');
INSERT INTO Words ( sentence_id,word_ID ,word,pos)VALUES (386, 1, 'Boy', 'NN'), (386, 2, 'in', 'IN'), (386, 3, 'black', 'JJ'), (386, 4, 'shirt', 'NN'), (386, 5, 'on', 'IN'), (386, 6, 'one', 'CD'), (386, 7, 'foot', 'NN'), (386, 8, 'standing', 'VBG'), (386, 9, 'on', 'IN'), (386, 10, 'metal', 'NN'), (386, 11, 'rail', 'NN'), (386, 12, 'above', 'IN'), (386, 13, 'green', 'JJ'), (386, 14, 'grass', 'NN'), (386, 15, 'on', 'IN'), (386, 16, 'right', 'NN'), (386, 17, 'and', 'CC'), (386, 18, 'black', 'JJ'), (386, 19, 'pavement', 'NN'), (386, 20, 'on', 'IN'), (386, 21, 'left', 'NN');
INSERT INTO triples (sentence_id, predicate_id,relation,arg_start_id,arg_end_id,triple_type)VALUES (386, 1, 'Location',11, 11, 'auto'), (386, 6, 'Location',9, 16, 'auto');
INSERT INTO Sentences (sentence_id, sentence, sentence_type)VALUES (387, 'A man in a black and white jersey is leaping to get a ball from a player in a blue and yellow jersey', 'auto');
INSERT INTO Words ( sentence_id,word_ID ,word,pos)VALUES (387, 1, 'A', 'DT'), (387, 2, 'man', 'NN'), (387, 3, 'in', 'IN'), (387, 4, 'a', 'DT'), (387, 5, 'black', 'JJ'), (387, 6, 'and', 'CC'), (387, 7, 'white', 'JJ'), (387, 8, 'jersey', 'NN'), (387, 9, 'is', 'VBZ'), (387, 10, 'leaping', 'VBG'), (387, 11, 'to', 'TO'), (387, 12, 'get', 'VB'), (387, 13, 'a', 'DT'), (387, 14, 'ball', 'NN'), (387, 15, 'from', 'IN'), (387, 16, 'a', 'DT'), (387, 17, 'player', 'NN'), (387, 18, 'in', 'IN'), (387, 19, 'a', 'DT'), (387, 20, 'blue', 'JJ'), (387, 21, 'and', 'CC'), (387, 22, 'yellow', 'JJ'), (387, 23, 'jersey', 'NN');
INSERT INTO triples (sentence_id, predicate_id,relation,arg_start_id,arg_end_id,triple_type)VALUES (387, 2, 'Property',3, 8, 'auto'), (387, 10, 'Agent',2, 2, 'auto'), (387, 10, 'Beneficiary',11, 14, 'auto'), (387, 12, 'Agent',2, 2, 'auto'), (387, 12, 'Patient',13, 14, 'auto'), (387, 12, 'Source',15, 17, 'auto'), (387, 17, 'Property',18, 23, 'auto');
INSERT INTO Sentences (sentence_id, sentence, sentence_type)VALUES (388, 'People playing a sport with a referee looking on', 'auto');
INSERT INTO Words ( sentence_id,word_ID ,word,pos)VALUES (388, 1, 'People', 'NNS'), (388, 2, 'playing', 'VBG'), (388, 3, 'a', 'DT'), (388, 4, 'sport', 'NN'), (388, 5, 'with', 'IN'), (388, 6, 'a', 'DT'), (388, 7, 'referee', 'NN'), (388, 8, 'looking', 'VBG'), (388, 9, 'on', 'IN');
INSERT INTO triples (sentence_id, predicate_id,relation,arg_start_id,arg_end_id,triple_type)VALUES (388, 1, 'Location',2, 7, 'auto'), (388, 1, 'Property',8, 8, 'auto'), (388, 2, 'Agent',1, 1, 'auto'), (388, 2, 'Patient',3, 6, 'auto'), (388, 2, 'Location',7, 7, 'auto'), (388, 8, 'Patient',1, 6, 'auto'), (388, 8, 'Agent',7, 7, 'auto'), (388, 8, 'Location',9, 9, 'auto');
INSERT INTO Sentences (sentence_id, sentence, sentence_type)VALUES (389, 'The men are jumping in the air', 'auto');
INSERT INTO Words ( sentence_id,word_ID ,word,pos)VALUES (389, 1, 'The', 'DT'), (389, 2, 'men', 'NNS'), (389, 3, 'are', 'VBP'), (389, 4, 'jumping', 'VBG'), (389, 5, 'in', 'IN'), (389, 6, 'the', 'DT'), (389, 7, 'air', 'NN');
INSERT INTO triples (sentence_id, predicate_id,relation,arg_start_id,arg_end_id,triple_type)VALUES (389, 2, 'Location',5, 7, 'auto'), (389, 4, 'Patient',1, 1, 'auto'), (389, 4, 'Agent',2, 3, 'auto'), (389, 4, 'Location',5, 5, 'auto');
INSERT INTO Sentences (sentence_id, sentence, sentence_type)VALUES (390, 'Three rugby players trying to catch the ball', 'auto');
INSERT INTO Words ( sentence_id,word_ID ,word,pos)VALUES (390, 1, 'Three', 'CD'), (390, 2, 'rugby', 'JJ'), (390, 3, 'players', 'NNS'), (390, 4, 'trying', 'VBG'), (390, 5, 'to', 'TO'), (390, 6, 'catch', 'VB'), (390, 7, 'the', 'DT'), (390, 8, 'ball', 'NN');
INSERT INTO triples (sentence_id, predicate_id,relation,arg_start_id,arg_end_id,triple_type)VALUES (390, 4, 'Agent',2, 3, 'auto'), (390, 4, 'Patient',5, 8, 'auto'), (390, 6, 'Agent',2, 3, 'auto'), (390, 6, 'Patient',7, 8, 'auto');
INSERT INTO Sentences (sentence_id, sentence, sentence_type)VALUES (391, 'Two men are jumping into the air to catch the football', 'auto');
INSERT INTO Words ( sentence_id,word_ID ,word,pos)VALUES (391, 1, 'Two', 'CD'), (391, 2, 'men', 'NNS'), (391, 3, 'are', 'VBP'), (391, 4, 'jumping', 'VBG'), (391, 5, 'into', 'IN'), (391, 6, 'the', 'DT'), (391, 7, 'air', 'NN'), (391, 8, 'to', 'TO'), (391, 9, 'catch', 'VB'), (391, 10, 'the', 'DT'), (391, 11, 'football', 'NN');
INSERT INTO triples (sentence_id, predicate_id,relation,arg_start_id,arg_end_id,triple_type)VALUES (391, 2, 'Location',5, 7, 'auto'), (391, 4, 'Agent',2, 3, 'auto'), (391, 4, 'Location',5, 7, 'auto'), (391, 4, 'Beneficiary',8, 11, 'auto'), (391, 9, 'Agent',2, 2, 'auto'), (391, 9, 'Location',5, 7, 'auto'), (391, 9, 'Patient',10, 11, 'auto');
INSERT INTO Sentences (sentence_id, sentence, sentence_type)VALUES (392, 'five men play football', 'auto');
INSERT INTO Words ( sentence_id,word_ID ,word,pos)VALUES (392, 1, 'five', 'CD'), (392, 2, 'men', 'NNS'), (392, 3, 'play', 'VBP'), (392, 4, 'football', 'NN');
INSERT INTO triples (sentence_id, predicate_id,relation,arg_start_id,arg_end_id,triple_type)VALUES (392, 2, 'Property',1, 1, 'auto'), (392, 3, 'Agent',2, 2, 'auto'), (392, 3, 'Patient',4, 4, 'auto');
INSERT INTO Sentences (sentence_id, sentence, sentence_type)VALUES (393, 'Five young men playing rugby', 'auto');
INSERT INTO Words ( sentence_id,word_ID ,word,pos)VALUES (393, 1, 'Five', 'CD'), (393, 2, 'young', 'JJ'), (393, 3, 'men', 'NNS'), (393, 4, 'playing', 'VBG'), (393, 5, 'rugby', 'JJ');
INSERT INTO triples (sentence_id, predicate_id,relation,arg_start_id,arg_end_id,triple_type)VALUES (393, 3, 'Property',2, 2, 'auto'), (393, 4, 'Agent',2, 3, 'auto'), (393, 4, 'Patient',5, 5, 'auto');
INSERT INTO Sentences (sentence_id, sentence, sentence_type)VALUES (394, 'The player wearing the black and white jersey jumps for the ball amidst two players from the other team as his two teammates run to help him', 'auto');
INSERT INTO Words ( sentence_id,word_ID ,word,pos)VALUES (394, 1, 'The', 'DT'), (394, 2, 'player', 'NN'), (394, 3, 'wearing', 'VBG'), (394, 4, 'the', 'DT'), (394, 5, 'black', 'JJ'), (394, 6, 'and', 'CC'), (394, 7, 'white', 'JJ'), (394, 8, 'jersey', 'NN'), (394, 9, 'jumps', 'NNS'), (394, 10, 'for', 'IN'), (394, 11, 'the', 'DT'), (394, 12, 'ball', 'NN'), (394, 13, 'amidst', 'IN'), (394, 14, 'two', 'CD'), (394, 15, 'players', 'NNS'), (394, 16, 'from', 'IN'), (394, 17, 'the', 'DT'), (394, 18, 'other', 'JJ'), (394, 19, 'team', 'NN'), (394, 20, 'as', 'IN'), (394, 21, 'his', 'PRP$'), (394, 22, 'two', 'CD'), (394, 23, 'teammates', 'NNS'), (394, 24, 'run', 'VBP'), (394, 25, 'to', 'TO'), (394, 26, 'help', 'VB'), (394, 27, 'him', 'PRP');
INSERT INTO triples (sentence_id, predicate_id,relation,arg_start_id,arg_end_id,triple_type)VALUES (394, 2, 'Property',3, 9, 'auto'), (394, 2, 'Location',10, 12, 'auto'), (394, 3, 'Agent',2, 2, 'auto'), (394, 3, 'Patient',4, 27, 'auto'), (394, 24, 'Agent',2, 2, 'auto'), (394, 24, 'Location',10, 10, 'auto'), (394, 24, 'Destination',12, 12, 'auto'), (394, 24, 'Beneficiary',25, 25, 'auto'), (394, 24, 'Patient',26, 27, 'auto'), (394, 26, 'Agent',2, 2, 'auto'), (394, 26, 'Beneficiary',11, 11, 'auto'), (394, 26, 'Patient',27, 27, 'auto');
INSERT INTO Sentences (sentence_id, sentence, sentence_type)VALUES (395, 'The three men leaped in the air in an effort to grab the ball', 'auto');
INSERT INTO Words ( sentence_id,word_ID ,word,pos)VALUES (395, 1, 'The', 'DT'), (395, 2, 'three', 'CD'), (395, 3, 'men', 'NNS'), (395, 4, 'leaped', 'VBD'), (395, 5, 'in', 'IN'), (395, 6, 'the', 'DT'), (395, 7, 'air', 'NN'), (395, 8, 'in', 'IN'), (395, 9, 'an', 'DT'), (395, 10, 'effort', 'NN'), (395, 11, 'to', 'TO'), (395, 12, 'grab', 'VB'), (395, 13, 'the', 'DT'), (395, 14, 'ball', 'NN');
INSERT INTO triples (sentence_id, predicate_id,relation,arg_start_id,arg_end_id,triple_type)VALUES (395, 4, 'Agent',2, 3, 'auto'), (395, 4, 'Destination',5, 7, 'auto'), (395, 4, 'Beneficiary',11, 14, 'auto'), (395, 12, 'Agent',2, 3, 'auto'), (395, 12, 'Patient',13, 14, 'auto');
INSERT INTO Sentences (sentence_id, sentence, sentence_type)VALUES (396, 'Three rugby players all trying to catch a ball', 'auto');
INSERT INTO Words ( sentence_id,word_ID ,word,pos)VALUES (396, 1, 'Three', 'CD'), (396, 2, 'rugby', 'JJ'), (396, 3, 'players', 'NNS'), (396, 4, 'all', 'DT'), (396, 5, 'trying', 'VBG'), (396, 6, 'to', 'TO'), (396, 7, 'catch', 'VB'), (396, 8, 'a', 'DT'), (396, 9, 'ball', 'NN');
INSERT INTO Sentences (sentence_id, sentence, sentence_type)VALUES (397, 'A group of a soccer players after a ball', 'auto');
INSERT INTO Words ( sentence_id,word_ID ,word,pos)VALUES (397, 1, 'A', 'DT'), (397, 2, 'group', 'NN'), (397, 3, 'of', 'IN'), (397, 4, 'a', 'DT'), (397, 5, 'soccer', 'NN'), (397, 6, 'players', 'NNS'), (397, 7, 'after', 'IN'), (397, 8, 'a', 'DT'), (397, 9, 'ball', 'NN');
INSERT INTO Sentences (sentence_id, sentence, sentence_type)VALUES (398, 'A soccer game between the red team and the blue team', 'auto');
INSERT INTO Words ( sentence_id,word_ID ,word,pos)VALUES (398, 1, 'A', 'DT'), (398, 2, 'soccer', 'NN'), (398, 3, 'game', 'NN'), (398, 4, 'between', 'IN'), (398, 5, 'the', 'DT'), (398, 6, 'red', 'JJ'), (398, 7, 'team', 'NN'), (398, 8, 'and', 'CC'), (398, 9, 'the', 'DT'), (398, 10, 'blue', 'JJ'), (398, 11, 'team', 'NN');
INSERT INTO Sentences (sentence_id, sentence, sentence_type)VALUES (399, 'A soccer game is in progress', 'auto');
INSERT INTO Words ( sentence_id,word_ID ,word,pos)VALUES (399, 1, 'A', 'DT'), (399, 2, 'soccer', 'NN'), (399, 3, 'game', 'NN'), (399, 4, 'is', 'VBZ'), (399, 5, 'in', 'IN'), (399, 6, 'progress', 'NN');
INSERT INTO triples (sentence_id, predicate_id,relation,arg_start_id,arg_end_id,triple_type)VALUES (399, 4, 'Patient',1, 2, 'auto'), (399, 4, 'Agent',3, 3, 'auto'), (399, 4, 'Location',5, 6, 'auto');
INSERT INTO Sentences (sentence_id, sentence, sentence_type)VALUES (400, 'Soccer game with teams in red and blue', 'auto');
INSERT INTO Words ( sentence_id,word_ID ,word,pos)VALUES (400, 1, 'Soccer', 'NN'), (400, 2, 'game', 'NN'), (400, 3, 'with', 'IN'), (400, 4, 'teams', 'NNS'), (400, 5, 'in', 'IN'), (400, 6, 'red', 'JJ'), (400, 7, 'and', 'CC'), (400, 8, 'blue', 'JJ');
INSERT INTO Sentences (sentence_id, sentence, sentence_type)VALUES (401, 'two teams of soccer players playing a game on a field', 'auto');
INSERT INTO Words ( sentence_id,word_ID ,word,pos)VALUES (401, 1, 'two', 'CD'), (401, 2, 'teams', 'NNS'), (401, 3, 'of', 'IN'), (401, 4, 'soccer', 'NN'), (401, 5, 'players', 'NNS'), (401, 6, 'playing', 'VBG'), (401, 7, 'a', 'DT'), (401, 8, 'game', 'NN'), (401, 9, 'on', 'IN'), (401, 10, 'a', 'DT'), (401, 11, 'field', 'NN');
INSERT INTO triples (sentence_id, predicate_id,relation,arg_start_id,arg_end_id,triple_type)VALUES (401, 6, 'Agent',2, 2, 'auto'), (401, 6, 'Patient',7, 8, 'auto'), (401, 6, 'Location',9, 11, 'auto');
INSERT INTO Sentences (sentence_id, sentence, sentence_type)VALUES (402, 'A guy skateboarding on a basketball court', 'auto');
INSERT INTO Words ( sentence_id,word_ID ,word,pos)VALUES (402, 1, 'A', 'DT'), (402, 2, 'guy', 'NN'), (402, 3, 'skateboarding', 'VBG'), (402, 4, 'on', 'IN'), (402, 5, 'a', 'DT'), (402, 6, 'basketball', 'NN'), (402, 7, 'court', 'NN');
INSERT INTO triples (sentence_id, predicate_id,relation,arg_start_id,arg_end_id,triple_type)VALUES (402, 2, 'Property',3, 7, 'auto'), (402, 3, 'Patient',1, 1, 'auto'), (402, 3, 'Agent',2, 2, 'auto'), (402, 3, 'Location',4, 4, 'auto');
INSERT INTO Sentences (sentence_id, sentence, sentence_type)VALUES (403, 'A man jumps in the air while performing a stunt on his skateboard', 'auto');
INSERT INTO Words ( sentence_id,word_ID ,word,pos)VALUES (403, 1, 'A', 'DT'), (403, 2, 'man', 'NN'), (403, 3, 'jumps', 'VBZ'), (403, 4, 'in', 'IN'), (403, 5, 'the', 'DT'), (403, 6, 'air', 'NN'), (403, 7, 'while', 'IN'), (403, 8, 'performing', 'VBG'), (403, 9, 'a', 'DT'), (403, 10, 'stunt', 'NN'), (403, 11, 'on', 'IN'), (403, 12, 'his', 'PRP$'), (403, 13, 'skateboard', 'NN');
INSERT INTO triples (sentence_id, predicate_id,relation,arg_start_id,arg_end_id,triple_type)VALUES (403, 2, 'Location',5, 6, 'auto'), (403, 2, 'Property',7, 13, 'auto'), (403, 3, 'Agent',2, 2, 'auto'), (403, 3, 'Location',4, 4, 'auto'), (403, 3, 'Destination',6, 6, 'auto'), (403, 3, 'Patient',7, 12, 'auto'), (403, 8, 'Agent',2, 2, 'auto'), (403, 8, 'Location',4, 6, 'auto'), (403, 8, 'Patient',10, 10, 'auto');
INSERT INTO Sentences (sentence_id, sentence, sentence_type)VALUES (404, 'a skateboarder ollies', 'auto');
INSERT INTO Words ( sentence_id,word_ID ,word,pos)VALUES (404, 1, 'a', 'DT'), (404, 2, 'skateboarder', 'NN'), (404, 3, 'ollies', 'VBZ');
INSERT INTO Sentences (sentence_id, sentence, sentence_type)VALUES (405, 'Man with beard doing skate boarding stunt', 'auto');
INSERT INTO Words ( sentence_id,word_ID ,word,pos)VALUES (405, 1, 'Man', 'NN'), (405, 2, 'with', 'IN'), (405, 3, 'beard', 'NN'), (405, 4, 'doing', 'VBG'), (405, 5, 'skate', 'NN'), (405, 6, 'boarding', 'VBG'), (405, 7, 'stunt', 'NN');
INSERT INTO triples (sentence_id, predicate_id,relation,arg_start_id,arg_end_id,triple_type)VALUES (405, 1, 'Property',2, 7, 'auto'), (405, 4, 'Agent',1, 1, 'auto'), (405, 4, 'Location',2, 2, 'auto'), (405, 4, 'Patient',5, 7, 'auto'), (405, 6, 'Location',2, 2, 'auto'), (405, 6, 'Agent',5, 5, 'auto'), (405, 6, 'Patient',7, 7, 'auto');
INSERT INTO Sentences (sentence_id, sentence, sentence_type)VALUES (406, 'The guy in gray pants is completing a jump on his skateboard', 'auto');
INSERT INTO Words ( sentence_id,word_ID ,word,pos)VALUES (406, 1, 'The', 'DT'), (406, 2, 'guy', 'NN'), (406, 3, 'in', 'IN'), (406, 4, 'gray', 'JJ'), (406, 5, 'pants', 'NNS'), (406, 6, 'is', 'VBZ'), (406, 7, 'completing', 'VBG'), (406, 8, 'a', 'DT'), (406, 9, 'jump', 'NN'), (406, 10, 'on', 'IN'), (406, 11, 'his', 'PRP$'), (406, 12, 'skateboard', 'NN');
INSERT INTO triples (sentence_id, predicate_id,relation,arg_start_id,arg_end_id,triple_type)VALUES (406, 2, 'Property',3, 12, 'auto'), (406, 7, 'Agent',2, 2, 'auto'), (406, 7, 'Patient',8, 12, 'auto');
INSERT INTO Sentences (sentence_id, sentence, sentence_type)VALUES (407, 'A group of bicyclists in a race', 'auto');
INSERT INTO Words ( sentence_id,word_ID ,word,pos)VALUES (407, 1, 'A', 'DT'), (407, 2, 'group', 'NN'), (407, 3, 'of', 'IN'), (407, 4, 'bicyclists', 'NNS'), (407, 5, 'in', 'IN'), (407, 6, 'a', 'DT'), (407, 7, 'race', 'NN');
INSERT INTO Sentences (sentence_id, sentence, sentence_type)VALUES (408, 'A group of people in a bicycle race', 'auto');
INSERT INTO Words ( sentence_id,word_ID ,word,pos)VALUES (408, 1, 'A', 'DT'), (408, 2, 'group', 'NN'), (408, 3, 'of', 'IN'), (408, 4, 'people', 'NNS'), (408, 5, 'in', 'IN'), (408, 6, 'a', 'DT'), (408, 7, 'bicycle', 'NN'), (408, 8, 'race', 'NN');
INSERT INTO triples (sentence_id, predicate_id,relation,arg_start_id,arg_end_id,triple_type)VALUES (408, 4, 'Property',1, 2, 'auto'), (408, 4, 'Location',3, 3, 'auto'), (408, 7, 'Location',5, 6, 'auto');
INSERT INTO Sentences (sentence_id, sentence, sentence_type)VALUES (409, 'A group of people ride bicycles around a curve on a race track', 'auto');
INSERT INTO Words ( sentence_id,word_ID ,word,pos)VALUES (409, 1, 'A', 'DT'), (409, 2, 'group', 'NN'), (409, 3, 'of', 'IN'), (409, 4, 'people', 'NNS'), (409, 5, 'ride', 'VBP'), (409, 6, 'bicycles', 'NNS'), (409, 7, 'around', 'IN'), (409, 8, 'a', 'DT'), (409, 9, 'curve', 'NN'), (409, 10, 'on', 'IN'), (409, 11, 'a', 'DT'), (409, 12, 'race', 'NN'), (409, 13, 'track', 'NN');
INSERT INTO triples (sentence_id, predicate_id,relation,arg_start_id,arg_end_id,triple_type)VALUES (409, 5, 'Agent',2, 4, 'auto'), (409, 5, 'Patient',6, 6, 'auto'), (409, 5, 'Location',7, 9, 'auto'), (409, 9, 'Location',10, 12, 'auto');
INSERT INTO Sentences (sentence_id, sentence, sentence_type)VALUES (410, 'Group of cyclists in riding gear with helmets', 'auto');
INSERT INTO Words ( sentence_id,word_ID ,word,pos)VALUES (410, 1, 'Group', 'NN'), (410, 2, 'of', 'IN'), (410, 3, 'cyclists', 'NNS'), (410, 4, 'in', 'IN'), (410, 5, 'riding', 'JJ'), (410, 6, 'gear', 'NN'), (410, 7, 'with', 'IN'), (410, 8, 'helmets', 'NNS');
INSERT INTO triples (sentence_id, predicate_id,relation,arg_start_id,arg_end_id,triple_type)VALUES (410, 3, 'Location',2, 2, 'auto');
INSERT INTO Sentences (sentence_id, sentence, sentence_type)VALUES (411, 'Men race on bicycles on track', 'auto');
INSERT INTO Words ( sentence_id,word_ID ,word,pos)VALUES (411, 1, 'Men', 'NN'), (411, 2, 'race', 'VBP'), (411, 3, 'on', 'IN'), (411, 4, 'bicycles', 'NNS'), (411, 5, 'on', 'IN'), (411, 6, 'track', 'NN');
INSERT INTO triples (sentence_id, predicate_id,relation,arg_start_id,arg_end_id,triple_type)VALUES (411, 1, 'Location',3, 6, 'auto'), (411, 2, 'Agent',1, 1, 'auto'), (411, 2, 'Instrument',3, 4, 'auto'), (411, 2, 'Location',5, 6, 'auto');
INSERT INTO Sentences (sentence_id, sentence, sentence_type)VALUES (412, 'A girl basketball player wearing blue is blocking another girl player wearing yellow', 'auto');
INSERT INTO Words ( sentence_id,word_ID ,word,pos)VALUES (412, 1, 'A', 'DT'), (412, 2, 'girl', 'NN'), (412, 3, 'basketball', 'NN'), (412, 4, 'player', 'NN'), (412, 5, 'wearing', 'VBG'), (412, 6, 'blue', 'NN'), (412, 7, 'is', 'VBZ'), (412, 8, 'blocking', 'VBG'), (412, 9, 'another', 'DT'), (412, 10, 'girl', 'NN'), (412, 11, 'player', 'NN'), (412, 12, 'wearing', 'VBG'), (412, 13, 'yellow', 'JJ');
INSERT INTO triples (sentence_id, predicate_id,relation,arg_start_id,arg_end_id,triple_type)VALUES (412, 4, 'Location',2, 2, 'auto'), (412, 4, 'Property',3, 3, 'auto'), (412, 5, 'Agent',2, 4, 'auto'), (412, 5, 'Patient',12, 13, 'auto'), (412, 8, 'Agent',2, 4, 'auto'), (412, 8, 'Patient',5, 7, 'auto'), (412, 11, 'Property',3, 3, 'auto'), (412, 11, 'Location',10, 10, 'auto'), (412, 12, 'Agent',2, 4, 'auto'), (412, 12, 'Patient',5, 9, 'auto');
INSERT INTO Sentences (sentence_id, sentence, sentence_type)VALUES (413, 'A group of people gather on a basketball court as one person jumps for the ball', 'auto');
INSERT INTO Words ( sentence_id,word_ID ,word,pos)VALUES (413, 1, 'A', 'DT'), (413, 2, 'group', 'NN'), (413, 3, 'of', 'IN'), (413, 4, 'people', 'NNS'), (413, 5, 'gather', 'VBP'), (413, 6, 'on', 'IN'), (413, 7, 'a', 'DT'), (413, 8, 'basketball', 'NN'), (413, 9, 'court', 'NN'), (413, 10, 'as', 'IN'), (413, 11, 'one', 'CD'), (413, 12, 'person', 'NN'), (413, 13, 'jumps', 'VBZ'), (413, 14, 'for', 'IN'), (413, 15, 'the', 'DT'), (413, 16, 'ball', 'NN');
INSERT INTO triples (sentence_id, predicate_id,relation,arg_start_id,arg_end_id,triple_type)VALUES (413, 5, 'Agent',2, 4, 'auto'), (413, 5, 'Location',6, 9, 'auto'), (413, 13, 'Agent',11, 12, 'auto'), (413, 13, 'Beneficiary',14, 16, 'auto');
INSERT INTO Sentences (sentence_id, sentence, sentence_type)VALUES (414, 'Basketball players jumping up for the ball during a game', 'auto');
INSERT INTO Words ( sentence_id,word_ID ,word,pos)VALUES (414, 1, 'Basketball', 'NN'), (414, 2, 'players', 'NNS'), (414, 3, 'jumping', 'VBG'), (414, 4, 'up', 'RP'), (414, 5, 'for', 'IN'), (414, 6, 'the', 'DT'), (414, 7, 'ball', 'NN'), (414, 8, 'during', 'IN'), (414, 9, 'a', 'DT'), (414, 10, 'game', 'NN');
INSERT INTO triples (sentence_id, predicate_id,relation,arg_start_id,arg_end_id,triple_type)VALUES (414, 3, 'Agent',1, 2, 'auto'), (414, 3, 'Destination',4, 4, 'auto'), (414, 3, 'Beneficiary',5, 7, 'auto'), (414, 3, 'Time',8, 10, 'auto');
INSERT INTO Sentences (sentence_id, sentence, sentence_type)VALUES (415, 'Girls are playing basketball', 'auto');
INSERT INTO Words ( sentence_id,word_ID ,word,pos)VALUES (415, 1, 'Girls', 'NNS'), (415, 2, 'are', 'VBP'), (415, 3, 'playing', 'VBG'), (415, 4, 'basketball', 'NN');
INSERT INTO triples (sentence_id, predicate_id,relation,arg_start_id,arg_end_id,triple_type)VALUES (415, 3, 'Agent',1, 2, 'auto'), (415, 3, 'Patient',4, 4, 'auto');
INSERT INTO Sentences (sentence_id, sentence, sentence_type)VALUES (416, 'two teams of players playing basketball on a court outside', 'auto');
INSERT INTO Words ( sentence_id,word_ID ,word,pos)VALUES (416, 1, 'two', 'CD'), (416, 2, 'teams', 'NNS'), (416, 3, 'of', 'IN'), (416, 4, 'players', 'NNS'), (416, 5, 'playing', 'VBG'), (416, 6, 'basketball', 'NN'), (416, 7, 'on', 'IN'), (416, 8, 'a', 'DT'), (416, 9, 'court', 'NN'), (416, 10, 'outside', 'NN');
INSERT INTO triples (sentence_id, predicate_id,relation,arg_start_id,arg_end_id,triple_type)VALUES (416, 5, 'Agent',2, 2, 'auto'), (416, 5, 'Patient',6, 6, 'auto'), (416, 5, 'Location',7, 9, 'auto');
INSERT INTO Sentences (sentence_id, sentence, sentence_type)VALUES (417, 'A boy does a skateboard trick off a metal plank', 'auto');
INSERT INTO Words ( sentence_id,word_ID ,word,pos)VALUES (417, 1, 'A', 'DT'), (417, 2, 'boy', 'NN'), (417, 3, 'does', 'VBZ'), (417, 4, 'a', 'DT'), (417, 5, 'skateboard', 'NN'), (417, 6, 'trick', 'NN'), (417, 7, 'off', 'IN'), (417, 8, 'a', 'DT'), (417, 9, 'metal', 'NN'), (417, 10, 'plank', 'NN');
INSERT INTO triples (sentence_id, predicate_id,relation,arg_start_id,arg_end_id,triple_type)VALUES (417, 2, 'Location',7, 10, 'auto');
INSERT INTO Sentences (sentence_id, sentence, sentence_type)VALUES (418, 'a guy with no shirt on is skateboarding', 'auto');
INSERT INTO Words ( sentence_id,word_ID ,word,pos)VALUES (418, 1, 'a', 'DT'), (418, 2, 'guy', 'NN'), (418, 3, 'with', 'IN'), (418, 4, 'no', 'DT'), (418, 5, 'shirt', 'NN'), (418, 6, 'on', 'IN'), (418, 7, 'is', 'VBZ'), (418, 8, 'skateboarding', 'VBG');
INSERT INTO triples (sentence_id, predicate_id,relation,arg_start_id,arg_end_id,triple_type)VALUES (418, 2, 'Property',3, 8, 'auto'), (418, 8, 'Agent',2, 2, 'auto'), (418, 8, 'Patient',3, 7, 'auto');
INSERT INTO Sentences (sentence_id, sentence, sentence_type)VALUES (419, 'A young man jumps in the air on a skateboard', 'auto');
INSERT INTO Words ( sentence_id,word_ID ,word,pos)VALUES (419, 1, 'A', 'DT'), (419, 2, 'young', 'JJ'), (419, 3, 'man', 'NN'), (419, 4, 'jumps', 'VBZ'), (419, 5, 'in', 'IN'), (419, 6, 'the', 'DT'), (419, 7, 'air', 'NN'), (419, 8, 'on', 'IN'), (419, 9, 'a', 'DT'), (419, 10, 'skateboard', 'NN');
INSERT INTO triples (sentence_id, predicate_id,relation,arg_start_id,arg_end_id,triple_type)VALUES (419, 3, 'Property',2, 2, 'auto'), (419, 3, 'Location',5, 7, 'auto'), (419, 4, 'Agent',2, 3, 'auto'), (419, 4, 'Destination',7, 7, 'auto'), (419, 4, 'Location',10, 10, 'auto');
INSERT INTO Sentences (sentence_id, sentence, sentence_type)VALUES (420, 'Skateboarder on a rail', 'auto');
INSERT INTO Words ( sentence_id,word_ID ,word,pos)VALUES (420, 1, 'Skateboarder', 'NN'), (420, 2, 'on', 'IN'), (420, 3, 'a', 'DT'), (420, 4, 'rail', 'NN');
INSERT INTO Sentences (sentence_id, sentence, sentence_type)VALUES (421, 'Skater does a trick on a rail', 'auto');
INSERT INTO Words ( sentence_id,word_ID ,word,pos)VALUES (421, 1, 'Skater', 'NN'), (421, 2, 'does', 'VBZ'), (421, 3, 'a', 'DT'), (421, 4, 'trick', 'NN'), (421, 5, 'on', 'IN'), (421, 6, 'a', 'DT'), (421, 7, 'rail', 'NN');
INSERT INTO triples (sentence_id, predicate_id,relation,arg_start_id,arg_end_id,triple_type)VALUES (421, 2, 'Agent',1, 1, 'auto'), (421, 2, 'Patient',3, 4, 'auto'), (421, 2, 'Location',5, 7, 'auto');
INSERT INTO Sentences (sentence_id, sentence, sentence_type)VALUES (422, 'A group of bulls are running down a street as people run and others watch', 'auto');
INSERT INTO Words ( sentence_id,word_ID ,word,pos)VALUES (422, 1, 'A', 'DT'), (422, 2, 'group', 'NN'), (422, 3, 'of', 'IN'), (422, 4, 'bulls', 'NNS'), (422, 5, 'are', 'VBP'), (422, 6, 'running', 'VBG'), (422, 7, 'down', 'RP'), (422, 8, 'a', 'DT'), (422, 9, 'street', 'NN'), (422, 10, 'as', 'IN'), (422, 11, 'people', 'NNS'), (422, 12, 'run', 'VBP'), (422, 13, 'and', 'CC'), (422, 14, 'others', 'NNS'), (422, 15, 'watch', 'VBP');
INSERT INTO triples (sentence_id, predicate_id,relation,arg_start_id,arg_end_id,triple_type)VALUES (422, 6, 'Agent',2, 4, 'auto'), (422, 6, 'Destination',7, 9, 'auto'), (422, 12, 'Agent',11, 11, 'auto'), (422, 15, 'Agent',14, 14, 'auto');
INSERT INTO Sentences (sentence_id, sentence, sentence_type)VALUES (423, 'Cows and people running down street', 'auto');
INSERT INTO Words ( sentence_id,word_ID ,word,pos)VALUES (423, 1, 'Cows', 'NNS'), (423, 2, 'and', 'CC'), (423, 3, 'people', 'NNS'), (423, 4, 'running', 'VBG'), (423, 5, 'down', 'RB'), (423, 6, 'street', 'NN');
INSERT INTO triples (sentence_id, predicate_id,relation,arg_start_id,arg_end_id,triple_type)VALUES (423, 3, 'Property',2, 2, 'auto'), (423, 3, 'Location',4, 6, 'auto'), (423, 4, 'Agent',1, 3, 'auto'), (423, 4, 'Destination',5, 5, 'auto'), (423, 6, 'Property',1, 5, 'auto');
INSERT INTO Sentences (sentence_id, sentence, sentence_type)VALUES (424, 'Hundreds of people watch as people partake in the bull-run', 'auto');
INSERT INTO Words ( sentence_id,word_ID ,word,pos)VALUES (424, 1, 'Hundreds', 'NNS'), (424, 2, 'of', 'IN'), (424, 3, 'people', 'NNS'), (424, 4, 'watch', 'VBP'), (424, 5, 'as', 'IN'), (424, 6, 'people', 'NNS'), (424, 7, 'partake', 'VBP'), (424, 8, 'in', 'IN'), (424, 9, 'the', 'DT'), (424, 10, 'bull-run', 'NN');
INSERT INTO triples (sentence_id, predicate_id,relation,arg_start_id,arg_end_id,triple_type)VALUES (424, 4, 'Agent',3, 3, 'auto'), (424, 6, 'Location',7, 10, 'auto');
INSERT INTO Sentences (sentence_id, sentence, sentence_type)VALUES (425, 'The bulls are chasing the runners', 'auto');
INSERT INTO Words ( sentence_id,word_ID ,word,pos)VALUES (425, 1, 'The', 'DT'), (425, 2, 'bulls', 'NNS'), (425, 3, 'are', 'VBP'), (425, 4, 'chasing', 'VBG'), (425, 5, 'the', 'DT'), (425, 6, 'runners', 'NNS');
INSERT INTO triples (sentence_id, predicate_id,relation,arg_start_id,arg_end_id,triple_type)VALUES (425, 4, 'Agent',2, 3, 'auto'), (425, 4, 'Patient',5, 6, 'auto');
INSERT INTO Sentences (sentence_id, sentence, sentence_type)VALUES (426, 'The bulls are coming down the street with people to the right of them and a building behind them', 'auto');
INSERT INTO Words ( sentence_id,word_ID ,word,pos)VALUES (426, 1, 'The', 'DT'), (426, 2, 'bulls', 'NNS'), (426, 3, 'are', 'VBP'), (426, 4, 'coming', 'VBG'), (426, 5, 'down', 'IN'), (426, 6, 'the', 'DT'), (426, 7, 'street', 'NN'), (426, 8, 'with', 'IN'), (426, 9, 'people', 'NNS'), (426, 10, 'to', 'TO'), (426, 11, 'the', 'DT'), (426, 12, 'right', 'NN'), (426, 13, 'of', 'IN'), (426, 14, 'them', 'PRP'), (426, 15, 'and', 'CC'), (426, 16, 'a', 'DT'), (426, 17, 'building', 'NN'), (426, 18, 'behind', 'IN'), (426, 19, 'them', 'PRP');
INSERT INTO triples (sentence_id, predicate_id,relation,arg_start_id,arg_end_id,triple_type)VALUES (426, 4, 'Agent',2, 2, 'auto'), (426, 4, 'Destination',5, 7, 'auto'), (426, 9, 'Location',10, 14, 'auto'), (426, 17, 'Location',18, 19, 'auto');
INSERT INTO Sentences (sentence_id, sentence, sentence_type)VALUES (427, 'A guy doing tricks on a motorcycle', 'auto');
INSERT INTO Words ( sentence_id,word_ID ,word,pos)VALUES (427, 1, 'A', 'DT'), (427, 2, 'guy', 'NN'), (427, 3, 'doing', 'VBG'), (427, 4, 'tricks', 'NNS'), (427, 5, 'on', 'IN'), (427, 6, 'a', 'DT'), (427, 7, 'motorcycle', 'NN');
INSERT INTO triples (sentence_id, predicate_id,relation,arg_start_id,arg_end_id,triple_type)VALUES (427, 2, 'Property',3, 7, 'auto'), (427, 3, 'Agent',2, 2, 'auto'), (427, 3, 'Patient',4, 4, 'auto'), (427, 3, 'Location',5, 7, 'auto');
INSERT INTO Sentences (sentence_id, sentence, sentence_type)VALUES (428, 'a motorcyclist does a nose wheelie', 'auto');
INSERT INTO Words ( sentence_id,word_ID ,word,pos)VALUES (428, 1, 'a', 'DT'), (428, 2, 'motorcyclist', 'NN'), (428, 3, 'does', 'VBZ'), (428, 4, 'a', 'DT'), (428, 5, 'nose', 'NN'), (428, 6, 'wheelie', 'NN');
INSERT INTO triples (sentence_id, predicate_id,relation,arg_start_id,arg_end_id,triple_type)VALUES (428, 3, 'Agent',2, 2, 'auto'), (428, 3, 'Patient',5, 6, 'auto');
INSERT INTO Sentences (sentence_id, sentence, sentence_type)VALUES (429, 'A person in a specialized suit rides a motor cycle', 'auto');
INSERT INTO Words ( sentence_id,word_ID ,word,pos)VALUES (429, 1, 'A', 'DT'), (429, 2, 'person', 'NN'), (429, 3, 'in', 'IN'), (429, 4, 'a', 'DT'), (429, 5, 'specialized', 'JJ'), (429, 6, 'suit', 'NN'), (429, 7, 'rides', 'VBZ'), (429, 8, 'a', 'DT'), (429, 9, 'motor', 'NN'), (429, 10, 'cycle', 'NN');
INSERT INTO triples (sentence_id, predicate_id,relation,arg_start_id,arg_end_id,triple_type)VALUES (429, 2, 'Property',3, 6, 'auto'), (429, 7, 'Agent',2, 2, 'auto'), (429, 7, 'Patient',8, 10, 'auto');
INSERT INTO Sentences (sentence_id, sentence, sentence_type)VALUES (430, 'Motorcyclist performing while two men watch', 'auto');
INSERT INTO Words ( sentence_id,word_ID ,word,pos)VALUES (430, 1, 'Motorcyclist', 'NNP'), (430, 2, 'performing', 'VBG'), (430, 3, 'while', 'IN'), (430, 4, 'two', 'CD'), (430, 5, 'men', 'NNS'), (430, 6, 'watch', 'VBP');
INSERT INTO triples (sentence_id, predicate_id,relation,arg_start_id,arg_end_id,triple_type)VALUES (430, 2, 'Agent',1, 1, 'auto'), (430, 6, 'Agent',4, 5, 'auto');
INSERT INTO Sentences (sentence_id, sentence, sentence_type)VALUES (431, 'The rider is driving their motorcycle', 'auto');
INSERT INTO Words ( sentence_id,word_ID ,word,pos)VALUES (431, 1, 'The', 'DT'), (431, 2, 'rider', 'NN'), (431, 3, 'is', 'VBZ'), (431, 4, 'driving', 'VBG'), (431, 5, 'their', 'PRP$'), (431, 6, 'motorcycle', 'NN');
INSERT INTO triples (sentence_id, predicate_id,relation,arg_start_id,arg_end_id,triple_type)VALUES (431, 4, 'Agent',2, 2, 'auto'), (431, 4, 'Patient',5, 6, 'auto');
INSERT INTO Sentences (sentence_id, sentence, sentence_type)VALUES (432, 'A man in a black and white uniform stands on a motorbike doing a stunt', 'auto');
INSERT INTO Words ( sentence_id,word_ID ,word,pos)VALUES (432, 1, 'A', 'DT'), (432, 2, 'man', 'NN'), (432, 3, 'in', 'IN'), (432, 4, 'a', 'DT'), (432, 5, 'black', 'JJ'), (432, 6, 'and', 'CC'), (432, 7, 'white', 'JJ'), (432, 8, 'uniform', 'NN'), (432, 9, 'stands', 'VBZ'), (432, 10, 'on', 'IN'), (432, 11, 'a', 'DT'), (432, 12, 'motorbike', 'NN'), (432, 13, 'doing', 'VBG'), (432, 14, 'a', 'DT'), (432, 15, 'stunt', 'NN');
INSERT INTO triples (sentence_id, predicate_id,relation,arg_start_id,arg_end_id,triple_type)VALUES (432, 2, 'Property',3, 8, 'auto'), (432, 9, 'Agent',2, 2, 'auto'), (432, 9, 'Location',10, 12, 'auto'), (432, 13, 'Agent',2, 2, 'auto'), (432, 13, 'Patient',14, 15, 'auto');
INSERT INTO Sentences (sentence_id, sentence, sentence_type)VALUES (433, 'A motorcycle rider stands on top of his bike', 'auto');
INSERT INTO Words ( sentence_id,word_ID ,word,pos)VALUES (433, 1, 'A', 'DT'), (433, 2, 'motorcycle', 'NN'), (433, 3, 'rider', 'NN'), (433, 4, 'stands', 'VBZ'), (433, 5, 'on', 'IN'), (433, 6, 'top', 'NN'), (433, 7, 'of', 'IN'), (433, 8, 'his', 'PRP$'), (433, 9, 'bike', 'NN');
INSERT INTO triples (sentence_id, predicate_id,relation,arg_start_id,arg_end_id,triple_type)VALUES (433, 2, 'Property',3, 9, 'auto'), (433, 3, 'Property',1, 2, 'auto'), (433, 4, 'Agent',2, 3, 'auto'), (433, 4, 'Location',5, 5, 'auto'), (433, 4, 'Patient',7, 9, 'auto'), (433, 9, 'Location',5, 6, 'auto'), (433, 9, 'Property',8, 8, 'auto');
INSERT INTO Sentences (sentence_id, sentence, sentence_type)VALUES (434, 'A motorcycle rider starts to sand up on the seat of his white motorcycle', 'auto');
INSERT INTO Words ( sentence_id,word_ID ,word,pos)VALUES (434, 1, 'A', 'DT'), (434, 2, 'motorcycle', 'NN'), (434, 3, 'rider', 'NN'), (434, 4, 'starts', 'VBZ'), (434, 5, 'to', 'TO'), (434, 6, 'sand', 'NN'), (434, 7, 'up', 'RP'), (434, 8, 'on', 'IN'), (434, 9, 'the', 'DT'), (434, 10, 'seat', 'NN'), (434, 11, 'of', 'IN'), (434, 12, 'his', 'PRP$'), (434, 13, 'white', 'JJ'), (434, 14, 'motorcycle', 'NN');
INSERT INTO triples (sentence_id, predicate_id,relation,arg_start_id,arg_end_id,triple_type)VALUES (434, 2, 'Property',3, 14, 'auto'), (434, 3, 'Property',4, 14, 'auto'), (434, 4, 'Agent',3, 3, 'auto'), (434, 4, 'Patient',5, 14, 'auto'), (434, 14, 'Property',1, 13, 'auto');
INSERT INTO Sentences (sentence_id, sentence, sentence_type)VALUES (435, 'Someone is on a black and white motorcycle and putting their feet on the seat', 'auto');
INSERT INTO Words ( sentence_id,word_ID ,word,pos)VALUES (435, 1, 'Someone', 'NN'), (435, 2, 'is', 'VBZ'), (435, 3, 'on', 'IN'), (435, 4, 'a', 'DT'), (435, 5, 'black', 'JJ'), (435, 6, 'and', 'CC'), (435, 7, 'white', 'JJ'), (435, 8, 'motorcycle', 'NN'), (435, 9, 'and', 'CC'), (435, 10, 'putting', 'VBG'), (435, 11, 'their', 'PRP$'), (435, 12, 'feet', 'NNS'), (435, 13, 'on', 'IN'), (435, 14, 'the', 'DT'), (435, 15, 'seat', 'NN');
INSERT INTO triples (sentence_id, predicate_id,relation,arg_start_id,arg_end_id,triple_type)VALUES (435, 1, 'Property',2, 15, 'auto'), (435, 2, 'Location',3, 5, 'auto'), (435, 2, 'Patient',6, 12, 'auto'), (435, 8, 'Property',1, 7, 'auto'), (435, 10, 'Destination',6, 6, 'auto'), (435, 10, 'Patient',11, 11, 'auto'), (435, 10, 'Agent',15, 15, 'auto');
INSERT INTO Sentences (sentence_id, sentence, sentence_type)VALUES (436, 'This person is doing a stunt on a motorcycle', 'auto');
INSERT INTO Words ( sentence_id,word_ID ,word,pos)VALUES (436, 1, 'This', 'DT'), (436, 2, 'person', 'NN'), (436, 3, 'is', 'VBZ'), (436, 4, 'doing', 'VBG'), (436, 5, 'a', 'DT'), (436, 6, 'stunt', 'NN'), (436, 7, 'on', 'IN'), (436, 8, 'a', 'DT'), (436, 9, 'motorcycle', 'NN');
INSERT INTO triples (sentence_id, predicate_id,relation,arg_start_id,arg_end_id,triple_type)VALUES (436, 2, 'Location',7, 9, 'auto'), (436, 4, 'Agent',2, 2, 'auto'), (436, 4, 'Patient',6, 6, 'auto'), (436, 4, 'Location',7, 9, 'auto');
INSERT INTO Sentences (sentence_id, sentence, sentence_type)VALUES (437, 'A football player in a full stadium jumping and recieving a football', 'auto');
INSERT INTO Words ( sentence_id,word_ID ,word,pos)VALUES (437, 1, 'A', 'DT'), (437, 2, 'football', 'NN'), (437, 3, 'player', 'NN'), (437, 4, 'in', 'IN'), (437, 5, 'a', 'DT'), (437, 6, 'full', 'JJ'), (437, 7, 'stadium', 'NN'), (437, 8, 'jumping', 'VBG'), (437, 9, 'and', 'CC'), (437, 10, 'recieving', 'VBG'), (437, 11, 'a', 'DT'), (437, 12, 'football', 'NN');
INSERT INTO triples (sentence_id, predicate_id,relation,arg_start_id,arg_end_id,triple_type)VALUES (437, 3, 'Location',4, 7, 'auto'), (437, 8, 'Agent',1, 3, 'auto'), (437, 10, 'Agent',1, 3, 'auto'), (437, 10, 'Patient',11, 12, 'auto');
INSERT INTO Sentences (sentence_id, sentence, sentence_type)VALUES (438, 'The American footballer in yellow catches the ball whilst under pressure from the payer in white', 'auto');
INSERT INTO Words ( sentence_id,word_ID ,word,pos)VALUES (438, 1, 'The', 'DT'), (438, 2, 'American', 'JJ'), (438, 3, 'footballer', 'NN'), (438, 4, 'in', 'IN'), (438, 5, 'yellow', 'JJ'), (438, 6, 'catches', 'VBZ'), (438, 7, 'the', 'DT'), (438, 8, 'ball', 'NN'), (438, 9, 'whilst', 'IN'), (438, 10, 'under', 'IN'), (438, 11, 'pressure', 'NN'), (438, 12, 'from', 'IN'), (438, 13, 'the', 'DT'), (438, 14, 'payer', 'NN'), (438, 15, 'in', 'IN'), (438, 16, 'white', 'JJ');
INSERT INTO triples (sentence_id, predicate_id,relation,arg_start_id,arg_end_id,triple_type)VALUES (438, 6, 'Agent',2, 3, 'auto'), (438, 6, 'Patient',8, 8, 'auto');
INSERT INTO Sentences (sentence_id, sentence, sentence_type)VALUES (439, 'Two football players playing football before a huge crowd', 'auto');
INSERT INTO Words ( sentence_id,word_ID ,word,pos)VALUES (439, 1, 'Two', 'CD'), (439, 2, 'football', 'NN'), (439, 3, 'players', 'NNS'), (439, 4, 'playing', 'VBG'), (439, 5, 'football', 'NN'), (439, 6, 'before', 'IN'), (439, 7, 'a', 'DT'), (439, 8, 'huge', 'JJ'), (439, 9, 'crowd', 'NN');
INSERT INTO triples (sentence_id, predicate_id,relation,arg_start_id,arg_end_id,triple_type)VALUES (439, 4, 'Agent',3, 3, 'auto'), (439, 4, 'Patient',5, 5, 'auto');
INSERT INTO Sentences (sentence_id, sentence, sentence_type)VALUES (440, 'Two football players run into each other', 'auto');
INSERT INTO Words ( sentence_id,word_ID ,word,pos)VALUES (440, 1, 'Two', 'CD'), (440, 2, 'football', 'NN'), (440, 3, 'players', 'NNS'), (440, 4, 'run', 'VBP'), (440, 5, 'into', 'IN'), (440, 6, 'each', 'DT'), (440, 7, 'other', 'JJ');
INSERT INTO triples (sentence_id, predicate_id,relation,arg_start_id,arg_end_id,triple_type)VALUES (440, 4, 'Agent',3, 3, 'auto'), (440, 4, 'Location',5, 7, 'auto');
INSERT INTO Sentences (sentence_id, sentence, sentence_type)VALUES (441, 'Two men vie for a football', 'auto');
INSERT INTO Words ( sentence_id,word_ID ,word,pos)VALUES (441, 1, 'Two', 'CD'), (441, 2, 'men', 'NNS'), (441, 3, 'vie', 'VB'), (441, 4, 'for', 'IN'), (441, 5, 'a', 'DT'), (441, 6, 'football', 'NN');
INSERT INTO triples (sentence_id, predicate_id,relation,arg_start_id,arg_end_id,triple_type)VALUES (441, 3, 'Agent',2, 2, 'auto'), (441, 3, 'Beneficiary',4, 6, 'auto');
INSERT INTO Sentences (sentence_id, sentence, sentence_type)VALUES (442, 'A brown and white dog stands on his hind leg and barks', 'auto');
INSERT INTO Words ( sentence_id,word_ID ,word,pos)VALUES (442, 1, 'A', 'DT'), (442, 2, 'brown', 'JJ'), (442, 3, 'and', 'CC'), (442, 4, 'white', 'JJ'), (442, 5, 'dog', 'NN'), (442, 6, 'stands', 'VBZ'), (442, 7, 'on', 'IN'), (442, 8, 'his', 'PRP$'), (442, 9, 'hind', 'JJ'), (442, 10, 'leg', 'NN'), (442, 11, 'and', 'CC'), (442, 12, 'barks', 'VBZ');
INSERT INTO triples (sentence_id, predicate_id,relation,arg_start_id,arg_end_id,triple_type)VALUES (442, 6, 'Agent',5, 5, 'auto'), (442, 6, 'Location',7, 10, 'auto'), (442, 12, 'Agent',5, 5, 'auto');
INSERT INTO Sentences (sentence_id, sentence, sentence_type)VALUES (443, 'A brown dog on his hind legs in the shadow of some trees', 'auto');
INSERT INTO Words ( sentence_id,word_ID ,word,pos)VALUES (443, 1, 'A', 'DT'), (443, 2, 'brown', 'JJ'), (443, 3, 'dog', 'NN'), (443, 4, 'on', 'IN'), (443, 5, 'his', 'PRP$'), (443, 6, 'hind', 'JJ'), (443, 7, 'legs', 'NNS'), (443, 8, 'in', 'IN'), (443, 9, 'the', 'DT'), (443, 10, 'shadow', 'NN'), (443, 11, 'of', 'IN'), (443, 12, 'some', 'DT'), (443, 13, 'trees', 'NNS');
INSERT INTO triples (sentence_id, predicate_id,relation,arg_start_id,arg_end_id,triple_type)VALUES (443, 3, 'Property',4, 7, 'auto'), (443, 3, 'Location',8, 13, 'auto');
INSERT INTO Sentences (sentence_id, sentence, sentence_type)VALUES (444, 'A dog jumps in the woods', 'auto');
INSERT INTO Words ( sentence_id,word_ID ,word,pos)VALUES (444, 1, 'A', 'DT'), (444, 2, 'dog', 'NN'), (444, 3, 'jumps', 'VBZ'), (444, 4, 'in', 'IN'), (444, 5, 'the', 'DT'), (444, 6, 'woods', 'NNS');
INSERT INTO triples (sentence_id, predicate_id,relation,arg_start_id,arg_end_id,triple_type)VALUES (444, 3, 'Agent',2, 2, 'auto'), (444, 3, 'Destination',4, 6, 'auto');
INSERT INTO Sentences (sentence_id, sentence, sentence_type)VALUES (445, 'A dog stands on its hind legs in a wooded area while another dog watches', 'auto');
INSERT INTO Words ( sentence_id,word_ID ,word,pos)VALUES (445, 1, 'A', 'DT'), (445, 2, 'dog', 'NN'), (445, 3, 'stands', 'VBZ'), (445, 4, 'on', 'IN'), (445, 5, 'its', 'PRP$'), (445, 6, 'hind', 'JJ'), (445, 7, 'legs', 'NNS'), (445, 8, 'in', 'IN'), (445, 9, 'a', 'DT'), (445, 10, 'wooded', 'JJ'), (445, 11, 'area', 'NN'), (445, 12, 'while', 'IN'), (445, 13, 'another', 'DT'), (445, 14, 'dog', 'NN'), (445, 15, 'watches', 'VBZ');
INSERT INTO triples (sentence_id, predicate_id,relation,arg_start_id,arg_end_id,triple_type)VALUES (445, 3, 'Agent',2, 2, 'auto'), (445, 3, 'Location',8, 10, 'auto'), (445, 15, 'Location',8, 10, 'auto'), (445, 15, 'Agent',14, 14, 'auto');
INSERT INTO Sentences (sentence_id, sentence, sentence_type)VALUES (446, 'A white dog is jumping in the air to catch a ball in the woods', 'auto');
INSERT INTO Words ( sentence_id,word_ID ,word,pos)VALUES (446, 1, 'A', 'DT'), (446, 2, 'white', 'JJ'), (446, 3, 'dog', 'NN'), (446, 4, 'is', 'VBZ'), (446, 5, 'jumping', 'VBG'), (446, 6, 'in', 'IN'), (446, 7, 'the', 'DT'), (446, 8, 'air', 'NN'), (446, 9, 'to', 'TO'), (446, 10, 'catch', 'VB'), (446, 11, 'a', 'DT'), (446, 12, 'ball', 'NN'), (446, 13, 'in', 'IN'), (446, 14, 'the', 'DT'), (446, 15, 'woods', 'NNS');
INSERT INTO triples (sentence_id, predicate_id,relation,arg_start_id,arg_end_id,triple_type)VALUES (446, 5, 'Agent',2, 3, 'auto'), (446, 5, 'Destination',6, 8, 'auto'), (446, 10, 'Agent',2, 3, 'auto'), (446, 10, 'Patient',11, 12, 'auto'), (446, 10, 'Location',13, 15, 'auto');
INSERT INTO Sentences (sentence_id, sentence, sentence_type)VALUES (447, 'A baseball player is tagged out sliding into second base', 'auto');
INSERT INTO Words ( sentence_id,word_ID ,word,pos)VALUES (447, 1, 'A', 'DT'), (447, 2, 'baseball', 'NN'), (447, 3, 'player', 'NN'), (447, 4, 'is', 'VBZ'), (447, 5, 'tagged', 'VBN'), (447, 6, 'out', 'RP'), (447, 7, 'sliding', 'VBG'), (447, 8, 'into', 'IN'), (447, 9, 'second', 'JJ'), (447, 10, 'base', 'NN');
INSERT INTO triples (sentence_id, predicate_id,relation,arg_start_id,arg_end_id,triple_type)VALUES (447, 5, 'Patient',2, 3, 'auto'), (447, 7, 'Agent',2, 3, 'auto'), (447, 7, 'Destination',8, 10, 'auto');
INSERT INTO Sentences (sentence_id, sentence, sentence_type)VALUES (448, 'A baseball player slides toward a base', 'auto');
INSERT INTO Words ( sentence_id,word_ID ,word,pos)VALUES (448, 1, 'A', 'DT'), (448, 2, 'baseball', 'NN'), (448, 3, 'player', 'NN'), (448, 4, 'slides', 'VBZ'), (448, 5, 'toward', 'IN'), (448, 6, 'a', 'DT'), (448, 7, 'base', 'NN');
INSERT INTO triples (sentence_id, predicate_id,relation,arg_start_id,arg_end_id,triple_type)VALUES (448, 3, 'Property',2, 2, 'auto'), (448, 3, 'Location',6, 7, 'auto'), (448, 4, 'Agent',3, 3, 'auto'), (448, 4, 'Location',6, 7, 'auto');
INSERT INTO Sentences (sentence_id, sentence, sentence_type)VALUES (449, 'a man in a grey uniform sliding into a base', 'auto');
INSERT INTO Words ( sentence_id,word_ID ,word,pos)VALUES (449, 1, 'a', 'DT'), (449, 2, 'man', 'NN'), (449, 3, 'in', 'IN'), (449, 4, 'a', 'DT'), (449, 5, 'grey', 'JJ'), (449, 6, 'uniform', 'JJ'), (449, 7, 'sliding', 'VBG'), (449, 8, 'into', 'IN'), (449, 9, 'a', 'DT'), (449, 10, 'base', 'NN');
INSERT INTO triples (sentence_id, predicate_id,relation,arg_start_id,arg_end_id,triple_type)VALUES (449, 2, 'Property',3, 6, 'auto'), (449, 2, 'Location',9, 10, 'auto'), (449, 7, 'Agent',2, 2, 'auto'), (449, 7, 'Destination',8, 10, 'auto');
INSERT INTO Sentences (sentence_id, sentence, sentence_type)VALUES (450, 'Three men playing baseball', 'auto');
INSERT INTO Words ( sentence_id,word_ID ,word,pos)VALUES (450, 1, 'Three', 'CD'), (450, 2, 'men', 'NNS'), (450, 3, 'playing', 'VBG'), (450, 4, 'baseball', 'NN');
INSERT INTO triples (sentence_id, predicate_id,relation,arg_start_id,arg_end_id,triple_type)VALUES (450, 3, 'Agent',2, 2, 'auto');
INSERT INTO Sentences (sentence_id, sentence, sentence_type)VALUES (451, 'two fielder are defending the base as a member of the batting team slide towards it', 'auto');
INSERT INTO Words ( sentence_id,word_ID ,word,pos)VALUES (451, 1, 'two', 'CD'), (451, 2, 'fielder', 'NN'), (451, 3, 'are', 'VBP'), (451, 4, 'defending', 'VBG'), (451, 5, 'the', 'DT'), (451, 6, 'base', 'NN'), (451, 7, 'as', 'IN'), (451, 8, 'a', 'DT'), (451, 9, 'member', 'NN'), (451, 10, 'of', 'IN'), (451, 11, 'the', 'DT'), (451, 12, 'batting', 'NN'), (451, 13, 'team', 'NN'), (451, 14, 'slide', 'NN'), (451, 15, 'towards', 'IN'), (451, 16, 'it', 'PRP');
INSERT INTO triples (sentence_id, predicate_id,relation,arg_start_id,arg_end_id,triple_type)VALUES (451, 4, 'Agent',2, 3, 'auto'), (451, 4, 'Patient',5, 6, 'auto');
INSERT INTO Sentences (sentence_id, sentence, sentence_type)VALUES (452, 'Four children playing basketball', 'auto');
INSERT INTO Words ( sentence_id,word_ID ,word,pos)VALUES (452, 1, 'Four', 'CD'), (452, 2, 'children', 'NNS'), (452, 3, 'playing', 'VBG'), (452, 4, 'basketball', 'NN');
INSERT INTO triples (sentence_id, predicate_id,relation,arg_start_id,arg_end_id,triple_type)VALUES (452, 3, 'Agent',2, 2, 'auto'), (452, 3, 'Patient',4, 4, 'auto');
INSERT INTO Sentences (sentence_id, sentence, sentence_type)VALUES (453, 'Four people are playing basketball on a plank deck outdoors', 'auto');
INSERT INTO Words ( sentence_id,word_ID ,word,pos)VALUES (453, 1, 'Four', 'CD'), (453, 2, 'people', 'NNS'), (453, 3, 'are', 'VBP'), (453, 4, 'playing', 'VBG'), (453, 5, 'basketball', 'NN'), (453, 6, 'on', 'IN'), (453, 7, 'a', 'DT'), (453, 8, 'plank', 'JJ'), (453, 9, 'deck', 'NN'), (453, 10, 'outdoors', 'NNS');
INSERT INTO triples (sentence_id, predicate_id,relation,arg_start_id,arg_end_id,triple_type)VALUES (453, 2, 'Property',4, 5, 'auto'), (453, 2, 'Location',6, 10, 'auto'), (453, 4, 'Agent',1, 3, 'auto'), (453, 4, 'Location',6, 9, 'auto');
INSERT INTO Sentences (sentence_id, sentence, sentence_type)VALUES (454, 'Four people playing basketball on wooden area near the beach', 'auto');
INSERT INTO Words ( sentence_id,word_ID ,word,pos)VALUES (454, 1, 'Four', 'CD'), (454, 2, 'people', 'NNS'), (454, 3, 'playing', 'VBG'), (454, 4, 'basketball', 'NN'), (454, 5, 'on', 'IN'), (454, 6, 'wooden', 'JJ'), (454, 7, 'area', 'NN'), (454, 8, 'near', 'IN'), (454, 9, 'the', 'DT'), (454, 10, 'beach', 'NN');
INSERT INTO triples (sentence_id, predicate_id,relation,arg_start_id,arg_end_id,triple_type)VALUES (454, 2, 'Property',3, 4, 'auto'), (454, 2, 'Location',5, 10, 'auto'), (454, 3, 'Agent',2, 2, 'auto'), (454, 3, 'Patient',4, 4, 'auto'), (454, 3, 'Location',5, 10, 'auto');
INSERT INTO Sentences (sentence_id, sentence, sentence_type)VALUES (455, 'Kids playing basketball on a wood deck', 'auto');
INSERT INTO Words ( sentence_id,word_ID ,word,pos)VALUES (455, 1, 'Kids', 'NNS'), (455, 2, 'playing', 'VBG'), (455, 3, 'basketball', 'NN'), (455, 4, 'on', 'IN'), (455, 5, 'a', 'DT'), (455, 6, 'wood', 'NN'), (455, 7, 'deck', 'NN');
INSERT INTO triples (sentence_id, predicate_id,relation,arg_start_id,arg_end_id,triple_type)VALUES (455, 2, 'Agent',1, 1, 'auto'), (455, 2, 'Patient',3, 3, 'auto'), (455, 2, 'Location',4, 7, 'auto');
INSERT INTO Sentences (sentence_id, sentence, sentence_type)VALUES (456, 'Young children shoot baskets in the field', 'auto');
INSERT INTO Words ( sentence_id,word_ID ,word,pos)VALUES (456, 1, 'Young', 'JJ'), (456, 2, 'children', 'NNS'), (456, 3, 'shoot', 'VBP'), (456, 4, 'baskets', 'NNS'), (456, 5, 'in', 'IN'), (456, 6, 'the', 'DT'), (456, 7, 'field', 'NN');
INSERT INTO triples (sentence_id, predicate_id,relation,arg_start_id,arg_end_id,triple_type)VALUES (456, 3, 'Agent',2, 2, 'auto'), (456, 3, 'Destination',5, 5, 'auto'), (456, 3, 'Location',7, 7, 'auto');
INSERT INTO Sentences (sentence_id, sentence, sentence_type)VALUES (457, 'A four wheel drive vehicle is driving on a dirt track', 'auto');
INSERT INTO Words ( sentence_id,word_ID ,word,pos)VALUES (457, 1, 'A', 'DT'), (457, 2, 'four', 'CD'), (457, 3, 'wheel', 'NN'), (457, 4, 'drive', 'NN'), (457, 5, 'vehicle', 'NN'), (457, 6, 'is', 'VBZ'), (457, 7, 'driving', 'VBG'), (457, 8, 'on', 'IN'), (457, 9, 'a', 'DT'), (457, 10, 'dirt', 'NN'), (457, 11, 'track', 'NN');
INSERT INTO triples (sentence_id, predicate_id,relation,arg_start_id,arg_end_id,triple_type)VALUES (457, 3, 'Location',8, 11, 'auto'), (457, 7, 'Agent',4, 5, 'auto'), (457, 7, 'Patient',6, 6, 'auto'), (457, 7, 'Location',8, 9, 'auto');
INSERT INTO Sentences (sentence_id, sentence, sentence_type)VALUES (458, 'A girl wearing camouflage pants sits on top of a Hummer', 'auto');
INSERT INTO Words ( sentence_id,word_ID ,word,pos)VALUES (458, 1, 'A', 'DT'), (458, 2, 'girl', 'NN'), (458, 3, 'wearing', 'VBG'), (458, 4, 'camouflage', 'NN'), (458, 5, 'pants', 'NNS'), (458, 6, 'sits', 'VBZ'), (458, 7, 'on', 'IN'), (458, 8, 'top', 'NN'), (458, 9, 'of', 'IN'), (458, 10, 'a', 'DT'), (458, 11, 'Hummer', 'NNP');
INSERT INTO triples (sentence_id, predicate_id,relation,arg_start_id,arg_end_id,triple_type)VALUES (458, 3, 'Agent',2, 2, 'auto'), (458, 3, 'Patient',4, 5, 'auto'), (458, 6, 'Agent',2, 2, 'auto'), (458, 6, 'Location',7, 11, 'auto');
INSERT INTO Sentences (sentence_id, sentence, sentence_type)VALUES (459, 'Girl on roof of jeep being driven down road', 'auto');
INSERT INTO Words ( sentence_id,word_ID ,word,pos)VALUES (459, 1, 'Girl', 'NNP'), (459, 2, 'on', 'IN'), (459, 3, 'roof', 'NN'), (459, 4, 'of', 'IN'), (459, 5, 'jeep', 'NN'), (459, 6, 'being', 'VBG'), (459, 7, 'driven', 'VBN'), (459, 8, 'down', 'IN'), (459, 9, 'road', 'NN');
INSERT INTO triples (sentence_id, predicate_id,relation,arg_start_id,arg_end_id,triple_type)VALUES (459, 1, 'Location',2, 5, 'auto'), (459, 7, 'Patient',5, 5, 'auto'), (459, 7, 'Destination',8, 9, 'auto');
INSERT INTO Sentences (sentence_id, sentence, sentence_type)VALUES (460, 'In rural outdoors , blond woman sits on roof of yellow BMW vehicle , two people inside', 'auto');
INSERT INTO Words ( sentence_id,word_ID ,word,pos)VALUES (460, 1, 'In', 'IN'), (460, 2, 'rural', 'JJ'), (460, 3, 'outdoors', 'NNS'), (460, 4, ',', ','), (460, 5, 'blond', 'JJ'), (460, 6, 'woman', 'NN'), (460, 7, 'sits', 'VBZ'), (460, 8, 'on', 'IN'), (460, 9, 'roof', 'NN'), (460, 10, 'of', 'IN'), (460, 11, 'yellow', 'JJ'), (460, 12, 'BMW', 'NNP'), (460, 13, 'vehicle', 'NN'), (460, 14, ',', ','), (460, 15, 'two', 'CD'), (460, 16, 'people', 'NNS'), (460, 17, 'inside', 'RB');
INSERT INTO triples (sentence_id, predicate_id,relation,arg_start_id,arg_end_id,triple_type)VALUES (460, 6, 'Location',8, 13, 'auto'), (460, 7, 'Agent',6, 6, 'auto'), (460, 7, 'Location',8, 13, 'auto'), (460, 16, 'Location',17, 17, 'auto');
INSERT INTO Sentences (sentence_id, sentence, sentence_type)VALUES (461, 'Two people drive a Jeep while a lady sits on the top of it', 'auto');
INSERT INTO Words ( sentence_id,word_ID ,word,pos)VALUES (461, 1, 'Two', 'CD'), (461, 2, 'people', 'NNS'), (461, 3, 'drive', 'VBP'), (461, 4, 'a', 'DT'), (461, 5, 'Jeep', 'NN'), (461, 6, 'while', 'IN'), (461, 7, 'a', 'DT'), (461, 8, 'lady', 'NN'), (461, 9, 'sits', 'VBZ'), (461, 10, 'on', 'IN'), (461, 11, 'the', 'DT'), (461, 12, 'top', 'NN'), (461, 13, 'of', 'IN'), (461, 14, 'it', 'PRP');
INSERT INTO triples (sentence_id, predicate_id,relation,arg_start_id,arg_end_id,triple_type)VALUES (461, 2, 'Property',3, 5, 'auto'), (461, 3, 'Agent',2, 2, 'auto'), (461, 3, 'Patient',4, 5, 'auto'), (461, 9, 'Agent',8, 8, 'auto'), (461, 9, 'Location',10, 14, 'auto');
INSERT INTO Sentences (sentence_id, sentence, sentence_type)VALUES (462, 'A cyclist donning blue and white is leading a pack of cyclists', 'auto');
INSERT INTO Words ( sentence_id,word_ID ,word,pos)VALUES (462, 1, 'A', 'DT'), (462, 2, 'cyclist', 'NN'), (462, 3, 'donning', 'VBG'), (462, 4, 'blue', 'JJ'), (462, 5, 'and', 'CC'), (462, 6, 'white', 'JJ'), (462, 7, 'is', 'VBZ'), (462, 8, 'leading', 'VBG'), (462, 9, 'a', 'DT'), (462, 10, 'pack', 'NN'), (462, 11, 'of', 'IN'), (462, 12, 'cyclists', 'NNS');
INSERT INTO triples (sentence_id, predicate_id,relation,arg_start_id,arg_end_id,triple_type)VALUES (462, 3, 'Agent',2, 2, 'auto'), (462, 3, 'Patient',4, 9, 'auto'), (462, 8, 'Agent',2, 2, 'auto'), (462, 8, 'Patient',9, 12, 'auto'), (462, 12, 'Location',8, 11, 'auto');
INSERT INTO Sentences (sentence_id, sentence, sentence_type)VALUES (463, 'A large column of bicyclists is cycling down a road', 'auto');
INSERT INTO Words ( sentence_id,word_ID ,word,pos)VALUES (463, 1, 'A', 'DT'), (463, 2, 'large', 'JJ'), (463, 3, 'column', 'NN'), (463, 4, 'of', 'IN'), (463, 5, 'bicyclists', 'NNS'), (463, 6, 'is', 'VBZ'), (463, 7, 'cycling', 'VBG'), (463, 8, 'down', 'RP'), (463, 9, 'a', 'DT'), (463, 10, 'road', 'NN');
INSERT INTO triples (sentence_id, predicate_id,relation,arg_start_id,arg_end_id,triple_type)VALUES (463, 7, 'Agent',2, 3, 'auto'), (463, 7, 'Location',8, 8, 'auto');
INSERT INTO Sentences (sentence_id, sentence, sentence_type)VALUES (464, 'A pack of bicycle road racers lean through a curve', 'auto');
INSERT INTO Words ( sentence_id,word_ID ,word,pos)VALUES (464, 1, 'A', 'DT'), (464, 2, 'pack', 'NN'), (464, 3, 'of', 'IN'), (464, 4, 'bicycle', 'NN'), (464, 5, 'road', 'NN'), (464, 6, 'racers', 'NNS'), (464, 7, 'lean', 'VBP'), (464, 8, 'through', 'IN'), (464, 9, 'a', 'DT'), (464, 10, 'curve', 'NN');
INSERT INTO Sentences (sentence_id, sentence, sentence_type)VALUES (465, 'A pack of bicyclists taking a turn during a race', 'auto');
INSERT INTO Words ( sentence_id,word_ID ,word,pos)VALUES (465, 1, 'A', 'DT'), (465, 2, 'pack', 'NN'), (465, 3, 'of', 'IN'), (465, 4, 'bicyclists', 'NNS'), (465, 5, 'taking', 'VBG'), (465, 6, 'a', 'DT'), (465, 7, 'turn', 'NN'), (465, 8, 'during', 'IN'), (465, 9, 'a', 'DT'), (465, 10, 'race', 'NN');
INSERT INTO triples (sentence_id, predicate_id,relation,arg_start_id,arg_end_id,triple_type)VALUES (465, 5, 'Agent',2, 2, 'auto'), (465, 5, 'Patient',6, 7, 'auto'), (465, 5, 'Location',10, 10, 'auto');
INSERT INTO Sentences (sentence_id, sentence, sentence_type)VALUES (466, 'Cyclists competing in a race are coming around a bend in the road', 'auto');
INSERT INTO Words ( sentence_id,word_ID ,word,pos)VALUES (466, 1, 'Cyclists', 'NNS'), (466, 2, 'competing', 'VBG'), (466, 3, 'in', 'IN'), (466, 4, 'a', 'DT'), (466, 5, 'race', 'NN'), (466, 6, 'are', 'VBP'), (466, 7, 'coming', 'VBG'), (466, 8, 'around', 'IN'), (466, 9, 'a', 'DT'), (466, 10, 'bend', 'NN'), (466, 11, 'in', 'IN'), (466, 12, 'the', 'DT'), (466, 13, 'road', 'NN');
INSERT INTO triples (sentence_id, predicate_id,relation,arg_start_id,arg_end_id,triple_type)VALUES (466, 1, 'Location',2, 13, 'auto'), (466, 2, 'Agent',1, 1, 'auto'), (466, 2, 'Patient',3, 9, 'auto'), (466, 7, 'Agent',1, 1, 'auto'), (466, 7, 'Patient',2, 3, 'auto'), (466, 7, 'Location',8, 8, 'auto'), (466, 10, 'Location',8, 9, 'auto');
INSERT INTO Sentences (sentence_id, sentence, sentence_type)VALUES (467, 'A boy in a tank top skateboarding', 'auto');
INSERT INTO Words ( sentence_id,word_ID ,word,pos)VALUES (467, 1, 'A', 'DT'), (467, 2, 'boy', 'NN'), (467, 3, 'in', 'IN'), (467, 4, 'a', 'DT'), (467, 5, 'tank', 'NN'), (467, 6, 'top', 'NN'), (467, 7, 'skateboarding', 'VBG');
INSERT INTO triples (sentence_id, predicate_id,relation,arg_start_id,arg_end_id,triple_type)VALUES (467, 2, 'Property',5, 6, 'auto');
INSERT INTO Sentences (sentence_id, sentence, sentence_type)VALUES (468, 'A boy skateboards down the street', 'auto');
INSERT INTO Words ( sentence_id,word_ID ,word,pos)VALUES (468, 1, 'A', 'DT'), (468, 2, 'boy', 'NN'), (468, 3, 'skateboards', 'VBZ'), (468, 4, 'down', 'IN'), (468, 5, 'the', 'DT'), (468, 6, 'street', 'NN');
INSERT INTO triples (sentence_id, predicate_id,relation,arg_start_id,arg_end_id,triple_type)VALUES (468, 2, 'Location',4, 6, 'auto'), (468, 3, 'Agent',2, 2, 'auto'), (468, 3, 'Location',6, 6, 'auto');
INSERT INTO Sentences (sentence_id, sentence, sentence_type)VALUES (469, 'A kid in a striped tank top skateboards down the street', 'auto');
INSERT INTO Words ( sentence_id,word_ID ,word,pos)VALUES (469, 1, 'A', 'DT'), (469, 2, 'kid', 'NN'), (469, 3, 'in', 'IN'), (469, 4, 'a', 'DT'), (469, 5, 'striped', 'JJ'), (469, 6, 'tank', 'NN'), (469, 7, 'top', 'JJ'), (469, 8, 'skateboards', 'VBZ'), (469, 9, 'down', 'IN'), (469, 10, 'the', 'DT'), (469, 11, 'street', 'NN');
INSERT INTO triples (sentence_id, predicate_id,relation,arg_start_id,arg_end_id,triple_type)VALUES (469, 8, 'Agent',2, 2, 'auto'), (469, 8, 'Location',9, 11, 'auto');
INSERT INTO Sentences (sentence_id, sentence, sentence_type)VALUES (470, 'A man wearing shorts and a tank top riding a skateboard', 'auto');
INSERT INTO Words ( sentence_id,word_ID ,word,pos)VALUES (470, 1, 'A', 'DT'), (470, 2, 'man', 'NN'), (470, 3, 'wearing', 'VBG'), (470, 4, 'shorts', 'NNS'), (470, 5, 'and', 'CC'), (470, 6, 'a', 'DT'), (470, 7, 'tank', 'NN'), (470, 8, 'top', 'JJ'), (470, 9, 'riding', 'VBG'), (470, 10, 'a', 'DT'), (470, 11, 'skateboard', 'NN');
INSERT INTO triples (sentence_id, predicate_id,relation,arg_start_id,arg_end_id,triple_type)VALUES (470, 2, 'Property',3, 8, 'auto'), (470, 3, 'Agent',2, 2, 'auto'), (470, 3, 'Patient',4, 8, 'auto'), (470, 9, 'Agent',2, 2, 'auto'), (470, 9, 'Patient',11, 11, 'auto');
INSERT INTO Sentences (sentence_id, sentence, sentence_type)VALUES (471, 'a young man skateboarding on a street wearing a black and white striped shirt', 'auto');
INSERT INTO Words ( sentence_id,word_ID ,word,pos)VALUES (471, 1, 'a', 'DT'), (471, 2, 'young', 'JJ'), (471, 3, 'man', 'NN'), (471, 4, 'skateboarding', 'VBG'), (471, 5, 'on', 'IN'), (471, 6, 'a', 'DT'), (471, 7, 'street', 'NN'), (471, 8, 'wearing', 'VBG'), (471, 9, 'a', 'DT'), (471, 10, 'black', 'JJ'), (471, 11, 'and', 'CC'), (471, 12, 'white', 'JJ'), (471, 13, 'striped', 'JJ'), (471, 14, 'shirt', 'NN');
INSERT INTO triples (sentence_id, predicate_id,relation,arg_start_id,arg_end_id,triple_type)VALUES (471, 3, 'Location',5, 8, 'auto'), (471, 3, 'Property',9, 14, 'auto'), (471, 4, 'Agent',2, 3, 'auto'), (471, 4, 'Location',5, 6, 'auto'), (471, 4, 'Patient',11, 14, 'auto'), (471, 7, 'Property',8, 14, 'auto'), (471, 8, 'Agent',7, 7, 'auto'), (471, 8, 'Patient',9, 14, 'auto');
INSERT INTO Sentences (sentence_id, sentence, sentence_type)VALUES (472, 'Boys with their backs against an incoming wave', 'auto');
INSERT INTO Words ( sentence_id,word_ID ,word,pos)VALUES (472, 1, 'Boys', 'NNS'), (472, 2, 'with', 'IN'), (472, 3, 'their', 'PRP$'), (472, 4, 'backs', 'NNS'), (472, 5, 'against', 'IN'), (472, 6, 'an', 'DT'), (472, 7, 'incoming', 'JJ'), (472, 8, 'wave', 'NN');
INSERT INTO Sentences (sentence_id, sentence, sentence_type)VALUES (473, 'Four boys are about to be hit by an approaching wave', 'auto');
INSERT INTO Words ( sentence_id,word_ID ,word,pos)VALUES (473, 1, 'Four', 'CD'), (473, 2, 'boys', 'NNS'), (473, 3, 'are', 'VBP'), (473, 4, 'about', 'IN'), (473, 5, 'to', 'TO'), (473, 6, 'be', 'VB'), (473, 7, 'hit', 'VBN'), (473, 8, 'by', 'IN'), (473, 9, 'an', 'DT'), (473, 10, 'approaching', 'VBG'), (473, 11, 'wave', 'NN');
INSERT INTO triples (sentence_id, predicate_id,relation,arg_start_id,arg_end_id,triple_type)VALUES (473, 3, 'Patient',1, 2, 'auto'), (473, 3, 'Location',11, 11, 'auto'), (473, 7, 'Patient',1, 5, 'auto'), (473, 7, 'Instrument',9, 10, 'auto'), (473, 7, 'Location',11, 11, 'auto'), (473, 10, 'Agent',1, 2, 'auto'), (473, 10, 'Patient',3, 6, 'auto'), (473, 10, 'Destination',7, 7, 'auto'), (473, 10, 'Instrument',8, 9, 'auto');
INSERT INTO Sentences (sentence_id, sentence, sentence_type)VALUES (474, 'Four people sitting in the path of a wave', 'auto');
INSERT INTO Words ( sentence_id,word_ID ,word,pos)VALUES (474, 1, 'Four', 'CD'), (474, 2, 'people', 'NNS'), (474, 3, 'sitting', 'VBG'), (474, 4, 'in', 'IN'), (474, 5, 'the', 'DT'), (474, 6, 'path', 'NN'), (474, 7, 'of', 'IN'), (474, 8, 'a', 'DT'), (474, 9, 'wave', 'NN');
INSERT INTO triples (sentence_id, predicate_id,relation,arg_start_id,arg_end_id,triple_type)VALUES (474, 2, 'Property',1, 1, 'auto'), (474, 2, 'Location',4, 9, 'auto'), (474, 3, 'Patient',1, 1, 'auto'), (474, 3, 'Agent',2, 2, 'auto'), (474, 3, 'Location',4, 4, 'auto');
INSERT INTO Sentences (sentence_id, sentence, sentence_type)VALUES (475, 'Four young men are sitting on the beach under a crashing wave', 'auto');
INSERT INTO Words ( sentence_id,word_ID ,word,pos)VALUES (475, 1, 'Four', 'CD'), (475, 2, 'young', 'JJ'), (475, 3, 'men', 'NNS'), (475, 4, 'are', 'VBP'), (475, 5, 'sitting', 'VBG'), (475, 6, 'on', 'IN'), (475, 7, 'the', 'DT'), (475, 8, 'beach', 'NN'), (475, 9, 'under', 'IN'), (475, 10, 'a', 'DT'), (475, 11, 'crashing', 'JJ'), (475, 12, 'wave', 'NN');
INSERT INTO triples (sentence_id, predicate_id,relation,arg_start_id,arg_end_id,triple_type)VALUES (475, 3, 'Location',6, 12, 'auto'), (475, 5, 'Agent',1, 3, 'auto'), (475, 5, 'Location',6, 8, 'auto');
INSERT INTO Sentences (sentence_id, sentence, sentence_type)VALUES (476, 'three boys sitting in sand getting splashed by wave', 'auto');
INSERT INTO Words ( sentence_id,word_ID ,word,pos)VALUES (476, 1, 'three', 'CD'), (476, 2, 'boys', 'NNS'), (476, 3, 'sitting', 'VBG'), (476, 4, 'in', 'IN'), (476, 5, 'sand', 'NN'), (476, 6, 'getting', 'VBG'), (476, 7, 'splashed', 'VBN'), (476, 8, 'by', 'IN'), (476, 9, 'wave', 'NN');
INSERT INTO triples (sentence_id, predicate_id,relation,arg_start_id,arg_end_id,triple_type)VALUES (476, 3, 'Agent',2, 2, 'auto'), (476, 3, 'Location',4, 5, 'auto'), (476, 3, 'Patient',6, 9, 'auto'), (476, 6, 'Source',1, 1, 'auto'), (476, 6, 'Agent',2, 2, 'auto'), (476, 6, 'Beneficiary',3, 3, 'auto'), (476, 6, 'Patient',4, 5, 'auto'), (476, 7, 'Agent',2, 2, 'auto'), (476, 7, 'Patient',5, 6, 'auto'), (476, 7, 'Location',8, 9, 'auto');
INSERT INTO Sentences (sentence_id, sentence, sentence_type)VALUES (477, 'a man crashes into the water with his parachute', 'auto');
INSERT INTO Words ( sentence_id,word_ID ,word,pos)VALUES (477, 1, 'a', 'DT'), (477, 2, 'man', 'NN'), (477, 3, 'crashes', 'VBZ'), (477, 4, 'into', 'IN'), (477, 5, 'the', 'DT'), (477, 6, 'water', 'NN'), (477, 7, 'with', 'IN'), (477, 8, 'his', 'PRP$'), (477, 9, 'parachute', 'NN');
INSERT INTO triples (sentence_id, predicate_id,relation,arg_start_id,arg_end_id,triple_type)VALUES (477, 3, 'Agent',2, 2, 'auto'), (477, 3, 'Destination',4, 6, 'auto'), (477, 3, 'Instrument',7, 9, 'auto');
INSERT INTO Sentences (sentence_id, sentence, sentence_type)VALUES (478, 'A parasailer splashes along the surface of a lake', 'auto');
INSERT INTO Words ( sentence_id,word_ID ,word,pos)VALUES (478, 1, 'A', 'DT'), (478, 2, 'parasailer', 'NN'), (478, 3, 'splashes', 'VBZ'), (478, 4, 'along', 'IN'), (478, 5, 'the', 'DT'), (478, 6, 'surface', 'NN'), (478, 7, 'of', 'IN'), (478, 8, 'a', 'DT'), (478, 9, 'lake', 'NN');
INSERT INTO triples (sentence_id, predicate_id,relation,arg_start_id,arg_end_id,triple_type)VALUES (478, 3, 'Agent',2, 2, 'auto'), (478, 3, 'Attribute',5, 6, 'auto'), (478, 3, 'Patient',7, 9, 'auto');
INSERT INTO Sentences (sentence_id, sentence, sentence_type)VALUES (479, 'A person hanging from a parachute makes a splash as their body hits the water', 'auto');
INSERT INTO Words ( sentence_id,word_ID ,word,pos)VALUES (479, 1, 'A', 'DT'), (479, 2, 'person', 'NN'), (479, 3, 'hanging', 'VBG'), (479, 4, 'from', 'IN'), (479, 5, 'a', 'DT'), (479, 6, 'parachute', 'NN'), (479, 7, 'makes', 'VBZ'), (479, 8, 'a', 'DT'), (479, 9, 'splash', 'NN'), (479, 10, 'as', 'IN'), (479, 11, 'their', 'PRP$'), (479, 12, 'body', 'NN'), (479, 13, 'hits', 'VBZ'), (479, 14, 'the', 'DT'), (479, 15, 'water', 'NN');
INSERT INTO triples (sentence_id, predicate_id,relation,arg_start_id,arg_end_id,triple_type)VALUES (479, 2, 'Location',4, 6, 'auto'), (479, 2, 'Property',10, 14, 'auto'), (479, 3, 'Agent',2, 2, 'auto'), (479, 3, 'Location',4, 6, 'auto'), (479, 3, 'Recipient',9, 10, 'auto'), (479, 3, 'Patient',11, 14, 'auto'), (479, 7, 'Agent',2, 2, 'auto'), (479, 7, 'Material',6, 6, 'auto'), (479, 7, 'Patient',11, 11, 'auto'), (479, 13, 'Agent',2, 2, 'auto'), (479, 13, 'Instrument',5, 6, 'auto'), (479, 13, 'Patient',14, 15, 'auto'), (479, 15, 'Location',4, 6, 'auto');
INSERT INTO Sentences (sentence_id, sentence, sentence_type)VALUES (480, 'A person in a parachute sliding across the water', 'auto');
INSERT INTO Words ( sentence_id,word_ID ,word,pos)VALUES (480, 1, 'A', 'DT'), (480, 2, 'person', 'NN'), (480, 3, 'in', 'IN'), (480, 4, 'a', 'DT'), (480, 5, 'parachute', 'NN'), (480, 6, 'sliding', 'VBG'), (480, 7, 'across', 'IN'), (480, 8, 'the', 'DT'), (480, 9, 'water', 'NN');
INSERT INTO triples (sentence_id, predicate_id,relation,arg_start_id,arg_end_id,triple_type)VALUES (480, 2, 'Property',3, 8, 'auto'), (480, 2, 'Location',9, 9, 'auto'), (480, 6, 'Agent',2, 2, 'auto'), (480, 6, 'Location',7, 7, 'auto'), (480, 6, 'Patient',8, 8, 'auto'), (480, 9, 'Location',7, 8, 'auto');
INSERT INTO Sentences (sentence_id, sentence, sentence_type)VALUES (481, 'The parasailer is skipping across the water', 'auto');
INSERT INTO Words ( sentence_id,word_ID ,word,pos)VALUES (481, 1, 'The', 'DT'), (481, 2, 'parasailer', 'NN'), (481, 3, 'is', 'VBZ'), (481, 4, 'skipping', 'VBG'), (481, 5, 'across', 'IN'), (481, 6, 'the', 'DT'), (481, 7, 'water', 'NN');
INSERT INTO triples (sentence_id, predicate_id,relation,arg_start_id,arg_end_id,triple_type)VALUES (481, 4, 'Agent',2, 2, 'auto'), (481, 4, 'Patient',5, 6, 'auto'), (481, 4, 'Location',7, 7, 'auto'), (481, 7, 'Location',5, 6, 'auto');
INSERT INTO Sentences (sentence_id, sentence, sentence_type)VALUES (482, 'a bicyclist jumping with his bike in midair', 'auto');
INSERT INTO Words ( sentence_id,word_ID ,word,pos)VALUES (482, 1, 'a', 'DT'), (482, 2, 'bicyclist', 'NN'), (482, 3, 'jumping', 'VBG'), (482, 4, 'with', 'IN'), (482, 5, 'his', 'PRP$'), (482, 6, 'bike', 'NN'), (482, 7, 'in', 'IN'), (482, 8, 'midair', 'NN');
INSERT INTO triples (sentence_id, predicate_id,relation,arg_start_id,arg_end_id,triple_type)VALUES (482, 3, 'Agent',2, 2, 'auto'), (482, 3, 'Instrument',4, 6, 'auto'), (482, 3, 'Destination',7, 8, 'auto');
INSERT INTO Sentences (sentence_id, sentence, sentence_type)VALUES (483, 'A cyclist is performing a jump whilst other cyclists stand by and watch', 'auto');
INSERT INTO Words ( sentence_id,word_ID ,word,pos)VALUES (483, 1, 'A', 'DT'), (483, 2, 'cyclist', 'NN'), (483, 3, 'is', 'VBZ'), (483, 4, 'performing', 'VBG'), (483, 5, 'a', 'DT'), (483, 6, 'jump', 'NN'), (483, 7, 'whilst', 'IN'), (483, 8, 'other', 'JJ'), (483, 9, 'cyclists', 'NNS'), (483, 10, 'stand', 'VBP'), (483, 11, 'by', 'IN'), (483, 12, 'and', 'CC'), (483, 13, 'watch', 'NN');
INSERT INTO triples (sentence_id, predicate_id,relation,arg_start_id,arg_end_id,triple_type)VALUES (483, 4, 'Agent',2, 2, 'auto'), (483, 4, 'Patient',5, 7, 'auto'), (483, 9, 'Location',4, 6, 'auto'), (483, 10, 'Destination',6, 6, 'auto'), (483, 10, 'Agent',9, 9, 'auto'), (483, 10, 'Location',11, 11, 'auto'), (483, 10, 'Patient',12, 13, 'auto');
INSERT INTO Sentences (sentence_id, sentence, sentence_type)VALUES (484, 'A guy is doing a trick on a bike', 'auto');
INSERT INTO Words ( sentence_id,word_ID ,word,pos)VALUES (484, 1, 'A', 'DT'), (484, 2, 'guy', 'NN'), (484, 3, 'is', 'VBZ'), (484, 4, 'doing', 'VBG'), (484, 5, 'a', 'DT'), (484, 6, 'trick', 'NN'), (484, 7, 'on', 'IN'), (484, 8, 'a', 'DT'), (484, 9, 'bike', 'NN');
INSERT INTO triples (sentence_id, predicate_id,relation,arg_start_id,arg_end_id,triple_type)VALUES (484, 2, 'Property',3, 9, 'auto'), (484, 4, 'Agent',2, 3, 'auto'), (484, 4, 'Patient',6, 6, 'auto'), (484, 4, 'Location',7, 8, 'auto'), (484, 9, 'Property',3, 5, 'auto'), (484, 9, 'Location',6, 8, 'auto');
INSERT INTO Sentences (sentence_id, sentence, sentence_type)VALUES (485, 'Someone on a bike is performing an aerial trick while other bikers watch', 'auto');
INSERT INTO Words ( sentence_id,word_ID ,word,pos)VALUES (485, 1, 'Someone', 'NN'), (485, 2, 'on', 'IN'), (485, 3, 'a', 'DT'), (485, 4, 'bike', 'NN'), (485, 5, 'is', 'VBZ'), (485, 6, 'performing', 'VBG'), (485, 7, 'an', 'DT'), (485, 8, 'aerial', 'JJ'), (485, 9, 'trick', 'NN'), (485, 10, 'while', 'IN'), (485, 11, 'other', 'JJ'), (485, 12, 'bikers', 'NNS'), (485, 13, 'watch', 'VBP');
INSERT INTO triples (sentence_id, predicate_id,relation,arg_start_id,arg_end_id,triple_type)VALUES (485, 1, 'Property',2, 13, 'auto'), (485, 4, 'Location',2, 3, 'auto'), (485, 4, 'Property',5, 13, 'auto'), (485, 6, 'Location',2, 3, 'auto'), (485, 6, 'Patient',7, 10, 'auto'), (485, 6, 'Agent',11, 12, 'auto'), (485, 13, 'Patient',1, 11, 'auto'), (485, 13, 'Agent',12, 12, 'auto');
INSERT INTO Sentences (sentence_id, sentence, sentence_type)VALUES (486, 'The trick bicyclist gets airborne off the ramp', 'auto');
INSERT INTO Words ( sentence_id,word_ID ,word,pos)VALUES (486, 1, 'The', 'DT'), (486, 2, 'trick', 'NN'), (486, 3, 'bicyclist', 'NN'), (486, 4, 'gets', 'VBZ'), (486, 5, 'airborne', 'JJ'), (486, 6, 'off', 'IN'), (486, 7, 'the', 'DT'), (486, 8, 'ramp', 'NN');
INSERT INTO triples (sentence_id, predicate_id,relation,arg_start_id,arg_end_id,triple_type)VALUES (486, 4, 'Agent',3, 3, 'auto'), (486, 4, 'Patient',5, 7, 'auto'), (486, 4, 'Source',8, 8, 'auto'), (486, 8, 'Location',6, 7, 'auto');
INSERT INTO Sentences (sentence_id, sentence, sentence_type)VALUES (487, 'A bike rider is doing a stunt on a bicycle over a forest', 'auto');
INSERT INTO Words ( sentence_id,word_ID ,word,pos)VALUES (487, 1, 'A', 'DT'), (487, 2, 'bike', 'NN'), (487, 3, 'rider', 'NN'), (487, 4, 'is', 'VBZ'), (487, 5, 'doing', 'VBG'), (487, 6, 'a', 'DT'), (487, 7, 'stunt', 'NN'), (487, 8, 'on', 'IN'), (487, 9, 'a', 'DT'), (487, 10, 'bicycle', 'NN'), (487, 11, 'over', 'IN'), (487, 12, 'a', 'DT'), (487, 13, 'forest', 'NN');
INSERT INTO triples (sentence_id, predicate_id,relation,arg_start_id,arg_end_id,triple_type)VALUES (487, 2, 'Property',1, 1, 'auto'), (487, 2, 'Location',8, 13, 'auto'), (487, 3, 'Property',1, 2, 'auto'), (487, 5, 'Agent',2, 3, 'auto'), (487, 5, 'Patient',7, 7, 'auto'), (487, 5, 'Location',8, 13, 'auto'), (487, 10, 'Location',8, 9, 'auto');
INSERT INTO Sentences (sentence_id, sentence, sentence_type)VALUES (488, 'A man doing a bicycle trick', 'auto');
INSERT INTO Words ( sentence_id,word_ID ,word,pos)VALUES (488, 1, 'A', 'DT'), (488, 2, 'man', 'NN'), (488, 3, 'doing', 'VBG'), (488, 4, 'a', 'DT'), (488, 5, 'bicycle', 'NN'), (488, 6, 'trick', 'NN');
INSERT INTO triples (sentence_id, predicate_id,relation,arg_start_id,arg_end_id,triple_type)VALUES (488, 3, 'Agent',2, 2, 'auto'), (488, 3, 'Patient',5, 6, 'auto');
INSERT INTO Sentences (sentence_id, sentence, sentence_type)VALUES (489, 'A man is attempting a stunt with a bicycle', 'auto');
INSERT INTO Words ( sentence_id,word_ID ,word,pos)VALUES (489, 1, 'A', 'DT'), (489, 2, 'man', 'NN'), (489, 3, 'is', 'VBZ'), (489, 4, 'attempting', 'VBG'), (489, 5, 'a', 'DT'), (489, 6, 'stunt', 'NN'), (489, 7, 'with', 'IN'), (489, 8, 'a', 'DT'), (489, 9, 'bicycle', 'NN');
INSERT INTO triples (sentence_id, predicate_id,relation,arg_start_id,arg_end_id,triple_type)VALUES (489, 4, 'Agent',2, 2, 'auto'), (489, 4, 'Patient',5, 6, 'auto'), (489, 4, 'Instrument',7, 9, 'auto');
INSERT INTO Sentences (sentence_id, sentence, sentence_type)VALUES (490, 'a man is performing an aerial jump on a bicycle in front of a mountain covered with pine trees', 'auto');
INSERT INTO Words ( sentence_id,word_ID ,word,pos)VALUES (490, 1, 'a', 'DT'), (490, 2, 'man', 'NN'), (490, 3, 'is', 'VBZ'), (490, 4, 'performing', 'VBG'), (490, 5, 'an', 'DT'), (490, 6, 'aerial', 'JJ'), (490, 7, 'jump', 'NN'), (490, 8, 'on', 'IN'), (490, 9, 'a', 'DT'), (490, 10, 'bicycle', 'NN'), (490, 11, 'in', 'IN'), (490, 12, 'front', 'NN'), (490, 13, 'of', 'IN'), (490, 14, 'a', 'DT'), (490, 15, 'mountain', 'NN'), (490, 16, 'covered', 'VBN'), (490, 17, 'with', 'IN'), (490, 18, 'pine', 'VBP'), (490, 19, 'trees', 'NNS');
INSERT INTO triples (sentence_id, predicate_id,relation,arg_start_id,arg_end_id,triple_type)VALUES (490, 4, 'Agent',2, 2, 'auto'), (490, 4, 'Patient',5, 7, 'auto'), (490, 10, 'Location',11, 15, 'auto'), (490, 16, 'Patient',15, 15, 'auto'), (490, 16, 'Instrument',17, 19, 'auto');
INSERT INTO Sentences (sentence_id, sentence, sentence_type)VALUES (491, 'A person is holding onto a bicycle in the air with his body in flight position', 'auto');
INSERT INTO Words ( sentence_id,word_ID ,word,pos)VALUES (491, 1, 'A', 'DT'), (491, 2, 'person', 'NN'), (491, 3, 'is', 'VBZ'), (491, 4, 'holding', 'VBG'), (491, 5, 'onto', 'IN'), (491, 6, 'a', 'DT'), (491, 7, 'bicycle', 'NN'), (491, 8, 'in', 'IN'), (491, 9, 'the', 'DT'), (491, 10, 'air', 'NN'), (491, 11, 'with', 'IN'), (491, 12, 'his', 'PRP$'), (491, 13, 'body', 'NN'), (491, 14, 'in', 'IN'), (491, 15, 'flight', 'NN'), (491, 16, 'position', 'NN');
INSERT INTO triples (sentence_id, predicate_id,relation,arg_start_id,arg_end_id,triple_type)VALUES (491, 2, 'Location',5, 10, 'auto'), (491, 2, 'Property',14, 15, 'auto'), (491, 4, 'Agent',2, 2, 'auto'), (491, 4, 'Location',8, 8, 'auto'), (491, 4, 'Destination',10, 10, 'auto'), (491, 4, 'Instrument',13, 13, 'auto'), (491, 4, 'Patient',14, 16, 'auto'), (491, 7, 'Location',8, 8, 'auto');
INSERT INTO Sentences (sentence_id, sentence, sentence_type)VALUES (492, 'A bikers flips upside down', 'auto');
INSERT INTO Words ( sentence_id,word_ID ,word,pos)VALUES (492, 1, 'A', 'DT'), (492, 2, 'bikers', 'NNS'), (492, 3, 'flips', 'VBZ'), (492, 4, 'upside', 'RB'), (492, 5, 'down', 'RB');
INSERT INTO triples (sentence_id, predicate_id,relation,arg_start_id,arg_end_id,triple_type)VALUES (492, 3, 'Agent',2, 2, 'auto'), (492, 3, 'Patient',4, 4, 'auto'), (492, 3, 'Destination',5, 5, 'auto');
INSERT INTO Sentences (sentence_id, sentence, sentence_type)VALUES (493, 'A man does a flip trick on his bicycle', 'auto');
INSERT INTO Words ( sentence_id,word_ID ,word,pos)VALUES (493, 1, 'A', 'DT'), (493, 2, 'man', 'NN'), (493, 3, 'does', 'VBZ'), (493, 4, 'a', 'DT'), (493, 5, 'flip', 'JJ'), (493, 6, 'trick', 'NN'), (493, 7, 'on', 'IN'), (493, 8, 'his', 'PRP$'), (493, 9, 'bicycle', 'NN');
INSERT INTO triples (sentence_id, predicate_id,relation,arg_start_id,arg_end_id,triple_type)VALUES (493, 2, 'Property',3, 6, 'auto'), (493, 2, 'Location',7, 9, 'auto'), (493, 3, 'Agent',2, 2, 'auto'), (493, 3, 'Patient',5, 6, 'auto');
INSERT INTO Sentences (sentence_id, sentence, sentence_type)VALUES (494, 'A man is doing a back flip off a ramp on a mountain bike in the wild', 'auto');
INSERT INTO Words ( sentence_id,word_ID ,word,pos)VALUES (494, 1, 'A', 'DT'), (494, 2, 'man', 'NN'), (494, 3, 'is', 'VBZ'), (494, 4, 'doing', 'VBG'), (494, 5, 'a', 'DT'), (494, 6, 'back', 'RB'), (494, 7, 'flip', 'NN'), (494, 8, 'off', 'RP'), (494, 9, 'a', 'DT'), (494, 10, 'ramp', 'NN'), (494, 11, 'on', 'IN'), (494, 12, 'a', 'DT'), (494, 13, 'mountain', 'NN'), (494, 14, 'bike', 'NN'), (494, 15, 'in', 'IN'), (494, 16, 'the', 'DT'), (494, 17, 'wild', 'JJ');
INSERT INTO triples (sentence_id, predicate_id,relation,arg_start_id,arg_end_id,triple_type)VALUES (494, 2, 'Location',13, 14, 'auto'), (494, 4, 'Agent',2, 2, 'auto'), (494, 4, 'Patient',6, 7, 'auto'), (494, 4, 'Location',11, 14, 'auto'), (494, 10, 'Location',15, 17, 'auto'), (494, 14, 'Property',13, 13, 'auto'), (494, 14, 'Location',15, 17, 'auto');
INSERT INTO Sentences (sentence_id, sentence, sentence_type)VALUES (495, 'A man is doing a back flip whilst attempting a jump on a bicycle', 'auto');
INSERT INTO Words ( sentence_id,word_ID ,word,pos)VALUES (495, 1, 'A', 'DT'), (495, 2, 'man', 'NN'), (495, 3, 'is', 'VBZ'), (495, 4, 'doing', 'VBG'), (495, 5, 'a', 'DT'), (495, 6, 'back', 'RB'), (495, 7, 'flip', 'JJ'), (495, 8, 'whilst', 'IN'), (495, 9, 'attempting', 'VBG'), (495, 10, 'a', 'DT'), (495, 11, 'jump', 'NN'), (495, 12, 'on', 'IN'), (495, 13, 'a', 'DT'), (495, 14, 'bicycle', 'NN');
INSERT INTO triples (sentence_id, predicate_id,relation,arg_start_id,arg_end_id,triple_type)VALUES (495, 2, 'Location',12, 14, 'auto'), (495, 4, 'Agent',2, 3, 'auto'), (495, 4, 'Patient',6, 7, 'auto'), (495, 4, 'Instrument',12, 14, 'auto'), (495, 9, 'Agent',2, 2, 'auto'), (495, 9, 'Patient',11, 11, 'auto'), (495, 9, 'Instrument',12, 14, 'auto');
INSERT INTO Sentences (sentence_id, sentence, sentence_type)VALUES (496, 'A man performs a back flip on his bmx bicycle', 'auto');
INSERT INTO Words ( sentence_id,word_ID ,word,pos)VALUES (496, 1, 'A', 'DT'), (496, 2, 'man', 'NN'), (496, 3, 'performs', 'VBZ'), (496, 4, 'a', 'DT'), (496, 5, 'back', 'RB'), (496, 6, 'flip', 'VB'), (496, 7, 'on', 'IN'), (496, 8, 'his', 'PRP$'), (496, 9, 'bmx', 'NN'), (496, 10, 'bicycle', 'NN');
INSERT INTO triples (sentence_id, predicate_id,relation,arg_start_id,arg_end_id,triple_type)VALUES (496, 2, 'Location',3, 3, 'auto'), (496, 2, 'Property',4, 10, 'auto'), (496, 3, 'Agent',2, 2, 'auto'), (496, 3, 'Patient',4, 10, 'auto'), (496, 6, 'Agent',2, 2, 'auto'), (496, 6, 'Destination',5, 5, 'auto'), (496, 6, 'Patient',7, 10, 'auto'), (496, 10, 'Location',7, 7, 'auto');
INSERT INTO Sentences (sentence_id, sentence, sentence_type)VALUES (497, 'A LONE SURFER RIDING A HUGE WAVE IN THE OCEAN', 'auto');
INSERT INTO Words ( sentence_id,word_ID ,word,pos)VALUES (497, 1, 'A', 'DT'), (497, 2, 'LONE', 'JJ'), (497, 3, 'SURFER', 'NN'), (497, 4, 'RIDING', 'VBG'), (497, 5, 'A', 'DT'), (497, 6, 'HUGE', 'JJ'), (497, 7, 'WAVE', 'NNP'), (497, 8, 'IN', 'IN'), (497, 9, 'THE', 'DT'), (497, 10, 'OCEAN', 'NN');
INSERT INTO triples (sentence_id, predicate_id,relation,arg_start_id,arg_end_id,triple_type)VALUES (497, 4, 'Agent',2, 3, 'auto'), (497, 4, 'Patient',5, 9, 'auto');
INSERT INTO Sentences (sentence_id, sentence, sentence_type)VALUES (498, 'A man in a black wetsuit is surfing in the waves', 'auto');
INSERT INTO Words ( sentence_id,word_ID ,word,pos)VALUES (498, 1, 'A', 'DT'), (498, 2, 'man', 'NN'), (498, 3, 'in', 'IN'), (498, 4, 'a', 'DT'), (498, 5, 'black', 'JJ'), (498, 6, 'wetsuit', 'NN'), (498, 7, 'is', 'VBZ'), (498, 8, 'surfing', 'VBG'), (498, 9, 'in', 'IN'), (498, 10, 'the', 'DT'), (498, 11, 'waves', 'NNS');
INSERT INTO triples (sentence_id, predicate_id,relation,arg_start_id,arg_end_id,triple_type)VALUES (498, 2, 'Property',3, 6, 'auto'), (498, 2, 'Location',11, 11, 'auto'), (498, 8, 'Agent',2, 2, 'auto'), (498, 8, 'Destination',11, 11, 'auto');
INSERT INTO Sentences (sentence_id, sentence, sentence_type)VALUES (499, 'A surfer in a black wetsuit is riding a foamy wave', 'auto');
INSERT INTO Words ( sentence_id,word_ID ,word,pos)VALUES (499, 1, 'A', 'DT'), (499, 2, 'surfer', 'NN'), (499, 3, 'in', 'IN'), (499, 4, 'a', 'DT'), (499, 5, 'black', 'JJ'), (499, 6, 'wetsuit', 'NN'), (499, 7, 'is', 'VBZ'), (499, 8, 'riding', 'VBG'), (499, 9, 'a', 'DT'), (499, 10, 'foamy', 'JJ'), (499, 11, 'wave', 'NN');
INSERT INTO triples (sentence_id, predicate_id,relation,arg_start_id,arg_end_id,triple_type)VALUES (499, 8, 'Agent',2, 2, 'auto'), (499, 8, 'Patient',3, 6, 'auto');
INSERT INTO Sentences (sentence_id, sentence, sentence_type)VALUES (500, 'A surfer in a black wet suit surfs on a medium wave', 'auto');
INSERT INTO Words ( sentence_id,word_ID ,word,pos)VALUES (500, 1, 'A', 'DT'), (500, 2, 'surfer', 'NN'), (500, 3, 'in', 'IN'), (500, 4, 'a', 'DT'), (500, 5, 'black', 'JJ'), (500, 6, 'wet', 'JJ'), (500, 7, 'suit', 'NN'), (500, 8, 'surfs', 'VBZ'), (500, 9, 'on', 'IN'), (500, 10, 'a', 'DT'), (500, 11, 'medium', 'NN'), (500, 12, 'wave', 'NN');
INSERT INTO Sentences (sentence_id, sentence, sentence_type)VALUES (501, 'a surfer surfs a huge wave', 'auto');
INSERT INTO Words ( sentence_id,word_ID ,word,pos)VALUES (501, 1, 'a', 'DT'), (501, 2, 'surfer', 'NN'), (501, 3, 'surfs', 'VBZ'), (501, 4, 'a', 'DT'), (501, 5, 'huge', 'JJ'), (501, 6, 'wave', 'NN');
INSERT INTO Sentences (sentence_id, sentence, sentence_type)VALUES (502, 'A man , feet fastened to a board and holding a tow-rope becomes airborne over the water', 'auto');
INSERT INTO Words ( sentence_id,word_ID ,word,pos)VALUES (502, 1, 'A', 'DT'), (502, 2, 'man', 'NN'), (502, 3, ',', ','), (502, 4, 'feet', 'NNS'), (502, 5, 'fastened', 'VBD'), (502, 6, 'to', 'TO'), (502, 7, 'a', 'DT'), (502, 8, 'board', 'NN'), (502, 9, 'and', 'CC'), (502, 10, 'holding', 'VBG'), (502, 11, 'a', 'DT'), (502, 12, 'tow-rope', 'NN'), (502, 13, 'becomes', 'VBZ'), (502, 14, 'airborne', 'JJ'), (502, 15, 'over', 'IN'), (502, 16, 'the', 'DT'), (502, 17, 'water', 'NN');
INSERT INTO triples (sentence_id, predicate_id,relation,arg_start_id,arg_end_id,triple_type)VALUES (502, 2, 'Property',4, 7, 'auto'), (502, 5, 'Patient',4, 4, 'auto'), (502, 5, 'Location',7, 8, 'auto'), (502, 10, 'Agent',2, 2, 'auto'), (502, 10, 'Location',7, 8, 'auto'), (502, 10, 'Patient',12, 14, 'auto'), (502, 13, 'Patient',14, 17, 'auto');
INSERT INTO Sentences (sentence_id, sentence, sentence_type)VALUES (503, 'A man water boarding', 'auto');
INSERT INTO Words ( sentence_id,word_ID ,word,pos)VALUES (503, 1, 'A', 'DT'), (503, 2, 'man', 'NN'), (503, 3, 'water', 'NN'), (503, 4, 'boarding', 'VBG');
INSERT INTO triples (sentence_id, predicate_id,relation,arg_start_id,arg_end_id,triple_type)VALUES (503, 4, 'Agent',2, 2, 'auto');
INSERT INTO Sentences (sentence_id, sentence, sentence_type)VALUES (504, 'A man water skis', 'auto');
INSERT INTO Words ( sentence_id,word_ID ,word,pos)VALUES (504, 1, 'A', 'DT'), (504, 2, 'man', 'NN'), (504, 3, 'water', 'NN'), (504, 4, 'skis', 'VBZ');
INSERT INTO triples (sentence_id, predicate_id,relation,arg_start_id,arg_end_id,triple_type)VALUES (504, 4, 'Agent',2, 2, 'auto');
INSERT INTO Sentences (sentence_id, sentence, sentence_type)VALUES (505, 'A wakeboarder is doing a jumping trick in the water', 'auto');
INSERT INTO Words ( sentence_id,word_ID ,word,pos)VALUES (505, 1, 'A', 'DT'), (505, 2, 'wakeboarder', 'NN'), (505, 3, 'is', 'VBZ'), (505, 4, 'doing', 'VBG'), (505, 5, 'a', 'DT'), (505, 6, 'jumping', 'VBG'), (505, 7, 'trick', 'NN'), (505, 8, 'in', 'IN'), (505, 9, 'the', 'DT'), (505, 10, 'water', 'NN');
INSERT INTO triples (sentence_id, predicate_id,relation,arg_start_id,arg_end_id,triple_type)VALUES (505, 4, 'Agent',2, 3, 'auto'), (505, 4, 'Patient',6, 7, 'auto'), (505, 4, 'Location',8, 9, 'auto'), (505, 6, 'Beneficiary',1, 1, 'auto'), (505, 6, 'Agent',2, 2, 'auto'), (505, 6, 'Patient',4, 4, 'auto'), (505, 6, 'Location',8, 8, 'auto'), (505, 10, 'Location',8, 9, 'auto');
INSERT INTO Sentences (sentence_id, sentence, sentence_type)VALUES (506, 'A wake boarder is leaping into the air whilst holding onto a pink rope', 'auto');
INSERT INTO Words ( sentence_id,word_ID ,word,pos)VALUES (506, 1, 'A', 'DT'), (506, 2, 'wake', 'NN'), (506, 3, 'boarder', 'NN'), (506, 4, 'is', 'VBZ'), (506, 5, 'leaping', 'VBG'), (506, 6, 'into', 'IN'), (506, 7, 'the', 'DT'), (506, 8, 'air', 'NN'), (506, 9, 'whilst', 'IN'), (506, 10, 'holding', 'VBG'), (506, 11, 'onto', 'IN'), (506, 12, 'a', 'DT'), (506, 13, 'pink', 'JJ'), (506, 14, 'rope', 'NN');
INSERT INTO triples (sentence_id, predicate_id,relation,arg_start_id,arg_end_id,triple_type)VALUES (506, 5, 'Agent',2, 3, 'auto'), (506, 5, 'Destination',6, 8, 'auto'), (506, 10, 'Agent',2, 3, 'auto'), (506, 10, 'Instrument',11, 14, 'auto');
INSERT INTO Sentences (sentence_id, sentence, sentence_type)VALUES (507, 'A man in a blue jacket bikes down a forest path', 'auto');
INSERT INTO Words ( sentence_id,word_ID ,word,pos)VALUES (507, 1, 'A', 'DT'), (507, 2, 'man', 'NN'), (507, 3, 'in', 'IN'), (507, 4, 'a', 'DT'), (507, 5, 'blue', 'JJ'), (507, 6, 'jacket', 'NN'), (507, 7, 'bikes', 'VBZ'), (507, 8, 'down', 'IN'), (507, 9, 'a', 'DT'), (507, 10, 'forest', 'NN'), (507, 11, 'path', 'NN');
INSERT INTO triples (sentence_id, predicate_id,relation,arg_start_id,arg_end_id,triple_type)VALUES (507, 2, 'Property',3, 11, 'auto'), (507, 7, 'Agent',2, 2, 'auto'), (507, 7, 'Location',8, 8, 'auto'), (507, 7, 'Patient',9, 11, 'auto');
INSERT INTO Sentences (sentence_id, sentence, sentence_type)VALUES (508, 'A man rides a bike down a trail in a pine forest', 'auto');
INSERT INTO Words ( sentence_id,word_ID ,word,pos)VALUES (508, 1, 'A', 'DT'), (508, 2, 'man', 'NN'), (508, 3, 'rides', 'VBZ'), (508, 4, 'a', 'DT'), (508, 5, 'bike', 'NN'), (508, 6, 'down', 'IN'), (508, 7, 'a', 'DT'), (508, 8, 'trail', 'NN'), (508, 9, 'in', 'IN'), (508, 10, 'a', 'DT'), (508, 11, 'pine', 'VBP'), (508, 12, 'forest', 'NN');
INSERT INTO triples (sentence_id, predicate_id,relation,arg_start_id,arg_end_id,triple_type)VALUES (508, 2, 'Location',8, 8, 'auto'), (508, 2, 'Property',9, 12, 'auto'), (508, 3, 'Agent',2, 2, 'auto'), (508, 3, 'Patient',4, 12, 'auto'), (508, 5, 'Location',8, 8, 'auto'), (508, 5, 'Property',9, 12, 'auto'), (508, 11, 'Patient',1, 10, 'auto');
INSERT INTO Sentences (sentence_id, sentence, sentence_type)VALUES (509, 'A person on a bike rides through a wooded area', 'auto');
INSERT INTO Words ( sentence_id,word_ID ,word,pos)VALUES (509, 1, 'A', 'DT'), (509, 2, 'person', 'NN'), (509, 3, 'on', 'IN'), (509, 4, 'a', 'DT'), (509, 5, 'bike', 'NN'), (509, 6, 'rides', 'VBZ'), (509, 7, 'through', 'IN'), (509, 8, 'a', 'DT'), (509, 9, 'wooded', 'JJ'), (509, 10, 'area', 'NN');
INSERT INTO triples (sentence_id, predicate_id,relation,arg_start_id,arg_end_id,triple_type)VALUES (509, 2, 'Location',3, 5, 'auto'), (509, 2, 'Property',6, 9, 'auto'), (509, 5, 'Property',1, 1, 'auto'), (509, 5, 'Location',4, 4, 'auto'), (509, 6, 'Agent',2, 2, 'auto'), (509, 6, 'Patient',3, 5, 'auto'), (509, 6, 'Location',7, 7, 'auto');
INSERT INTO Sentences (sentence_id, sentence, sentence_type)VALUES (510, 'Tall trees reach to the horizon as a cyclist navigates the way through the tangled roots', 'auto');
INSERT INTO Words ( sentence_id,word_ID ,word,pos)VALUES (510, 1, 'Tall', 'JJ'), (510, 2, 'trees', 'NNS'), (510, 3, 'reach', 'VBP'), (510, 4, 'to', 'TO'), (510, 5, 'the', 'DT'), (510, 6, 'horizon', 'NN'), (510, 7, 'as', 'IN'), (510, 8, 'a', 'DT'), (510, 9, 'cyclist', 'NN'), (510, 10, 'navigates', 'VBZ'), (510, 11, 'the', 'DT'), (510, 12, 'way', 'NN'), (510, 13, 'through', 'IN'), (510, 14, 'the', 'DT'), (510, 15, 'tangled', 'JJ'), (510, 16, 'roots', 'NNS');
INSERT INTO triples (sentence_id, predicate_id,relation,arg_start_id,arg_end_id,triple_type)VALUES (510, 2, 'Property',4, 4, 'auto'), (510, 2, 'Location',5, 9, 'auto'), (510, 3, 'Agent',2, 2, 'auto'), (510, 3, 'Patient',10, 16, 'auto'), (510, 10, 'Agent',9, 9, 'auto'), (510, 10, 'Patient',11, 16, 'auto');
INSERT INTO Sentences (sentence_id, sentence, sentence_type)VALUES (511, 'The biker is riding through the woods', 'auto');
INSERT INTO Words ( sentence_id,word_ID ,word,pos)VALUES (511, 1, 'The', 'DT'), (511, 2, 'biker', 'NN'), (511, 3, 'is', 'VBZ'), (511, 4, 'riding', 'VBG'), (511, 5, 'through', 'IN'), (511, 6, 'the', 'DT'), (511, 7, 'woods', 'NNS');
INSERT INTO triples (sentence_id, predicate_id,relation,arg_start_id,arg_end_id,triple_type)VALUES (511, 4, 'Agent',2, 2, 'auto'), (511, 4, 'Location',6, 7, 'auto');
INSERT INTO Sentences (sentence_id, sentence, sentence_type)VALUES (512, 'Above view of multiple people skydiving', 'auto');
INSERT INTO Words ( sentence_id,word_ID ,word,pos)VALUES (512, 1, 'Above', 'IN'), (512, 2, 'view', 'NN'), (512, 3, 'of', 'IN'), (512, 4, 'multiple', 'JJ'), (512, 5, 'people', 'NNS'), (512, 6, 'skydiving', 'NN');
INSERT INTO triples (sentence_id, predicate_id,relation,arg_start_id,arg_end_id,triple_type)VALUES (512, 5, 'Property',4, 4, 'auto'), (512, 5, 'Location',6, 6, 'auto');
INSERT INTO Sentences (sentence_id, sentence, sentence_type)VALUES (513, 'A group of people are shown sky-diving as they fall through the sky', 'auto');
INSERT INTO Words ( sentence_id,word_ID ,word,pos)VALUES (513, 1, 'A', 'DT'), (513, 2, 'group', 'NN'), (513, 3, 'of', 'IN'), (513, 4, 'people', 'NNS'), (513, 5, 'are', 'VBP'), (513, 6, 'shown', 'VBN'), (513, 7, 'sky-diving', 'JJ'), (513, 8, 'as', 'IN'), (513, 9, 'they', 'PRP'), (513, 10, 'fall', 'VBP'), (513, 11, 'through', 'IN'), (513, 12, 'the', 'DT'), (513, 13, 'sky', 'NN');
INSERT INTO triples (sentence_id, predicate_id,relation,arg_start_id,arg_end_id,triple_type)VALUES (513, 4, 'Location',1, 3, 'auto'), (513, 4, 'Property',9, 10, 'auto'), (513, 6, 'Recipient',1, 2, 'auto'), (513, 6, 'Agent',3, 4, 'auto'), (513, 10, 'Patient',5, 6, 'auto'), (513, 10, 'Source',7, 8, 'auto'), (513, 10, 'Agent',9, 9, 'auto'), (513, 10, 'Destination',11, 13, 'auto'), (513, 13, 'Property',1, 12, 'auto');
INSERT INTO Sentences (sentence_id, sentence, sentence_type)VALUES (514, 'A sky jumper falls toward the sea and the earth', 'auto');
INSERT INTO Words ( sentence_id,word_ID ,word,pos)VALUES (514, 1, 'A', 'DT'), (514, 2, 'sky', 'NN'), (514, 3, 'jumper', 'NN'), (514, 4, 'falls', 'VBZ'), (514, 5, 'toward', 'IN'), (514, 6, 'the', 'DT'), (514, 7, 'sea', 'NN'), (514, 8, 'and', 'CC'), (514, 9, 'the', 'DT'), (514, 10, 'earth', 'NN');
INSERT INTO triples (sentence_id, predicate_id,relation,arg_start_id,arg_end_id,triple_type)VALUES (514, 2, 'Property',3, 10, 'auto'), (514, 4, 'Agent',2, 3, 'auto'), (514, 4, 'Patient',8, 10, 'auto');
INSERT INTO Sentences (sentence_id, sentence, sentence_type)VALUES (515, 'People are skydiving', 'auto');
INSERT INTO Words ( sentence_id,word_ID ,word,pos)VALUES (515, 1, 'People', 'NNS'), (515, 2, 'are', 'VBP'), (515, 3, 'skydiving', 'VBG');
INSERT INTO triples (sentence_id, predicate_id,relation,arg_start_id,arg_end_id,triple_type)VALUES (515, 1, 'Location',2, 2, 'auto'), (515, 1, 'Property',3, 3, 'auto');
INSERT INTO Sentences (sentence_id, sentence, sentence_type)VALUES (516, 'Skydivers in formation', 'auto');
INSERT INTO Words ( sentence_id,word_ID ,word,pos)VALUES (516, 1, 'Skydivers', 'NNS'), (516, 2, 'in', 'IN'), (516, 3, 'formation', 'NN');
INSERT INTO Sentences (sentence_id, sentence, sentence_type)VALUES (517, 'A boy in shorts doing a skateboard trick', 'auto');
INSERT INTO Words ( sentence_id,word_ID ,word,pos)VALUES (517, 1, 'A', 'DT'), (517, 2, 'boy', 'NN'), (517, 3, 'in', 'IN'), (517, 4, 'shorts', 'NNS'), (517, 5, 'doing', 'VBG'), (517, 6, 'a', 'DT'), (517, 7, 'skateboard', 'NN'), (517, 8, 'trick', 'NN');
INSERT INTO triples (sentence_id, predicate_id,relation,arg_start_id,arg_end_id,triple_type)VALUES (517, 2, 'Location',7, 7, 'auto'), (517, 5, 'Agent',2, 2, 'auto'), (517, 5, 'Location',3, 3, 'auto'), (517, 5, 'Patient',7, 8, 'auto');
INSERT INTO Sentences (sentence_id, sentence, sentence_type)VALUES (518, 'A man does skateboard tricks in a parking lot at night', 'auto');
INSERT INTO Words ( sentence_id,word_ID ,word,pos)VALUES (518, 1, 'A', 'DT'), (518, 2, 'man', 'NN'), (518, 3, 'does', 'VBZ'), (518, 4, 'skateboard', 'NN'), (518, 5, 'tricks', 'NNS'), (518, 6, 'in', 'IN'), (518, 7, 'a', 'DT'), (518, 8, 'parking', 'NN'), (518, 9, 'lot', 'NN'), (518, 10, 'at', 'IN'), (518, 11, 'night', 'NN');
INSERT INTO triples (sentence_id, predicate_id,relation,arg_start_id,arg_end_id,triple_type)VALUES (518, 2, 'Location',8, 8, 'auto'), (518, 2, 'Property',9, 11, 'auto');
INSERT INTO Sentences (sentence_id, sentence, sentence_type)VALUES (519, 'a skateboarder grinds a curb', 'auto');
INSERT INTO Words ( sentence_id,word_ID ,word,pos)VALUES (519, 1, 'a', 'DT'), (519, 2, 'skateboarder', 'NN'), (519, 3, 'grinds', 'VBZ'), (519, 4, 'a', 'DT'), (519, 5, 'curb', 'NN');
INSERT INTO triples (sentence_id, predicate_id,relation,arg_start_id,arg_end_id,triple_type)VALUES (519, 3, 'Agent',2, 2, 'auto'), (519, 3, 'Patient',4, 4, 'auto');
INSERT INTO Sentences (sentence_id, sentence, sentence_type)VALUES (520, 'a skateboarder is riding his board along the boundary stone of a parking lot', 'auto');
INSERT INTO Words ( sentence_id,word_ID ,word,pos)VALUES (520, 1, 'a', 'DT'), (520, 2, 'skateboarder', 'NN'), (520, 3, 'is', 'VBZ'), (520, 4, 'riding', 'VBG'), (520, 5, 'his', 'PRP$'), (520, 6, 'board', 'NN'), (520, 7, 'along', 'IN'), (520, 8, 'the', 'DT'), (520, 9, 'boundary', 'NN'), (520, 10, 'stone', 'NN'), (520, 11, 'of', 'IN'), (520, 12, 'a', 'DT'), (520, 13, 'parking', 'NN'), (520, 14, 'lot', 'NN');
INSERT INTO triples (sentence_id, predicate_id,relation,arg_start_id,arg_end_id,triple_type)VALUES (520, 4, 'Agent',2, 3, 'auto'), (520, 4, 'Patient',5, 8, 'auto'), (520, 4, 'Location',13, 13, 'auto');
INSERT INTO Sentences (sentence_id, sentence, sentence_type)VALUES (521, 'A skateboard is grinding on a curb with his skateboard', 'auto');
INSERT INTO Words ( sentence_id,word_ID ,word,pos)VALUES (521, 1, 'A', 'DT'), (521, 2, 'skateboard', 'NN'), (521, 3, 'is', 'VBZ'), (521, 4, 'grinding', 'VBG'), (521, 5, 'on', 'IN'), (521, 6, 'a', 'DT'), (521, 7, 'curb', 'NN'), (521, 8, 'with', 'IN'), (521, 9, 'his', 'PRP$'), (521, 10, 'skateboard', 'NN');
INSERT INTO triples (sentence_id, predicate_id,relation,arg_start_id,arg_end_id,triple_type)VALUES (521, 4, 'Agent',2, 2, 'auto'), (521, 4, 'Patient',3, 3, 'auto'), (521, 4, 'Material',8, 10, 'auto');
INSERT INTO Sentences (sentence_id, sentence, sentence_type)VALUES (522, 'A man rides his skateboard with his shadow falling on a wall covered in graffiti', 'auto');
INSERT INTO Words ( sentence_id,word_ID ,word,pos)VALUES (522, 1, 'A', 'DT'), (522, 2, 'man', 'NN'), (522, 3, 'rides', 'VBZ'), (522, 4, 'his', 'PRP$'), (522, 5, 'skateboard', 'NN'), (522, 6, 'with', 'IN'), (522, 7, 'his', 'PRP$'), (522, 8, 'shadow', 'NN'), (522, 9, 'falling', 'VBG'), (522, 10, 'on', 'IN'), (522, 11, 'a', 'DT'), (522, 12, 'wall', 'NN'), (522, 13, 'covered', 'VBN'), (522, 14, 'in', 'IN'), (522, 15, 'graffiti', 'NN');
INSERT INTO triples (sentence_id, predicate_id,relation,arg_start_id,arg_end_id,triple_type)VALUES (522, 2, 'Location',10, 12, 'auto'), (522, 2, 'Property',13, 14, 'auto'), (522, 3, 'Agent',2, 2, 'auto'), (522, 3, 'Patient',4, 9, 'auto'), (522, 3, 'Location',10, 12, 'auto'), (522, 9, 'Agent',2, 2, 'auto'), (522, 9, 'Patient',3, 8, 'auto'), (522, 9, 'Source',12, 12, 'auto'), (522, 12, 'Property',1, 11, 'auto'), (522, 13, 'Instrument',6, 7, 'auto'), (522, 13, 'Patient',12, 12, 'auto');
INSERT INTO Sentences (sentence_id, sentence, sentence_type)VALUES (523, 'A skateboarder grinding a lip', 'auto');
INSERT INTO Words ( sentence_id,word_ID ,word,pos)VALUES (523, 1, 'A', 'DT'), (523, 2, 'skateboarder', 'NN'), (523, 3, 'grinding', 'VBG'), (523, 4, 'a', 'DT'), (523, 5, 'lip', 'NN');
INSERT INTO triples (sentence_id, predicate_id,relation,arg_start_id,arg_end_id,triple_type)VALUES (523, 3, 'Agent',2, 2, 'auto'), (523, 3, 'Patient',4, 5, 'auto');
INSERT INTO Sentences (sentence_id, sentence, sentence_type)VALUES (524, 'A skateboarder is jumping through the air in front of a graffiti covered wall', 'auto');
INSERT INTO Words ( sentence_id,word_ID ,word,pos)VALUES (524, 1, 'A', 'DT'), (524, 2, 'skateboarder', 'NN'), (524, 3, 'is', 'VBZ'), (524, 4, 'jumping', 'VBG'), (524, 5, 'through', 'IN'), (524, 6, 'the', 'DT'), (524, 7, 'air', 'NN'), (524, 8, 'in', 'IN'), (524, 9, 'front', 'NN'), (524, 10, 'of', 'IN'), (524, 11, 'a', 'DT'), (524, 12, 'graffiti', 'NN'), (524, 13, 'covered', 'VBD'), (524, 14, 'wall', 'NN');
INSERT INTO triples (sentence_id, predicate_id,relation,arg_start_id,arg_end_id,triple_type)VALUES (524, 4, 'Agent',2, 2, 'auto'), (524, 4, 'Location',5, 5, 'auto'), (524, 4, 'Destination',7, 7, 'auto'), (524, 4, 'Patient',8, 14, 'auto'), (524, 13, 'Agent',2, 2, 'auto'), (524, 13, 'Destination',7, 7, 'auto'), (524, 13, 'Patient',14, 14, 'auto'), (524, 14, 'Property',1, 13, 'auto');
INSERT INTO Sentences (sentence_id, sentence, sentence_type)VALUES (525, 'A skateboarder performs a skateboard trick against a graffiti wall', 'auto');
INSERT INTO Words ( sentence_id,word_ID ,word,pos)VALUES (525, 1, 'A', 'DT'), (525, 2, 'skateboarder', 'NN'), (525, 3, 'performs', 'VBZ'), (525, 4, 'a', 'DT'), (525, 5, 'skateboard', 'NN'), (525, 6, 'trick', 'NN'), (525, 7, 'against', 'IN'), (525, 8, 'a', 'DT'), (525, 9, 'graffiti', 'NN'), (525, 10, 'wall', 'NN');
INSERT INTO triples (sentence_id, predicate_id,relation,arg_start_id,arg_end_id,triple_type)VALUES (525, 3, 'Agent',2, 2, 'auto'), (525, 3, 'Patient',4, 10, 'auto'), (525, 10, 'Property',1, 9, 'auto');
INSERT INTO Sentences (sentence_id, sentence, sentence_type)VALUES (526, 'A skateboarder performs tricks on a ramp in front of a wall with graffiti', 'auto');
INSERT INTO Words ( sentence_id,word_ID ,word,pos)VALUES (526, 1, 'A', 'DT'), (526, 2, 'skateboarder', 'NN'), (526, 3, 'performs', 'VBZ'), (526, 4, 'tricks', 'NNS'), (526, 5, 'on', 'IN'), (526, 6, 'a', 'DT'), (526, 7, 'ramp', 'NN'), (526, 8, 'in', 'IN'), (526, 9, 'front', 'NN'), (526, 10, 'of', 'IN'), (526, 11, 'a', 'DT'), (526, 12, 'wall', 'NN'), (526, 13, 'with', 'IN'), (526, 14, 'graffiti', 'NNS');
INSERT INTO triples (sentence_id, predicate_id,relation,arg_start_id,arg_end_id,triple_type)VALUES (526, 3, 'Agent',2, 2, 'auto'), (526, 3, 'Patient',4, 4, 'auto'), (526, 3, 'Location',5, 7, 'auto'), (526, 7, 'Location',8, 12, 'auto'), (526, 12, 'Property',13, 14, 'auto');
INSERT INTO Sentences (sentence_id, sentence, sentence_type)VALUES (527, 'A Budweiser-sponsored race car accelerates quickly with smoke behind it', 'auto');
INSERT INTO Words ( sentence_id,word_ID ,word,pos)VALUES (527, 1, 'A', 'DT'), (527, 2, 'Budweiser-sponsored', 'JJ'), (527, 3, 'race', 'NN'), (527, 4, 'car', 'NN'), (527, 5, 'accelerates', 'VBZ'), (527, 6, 'quickly', 'RB'), (527, 7, 'with', 'IN'), (527, 8, 'smoke', 'NN'), (527, 9, 'behind', 'IN'), (527, 10, 'it', 'PRP');
INSERT INTO triples (sentence_id, predicate_id,relation,arg_start_id,arg_end_id,triple_type)VALUES (527, 4, 'Property',1, 3, 'auto'), (527, 4, 'Location',9, 9, 'auto'), (527, 5, 'Agent',4, 4, 'auto'), (527, 5, 'Patient',6, 6, 'auto'), (527, 5, 'Instrument',7, 8, 'auto'), (527, 8, 'Location',9, 10, 'auto');
INSERT INTO Sentences (sentence_id, sentence, sentence_type)VALUES (528, 'A dragster is taking off and leaving a huge trail of smoke behind him', 'auto');
INSERT INTO Words ( sentence_id,word_ID ,word,pos)VALUES (528, 1, 'A', 'DT'), (528, 2, 'dragster', 'NN'), (528, 3, 'is', 'VBZ'), (528, 4, 'taking', 'VBG'), (528, 5, 'off', 'RP'), (528, 6, 'and', 'CC'), (528, 7, 'leaving', 'VBG'), (528, 8, 'a', 'DT'), (528, 9, 'huge', 'JJ'), (528, 10, 'trail', 'NN'), (528, 11, 'of', 'IN'), (528, 12, 'smoke', 'NN'), (528, 13, 'behind', 'IN'), (528, 14, 'him', 'PRP');
INSERT INTO triples (sentence_id, predicate_id,relation,arg_start_id,arg_end_id,triple_type)VALUES (528, 4, 'Agent',2, 2, 'auto'), (528, 7, 'Agent',2, 2, 'auto'), (528, 7, 'Attribute',8, 10, 'auto'), (528, 7, 'Patient',11, 12, 'auto'), (528, 7, 'Location',13, 14, 'auto');
INSERT INTO Sentences (sentence_id, sentence, sentence_type)VALUES (529, 'A man is photographing a Budweiser sprint car at a speedway smoking its tires', 'auto');
INSERT INTO Words ( sentence_id,word_ID ,word,pos)VALUES (529, 1, 'A', 'DT'), (529, 2, 'man', 'NN'), (529, 3, 'is', 'VBZ'), (529, 4, 'photographing', 'VBG'), (529, 5, 'a', 'DT'), (529, 6, 'Budweiser', 'NNP'), (529, 7, 'sprint', 'NN'), (529, 8, 'car', 'NN'), (529, 9, 'at', 'IN'), (529, 10, 'a', 'DT'), (529, 11, 'speedway', 'NN'), (529, 12, 'smoking', 'NN'), (529, 13, 'its', 'PRP$'), (529, 14, 'tires', 'NNS');
INSERT INTO triples (sentence_id, predicate_id,relation,arg_start_id,arg_end_id,triple_type)VALUES (529, 2, 'Property',3, 8, 'auto'), (529, 2, 'Location',11, 12, 'auto'), (529, 4, 'Agent',2, 2, 'auto'), (529, 4, 'Patient',5, 14, 'auto'), (529, 8, 'Property',1, 7, 'auto'), (529, 8, 'Location',9, 9, 'auto');
INSERT INTO Sentences (sentence_id, sentence, sentence_type)VALUES (530, 'Red racing car on track blowing smoke', 'auto');
INSERT INTO Words ( sentence_id,word_ID ,word,pos)VALUES (530, 1, 'Red', 'NNP'), (530, 2, 'racing', 'NN'), (530, 3, 'car', 'NN'), (530, 4, 'on', 'IN'), (530, 5, 'track', 'NN'), (530, 6, 'blowing', 'JJ'), (530, 7, 'smoke', 'NN');
INSERT INTO triples (sentence_id, predicate_id,relation,arg_start_id,arg_end_id,triple_type)VALUES (530, 3, 'Location',4, 4, 'auto'), (530, 3, 'Property',5, 6, 'auto'), (530, 7, 'Location',4, 5, 'auto');
INSERT INTO Sentences (sentence_id, sentence, sentence_type)VALUES (531, 'Smoke is spewing out of the back of a red race car on a racetrack', 'auto');
INSERT INTO Words ( sentence_id,word_ID ,word,pos)VALUES (531, 1, 'Smoke', 'NN'), (531, 2, 'is', 'VBZ'), (531, 3, 'spewing', 'VBG'), (531, 4, 'out', 'IN'), (531, 5, 'of', 'IN'), (531, 6, 'the', 'DT'), (531, 7, 'back', 'NN'), (531, 8, 'of', 'IN'), (531, 9, 'a', 'DT'), (531, 10, 'red', 'JJ'), (531, 11, 'race', 'NN'), (531, 12, 'car', 'NN'), (531, 13, 'on', 'IN'), (531, 14, 'a', 'DT'), (531, 15, 'racetrack', 'NN');
INSERT INTO triples (sentence_id, predicate_id,relation,arg_start_id,arg_end_id,triple_type)VALUES (531, 3, 'Agent',1, 1, 'auto'), (531, 3, 'Attribute',6, 7, 'auto'), (531, 3, 'Patient',8, 12, 'auto'), (531, 3, 'Location',13, 15, 'auto');
INSERT INTO Sentences (sentence_id, sentence, sentence_type)VALUES (532, 'A boy wearing a white headband is kicking a soccer ball down the field', 'auto');
INSERT INTO Words ( sentence_id,word_ID ,word,pos)VALUES (532, 1, 'A', 'DT'), (532, 2, 'boy', 'NN'), (532, 3, 'wearing', 'VBG'), (532, 4, 'a', 'DT'), (532, 5, 'white', 'JJ'), (532, 6, 'headband', 'NN'), (532, 7, 'is', 'VBZ'), (532, 8, 'kicking', 'VBG'), (532, 9, 'a', 'DT'), (532, 10, 'soccer', 'NN'), (532, 11, 'ball', 'NN'), (532, 12, 'down', 'IN'), (532, 13, 'the', 'DT'), (532, 14, 'field', 'NN');
INSERT INTO triples (sentence_id, predicate_id,relation,arg_start_id,arg_end_id,triple_type)VALUES (532, 2, 'Location',14, 14, 'auto'), (532, 3, 'Agent',2, 2, 'auto'), (532, 3, 'Patient',4, 14, 'auto'), (532, 8, 'Agent',2, 2, 'auto'), (532, 8, 'Recipient',6, 6, 'auto'), (532, 8, 'Patient',9, 13, 'auto');
INSERT INTO Sentences (sentence_id, sentence, sentence_type)VALUES (533, 'A player kicks the soccer ball from the corner of the field', 'auto');
INSERT INTO Words ( sentence_id,word_ID ,word,pos)VALUES (533, 1, 'A', 'DT'), (533, 2, 'player', 'NN'), (533, 3, 'kicks', 'VBZ'), (533, 4, 'the', 'DT'), (533, 5, 'soccer', 'NN'), (533, 6, 'ball', 'NN'), (533, 7, 'from', 'IN'), (533, 8, 'the', 'DT'), (533, 9, 'corner', 'NN'), (533, 10, 'of', 'IN'), (533, 11, 'the', 'DT'), (533, 12, 'field', 'NN');
INSERT INTO triples (sentence_id, predicate_id,relation,arg_start_id,arg_end_id,triple_type)VALUES (533, 3, 'Agent',2, 2, 'auto'), (533, 3, 'Patient',4, 6, 'auto'), (533, 3, 'Source',7, 9, 'auto');
INSERT INTO Sentences (sentence_id, sentence, sentence_type)VALUES (534, 'A soccer game is going on at sundown', 'auto');
INSERT INTO Words ( sentence_id,word_ID ,word,pos)VALUES (534, 1, 'A', 'DT'), (534, 2, 'soccer', 'NN'), (534, 3, 'game', 'NN'), (534, 4, 'is', 'VBZ'), (534, 5, 'going', 'VBG'), (534, 6, 'on', 'RP'), (534, 7, 'at', 'IN'), (534, 8, 'sundown', 'NN');
INSERT INTO triples (sentence_id, predicate_id,relation,arg_start_id,arg_end_id,triple_type)VALUES (534, 5, 'Agent',2, 3, 'auto'), (534, 5, 'Location',6, 6, 'auto'), (534, 5, 'Patient',7, 7, 'auto');
INSERT INTO Sentences (sentence_id, sentence, sentence_type)VALUES (535, 'A soccer player is kicking a soccer ball', 'auto');
INSERT INTO Words ( sentence_id,word_ID ,word,pos)VALUES (535, 1, 'A', 'DT'), (535, 2, 'soccer', 'NN'), (535, 3, 'player', 'NN'), (535, 4, 'is', 'VBZ'), (535, 5, 'kicking', 'VBG'), (535, 6, 'a', 'DT'), (535, 7, 'soccer', 'NN'), (535, 8, 'ball', 'NN');
INSERT INTO triples (sentence_id, predicate_id,relation,arg_start_id,arg_end_id,triple_type)VALUES (535, 3, 'Property',1, 1, 'auto'), (535, 3, 'Location',2, 2, 'auto'), (535, 5, 'Agent',2, 3, 'auto'), (535, 5, 'Patient',6, 7, 'auto');
INSERT INTO Sentences (sentence_id, sentence, sentence_type)VALUES (536, 'At dusk , a soccer player kicks the ball off the sidelines', 'auto');
INSERT INTO Words ( sentence_id,word_ID ,word,pos)VALUES (536, 1, 'At', 'IN'), (536, 2, 'dusk', 'NN'), (536, 3, ',', ','), (536, 4, 'a', 'DT'), (536, 5, 'soccer', 'NN'), (536, 6, 'player', 'NN'), (536, 7, 'kicks', 'VBZ'), (536, 8, 'the', 'DT'), (536, 9, 'ball', 'NN'), (536, 10, 'off', 'IN'), (536, 11, 'the', 'DT'), (536, 12, 'sidelines', 'NNS');
INSERT INTO triples (sentence_id, predicate_id,relation,arg_start_id,arg_end_id,triple_type)VALUES (536, 6, 'Property',1, 4, 'auto'), (536, 6, 'Location',5, 5, 'auto'), (536, 7, 'Recipient',2, 2, 'auto'), (536, 7, 'Agent',6, 6, 'auto'), (536, 7, 'Patient',8, 12, 'auto');
INSERT INTO Sentences (sentence_id, sentence, sentence_type)VALUES (537, 'A man is doing tricks on a bicycle on ramps in front of a crowd', 'auto');
INSERT INTO Words ( sentence_id,word_ID ,word,pos)VALUES (537, 1, 'A', 'DT'), (537, 2, 'man', 'NN'), (537, 3, 'is', 'VBZ'), (537, 4, 'doing', 'VBG'), (537, 5, 'tricks', 'NNS'), (537, 6, 'on', 'IN'), (537, 7, 'a', 'DT'), (537, 8, 'bicycle', 'NN'), (537, 9, 'on', 'IN'), (537, 10, 'ramps', 'NNS'), (537, 11, 'in', 'IN'), (537, 12, 'front', 'NN'), (537, 13, 'of', 'IN'), (537, 14, 'a', 'DT'), (537, 15, 'crowd', 'NN');
INSERT INTO triples (sentence_id, predicate_id,relation,arg_start_id,arg_end_id,triple_type)VALUES (537, 2, 'Property',3, 5, 'auto'), (537, 2, 'Location',11, 15, 'auto'), (537, 4, 'Patient',1, 1, 'auto'), (537, 4, 'Agent',2, 3, 'auto'), (537, 4, 'Location',6, 7, 'auto'), (537, 8, 'Location',6, 7, 'auto');
INSERT INTO Sentences (sentence_id, sentence, sentence_type)VALUES (538, 'A man on a bike executes a jump as part of a competition while the crowd watches', 'auto');
INSERT INTO Words ( sentence_id,word_ID ,word,pos)VALUES (538, 1, 'A', 'DT'), (538, 2, 'man', 'NN'), (538, 3, 'on', 'IN'), (538, 4, 'a', 'DT'), (538, 5, 'bike', 'NN'), (538, 6, 'executes', 'VBZ'), (538, 7, 'a', 'DT'), (538, 8, 'jump', 'NN'), (538, 9, 'as', 'IN'), (538, 10, 'part', 'NN'), (538, 11, 'of', 'IN'), (538, 12, 'a', 'DT'), (538, 13, 'competition', 'NN'), (538, 14, 'while', 'IN'), (538, 15, 'the', 'DT'), (538, 16, 'crowd', 'NN'), (538, 17, 'watches', 'NNS');
INSERT INTO triples (sentence_id, predicate_id,relation,arg_start_id,arg_end_id,triple_type)VALUES (538, 2, 'Property',4, 12, 'auto'), (538, 2, 'Location',16, 16, 'auto'), (538, 5, 'Location',2, 4, 'auto'), (538, 5, 'Property',17, 17, 'auto'), (538, 6, 'Agent',2, 2, 'auto'), (538, 6, 'Patient',7, 17, 'auto'), (538, 17, 'Agent',2, 2, 'auto'), (538, 17, 'Location',13, 16, 'auto');
INSERT INTO Sentences (sentence_id, sentence, sentence_type)VALUES (539, 'A man rides a yellow bike over a ramp while others watch', 'auto');
INSERT INTO Words ( sentence_id,word_ID ,word,pos)VALUES (539, 1, 'A', 'DT'), (539, 2, 'man', 'NN'), (539, 3, 'rides', 'VBZ'), (539, 4, 'a', 'DT'), (539, 5, 'yellow', 'JJ'), (539, 6, 'bike', 'NN'), (539, 7, 'over', 'IN'), (539, 8, 'a', 'DT'), (539, 9, 'ramp', 'NN'), (539, 10, 'while', 'IN'), (539, 11, 'others', 'NNS'), (539, 12, 'watch', 'VBP');
INSERT INTO triples (sentence_id, predicate_id,relation,arg_start_id,arg_end_id,triple_type)VALUES (539, 2, 'Location',8, 9, 'auto'), (539, 2, 'Property',10, 12, 'auto'), (539, 3, 'Agent',2, 2, 'auto'), (539, 3, 'Patient',4, 5, 'auto'), (539, 3, 'Location',9, 9, 'auto'), (539, 6, 'Property',1, 5, 'auto'), (539, 6, 'Location',7, 9, 'auto'), (539, 9, 'Location',7, 8, 'auto'), (539, 12, 'Patient',6, 6, 'auto'), (539, 12, 'Location',9, 9, 'auto'), (539, 12, 'Agent',11, 11, 'auto');
INSERT INTO Sentences (sentence_id, sentence, sentence_type)VALUES (540, 'Bike rider jumping obstacles', 'auto');
INSERT INTO Words ( sentence_id,word_ID ,word,pos)VALUES (540, 1, 'Bike', 'NN'), (540, 2, 'rider', 'NN'), (540, 3, 'jumping', 'VBG'), (540, 4, 'obstacles', 'NNS');
INSERT INTO triples (sentence_id, predicate_id,relation,arg_start_id,arg_end_id,triple_type)VALUES (540, 1, 'Location',2, 2, 'auto'), (540, 1, 'Property',3, 4, 'auto'), (540, 2, 'Property',1, 1, 'auto'), (540, 3, 'Patient',1, 1, 'auto'), (540, 3, 'Agent',2, 2, 'auto');
INSERT INTO Sentences (sentence_id, sentence, sentence_type)VALUES (541, 'Bmx biker Jumps off of ramp', 'auto');
INSERT INTO Words ( sentence_id,word_ID ,word,pos)VALUES (541, 1, 'Bmx', 'NN'), (541, 2, 'biker', 'NN'), (541, 3, 'Jumps', 'VBZ'), (541, 4, 'off', 'IN'), (541, 5, 'of', 'IN'), (541, 6, 'ramp', 'NN');
INSERT INTO triples (sentence_id, predicate_id,relation,arg_start_id,arg_end_id,triple_type)VALUES (541, 3, 'Agent',1, 2, 'auto'), (541, 3, 'Source',4, 4, 'auto'), (541, 3, 'Patient',5, 5, 'auto'), (541, 6, 'Location',4, 5, 'auto');
INSERT INTO Sentences (sentence_id, sentence, sentence_type)VALUES (542, 'Two female beach volleyball players face off at the net with the Beijing Olympics logo visible in the background', 'auto');
INSERT INTO Words ( sentence_id,word_ID ,word,pos)VALUES (542, 1, 'Two', 'CD'), (542, 2, 'female', 'JJ'), (542, 3, 'beach', 'NN'), (542, 4, 'volleyball', 'NN'), (542, 5, 'players', 'NNS'), (542, 6, 'face', 'VBP'), (542, 7, 'off', 'RP'), (542, 8, 'at', 'IN'), (542, 9, 'the', 'DT'), (542, 10, 'net', 'NN'), (542, 11, 'with', 'IN'), (542, 12, 'the', 'DT'), (542, 13, 'Beijing', 'NNP'), (542, 14, 'Olympics', 'NNPS'), (542, 15, 'logo', 'NN'), (542, 16, 'visible', 'JJ'), (542, 17, 'in', 'IN'), (542, 18, 'the', 'DT'), (542, 19, 'background', 'NN');
INSERT INTO triples (sentence_id, predicate_id,relation,arg_start_id,arg_end_id,triple_type)VALUES (542, 6, 'Agent',4, 5, 'auto'), (542, 6, 'Destination',7, 7, 'auto'), (542, 6, 'Instrument',11, 11, 'auto'), (542, 6, 'Patient',15, 15, 'auto');
INSERT INTO Sentences (sentence_id, sentence, sentence_type)VALUES (543, 'two female volleyball players try to hit the ball', 'auto');
INSERT INTO Words ( sentence_id,word_ID ,word,pos)VALUES (543, 1, 'two', 'CD'), (543, 2, 'female', 'JJ'), (543, 3, 'volleyball', 'NN'), (543, 4, 'players', 'NNS'), (543, 5, 'try', 'VBP'), (543, 6, 'to', 'TO'), (543, 7, 'hit', 'VB'), (543, 8, 'the', 'DT'), (543, 9, 'ball', 'NN');
INSERT INTO triples (sentence_id, predicate_id,relation,arg_start_id,arg_end_id,triple_type)VALUES (543, 5, 'Agent',2, 4, 'auto'), (543, 5, 'Patient',6, 9, 'auto'), (543, 7, 'Agent',2, 4, 'auto'), (543, 7, 'Destination',6, 6, 'auto'), (543, 7, 'Patient',8, 9, 'auto');
INSERT INTO Sentences (sentence_id, sentence, sentence_type)VALUES (544, 'Two woman playing beach volleyball', 'auto');
INSERT INTO Words ( sentence_id,word_ID ,word,pos)VALUES (544, 1, 'Two', 'CD'), (544, 2, 'woman', 'NN'), (544, 3, 'playing', 'VBG'), (544, 4, 'beach', 'NN'), (544, 5, 'volleyball', 'NN');
INSERT INTO triples (sentence_id, predicate_id,relation,arg_start_id,arg_end_id,triple_type)VALUES (544, 2, 'Property',3, 5, 'auto'), (544, 3, 'Patient',1, 1, 'auto'), (544, 3, 'Agent',2, 2, 'auto');
INSERT INTO Sentences (sentence_id, sentence, sentence_type)VALUES (545, 'Two women in skimpy outfits play sand volleyball', 'auto');
INSERT INTO Words ( sentence_id,word_ID ,word,pos)VALUES (545, 1, 'Two', 'CD'), (545, 2, 'women', 'NNS'), (545, 3, 'in', 'IN'), (545, 4, 'skimpy', 'JJ'), (545, 5, 'outfits', 'NNS'), (545, 6, 'play', 'VBP'), (545, 7, 'sand', 'NN'), (545, 8, 'volleyball', 'NN');
INSERT INTO triples (sentence_id, predicate_id,relation,arg_start_id,arg_end_id,triple_type)VALUES (545, 6, 'Agent',2, 2, 'auto'), (545, 6, 'Patient',3, 4, 'auto'), (545, 6, 'Beneficiary',7, 8, 'auto');
INSERT INTO Sentences (sentence_id, sentence, sentence_type)VALUES (546, 'Two women play volley ball on the sand', 'auto');
INSERT INTO Words ( sentence_id,word_ID ,word,pos)VALUES (546, 1, 'Two', 'CD'), (546, 2, 'women', 'NNS'), (546, 3, 'play', 'VBP'), (546, 4, 'volley', 'NN'), (546, 5, 'ball', 'NN'), (546, 6, 'on', 'IN'), (546, 7, 'the', 'DT'), (546, 8, 'sand', 'NN');
INSERT INTO triples (sentence_id, predicate_id,relation,arg_start_id,arg_end_id,triple_type)VALUES (546, 3, 'Patient',1, 1, 'auto'), (546, 3, 'Agent',2, 2, 'auto'), (546, 3, 'Location',6, 6, 'auto');
INSERT INTO Sentences (sentence_id, sentence, sentence_type)VALUES (547, 'A man in a dress suit is riding a bike down the paved road', 'auto');
INSERT INTO Words ( sentence_id,word_ID ,word,pos)VALUES (547, 1, 'A', 'DT'), (547, 2, 'man', 'NN'), (547, 3, 'in', 'IN'), (547, 4, 'a', 'DT'), (547, 5, 'dress', 'NN'), (547, 6, 'suit', 'NN'), (547, 7, 'is', 'VBZ'), (547, 8, 'riding', 'VBG'), (547, 9, 'a', 'DT'), (547, 10, 'bike', 'NN'), (547, 11, 'down', 'IN'), (547, 12, 'the', 'DT'), (547, 13, 'paved', 'VBN'), (547, 14, 'road', 'NN');
INSERT INTO triples (sentence_id, predicate_id,relation,arg_start_id,arg_end_id,triple_type)VALUES (547, 2, 'Property',3, 13, 'auto'), (547, 2, 'Location',14, 14, 'auto'), (547, 8, 'Agent',2, 2, 'auto'), (547, 8, 'Patient',10, 13, 'auto'), (547, 8, 'Location',14, 14, 'auto'), (547, 10, 'Property',6, 8, 'auto'), (547, 10, 'Location',14, 14, 'auto'), (547, 13, 'Agent',2, 2, 'auto'), (547, 13, 'Patient',8, 9, 'auto'), (547, 13, 'Destination',10, 12, 'auto');
INSERT INTO Sentences (sentence_id, sentence, sentence_type)VALUES (548, 'A man on a bike is riding along the side of a country road', 'auto');
INSERT INTO Words ( sentence_id,word_ID ,word,pos)VALUES (548, 1, 'A', 'DT'), (548, 2, 'man', 'NN'), (548, 3, 'on', 'IN'), (548, 4, 'a', 'DT'), (548, 5, 'bike', 'NN'), (548, 6, 'is', 'VBZ'), (548, 7, 'riding', 'VBG'), (548, 8, 'along', 'IN'), (548, 9, 'the', 'DT'), (548, 10, 'side', 'NN'), (548, 11, 'of', 'IN'), (548, 12, 'a', 'DT'), (548, 13, 'country', 'NN'), (548, 14, 'road', 'NN');
INSERT INTO triples (sentence_id, predicate_id,relation,arg_start_id,arg_end_id,triple_type)VALUES (548, 2, 'Property',5, 9, 'auto'), (548, 2, 'Location',10, 10, 'auto'), (548, 5, 'Location',2, 4, 'auto'), (548, 5, 'Property',6, 7, 'auto'), (548, 7, 'Agent',2, 2, 'auto'), (548, 7, 'Location',8, 8, 'auto'), (548, 7, 'Patient',11, 12, 'auto');
INSERT INTO Sentences (sentence_id, sentence, sentence_type)VALUES (549, 'An older gentleman rides his bike along the side of a road in a rural area', 'auto');
INSERT INTO Words ( sentence_id,word_ID ,word,pos)VALUES (549, 1, 'An', 'DT'), (549, 2, 'older', 'JJR'), (549, 3, 'gentleman', 'NN'), (549, 4, 'rides', 'VBZ'), (549, 5, 'his', 'PRP$'), (549, 6, 'bike', 'NN'), (549, 7, 'along', 'IN'), (549, 8, 'the', 'DT'), (549, 9, 'side', 'NN'), (549, 10, 'of', 'IN'), (549, 11, 'a', 'DT'), (549, 12, 'road', 'NN'), (549, 13, 'in', 'IN'), (549, 14, 'a', 'DT'), (549, 15, 'rural', 'JJ'), (549, 16, 'area', 'NN');
INSERT INTO triples (sentence_id, predicate_id,relation,arg_start_id,arg_end_id,triple_type)VALUES (549, 4, 'Agent',3, 3, 'auto'), (549, 4, 'Patient',5, 11, 'auto'), (549, 4, 'Location',12, 13, 'auto'), (549, 6, 'Location',9, 9, 'auto'), (549, 6, 'Property',14, 16, 'auto');
INSERT INTO Sentences (sentence_id, sentence, sentence_type)VALUES (550, 'An old man rides a bicycle on a country road', 'auto');
INSERT INTO Words ( sentence_id,word_ID ,word,pos)VALUES (550, 1, 'An', 'DT'), (550, 2, 'old', 'JJ'), (550, 3, 'man', 'NN'), (550, 4, 'rides', 'VBZ'), (550, 5, 'a', 'DT'), (550, 6, 'bicycle', 'NN'), (550, 7, 'on', 'IN'), (550, 8, 'a', 'DT'), (550, 9, 'country', 'NN'), (550, 10, 'road', 'NN');
INSERT INTO triples (sentence_id, predicate_id,relation,arg_start_id,arg_end_id,triple_type)VALUES (550, 3, 'Property',2, 2, 'auto'), (550, 3, 'Location',6, 10, 'auto'), (550, 4, 'Agent',2, 3, 'auto'), (550, 4, 'Location',7, 7, 'auto'), (550, 4, 'Patient',8, 10, 'auto'), (550, 6, 'Location',7, 10, 'auto');
INSERT INTO Sentences (sentence_id, sentence, sentence_type)VALUES (551, 'Man riding a bicycle down a road with clouds overhead', 'auto');
INSERT INTO Words ( sentence_id,word_ID ,word,pos)VALUES (551, 1, 'Man', 'NN'), (551, 2, 'riding', 'VBG'), (551, 3, 'a', 'DT'), (551, 4, 'bicycle', 'NN'), (551, 5, 'down', 'IN'), (551, 6, 'a', 'DT'), (551, 7, 'road', 'NN'), (551, 8, 'with', 'IN'), (551, 9, 'clouds', 'NNS'), (551, 10, 'overhead', 'RB');
INSERT INTO triples (sentence_id, predicate_id,relation,arg_start_id,arg_end_id,triple_type)VALUES (551, 1, 'Location',2, 7, 'auto'), (551, 1, 'Property',8, 10, 'auto'), (551, 2, 'Patient',3, 6, 'auto'), (551, 2, 'Agent',7, 7, 'auto'), (551, 4, 'Location',5, 8, 'auto');
INSERT INTO Sentences (sentence_id, sentence, sentence_type)VALUES (552, 'A bike rider jumping off his bike , doing a trick', 'auto');
INSERT INTO Words ( sentence_id,word_ID ,word,pos)VALUES (552, 1, 'A', 'DT'), (552, 2, 'bike', 'NN'), (552, 3, 'rider', 'NN'), (552, 4, 'jumping', 'VBG'), (552, 5, 'off', 'RP'), (552, 6, 'his', 'PRP$'), (552, 7, 'bike', 'NN'), (552, 8, ',', ','), (552, 9, 'doing', 'VBG'), (552, 10, 'a', 'DT'), (552, 11, 'trick', 'NN');
INSERT INTO Sentences (sentence_id, sentence, sentence_type)VALUES (553, 'A guy is doing a trick on a bike', 'auto');
INSERT INTO Words ( sentence_id,word_ID ,word,pos)VALUES (553, 1, 'A', 'DT'), (553, 2, 'guy', 'NN'), (553, 3, 'is', 'VBZ'), (553, 4, 'doing', 'VBG'), (553, 5, 'a', 'DT'), (553, 6, 'trick', 'NN'), (553, 7, 'on', 'IN'), (553, 8, 'a', 'DT'), (553, 9, 'bike', 'NN');
INSERT INTO triples (sentence_id, predicate_id,relation,arg_start_id,arg_end_id,triple_type)VALUES (553, 2, 'Property',3, 9, 'auto'), (553, 4, 'Agent',2, 3, 'auto'), (553, 4, 'Patient',6, 6, 'auto'), (553, 4, 'Location',7, 8, 'auto'), (553, 9, 'Property',1, 4, 'auto'), (553, 9, 'Location',5, 8, 'auto');
INSERT INTO Sentences (sentence_id, sentence, sentence_type)VALUES (554, 'A man is performing a jumping trip on his bicycle', 'auto');
INSERT INTO Words ( sentence_id,word_ID ,word,pos)VALUES (554, 1, 'A', 'DT'), (554, 2, 'man', 'NN'), (554, 3, 'is', 'VBZ'), (554, 4, 'performing', 'VBG'), (554, 5, 'a', 'DT'), (554, 6, 'jumping', 'VBG'), (554, 7, 'trip', 'NN'), (554, 8, 'on', 'IN'), (554, 9, 'his', 'PRP$'), (554, 10, 'bicycle', 'NN');
INSERT INTO triples (sentence_id, predicate_id,relation,arg_start_id,arg_end_id,triple_type)VALUES (554, 2, 'Property',3, 10, 'auto'), (554, 4, 'Agent',2, 2, 'auto'), (554, 4, 'Patient',5, 7, 'auto'), (554, 4, 'Location',8, 8, 'auto'), (554, 4, 'Instrument',10, 10, 'auto'), (554, 6, 'Beneficiary',1, 1, 'auto'), (554, 6, 'Agent',2, 2, 'auto'), (554, 6, 'Patient',3, 5, 'auto'), (554, 6, 'Destination',7, 7, 'auto'), (554, 6, 'Location',8, 8, 'auto'), (554, 6, 'Instrument',9, 10, 'auto'), (554, 10, 'Location',8, 8, 'auto');
INSERT INTO Sentences (sentence_id, sentence, sentence_type)VALUES (555, 'A man with a bike jumps high above the concrete', 'auto');
INSERT INTO Words ( sentence_id,word_ID ,word,pos)VALUES (555, 1, 'A', 'DT'), (555, 2, 'man', 'NN'), (555, 3, 'with', 'IN'), (555, 4, 'a', 'DT'), (555, 5, 'bike', 'NN'), (555, 6, 'jumps', 'VBZ'), (555, 7, 'high', 'JJ'), (555, 8, 'above', 'IN'), (555, 9, 'the', 'DT'), (555, 10, 'concrete', 'NN');
INSERT INTO triples (sentence_id, predicate_id,relation,arg_start_id,arg_end_id,triple_type)VALUES (555, 2, 'Property',3, 5, 'auto'), (555, 2, 'Location',10, 10, 'auto'), (555, 5, 'Location',8, 10, 'auto'), (555, 6, 'Agent',2, 2, 'auto'), (555, 6, 'Instrument',3, 5, 'auto'), (555, 6, 'Location',8, 10, 'auto');
INSERT INTO Sentences (sentence_id, sentence, sentence_type)VALUES (556, 'Bike rider jumps off of gray stone rise , does trick in air', 'auto');
INSERT INTO Words ( sentence_id,word_ID ,word,pos)VALUES (556, 1, 'Bike', 'NN'), (556, 2, 'rider', 'NN'), (556, 3, 'jumps', 'VBZ'), (556, 4, 'off', 'IN'), (556, 5, 'of', 'IN'), (556, 6, 'gray', 'JJ'), (556, 7, 'stone', 'NN'), (556, 8, 'rise', 'NN'), (556, 9, ',', ','), (556, 10, 'does', 'VBZ'), (556, 11, 'trick', 'NN'), (556, 12, 'in', 'IN'), (556, 13, 'air', 'NN');
INSERT INTO triples (sentence_id, predicate_id,relation,arg_start_id,arg_end_id,triple_type)VALUES (556, 1, 'Location',2, 2, 'auto'), (556, 1, 'Property',3, 7, 'auto'), (556, 2, 'Property',3, 13, 'auto'), (556, 3, 'Agent',2, 2, 'auto'), (556, 3, 'Destination',8, 8, 'auto'), (556, 3, 'Patient',9, 13, 'auto');
INSERT INTO Sentences (sentence_id, sentence, sentence_type)VALUES (557, 'A person feeding a strawberry to a turtle', 'auto');
INSERT INTO Words ( sentence_id,word_ID ,word,pos)VALUES (557, 1, 'A', 'DT'), (557, 2, 'person', 'NN'), (557, 3, 'feeding', 'VBG'), (557, 4, 'a', 'DT'), (557, 5, 'strawberry', 'NN'), (557, 6, 'to', 'TO'), (557, 7, 'a', 'DT'), (557, 8, 'turtle', 'NN');
INSERT INTO triples (sentence_id, predicate_id,relation,arg_start_id,arg_end_id,triple_type)VALUES (557, 2, 'Property',4, 4, 'auto'), (557, 2, 'Location',5, 8, 'auto'), (557, 3, 'Agent',2, 2, 'auto'), (557, 3, 'Patient',5, 6, 'auto');
INSERT INTO Sentences (sentence_id, sentence, sentence_type)VALUES (558, 'A tortoise attempts to eat a berry', 'auto');
INSERT INTO Words ( sentence_id,word_ID ,word,pos)VALUES (558, 1, 'A', 'DT'), (558, 2, 'tortoise', 'NN'), (558, 3, 'attempts', 'VBZ'), (558, 4, 'to', 'TO'), (558, 5, 'eat', 'VB'), (558, 6, 'a', 'DT'), (558, 7, 'berry', 'NN');
INSERT INTO triples (sentence_id, predicate_id,relation,arg_start_id,arg_end_id,triple_type)VALUES (558, 3, 'Agent',2, 2, 'auto'), (558, 3, 'Beneficiary',4, 5, 'auto'), (558, 3, 'Patient',6, 7, 'auto'), (558, 5, 'Agent',2, 2, 'auto'), (558, 5, 'Patient',6, 7, 'auto');
INSERT INTO Sentences (sentence_id, sentence, sentence_type)VALUES (559, 'Someone feeds a strawberry to a turtle', 'auto');
INSERT INTO Words ( sentence_id,word_ID ,word,pos)VALUES (559, 1, 'Someone', 'NN'), (559, 2, 'feeds', 'VBZ'), (559, 3, 'a', 'DT'), (559, 4, 'strawberry', 'NN'), (559, 5, 'to', 'TO'), (559, 6, 'a', 'DT'), (559, 7, 'turtle', 'NN');
INSERT INTO triples (sentence_id, predicate_id,relation,arg_start_id,arg_end_id,triple_type)VALUES (559, 1, 'Property',2, 7, 'auto'), (559, 2, 'Agent',1, 1, 'auto'), (559, 2, 'Patient',3, 3, 'auto'), (559, 2, 'Recipient',4, 4, 'auto');
INSERT INTO Sentences (sentence_id, sentence, sentence_type)VALUES (560, 'The tortoise is being fed an strawberry', 'auto');
INSERT INTO Words ( sentence_id,word_ID ,word,pos)VALUES (560, 1, 'The', 'DT'), (560, 2, 'tortoise', 'NN'), (560, 3, 'is', 'VBZ'), (560, 4, 'being', 'VBG'), (560, 5, 'fed', 'VBN'), (560, 6, 'an', 'DT'), (560, 7, 'strawberry', 'NN');
INSERT INTO triples (sentence_id, predicate_id,relation,arg_start_id,arg_end_id,triple_type)VALUES (560, 5, 'Recipient',2, 2, 'auto'), (560, 5, 'Patient',6, 7, 'auto');
INSERT INTO Sentences (sentence_id, sentence, sentence_type)VALUES (561, 'The turtle is being fed a strawberry', 'auto');
INSERT INTO Words ( sentence_id,word_ID ,word,pos)VALUES (561, 1, 'The', 'DT'), (561, 2, 'turtle', 'NN'), (561, 3, 'is', 'VBZ'), (561, 4, 'being', 'VBG'), (561, 5, 'fed', 'VBN'), (561, 6, 'a', 'DT'), (561, 7, 'strawberry', 'NN');
INSERT INTO triples (sentence_id, predicate_id,relation,arg_start_id,arg_end_id,triple_type)VALUES (561, 5, 'Recipient',2, 2, 'auto'), (561, 5, 'Patient',6, 7, 'auto');
INSERT INTO Sentences (sentence_id, sentence, sentence_type)VALUES (562, 'A football player has the number 25', 'auto');
INSERT INTO Words ( sentence_id,word_ID ,word,pos)VALUES (562, 1, 'A', 'DT'), (562, 2, 'football', 'NN'), (562, 3, 'player', 'NN'), (562, 4, 'has', 'VBZ'), (562, 5, 'the', 'DT'), (562, 6, 'number', 'NN'), (562, 7, '25', 'CD');
INSERT INTO triples (sentence_id, predicate_id,relation,arg_start_id,arg_end_id,triple_type)VALUES (562, 3, 'Location',2, 2, 'auto'), (562, 3, 'Property',4, 7, 'auto'), (562, 4, 'Agent',2, 3, 'auto'), (562, 4, 'Patient',5, 7, 'auto');
INSERT INTO Sentences (sentence_id, sentence, sentence_type)VALUES (563, 'A football player , his helmet half off , looking at the ground', 'auto');
INSERT INTO Words ( sentence_id,word_ID ,word,pos)VALUES (563, 1, 'A', 'DT'), (563, 2, 'football', 'NN'), (563, 3, 'player', 'NN'), (563, 4, ',', ','), (563, 5, 'his', 'PRP$'), (563, 6, 'helmet', 'NN'), (563, 7, 'half', 'NN'), (563, 8, 'off', 'RB'), (563, 9, ',', ','), (563, 10, 'looking', 'VBG'), (563, 11, 'at', 'IN'), (563, 12, 'the', 'DT'), (563, 13, 'ground', 'NN');
INSERT INTO triples (sentence_id, predicate_id,relation,arg_start_id,arg_end_id,triple_type)VALUES (563, 3, 'Property',4, 10, 'auto'), (563, 3, 'Location',11, 13, 'auto'), (563, 10, 'Agent',2, 3, 'auto'), (563, 10, 'Patient',4, 9, 'auto'), (563, 10, 'Location',11, 11, 'auto');
INSERT INTO Sentences (sentence_id, sentence, sentence_type)VALUES (564, 'A football player wearing a white uniform walks and looks down', 'auto');
INSERT INTO Words ( sentence_id,word_ID ,word,pos)VALUES (564, 1, 'A', 'DT'), (564, 2, 'football', 'NN'), (564, 3, 'player', 'NN'), (564, 4, 'wearing', 'VBG'), (564, 5, 'a', 'DT'), (564, 6, 'white', 'JJ'), (564, 7, 'uniform', 'NN'), (564, 8, 'walks', 'VBZ'), (564, 9, 'and', 'CC'), (564, 10, 'looks', 'VBZ'), (564, 11, 'down', 'RP');
INSERT INTO triples (sentence_id, predicate_id,relation,arg_start_id,arg_end_id,triple_type)VALUES (564, 3, 'Location',2, 2, 'auto'), (564, 3, 'Property',4, 11, 'auto'), (564, 4, 'Agent',2, 3, 'auto'), (564, 4, 'Patient',5, 11, 'auto'), (564, 8, 'Agent',2, 3, 'auto'), (564, 8, 'Location',6, 6, 'auto'), (564, 8, 'Patient',7, 7, 'auto'), (564, 10, 'Agent',2, 3, 'auto'), (564, 10, 'Patient',4, 6, 'auto'), (564, 10, 'Destination',7, 7, 'auto'), (564, 10, 'Location',11, 11, 'auto');
INSERT INTO Sentences (sentence_id, sentence, sentence_type)VALUES (565, 'a university of Miami football player # 25', 'auto');
INSERT INTO Words ( sentence_id,word_ID ,word,pos)VALUES (565, 1, 'a', 'DT'), (565, 2, 'university', 'NN'), (565, 3, 'of', 'IN'), (565, 4, 'Miami', 'NNP'), (565, 5, 'football', 'NN'), (565, 6, 'player', 'NN'), (565, 7, '#', '#'), (565, 8, '25', 'CD');
INSERT INTO triples (sentence_id, predicate_id,relation,arg_start_id,arg_end_id,triple_type)VALUES (565, 6, 'Location',2, 3, 'auto'), (565, 6, 'Property',4, 5, 'auto');
INSERT INTO Sentences (sentence_id, sentence, sentence_type)VALUES (566, 'Close up of football player # 25', 'auto');
INSERT INTO Words ( sentence_id,word_ID ,word,pos)VALUES (566, 1, 'Close', 'VB'), (566, 2, 'up', 'IN'), (566, 3, 'of', 'IN'), (566, 4, 'football', 'NN'), (566, 5, 'player', 'NN'), (566, 6, '#', '#'), (566, 7, '25', 'CD');
INSERT INTO triples (sentence_id, predicate_id,relation,arg_start_id,arg_end_id,triple_type)VALUES (566, 5, 'Property',6, 7, 'auto');
INSERT INTO Sentences (sentence_id, sentence, sentence_type)VALUES (567, 'A football player prepares to throw the ball', 'auto');
INSERT INTO Words ( sentence_id,word_ID ,word,pos)VALUES (567, 1, 'A', 'DT'), (567, 2, 'football', 'NN'), (567, 3, 'player', 'NN'), (567, 4, 'prepares', 'VBZ'), (567, 5, 'to', 'TO'), (567, 6, 'throw', 'VB'), (567, 7, 'the', 'DT'), (567, 8, 'ball', 'NN');
INSERT INTO triples (sentence_id, predicate_id,relation,arg_start_id,arg_end_id,triple_type)VALUES (567, 3, 'Location',2, 2, 'auto'), (567, 3, 'Property',4, 8, 'auto'), (567, 4, 'Agent',2, 3, 'auto'), (567, 4, 'Beneficiary',5, 5, 'auto'), (567, 4, 'Patient',6, 7, 'auto'), (567, 6, 'Agent',2, 3, 'auto'), (567, 6, 'Destination',5, 5, 'auto'), (567, 6, 'Patient',7, 8, 'auto');
INSERT INTO Sentences (sentence_id, sentence, sentence_type)VALUES (568, 'A guy with a football , a crowd watching him', 'auto');
INSERT INTO Words ( sentence_id,word_ID ,word,pos)VALUES (568, 1, 'A', 'DT'), (568, 2, 'guy', 'NN'), (568, 3, 'with', 'IN'), (568, 4, 'a', 'DT'), (568, 5, 'football', 'NN'), (568, 6, ',', ','), (568, 7, 'a', 'DT'), (568, 8, 'crowd', 'NN'), (568, 9, 'watching', 'VBG'), (568, 10, 'him', 'PRP');
INSERT INTO triples (sentence_id, predicate_id,relation,arg_start_id,arg_end_id,triple_type)VALUES (568, 2, 'Property',3, 10, 'auto'), (568, 9, 'Location',3, 3, 'auto'), (568, 9, 'Agent',8, 8, 'auto'), (568, 9, 'Patient',10, 10, 'auto');
INSERT INTO Sentences (sentence_id, sentence, sentence_type)VALUES (569, 'A man wearing a white uniform is playing football', 'auto');
INSERT INTO Words ( sentence_id,word_ID ,word,pos)VALUES (569, 1, 'A', 'DT'), (569, 2, 'man', 'NN'), (569, 3, 'wearing', 'VBG'), (569, 4, 'a', 'DT'), (569, 5, 'white', 'JJ'), (569, 6, 'uniform', 'NN'), (569, 7, 'is', 'VBZ'), (569, 8, 'playing', 'VBG'), (569, 9, 'football', 'NN');
INSERT INTO triples (sentence_id, predicate_id,relation,arg_start_id,arg_end_id,triple_type)VALUES (569, 2, 'Location',3, 3, 'auto'), (569, 2, 'Property',4, 9, 'auto'), (569, 3, 'Agent',2, 2, 'auto'), (569, 3, 'Patient',4, 9, 'auto'), (569, 8, 'Agent',2, 2, 'auto'), (569, 8, 'Patient',3, 3, 'auto'), (569, 8, 'Location',4, 4, 'auto'), (569, 8, 'Instrument',9, 9, 'auto');
INSERT INTO Sentences (sentence_id, sentence, sentence_type)VALUES (570, 'quarterback for University of Florida', 'auto');
INSERT INTO Words ( sentence_id,word_ID ,word,pos)VALUES (570, 1, 'quarterback', 'NN'), (570, 2, 'for', 'IN'), (570, 3, 'University', 'NNP'), (570, 4, 'of', 'IN'), (570, 5, 'Florida', 'NNP');
INSERT INTO Sentences (sentence_id, sentence, sentence_type)VALUES (571, 'The football player is preparing to make a play with onlookers nearby', 'auto');
INSERT INTO Words ( sentence_id,word_ID ,word,pos)VALUES (571, 1, 'The', 'DT'), (571, 2, 'football', 'NN'), (571, 3, 'player', 'NN'), (571, 4, 'is', 'VBZ'), (571, 5, 'preparing', 'VBG'), (571, 6, 'to', 'TO'), (571, 7, 'make', 'VB'), (571, 8, 'a', 'DT'), (571, 9, 'play', 'NN'), (571, 10, 'with', 'IN'), (571, 11, 'onlookers', 'NNS'), (571, 12, 'nearby', 'RB');
INSERT INTO triples (sentence_id, predicate_id,relation,arg_start_id,arg_end_id,triple_type)VALUES (571, 3, 'Location',2, 2, 'auto'), (571, 3, 'Property',4, 12, 'auto'), (571, 5, 'Agent',2, 3, 'auto'), (571, 5, 'Beneficiary',6, 9, 'auto'), (571, 7, 'Agent',2, 3, 'auto'), (571, 7, 'Patient',8, 9, 'auto');
INSERT INTO Sentences (sentence_id, sentence, sentence_type)VALUES (572, 'A boat goes out to see while someone watches on the beach', 'auto');
INSERT INTO Words ( sentence_id,word_ID ,word,pos)VALUES (572, 1, 'A', 'DT'), (572, 2, 'boat', 'NN'), (572, 3, 'goes', 'VBZ'), (572, 4, 'out', 'IN'), (572, 5, 'to', 'TO'), (572, 6, 'see', 'VB'), (572, 7, 'while', 'IN'), (572, 8, 'someone', 'NN'), (572, 9, 'watches', 'NNS'), (572, 10, 'on', 'IN'), (572, 11, 'the', 'DT'), (572, 12, 'beach', 'NN');
INSERT INTO triples (sentence_id, predicate_id,relation,arg_start_id,arg_end_id,triple_type)VALUES (572, 3, 'Agent',2, 2, 'auto'), (572, 3, 'Destination',4, 4, 'auto'), (572, 3, 'Beneficiary',5, 6, 'auto'), (572, 6, 'Agent',2, 2, 'auto'), (572, 9, 'Agent',8, 8, 'auto'), (572, 9, 'Location',10, 12, 'auto');
INSERT INTO Sentences (sentence_id, sentence, sentence_type)VALUES (573, 'An orange boat leaves the shore while a person watches nearby', 'auto');
INSERT INTO Words ( sentence_id,word_ID ,word,pos)VALUES (573, 1, 'An', 'DT'), (573, 2, 'orange', 'JJ'), (573, 3, 'boat', 'NN'), (573, 4, 'leaves', 'VBZ'), (573, 5, 'the', 'DT'), (573, 6, 'shore', 'NN'), (573, 7, 'while', 'IN'), (573, 8, 'a', 'DT'), (573, 9, 'person', 'NN'), (573, 10, 'watches', 'VBZ'), (573, 11, 'nearby', 'RB');
INSERT INTO triples (sentence_id, predicate_id,relation,arg_start_id,arg_end_id,triple_type)VALUES (573, 3, 'Property',1, 2, 'auto'), (573, 3, 'Location',8, 8, 'auto'), (573, 3, 'Time',9, 11, 'auto'), (573, 4, 'Agent',2, 3, 'auto'), (573, 4, 'Patient',5, 5, 'auto'), (573, 4, 'Recipient',10, 11, 'auto'), (573, 9, 'Property',1, 7, 'auto'), (573, 9, 'Location',8, 8, 'auto'), (573, 10, 'Agent',9, 9, 'auto'), (573, 10, 'Patient',11, 11, 'auto');
INSERT INTO Sentences (sentence_id, sentence, sentence_type)VALUES (574, 'An orange lifeboat speeds away from its mobile launcher whilst a man in red watches it sail away', 'auto');
INSERT INTO Words ( sentence_id,word_ID ,word,pos)VALUES (574, 1, 'An', 'DT'), (574, 2, 'orange', 'JJ'), (574, 3, 'lifeboat', 'NN'), (574, 4, 'speeds', 'VBZ'), (574, 5, 'away', 'RB'), (574, 6, 'from', 'IN'), (574, 7, 'its', 'PRP$'), (574, 8, 'mobile', 'JJ'), (574, 9, 'launcher', 'NN'), (574, 10, 'whilst', 'IN'), (574, 11, 'a', 'DT'), (574, 12, 'man', 'NN'), (574, 13, 'in', 'IN'), (574, 14, 'red', 'JJ'), (574, 15, 'watches', 'VBZ'), (574, 16, 'it', 'PRP'), (574, 17, 'sail', 'VB'), (574, 18, 'away', 'RB');
INSERT INTO triples (sentence_id, predicate_id,relation,arg_start_id,arg_end_id,triple_type)VALUES (574, 4, 'Agent',2, 3, 'auto'), (574, 4, 'Source',6, 9, 'auto'), (574, 12, 'Property',13, 14, 'auto'), (574, 15, 'Location',8, 11, 'auto'), (574, 15, 'Agent',12, 12, 'auto'), (574, 15, 'Patient',16, 18, 'auto'), (574, 17, 'Agent',16, 16, 'auto'), (574, 17, 'Destination',18, 18, 'auto');
INSERT INTO Sentences (sentence_id, sentence, sentence_type)VALUES (575, 'A vehicle has just released a boat into the water as a man in red stands on shore', 'auto');
INSERT INTO Words ( sentence_id,word_ID ,word,pos)VALUES (575, 1, 'A', 'DT'), (575, 2, 'vehicle', 'NN'), (575, 3, 'has', 'VBZ'), (575, 4, 'just', 'RB'), (575, 5, 'released', 'VBN'), (575, 6, 'a', 'DT'), (575, 7, 'boat', 'NN'), (575, 8, 'into', 'IN'), (575, 9, 'the', 'DT'), (575, 10, 'water', 'NN'), (575, 11, 'as', 'IN'), (575, 12, 'a', 'DT'), (575, 13, 'man', 'NN'), (575, 14, 'in', 'IN'), (575, 15, 'red', 'JJ'), (575, 16, 'stands', 'NNS'), (575, 17, 'on', 'IN'), (575, 18, 'shore', 'NN');
INSERT INTO triples (sentence_id, predicate_id,relation,arg_start_id,arg_end_id,triple_type)VALUES (575, 5, 'Agent',2, 2, 'auto'), (575, 5, 'Patient',6, 7, 'auto'), (575, 5, 'Source',10, 10, 'auto'), (575, 7, 'Location',8, 10, 'auto'), (575, 13, 'Property',14, 15, 'auto'), (575, 13, 'Location',18, 18, 'auto');
INSERT INTO Sentences (sentence_id, sentence, sentence_type)VALUES (576, 'The boat rushed off', 'auto');
INSERT INTO Words ( sentence_id,word_ID ,word,pos)VALUES (576, 1, 'The', 'DT'), (576, 2, 'boat', 'NN'), (576, 3, 'rushed', 'VBD'), (576, 4, 'off', 'RP');
INSERT INTO triples (sentence_id, predicate_id,relation,arg_start_id,arg_end_id,triple_type)VALUES (576, 3, 'Agent',2, 2, 'auto');
INSERT INTO Sentences (sentence_id, sentence, sentence_type)VALUES (577, 'A person is standing on a surfboard and riding down a large wave', 'auto');
INSERT INTO Words ( sentence_id,word_ID ,word,pos)VALUES (577, 1, 'A', 'DT'), (577, 2, 'person', 'NN'), (577, 3, 'is', 'VBZ'), (577, 4, 'standing', 'VBG'), (577, 5, 'on', 'IN'), (577, 6, 'a', 'DT'), (577, 7, 'surfboard', 'NN'), (577, 8, 'and', 'CC'), (577, 9, 'riding', 'VBG'), (577, 10, 'down', 'RP'), (577, 11, 'a', 'DT'), (577, 12, 'large', 'JJ'), (577, 13, 'wave', 'NN');
INSERT INTO triples (sentence_id, predicate_id,relation,arg_start_id,arg_end_id,triple_type)VALUES (577, 2, 'Location',5, 7, 'auto'), (577, 4, 'Agent',2, 2, 'auto'), (577, 4, 'Location',5, 7, 'auto'), (577, 9, 'Agent',2, 2, 'auto'), (577, 9, 'Location',5, 7, 'auto'), (577, 9, 'Patient',13, 13, 'auto');
INSERT INTO Sentences (sentence_id, sentence, sentence_type)VALUES (578, 'A person is surfing on a wave while another person heads towards it', 'auto');
INSERT INTO Words ( sentence_id,word_ID ,word,pos)VALUES (578, 1, 'A', 'DT'), (578, 2, 'person', 'NN'), (578, 3, 'is', 'VBZ'), (578, 4, 'surfing', 'VBG'), (578, 5, 'on', 'IN'), (578, 6, 'a', 'DT'), (578, 7, 'wave', 'NN'), (578, 8, 'while', 'IN'), (578, 9, 'another', 'DT'), (578, 10, 'person', 'NN'), (578, 11, 'heads', 'VBZ'), (578, 12, 'towards', 'IN'), (578, 13, 'it', 'PRP');
INSERT INTO triples (sentence_id, predicate_id,relation,arg_start_id,arg_end_id,triple_type)VALUES (578, 2, 'Location',5, 7, 'auto'), (578, 4, 'Agent',2, 2, 'auto'), (578, 10, 'Location',5, 7, 'auto'), (578, 11, 'Agent',10, 10, 'auto'), (578, 11, 'Patient',12, 13, 'auto');
INSERT INTO Sentences (sentence_id, sentence, sentence_type)VALUES (579, 'A surfer in a black wetsuit catching a wave while another one tries to catch up with him', 'auto');
INSERT INTO Words ( sentence_id,word_ID ,word,pos)VALUES (579, 1, 'A', 'DT'), (579, 2, 'surfer', 'NN'), (579, 3, 'in', 'IN'), (579, 4, 'a', 'DT'), (579, 5, 'black', 'JJ'), (579, 6, 'wetsuit', 'NN'), (579, 7, 'catching', 'VBG'), (579, 8, 'a', 'DT'), (579, 9, 'wave', 'NN'), (579, 10, 'while', 'IN'), (579, 11, 'another', 'DT'), (579, 12, 'one', 'CD'), (579, 13, 'tries', 'VBZ'), (579, 14, 'to', 'TO'), (579, 15, 'catch', 'VB'), (579, 16, 'up', 'RP'), (579, 17, 'with', 'IN'), (579, 18, 'him', 'PRP');
INSERT INTO triples (sentence_id, predicate_id,relation,arg_start_id,arg_end_id,triple_type)VALUES (579, 2, 'Property',3, 6, 'auto'), (579, 7, 'Agent',2, 2, 'auto'), (579, 7, 'Patient',8, 9, 'auto'), (579, 15, 'Agent',12, 12, 'auto'), (579, 15, 'Beneficiary',14, 16, 'auto');
INSERT INTO Sentences (sentence_id, sentence, sentence_type)VALUES (580, 'One surfer rides a wave while another surfer paddles at the base of the wave', 'auto');
INSERT INTO Words ( sentence_id,word_ID ,word,pos)VALUES (580, 1, 'One', 'CD'), (580, 2, 'surfer', 'NN'), (580, 3, 'rides', 'VBZ'), (580, 4, 'a', 'DT'), (580, 5, 'wave', 'NN'), (580, 6, 'while', 'IN'), (580, 7, 'another', 'DT'), (580, 8, 'surfer', 'NN'), (580, 9, 'paddles', 'VBZ'), (580, 10, 'at', 'IN'), (580, 11, 'the', 'DT'), (580, 12, 'base', 'NN'), (580, 13, 'of', 'IN'), (580, 14, 'the', 'DT'), (580, 15, 'wave', 'NN');
INSERT INTO triples (sentence_id, predicate_id,relation,arg_start_id,arg_end_id,triple_type)VALUES (580, 1, 'Location',10, 15, 'auto'), (580, 3, 'Agent',2, 2, 'auto'), (580, 3, 'Patient',4, 7, 'auto'), (580, 9, 'Patient',1, 7, 'auto'), (580, 9, 'Agent',8, 8, 'auto'), (580, 9, 'Location',10, 10, 'auto'), (580, 9, 'Destination',12, 12, 'auto');
INSERT INTO Sentences (sentence_id, sentence, sentence_type)VALUES (581, 'Someone is surfing along a wave with someone else swimming nearby', 'auto');
INSERT INTO Words ( sentence_id,word_ID ,word,pos)VALUES (581, 1, 'Someone', 'NN'), (581, 2, 'is', 'VBZ'), (581, 3, 'surfing', 'VBG'), (581, 4, 'along', 'IN'), (581, 5, 'a', 'DT'), (581, 6, 'wave', 'NN'), (581, 7, 'with', 'IN'), (581, 8, 'someone', 'NN'), (581, 9, 'else', 'RB'), (581, 10, 'swimming', 'VBG'), (581, 11, 'nearby', 'RB');
INSERT INTO triples (sentence_id, predicate_id,relation,arg_start_id,arg_end_id,triple_type)VALUES (581, 1, 'Property',2, 11, 'auto'), (581, 3, 'Agent',1, 1, 'auto'), (581, 3, 'Destination',8, 8, 'auto'), (581, 8, 'Property',1, 7, 'auto'), (581, 10, 'Agent',1, 1, 'auto'), (581, 10, 'Location',4, 6, 'auto'), (581, 10, 'Patient',9, 9, 'auto');
INSERT INTO Sentences (sentence_id, sentence, sentence_type)VALUES (582, 'a group of football players huddled together in the middle of the field', 'auto');
INSERT INTO Words ( sentence_id,word_ID ,word,pos)VALUES (582, 1, 'a', 'DT'), (582, 2, 'group', 'NN'), (582, 3, 'of', 'IN'), (582, 4, 'football', 'NN'), (582, 5, 'players', 'NNS'), (582, 6, 'huddled', 'VBD'), (582, 7, 'together', 'RB'), (582, 8, 'in', 'IN'), (582, 9, 'the', 'DT'), (582, 10, 'middle', 'NN'), (582, 11, 'of', 'IN'), (582, 12, 'the', 'DT'), (582, 13, 'field', 'NN');
INSERT INTO triples (sentence_id, predicate_id,relation,arg_start_id,arg_end_id,triple_type)VALUES (582, 6, 'Agent',2, 5, 'auto'), (582, 6, 'Location',7, 13, 'auto');
INSERT INTO Sentences (sentence_id, sentence, sentence_type)VALUES (583, 'A group of football players wearing orange and blue uniforms gather together on the field', 'auto');
INSERT INTO Words ( sentence_id,word_ID ,word,pos)VALUES (583, 1, 'A', 'DT'), (583, 2, 'group', 'NN'), (583, 3, 'of', 'IN'), (583, 4, 'football', 'NN'), (583, 5, 'players', 'NNS'), (583, 6, 'wearing', 'VBG'), (583, 7, 'orange', 'NN'), (583, 8, 'and', 'CC'), (583, 9, 'blue', 'JJ'), (583, 10, 'uniforms', 'NNS'), (583, 11, 'gather', 'VBP'), (583, 12, 'together', 'RB'), (583, 13, 'on', 'IN'), (583, 14, 'the', 'DT'), (583, 15, 'field', 'NN');
INSERT INTO triples (sentence_id, predicate_id,relation,arg_start_id,arg_end_id,triple_type)VALUES (583, 6, 'Agent',2, 3, 'auto'), (583, 6, 'Patient',7, 15, 'auto'), (583, 11, 'Agent',2, 2, 'auto'), (583, 11, 'Beneficiary',4, 4, 'auto'), (583, 11, 'Patient',8, 8, 'auto'), (583, 11, 'Source',9, 9, 'auto'), (583, 11, 'Location',12, 15, 'auto');
INSERT INTO Sentences (sentence_id, sentence, sentence_type)VALUES (584, 'Football players in blue and orange uniforms are huddled together and hugging each other', 'auto');
INSERT INTO Words ( sentence_id,word_ID ,word,pos)VALUES (584, 1, 'Football', 'NN'), (584, 2, 'players', 'NNS'), (584, 3, 'in', 'IN'), (584, 4, 'blue', 'JJ'), (584, 5, 'and', 'CC'), (584, 6, 'orange', 'JJ'), (584, 7, 'uniforms', 'NNS'), (584, 8, 'are', 'VBP'), (584, 9, 'huddled', 'VBN'), (584, 10, 'together', 'RB'), (584, 11, 'and', 'CC'), (584, 12, 'hugging', 'VBG'), (584, 13, 'each', 'DT'), (584, 14, 'other', 'JJ');
INSERT INTO triples (sentence_id, predicate_id,relation,arg_start_id,arg_end_id,triple_type)VALUES (584, 9, 'Agent',2, 2, 'auto'), (584, 9, 'Location',3, 4, 'auto'), (584, 9, 'Patient',10, 14, 'auto'), (584, 12, 'Patient',1, 11, 'auto'), (584, 12, 'Agent',14, 14, 'auto');
INSERT INTO Sentences (sentence_id, sentence, sentence_type)VALUES (585, 'Football players in uniform embrace one another', 'auto');
INSERT INTO Words ( sentence_id,word_ID ,word,pos)VALUES (585, 1, 'Football', 'NN'), (585, 2, 'players', 'NNS'), (585, 3, 'in', 'IN'), (585, 4, 'uniform', 'NN'), (585, 5, 'embrace', 'VB'), (585, 6, 'one', 'CD'), (585, 7, 'another', 'DT');
INSERT INTO triples (sentence_id, predicate_id,relation,arg_start_id,arg_end_id,triple_type)VALUES (585, 2, 'Property',3, 4, 'auto'), (585, 5, 'Agent',1, 2, 'auto'), (585, 5, 'Patient',6, 7, 'auto');
INSERT INTO Sentences (sentence_id, sentence, sentence_type)VALUES (586, 'The men in the Gators helmets have their arms wrapped around each other', 'auto');
INSERT INTO Words ( sentence_id,word_ID ,word,pos)VALUES (586, 1, 'The', 'DT'), (586, 2, 'men', 'NNS'), (586, 3, 'in', 'IN'), (586, 4, 'the', 'DT'), (586, 5, 'Gators', 'NNP'), (586, 6, 'helmets', 'NNS'), (586, 7, 'have', 'VBP'), (586, 8, 'their', 'PRP$'), (586, 9, 'arms', 'NNS'), (586, 10, 'wrapped', 'VBN'), (586, 11, 'around', 'IN'), (586, 12, 'each', 'DT'), (586, 13, 'other', 'JJ');
INSERT INTO triples (sentence_id, predicate_id,relation,arg_start_id,arg_end_id,triple_type)VALUES (586, 2, 'Property',3, 6, 'auto'), (586, 7, 'Agent',2, 2, 'auto'), (586, 7, 'Patient',8, 9, 'auto'), (586, 10, 'Agent',2, 2, 'auto'), (586, 10, 'Patient',8, 9, 'auto'), (586, 10, 'Destination',11, 13, 'auto');
INSERT INTO Sentences (sentence_id, sentence, sentence_type)VALUES (587, 'A man in jeans is playing with a ball while a woman in jeans stands nearby looking away', 'auto');
INSERT INTO Words ( sentence_id,word_ID ,word,pos)VALUES (587, 1, 'A', 'DT'), (587, 2, 'man', 'NN'), (587, 3, 'in', 'IN'), (587, 4, 'jeans', 'NNS'), (587, 5, 'is', 'VBZ'), (587, 6, 'playing', 'VBG'), (587, 7, 'with', 'IN'), (587, 8, 'a', 'DT'), (587, 9, 'ball', 'NN'), (587, 10, 'while', 'IN'), (587, 11, 'a', 'DT'), (587, 12, 'woman', 'NN'), (587, 13, 'in', 'IN'), (587, 14, 'jeans', 'NNS'), (587, 15, 'stands', 'VBZ'), (587, 16, 'nearby', 'JJ'), (587, 17, 'looking', 'VBG'), (587, 18, 'away', 'RB');
INSERT INTO triples (sentence_id, predicate_id,relation,arg_start_id,arg_end_id,triple_type)VALUES (587, 2, 'Property',3, 4, 'auto'), (587, 6, 'Agent',2, 2, 'auto'), (587, 6, 'Patient',9, 9, 'auto'), (587, 12, 'Property',13, 14, 'auto'), (587, 15, 'Agent',12, 12, 'auto'), (587, 15, 'Location',16, 16, 'auto'), (587, 17, 'Agent',12, 12, 'auto'), (587, 17, 'Destination',18, 18, 'auto');
INSERT INTO Sentences (sentence_id, sentence, sentence_type)VALUES (588, 'A man running across the grass towards a woman', 'auto');
INSERT INTO Words ( sentence_id,word_ID ,word,pos)VALUES (588, 1, 'A', 'DT'), (588, 2, 'man', 'NN'), (588, 3, 'running', 'VBG'), (588, 4, 'across', 'IN'), (588, 5, 'the', 'DT'), (588, 6, 'grass', 'NN'), (588, 7, 'towards', 'IN'), (588, 8, 'a', 'DT'), (588, 9, 'woman', 'NN');
INSERT INTO triples (sentence_id, predicate_id,relation,arg_start_id,arg_end_id,triple_type)VALUES (588, 2, 'Location',4, 6, 'auto'), (588, 3, 'Agent',2, 2, 'auto'), (588, 3, 'Location',4, 6, 'auto');
INSERT INTO Sentences (sentence_id, sentence, sentence_type)VALUES (589, 'A woman stands in a field with her hands on her hips while a man runs up behind her', 'auto');
INSERT INTO Words ( sentence_id,word_ID ,word,pos)VALUES (589, 1, 'A', 'DT'), (589, 2, 'woman', 'NN'), (589, 3, 'stands', 'VBZ'), (589, 4, 'in', 'IN'), (589, 5, 'a', 'DT'), (589, 6, 'field', 'NN'), (589, 7, 'with', 'IN'), (589, 8, 'her', 'PRP$'), (589, 9, 'hands', 'NNS'), (589, 10, 'on', 'IN'), (589, 11, 'her', 'PRP$'), (589, 12, 'hips', 'NNS'), (589, 13, 'while', 'IN'), (589, 14, 'a', 'DT'), (589, 15, 'man', 'NN'), (589, 16, 'runs', 'VBZ'), (589, 17, 'up', 'RP'), (589, 18, 'behind', 'IN'), (589, 19, 'her', 'PRP');
INSERT INTO triples (sentence_id, predicate_id,relation,arg_start_id,arg_end_id,triple_type)VALUES (589, 3, 'Agent',2, 2, 'auto'), (589, 3, 'Location',4, 6, 'auto'), (589, 15, 'Location',18, 19, 'auto'), (589, 16, 'Agent',15, 15, 'auto'), (589, 16, 'Location',18, 19, 'auto');
INSERT INTO Sentences (sentence_id, sentence, sentence_type)VALUES (590, 'The woman wearing black is standing in a grassy field as the man in the blue cap runs', 'auto');
INSERT INTO Words ( sentence_id,word_ID ,word,pos)VALUES (590, 1, 'The', 'DT'), (590, 2, 'woman', 'NN'), (590, 3, 'wearing', 'VBG'), (590, 4, 'black', 'JJ'), (590, 5, 'is', 'VBZ'), (590, 6, 'standing', 'VBG'), (590, 7, 'in', 'IN'), (590, 8, 'a', 'DT'), (590, 9, 'grassy', 'JJ'), (590, 10, 'field', 'NN'), (590, 11, 'as', 'IN'), (590, 12, 'the', 'DT'), (590, 13, 'man', 'NN'), (590, 14, 'in', 'IN'), (590, 15, 'the', 'DT'), (590, 16, 'blue', 'JJ'), (590, 17, 'cap', 'NN'), (590, 18, 'runs', 'VBZ');
INSERT INTO triples (sentence_id, predicate_id,relation,arg_start_id,arg_end_id,triple_type)VALUES (590, 2, 'Property',3, 4, 'auto'), (590, 3, 'Agent',2, 2, 'auto'), (590, 3, 'Patient',4, 4, 'auto'), (590, 6, 'Agent',2, 2, 'auto'), (590, 6, 'Location',7, 10, 'auto'), (590, 13, 'Property',14, 17, 'auto'), (590, 18, 'Agent',13, 13, 'auto');
INSERT INTO Sentences (sentence_id, sentence, sentence_type)VALUES (591, 'Two people in a field looking off-camera', 'auto');
INSERT INTO Words ( sentence_id,word_ID ,word,pos)VALUES (591, 1, 'Two', 'CD'), (591, 2, 'people', 'NNS'), (591, 3, 'in', 'IN'), (591, 4, 'a', 'DT'), (591, 5, 'field', 'NN'), (591, 6, 'looking', 'VBG'), (591, 7, 'off-camera', 'NN');
INSERT INTO triples (sentence_id, predicate_id,relation,arg_start_id,arg_end_id,triple_type)VALUES (591, 2, 'Property',1, 1, 'auto'), (591, 2, 'Location',3, 5, 'auto'), (591, 6, 'Agent',2, 2, 'auto'), (591, 6, 'Location',3, 4, 'auto'), (591, 6, 'Patient',7, 7, 'auto');
INSERT INTO Sentences (sentence_id, sentence, sentence_type)VALUES (592, 'A boy doing a trick on top of a guardrail on inline skates', 'auto');
INSERT INTO Words ( sentence_id,word_ID ,word,pos)VALUES (592, 1, 'A', 'DT'), (592, 2, 'boy', 'NN'), (592, 3, 'doing', 'VBG'), (592, 4, 'a', 'DT'), (592, 5, 'trick', 'NN'), (592, 6, 'on', 'IN'), (592, 7, 'top', 'NN'), (592, 8, 'of', 'IN'), (592, 9, 'a', 'DT'), (592, 10, 'guardrail', 'NN'), (592, 11, 'on', 'IN'), (592, 12, 'inline', 'NN'), (592, 13, 'skates', 'NNS');
INSERT INTO triples (sentence_id, predicate_id,relation,arg_start_id,arg_end_id,triple_type)VALUES (592, 2, 'Location',5, 10, 'auto'), (592, 3, 'Agent',2, 2, 'auto'), (592, 3, 'Patient',4, 5, 'auto'), (592, 3, 'Location',6, 6, 'auto');
INSERT INTO Sentences (sentence_id, sentence, sentence_type)VALUES (593, 'A person jumps onto a barrier', 'auto');
INSERT INTO Words ( sentence_id,word_ID ,word,pos)VALUES (593, 1, 'A', 'DT'), (593, 2, 'person', 'NN'), (593, 3, 'jumps', 'VBZ'), (593, 4, 'onto', 'IN'), (593, 5, 'a', 'DT'), (593, 6, 'barrier', 'NN');
INSERT INTO triples (sentence_id, predicate_id,relation,arg_start_id,arg_end_id,triple_type)VALUES (593, 2, 'Property',3, 3, 'auto'), (593, 2, 'Location',4, 6, 'auto'), (593, 3, 'Agent',2, 2, 'auto'), (593, 3, 'Patient',5, 5, 'auto'), (593, 3, 'Location',6, 6, 'auto');
INSERT INTO Sentences (sentence_id, sentence, sentence_type)VALUES (594, 'A person wearing Rollerblades jumps over a yellow gate', 'auto');
INSERT INTO Words ( sentence_id,word_ID ,word,pos)VALUES (594, 1, 'A', 'DT'), (594, 2, 'person', 'NN'), (594, 3, 'wearing', 'VBG'), (594, 4, 'Rollerblades', 'NNS'), (594, 5, 'jumps', 'VBZ'), (594, 6, 'over', 'IN'), (594, 7, 'a', 'DT'), (594, 8, 'yellow', 'JJ'), (594, 9, 'gate', 'NN');
INSERT INTO triples (sentence_id, predicate_id,relation,arg_start_id,arg_end_id,triple_type)VALUES (594, 2, 'Property',3, 5, 'auto'), (594, 2, 'Location',6, 9, 'auto'), (594, 3, 'Agent',2, 2, 'auto'), (594, 3, 'Patient',5, 6, 'auto'), (594, 5, 'Agent',2, 2, 'auto'), (594, 5, 'Patient',3, 4, 'auto'), (594, 5, 'Location',6, 8, 'auto');
INSERT INTO Sentences (sentence_id, sentence, sentence_type)VALUES (595, 'A young adult jumps on a yellow barricade', 'auto');
INSERT INTO Words ( sentence_id,word_ID ,word,pos)VALUES (595, 1, 'A', 'DT'), (595, 2, 'young', 'JJ'), (595, 3, 'adult', 'NN'), (595, 4, 'jumps', 'VBZ'), (595, 5, 'on', 'IN'), (595, 6, 'a', 'DT'), (595, 7, 'yellow', 'JJ'), (595, 8, 'barricade', 'NN');
INSERT INTO triples (sentence_id, predicate_id,relation,arg_start_id,arg_end_id,triple_type)VALUES (595, 4, 'Agent',3, 3, 'auto'), (595, 4, 'Location',5, 5, 'auto'), (595, 4, 'Patient',6, 7, 'auto'), (595, 4, 'Destination',8, 8, 'auto');
INSERT INTO Sentences (sentence_id, sentence, sentence_type)VALUES (596, 'Roller blader grinding a yellow road barrier', 'auto');
INSERT INTO Words ( sentence_id,word_ID ,word,pos)VALUES (596, 1, 'Roller', 'NN'), (596, 2, 'blader', 'NN'), (596, 3, 'grinding', 'VBG'), (596, 4, 'a', 'DT'), (596, 5, 'yellow', 'JJ'), (596, 6, 'road', 'NN'), (596, 7, 'barrier', 'NN');
INSERT INTO triples (sentence_id, predicate_id,relation,arg_start_id,arg_end_id,triple_type)VALUES (596, 3, 'Agent',2, 2, 'auto'), (596, 3, 'Patient',4, 7, 'auto');
INSERT INTO Sentences (sentence_id, sentence, sentence_type)VALUES (597, 'A cowboy is hanging upside down from a horse', 'auto');
INSERT INTO Words ( sentence_id,word_ID ,word,pos)VALUES (597, 1, 'A', 'DT'), (597, 2, 'cowboy', 'NN'), (597, 3, 'is', 'VBZ'), (597, 4, 'hanging', 'VBG'), (597, 5, 'upside', 'RB'), (597, 6, 'down', 'RB'), (597, 7, 'from', 'IN'), (597, 8, 'a', 'DT'), (597, 9, 'horse', 'NN');
INSERT INTO triples (sentence_id, predicate_id,relation,arg_start_id,arg_end_id,triple_type)VALUES (597, 2, 'Property',3, 9, 'auto'), (597, 4, 'Agent',2, 2, 'auto'), (597, 4, 'Location',5, 9, 'auto');
INSERT INTO Sentences (sentence_id, sentence, sentence_type)VALUES (598, 'A man at the rodeo is riding his horse while upside down and not on the saddle', 'auto');
INSERT INTO Words ( sentence_id,word_ID ,word,pos)VALUES (598, 1, 'A', 'DT'), (598, 2, 'man', 'NN'), (598, 3, 'at', 'IN'), (598, 4, 'the', 'DT'), (598, 5, 'rodeo', 'NN'), (598, 6, 'is', 'VBZ'), (598, 7, 'riding', 'VBG'), (598, 8, 'his', 'PRP$'), (598, 9, 'horse', 'NN'), (598, 10, 'while', 'IN'), (598, 11, 'upside', 'RB'), (598, 12, 'down', 'RB'), (598, 13, 'and', 'CC'), (598, 14, 'not', 'RB'), (598, 15, 'on', 'IN'), (598, 16, 'the', 'DT'), (598, 17, 'saddle', 'NN');
INSERT INTO triples (sentence_id, predicate_id,relation,arg_start_id,arg_end_id,triple_type)VALUES (598, 2, 'Property',3, 5, 'auto'), (598, 2, 'Location',14, 17, 'auto'), (598, 7, 'Agent',2, 2, 'auto'), (598, 7, 'Patient',8, 9, 'auto');
INSERT INTO Sentences (sentence_id, sentence, sentence_type)VALUES (599, 'A man is riding upside down on the side of a horse at a rodeo', 'auto');
INSERT INTO Words ( sentence_id,word_ID ,word,pos)VALUES (599, 1, 'A', 'DT'), (599, 2, 'man', 'NN'), (599, 3, 'is', 'VBZ'), (599, 4, 'riding', 'VBG'), (599, 5, 'upside', 'RB'), (599, 6, 'down', 'RB'), (599, 7, 'on', 'IN'), (599, 8, 'the', 'DT'), (599, 9, 'side', 'NN'), (599, 10, 'of', 'IN'), (599, 11, 'a', 'DT'), (599, 12, 'horse', 'NN'), (599, 13, 'at', 'IN'), (599, 14, 'a', 'DT'), (599, 15, 'rodeo', 'NN');
INSERT INTO triples (sentence_id, predicate_id,relation,arg_start_id,arg_end_id,triple_type)VALUES (599, 2, 'Location',7, 12, 'auto'), (599, 4, 'Agent',2, 2, 'auto'), (599, 4, 'Location',7, 12, 'auto'), (599, 12, 'Location',13, 15, 'auto');
INSERT INTO Sentences (sentence_id, sentence, sentence_type)VALUES (600, 'A rodeo rider being thrown head first from a horse', 'auto');
INSERT INTO Words ( sentence_id,word_ID ,word,pos)VALUES (600, 1, 'A', 'DT'), (600, 2, 'rodeo', 'NN'), (600, 3, 'rider', 'NN'), (600, 4, 'being', 'VBG'), (600, 5, 'thrown', 'VBN'), (600, 6, 'head', 'NN'), (600, 7, 'first', 'RB'), (600, 8, 'from', 'IN'), (600, 9, 'a', 'DT'), (600, 10, 'horse', 'NN');
INSERT INTO triples (sentence_id, predicate_id,relation,arg_start_id,arg_end_id,triple_type)VALUES (600, 3, 'Property',1, 2, 'auto'), (600, 5, 'Agent',2, 3, 'auto'), (600, 5, 'Destination',4, 4, 'auto'), (600, 5, 'Patient',6, 6, 'auto');
INSERT INTO Sentences (sentence_id, sentence, sentence_type)VALUES (601, 'A rodeo rider doing a vertical trick on a brown horse as an audience looks on', 'auto');
INSERT INTO Words ( sentence_id,word_ID ,word,pos)VALUES (601, 1, 'A', 'DT'), (601, 2, 'rodeo', 'NN'), (601, 3, 'rider', 'NN'), (601, 4, 'doing', 'VBG'), (601, 5, 'a', 'DT'), (601, 6, 'vertical', 'JJ'), (601, 7, 'trick', 'NN'), (601, 8, 'on', 'IN'), (601, 9, 'a', 'DT'), (601, 10, 'brown', 'JJ'), (601, 11, 'horse', 'NN'), (601, 12, 'as', 'IN'), (601, 13, 'an', 'DT'), (601, 14, 'audience', 'NN'), (601, 15, 'looks', 'VBZ'), (601, 16, 'on', 'IN');
INSERT INTO triples (sentence_id, predicate_id,relation,arg_start_id,arg_end_id,triple_type)VALUES (601, 3, 'Property',1, 2, 'auto'), (601, 4, 'Agent',3, 3, 'auto'), (601, 4, 'Patient',5, 7, 'auto'), (601, 4, 'Location',8, 8, 'auto'), (601, 15, 'Agent',3, 3, 'auto'), (601, 15, 'Patient',4, 7, 'auto'), (601, 15, 'Destination',10, 11, 'auto'), (601, 15, 'Location',16, 16, 'auto');
INSERT INTO Sentences (sentence_id, sentence, sentence_type)VALUES (602, 'A boy in a red shirt and a boy in a yellow shirt are jumping on a trampoline outside', 'auto');
INSERT INTO Words ( sentence_id,word_ID ,word,pos)VALUES (602, 1, 'A', 'DT'), (602, 2, 'boy', 'NN'), (602, 3, 'in', 'IN'), (602, 4, 'a', 'DT'), (602, 5, 'red', 'JJ'), (602, 6, 'shirt', 'NN'), (602, 7, 'and', 'CC'), (602, 8, 'a', 'DT'), (602, 9, 'boy', 'NN'), (602, 10, 'in', 'IN'), (602, 11, 'a', 'DT'), (602, 12, 'yellow', 'JJ'), (602, 13, 'shirt', 'NN'), (602, 14, 'are', 'VBP'), (602, 15, 'jumping', 'VBG'), (602, 16, 'on', 'IN'), (602, 17, 'a', 'DT'), (602, 18, 'trampoline', 'NN'), (602, 19, 'outside', 'NN');
INSERT INTO triples (sentence_id, predicate_id,relation,arg_start_id,arg_end_id,triple_type)VALUES (602, 2, 'Property',3, 6, 'auto'), (602, 2, 'Location',18, 19, 'auto'), (602, 9, 'Property',10, 13, 'auto'), (602, 9, 'Location',18, 19, 'auto'), (602, 15, 'Agent',2, 2, 'auto'), (602, 15, 'Location',16, 18, 'auto');
INSERT INTO Sentences (sentence_id, sentence, sentence_type)VALUES (603, 'Children jump on a trampoline', 'auto');
INSERT INTO Words ( sentence_id,word_ID ,word,pos)VALUES (603, 1, 'Children', 'NNS'), (603, 2, 'jump', 'VBP'), (603, 3, 'on', 'IN'), (603, 4, 'a', 'DT'), (603, 5, 'trampoline', 'NN');
INSERT INTO triples (sentence_id, predicate_id,relation,arg_start_id,arg_end_id,triple_type)VALUES (603, 2, 'Agent',1, 1, 'auto'), (603, 2, 'Location',3, 5, 'auto');
INSERT INTO Sentences (sentence_id, sentence, sentence_type)VALUES (604, 'Kids are jumping on a blue rimmed trampoline', 'auto');
INSERT INTO Words ( sentence_id,word_ID ,word,pos)VALUES (604, 1, 'Kids', 'NNS'), (604, 2, 'are', 'VBP'), (604, 3, 'jumping', 'VBG'), (604, 4, 'on', 'IN'), (604, 5, 'a', 'DT'), (604, 6, 'blue', 'JJ'), (604, 7, 'rimmed', 'JJ'), (604, 8, 'trampoline', 'NN');
INSERT INTO Sentences (sentence_id, sentence, sentence_type)VALUES (605, 'Two children are playing on a teal trampoline near greenery', 'auto');
INSERT INTO Words ( sentence_id,word_ID ,word,pos)VALUES (605, 1, 'Two', 'CD'), (605, 2, 'children', 'NNS'), (605, 3, 'are', 'VBP'), (605, 4, 'playing', 'VBG'), (605, 5, 'on', 'IN'), (605, 6, 'a', 'DT'), (605, 7, 'teal', 'NN'), (605, 8, 'trampoline', 'NN'), (605, 9, 'near', 'IN'), (605, 10, 'greenery', 'NN');
INSERT INTO triples (sentence_id, predicate_id,relation,arg_start_id,arg_end_id,triple_type)VALUES (605, 4, 'Agent',2, 2, 'auto'), (605, 4, 'Location',5, 8, 'auto');
INSERT INTO Sentences (sentence_id, sentence, sentence_type)VALUES (606, 'Two young boys jumps on a trampoline as two other children sit on it', 'auto');
INSERT INTO Words ( sentence_id,word_ID ,word,pos)VALUES (606, 1, 'Two', 'CD'), (606, 2, 'young', 'JJ'), (606, 3, 'boys', 'NNS'), (606, 4, 'jumps', 'VBZ'), (606, 5, 'on', 'IN'), (606, 6, 'a', 'DT'), (606, 7, 'trampoline', 'NN'), (606, 8, 'as', 'IN'), (606, 9, 'two', 'CD'), (606, 10, 'other', 'JJ'), (606, 11, 'children', 'NNS'), (606, 12, 'sit', 'VBP'), (606, 13, 'on', 'IN'), (606, 14, 'it', 'PRP');
INSERT INTO triples (sentence_id, predicate_id,relation,arg_start_id,arg_end_id,triple_type)VALUES (606, 4, 'Agent',3, 3, 'auto'), (606, 4, 'Location',5, 7, 'auto'), (606, 12, 'Agent',9, 11, 'auto'), (606, 12, 'Location',13, 14, 'auto');
INSERT INTO Sentences (sentence_id, sentence, sentence_type)VALUES (607, 'A man is kayaking in rough waters', 'auto');
INSERT INTO Words ( sentence_id,word_ID ,word,pos)VALUES (607, 1, 'A', 'DT'), (607, 2, 'man', 'NN'), (607, 3, 'is', 'VBZ'), (607, 4, 'kayaking', 'VBG'), (607, 5, 'in', 'IN'), (607, 6, 'rough', 'JJ'), (607, 7, 'waters', 'NNS');
INSERT INTO triples (sentence_id, predicate_id,relation,arg_start_id,arg_end_id,triple_type)VALUES (607, 2, 'Property',3, 4, 'auto'), (607, 2, 'Location',7, 7, 'auto');
INSERT INTO Sentences (sentence_id, sentence, sentence_type)VALUES (608, 'A man is kayaking through some white waters', 'auto');
INSERT INTO Words ( sentence_id,word_ID ,word,pos)VALUES (608, 1, 'A', 'DT'), (608, 2, 'man', 'NN'), (608, 3, 'is', 'VBZ'), (608, 4, 'kayaking', 'VBG'), (608, 5, 'through', 'IN'), (608, 6, 'some', 'DT'), (608, 7, 'white', 'JJ'), (608, 8, 'waters', 'NNS');
INSERT INTO triples (sentence_id, predicate_id,relation,arg_start_id,arg_end_id,triple_type)VALUES (608, 2, 'Property',3, 7, 'auto'), (608, 2, 'Location',8, 8, 'auto');
INSERT INTO Sentences (sentence_id, sentence, sentence_type)VALUES (609, 'Man kayaking in a raging river', 'auto');
INSERT INTO Words ( sentence_id,word_ID ,word,pos)VALUES (609, 1, 'Man', 'NN'), (609, 2, 'kayaking', 'VBG'), (609, 3, 'in', 'IN'), (609, 4, 'a', 'DT'), (609, 5, 'raging', 'JJ'), (609, 6, 'river', 'NN');
INSERT INTO triples (sentence_id, predicate_id,relation,arg_start_id,arg_end_id,triple_type)VALUES (609, 1, 'Location',3, 6, 'auto'), (609, 2, 'Agent',1, 1, 'auto'), (609, 2, 'Location',4, 6, 'auto');
INSERT INTO Sentences (sentence_id, sentence, sentence_type)VALUES (610, 'Man kayaking down river rapids', 'auto');
INSERT INTO Words ( sentence_id,word_ID ,word,pos)VALUES (610, 1, 'Man', 'NN'), (610, 2, 'kayaking', 'VBG'), (610, 3, 'down', 'RP'), (610, 4, 'river', 'NN'), (610, 5, 'rapids', 'NNS');
INSERT INTO triples (sentence_id, predicate_id,relation,arg_start_id,arg_end_id,triple_type)VALUES (610, 1, 'Property',2, 5, 'auto');
INSERT INTO Sentences (sentence_id, sentence, sentence_type)VALUES (611, 'The man in the yellow jacket is paddling a red kayak through white water', 'auto');
INSERT INTO Words ( sentence_id,word_ID ,word,pos)VALUES (611, 1, 'The', 'DT'), (611, 2, 'man', 'NN'), (611, 3, 'in', 'IN'), (611, 4, 'the', 'DT'), (611, 5, 'yellow', 'JJ'), (611, 6, 'jacket', 'NN'), (611, 7, 'is', 'VBZ'), (611, 8, 'paddling', 'VBG'), (611, 9, 'a', 'DT'), (611, 10, 'red', 'JJ'), (611, 11, 'kayak', 'NN'), (611, 12, 'through', 'IN'), (611, 13, 'white', 'JJ'), (611, 14, 'water', 'NN');
INSERT INTO triples (sentence_id, predicate_id,relation,arg_start_id,arg_end_id,triple_type)VALUES (611, 2, 'Property',3, 6, 'auto'), (611, 2, 'Location',14, 14, 'auto'), (611, 8, 'Agent',2, 2, 'auto'), (611, 8, 'Patient',9, 11, 'auto'), (611, 8, 'Location',14, 14, 'auto');
INSERT INTO Sentences (sentence_id, sentence, sentence_type)VALUES (612, 'A biker , all covered in mud , riding a blue bike', 'auto');
INSERT INTO Words ( sentence_id,word_ID ,word,pos)VALUES (612, 1, 'A', 'DT'), (612, 2, 'biker', 'NN'), (612, 3, ',', ','), (612, 4, 'all', 'DT'), (612, 5, 'covered', 'VBN'), (612, 6, 'in', 'IN'), (612, 7, 'mud', 'NN'), (612, 8, ',', ','), (612, 9, 'riding', 'VBG'), (612, 10, 'a', 'DT'), (612, 11, 'blue', 'JJ'), (612, 12, 'bike', 'NN');
INSERT INTO triples (sentence_id, predicate_id,relation,arg_start_id,arg_end_id,triple_type)VALUES (612, 5, 'Patient',1, 4, 'auto'), (612, 5, 'Instrument',7, 7, 'auto'), (612, 9, 'Agent',2, 2, 'auto'), (612, 9, 'Patient',10, 12, 'auto'), (612, 12, 'Property',11, 11, 'auto');
INSERT INTO Sentences (sentence_id, sentence, sentence_type)VALUES (613, 'Biker in muddy orange shirt riding blue racing bike', 'auto');
INSERT INTO Words ( sentence_id,word_ID ,word,pos)VALUES (613, 1, 'Biker', 'NNP'), (613, 2, 'in', 'IN'), (613, 3, 'muddy', 'JJ'), (613, 4, 'orange', 'JJ'), (613, 5, 'shirt', 'NN'), (613, 6, 'riding', 'VBG'), (613, 7, 'blue', 'JJ'), (613, 8, 'racing', 'NN'), (613, 9, 'bike', 'NN');
INSERT INTO triples (sentence_id, predicate_id,relation,arg_start_id,arg_end_id,triple_type)VALUES (613, 1, 'Property',2, 5, 'auto'), (613, 6, 'Agent',1, 1, 'auto'), (613, 6, 'Patient',7, 9, 'auto'), (613, 9, 'Property',7, 8, 'auto');
INSERT INTO Sentences (sentence_id, sentence, sentence_type)VALUES (614, 'One man in an orange shirt wearing a white helmet is riding a bike', 'auto');
INSERT INTO Words ( sentence_id,word_ID ,word,pos)VALUES (614, 1, 'One', 'CD'), (614, 2, 'man', 'NN'), (614, 3, 'in', 'IN'), (614, 4, 'an', 'DT'), (614, 5, 'orange', 'JJ'), (614, 6, 'shirt', 'NN'), (614, 7, 'wearing', 'VBG'), (614, 8, 'a', 'DT'), (614, 9, 'white', 'JJ'), (614, 10, 'helmet', 'NN'), (614, 11, 'is', 'VBZ'), (614, 12, 'riding', 'VBG'), (614, 13, 'a', 'DT'), (614, 14, 'bike', 'NN');
INSERT INTO triples (sentence_id, predicate_id,relation,arg_start_id,arg_end_id,triple_type)VALUES (614, 2, 'Property',3, 6, 'auto'), (614, 7, 'Agent',2, 2, 'auto'), (614, 7, 'Patient',8, 10, 'auto'), (614, 12, 'Agent',2, 2, 'auto'), (614, 12, 'Patient',13, 14, 'auto');
INSERT INTO Sentences (sentence_id, sentence, sentence_type)VALUES (615, 'Person with orange shirt and black and white helmet riding bike', 'auto');
INSERT INTO Words ( sentence_id,word_ID ,word,pos)VALUES (615, 1, 'Person', 'NN'), (615, 2, 'with', 'IN'), (615, 3, 'orange', 'JJ'), (615, 4, 'shirt', 'NN'), (615, 5, 'and', 'CC'), (615, 6, 'black', 'JJ'), (615, 7, 'and', 'CC'), (615, 8, 'white', 'JJ'), (615, 9, 'helmet', 'NN'), (615, 10, 'riding', 'VBG'), (615, 11, 'bike', 'NN');
INSERT INTO triples (sentence_id, predicate_id,relation,arg_start_id,arg_end_id,triple_type)VALUES (615, 1, 'Property',2, 9, 'auto'), (615, 10, 'Agent',1, 1, 'auto'), (615, 10, 'Patient',11, 11, 'auto');
INSERT INTO Sentences (sentence_id, sentence, sentence_type)VALUES (616, 'The man on the bike just finished riding through some mud', 'auto');
INSERT INTO Words ( sentence_id,word_ID ,word,pos)VALUES (616, 1, 'The', 'DT'), (616, 2, 'man', 'NN'), (616, 3, 'on', 'IN'), (616, 4, 'the', 'DT'), (616, 5, 'bike', 'NN'), (616, 6, 'just', 'RB'), (616, 7, 'finished', 'VBD'), (616, 8, 'riding', 'VBG'), (616, 9, 'through', 'IN'), (616, 10, 'some', 'DT'), (616, 11, 'mud', 'NN');
INSERT INTO triples (sentence_id, predicate_id,relation,arg_start_id,arg_end_id,triple_type)VALUES (616, 2, 'Location',3, 5, 'auto'), (616, 7, 'Agent',2, 2, 'auto'), (616, 8, 'Agent',2, 2, 'auto'), (616, 8, 'Location',9, 11, 'auto');
INSERT INTO Sentences (sentence_id, sentence, sentence_type)VALUES (617, 'A football player in a blue and yellow uniform is tackling another player in a white and gold uniform', 'auto');
INSERT INTO Words ( sentence_id,word_ID ,word,pos)VALUES (617, 1, 'A', 'DT'), (617, 2, 'football', 'NN'), (617, 3, 'player', 'NN'), (617, 4, 'in', 'IN'), (617, 5, 'a', 'DT'), (617, 6, 'blue', 'JJ'), (617, 7, 'and', 'CC'), (617, 8, 'yellow', 'JJ'), (617, 9, 'uniform', 'NN'), (617, 10, 'is', 'VBZ'), (617, 11, 'tackling', 'VBG'), (617, 12, 'another', 'DT'), (617, 13, 'player', 'NN'), (617, 14, 'in', 'IN'), (617, 15, 'a', 'DT'), (617, 16, 'white', 'JJ'), (617, 17, 'and', 'CC'), (617, 18, 'gold', 'JJ'), (617, 19, 'uniform', 'NN');
INSERT INTO triples (sentence_id, predicate_id,relation,arg_start_id,arg_end_id,triple_type)VALUES (617, 3, 'Location',4, 4, 'auto'), (617, 3, 'Property',6, 13, 'auto'), (617, 11, 'Agent',1, 3, 'auto'), (617, 11, 'Patient',12, 19, 'auto'), (617, 13, 'Property',5, 12, 'auto'), (617, 13, 'Location',14, 15, 'auto');
INSERT INTO Sentences (sentence_id, sentence, sentence_type)VALUES (618, 'Players on a football team scuffle in an attempt to get the ball', 'auto');
INSERT INTO Words ( sentence_id,word_ID ,word,pos)VALUES (618, 1, 'Players', 'NNS'), (618, 2, 'on', 'IN'), (618, 3, 'a', 'DT'), (618, 4, 'football', 'NN'), (618, 5, 'team', 'NN'), (618, 6, 'scuffle', 'NN'), (618, 7, 'in', 'IN'), (618, 8, 'an', 'DT'), (618, 9, 'attempt', 'NN'), (618, 10, 'to', 'TO'), (618, 11, 'get', 'VB'), (618, 12, 'the', 'DT'), (618, 13, 'ball', 'NN');
INSERT INTO triples (sentence_id, predicate_id,relation,arg_start_id,arg_end_id,triple_type)VALUES (618, 1, 'Property',2, 6, 'auto'), (618, 9, 'Agent',1, 1, 'auto'), (618, 9, 'Beneficiary',10, 11, 'auto'), (618, 11, 'Agent',1, 1, 'auto'), (618, 11, 'Patient',12, 13, 'auto');
INSERT INTO Sentences (sentence_id, sentence, sentence_type)VALUES (619, 'Two football players are tackling an opposing football player with a referee nearby', 'auto');
INSERT INTO Words ( sentence_id,word_ID ,word,pos)VALUES (619, 1, 'Two', 'CD'), (619, 2, 'football', 'NN'), (619, 3, 'players', 'NNS'), (619, 4, 'are', 'VBP'), (619, 5, 'tackling', 'VBG'), (619, 6, 'an', 'DT'), (619, 7, 'opposing', 'JJ'), (619, 8, 'football', 'NN'), (619, 9, 'player', 'NN'), (619, 10, 'with', 'IN'), (619, 11, 'a', 'DT'), (619, 12, 'referee', 'NN'), (619, 13, 'nearby', 'RB');
INSERT INTO triples (sentence_id, predicate_id,relation,arg_start_id,arg_end_id,triple_type)VALUES (619, 5, 'Agent',1, 3, 'auto'), (619, 5, 'Patient',6, 9, 'auto'), (619, 9, 'Property',7, 8, 'auto'), (619, 9, 'Location',11, 13, 'auto');
INSERT INTO Sentences (sentence_id, sentence, sentence_type)VALUES (620, 'Two football players are tackling a third while a referee watches', 'auto');
INSERT INTO Words ( sentence_id,word_ID ,word,pos)VALUES (620, 1, 'Two', 'CD'), (620, 2, 'football', 'NN'), (620, 3, 'players', 'NNS'), (620, 4, 'are', 'VBP'), (620, 5, 'tackling', 'VBG'), (620, 6, 'a', 'DT'), (620, 7, 'third', 'JJ'), (620, 8, 'while', 'IN'), (620, 9, 'a', 'DT'), (620, 10, 'referee', 'NN'), (620, 11, 'watches', 'NNS');
INSERT INTO triples (sentence_id, predicate_id,relation,arg_start_id,arg_end_id,triple_type)VALUES (620, 5, 'Agent',3, 4, 'auto'), (620, 5, 'Patient',6, 7, 'auto'), (620, 11, 'Agent',10, 10, 'auto');
INSERT INTO Sentences (sentence_id, sentence, sentence_type)VALUES (621, 'two football players tackle another football player', 'auto');
INSERT INTO Words ( sentence_id,word_ID ,word,pos)VALUES (621, 1, 'two', 'CD'), (621, 2, 'football', 'NN'), (621, 3, 'players', 'NNS'), (621, 4, 'tackle', 'VBP'), (621, 5, 'another', 'DT'), (621, 6, 'football', 'NN'), (621, 7, 'player', 'NN');
INSERT INTO triples (sentence_id, predicate_id,relation,arg_start_id,arg_end_id,triple_type)VALUES (621, 4, 'Agent',3, 3, 'auto'), (621, 4, 'Patient',5, 7, 'auto'), (621, 7, 'Property',5, 6, 'auto');
INSERT INTO Sentences (sentence_id, sentence, sentence_type)VALUES (622, 'A soccer player in a white shirt moves to run past a player from the opposite team', 'auto');
INSERT INTO Words ( sentence_id,word_ID ,word,pos)VALUES (622, 1, 'A', 'DT'), (622, 2, 'soccer', 'NN'), (622, 3, 'player', 'NN'), (622, 4, 'in', 'IN'), (622, 5, 'a', 'DT'), (622, 6, 'white', 'JJ'), (622, 7, 'shirt', 'NN'), (622, 8, 'moves', 'VBZ'), (622, 9, 'to', 'TO'), (622, 10, 'run', 'VB'), (622, 11, 'past', 'IN'), (622, 12, 'a', 'DT'), (622, 13, 'player', 'NN'), (622, 14, 'from', 'IN'), (622, 15, 'the', 'DT'), (622, 16, 'opposite', 'JJ'), (622, 17, 'team', 'NN');
INSERT INTO triples (sentence_id, predicate_id,relation,arg_start_id,arg_end_id,triple_type)VALUES (622, 3, 'Property',5, 7, 'auto'), (622, 8, 'Agent',3, 3, 'auto'), (622, 8, 'Destination',11, 17, 'auto'), (622, 10, 'Agent',2, 3, 'auto'), (622, 10, 'Location',11, 17, 'auto'), (622, 13, 'Property',14, 17, 'auto');
INSERT INTO Sentences (sentence_id, sentence, sentence_type)VALUES (623, 'Guy in white trying to score in soccer while being blocked by two guys in orange and black', 'auto');
INSERT INTO Words ( sentence_id,word_ID ,word,pos)VALUES (623, 1, 'Guy', 'NNP'), (623, 2, 'in', 'IN'), (623, 3, 'white', 'JJ'), (623, 4, 'trying', 'VBG'), (623, 5, 'to', 'TO'), (623, 6, 'score', 'VB'), (623, 7, 'in', 'IN'), (623, 8, 'soccer', 'NN'), (623, 9, 'while', 'IN'), (623, 10, 'being', 'VBG'), (623, 11, 'blocked', 'VBN'), (623, 12, 'by', 'IN'), (623, 13, 'two', 'CD'), (623, 14, 'guys', 'NNS'), (623, 15, 'in', 'IN'), (623, 16, 'orange', 'NN'), (623, 17, 'and', 'CC'), (623, 18, 'black', 'JJ');
INSERT INTO triples (sentence_id, predicate_id,relation,arg_start_id,arg_end_id,triple_type)VALUES (623, 1, 'Property',2, 3, 'auto'), (623, 4, 'Agent',1, 1, 'auto'), (623, 4, 'Beneficiary',5, 8, 'auto'), (623, 6, 'Agent',1, 1, 'auto'), (623, 6, 'Destination',8, 8, 'auto'), (623, 11, 'Patient',1, 1, 'auto'), (623, 11, 'Agent',12, 14, 'auto'), (623, 14, 'Property',15, 18, 'auto');
INSERT INTO Sentences (sentence_id, sentence, sentence_type)VALUES (624, 'Number 3 has the soccer ball going around number 6 in a red jersey', 'auto');
INSERT INTO Words ( sentence_id,word_ID ,word,pos)VALUES (624, 1, 'Number', 'NN'), (624, 2, '3', 'CD'), (624, 3, 'has', 'VBZ'), (624, 4, 'the', 'DT'), (624, 5, 'soccer', 'NN'), (624, 6, 'ball', 'NN'), (624, 7, 'going', 'VBG'), (624, 8, 'around', 'IN'), (624, 9, 'number', 'NN'), (624, 10, '6', 'CD'), (624, 11, 'in', 'IN'), (624, 12, 'a', 'DT'), (624, 13, 'red', 'JJ'), (624, 14, 'jersey', 'NN');
INSERT INTO triples (sentence_id, predicate_id,relation,arg_start_id,arg_end_id,triple_type)VALUES (624, 3, 'Agent',1, 2, 'auto'), (624, 3, 'Patient',6, 6, 'auto'), (624, 7, 'Agent',1, 2, 'auto'), (624, 7, 'Location',8, 10, 'auto');
INSERT INTO Sentences (sentence_id, sentence, sentence_type)VALUES (625, 'The soccer player in red is trying to block the player in white', 'auto');
INSERT INTO Words ( sentence_id,word_ID ,word,pos)VALUES (625, 1, 'The', 'DT'), (625, 2, 'soccer', 'NN'), (625, 3, 'player', 'NN'), (625, 4, 'in', 'IN'), (625, 5, 'red', 'NN'), (625, 6, 'is', 'VBZ'), (625, 7, 'trying', 'VBG'), (625, 8, 'to', 'TO'), (625, 9, 'block', 'VB'), (625, 10, 'the', 'DT'), (625, 11, 'player', 'NN'), (625, 12, 'in', 'IN'), (625, 13, 'white', 'JJ');
INSERT INTO triples (sentence_id, predicate_id,relation,arg_start_id,arg_end_id,triple_type)VALUES (625, 3, 'Property',4, 5, 'auto'), (625, 7, 'Agent',2, 3, 'auto'), (625, 7, 'Patient',8, 13, 'auto'), (625, 9, 'Agent',2, 3, 'auto'), (625, 9, 'Patient',10, 13, 'auto'), (625, 11, 'Property',12, 13, 'auto');
INSERT INTO Sentences (sentence_id, sentence, sentence_type)VALUES (626, 'Three boys playing soccer', 'auto');
INSERT INTO Words ( sentence_id,word_ID ,word,pos)VALUES (626, 1, 'Three', 'CD'), (626, 2, 'boys', 'NNS'), (626, 3, 'playing', 'VBG'), (626, 4, 'soccer', 'NN');
INSERT INTO triples (sentence_id, predicate_id,relation,arg_start_id,arg_end_id,triple_type)VALUES (626, 3, 'Agent',2, 2, 'auto'), (626, 3, 'Patient',4, 4, 'auto');
INSERT INTO Sentences (sentence_id, sentence, sentence_type)VALUES (627, 'A man on a bicycle jumping off a dirt ramp with one foot on the ground', 'auto');
INSERT INTO Words ( sentence_id,word_ID ,word,pos)VALUES (627, 1, 'A', 'DT'), (627, 2, 'man', 'NN'), (627, 3, 'on', 'IN'), (627, 4, 'a', 'DT'), (627, 5, 'bicycle', 'NN'), (627, 6, 'jumping', 'VBG'), (627, 7, 'off', 'RP'), (627, 8, 'a', 'DT'), (627, 9, 'dirt', 'NN'), (627, 10, 'ramp', 'NN'), (627, 11, 'with', 'IN'), (627, 12, 'one', 'CD'), (627, 13, 'foot', 'NN'), (627, 14, 'on', 'IN'), (627, 15, 'the', 'DT'), (627, 16, 'ground', 'NN');
INSERT INTO triples (sentence_id, predicate_id,relation,arg_start_id,arg_end_id,triple_type)VALUES (627, 2, 'Location',3, 5, 'auto'), (627, 5, 'Location',8, 10, 'auto'), (627, 6, 'Agent',2, 2, 'auto'), (627, 6, 'Destination',7, 10, 'auto'), (627, 13, 'Location',13, 16, 'auto');
INSERT INTO Sentences (sentence_id, sentence, sentence_type)VALUES (628, 'A man on a bmx', 'auto');
INSERT INTO Words ( sentence_id,word_ID ,word,pos)VALUES (628, 1, 'A', 'DT'), (628, 2, 'man', 'NN'), (628, 3, 'on', 'IN'), (628, 4, 'a', 'DT'), (628, 5, 'bmx', 'NN');
INSERT INTO triples (sentence_id, predicate_id,relation,arg_start_id,arg_end_id,triple_type)VALUES (628, 2, 'Location',3, 5, 'auto');
INSERT INTO Sentences (sentence_id, sentence, sentence_type)VALUES (629, 'A man riding a bicycle performs a trick above a dirt mound', 'auto');
INSERT INTO Words ( sentence_id,word_ID ,word,pos)VALUES (629, 1, 'A', 'DT'), (629, 2, 'man', 'NN'), (629, 3, 'riding', 'VBG'), (629, 4, 'a', 'DT'), (629, 5, 'bicycle', 'NN'), (629, 6, 'performs', 'VBZ'), (629, 7, 'a', 'DT'), (629, 8, 'trick', 'NN'), (629, 9, 'above', 'IN'), (629, 10, 'a', 'DT'), (629, 11, 'dirt', 'NN'), (629, 12, 'mound', 'NN');
INSERT INTO triples (sentence_id, predicate_id,relation,arg_start_id,arg_end_id,triple_type)VALUES (629, 2, 'Property',3, 5, 'auto'), (629, 2, 'Location',11, 12, 'auto'), (629, 3, 'Agent',2, 2, 'auto'), (629, 3, 'Patient',4, 5, 'auto'), (629, 3, 'Location',11, 12, 'auto'), (629, 5, 'Location',9, 12, 'auto'), (629, 6, 'Agent',2, 2, 'auto'), (629, 6, 'Patient',7, 8, 'auto'), (629, 6, 'Location',11, 12, 'auto');
INSERT INTO Sentences (sentence_id, sentence, sentence_type)VALUES (630, 'A young man in tan shorts and green shirt is falling off his bicycle', 'auto');
INSERT INTO Words ( sentence_id,word_ID ,word,pos)VALUES (630, 1, 'A', 'DT'), (630, 2, 'young', 'JJ'), (630, 3, 'man', 'NN'), (630, 4, 'in', 'IN'), (630, 5, 'tan', 'NN'), (630, 6, 'shorts', 'NNS'), (630, 7, 'and', 'CC'), (630, 8, 'green', 'JJ'), (630, 9, 'shirt', 'NN'), (630, 10, 'is', 'VBZ'), (630, 11, 'falling', 'VBG'), (630, 12, 'off', 'RP'), (630, 13, 'his', 'PRP$'), (630, 14, 'bicycle', 'NN');
INSERT INTO triples (sentence_id, predicate_id,relation,arg_start_id,arg_end_id,triple_type)VALUES (630, 3, 'Property',4, 9, 'auto'), (630, 11, 'Agent',2, 6, 'auto'), (630, 11, 'Patient',13, 14, 'auto');
INSERT INTO Sentences (sentence_id, sentence, sentence_type)VALUES (631, 'Man doing a jumping bike trick on dirt mound at night', 'auto');
INSERT INTO Words ( sentence_id,word_ID ,word,pos)VALUES (631, 1, 'Man', 'NN'), (631, 2, 'doing', 'VBG'), (631, 3, 'a', 'DT'), (631, 4, 'jumping', 'JJ'), (631, 5, 'bike', 'NN'), (631, 6, 'trick', 'NN'), (631, 7, 'on', 'IN'), (631, 8, 'dirt', 'NN'), (631, 9, 'mound', 'NN'), (631, 10, 'at', 'IN'), (631, 11, 'night', 'NN');
INSERT INTO triples (sentence_id, predicate_id,relation,arg_start_id,arg_end_id,triple_type)VALUES (631, 2, 'Agent',1, 1, 'auto'), (631, 2, 'Patient',3, 6, 'auto'), (631, 2, 'Location',7, 9, 'auto'), (631, 2, 'Time',10, 11, 'auto'), (631, 5, 'Location',7, 9, 'auto');
INSERT INTO Sentences (sentence_id, sentence, sentence_type)VALUES (632, 'A man steers a speeding jet ski through a turn', 'auto');
INSERT INTO Words ( sentence_id,word_ID ,word,pos)VALUES (632, 1, 'A', 'DT'), (632, 2, 'man', 'NN'), (632, 3, 'steers', 'VBZ'), (632, 4, 'a', 'DT'), (632, 5, 'speeding', 'JJ'), (632, 6, 'jet', 'NN'), (632, 7, 'ski', 'NN'), (632, 8, 'through', 'IN'), (632, 9, 'a', 'DT'), (632, 10, 'turn', 'NN');
INSERT INTO triples (sentence_id, predicate_id,relation,arg_start_id,arg_end_id,triple_type)VALUES (632, 2, 'Property',6, 7, 'auto'), (632, 2, 'Location',8, 10, 'auto'), (632, 3, 'Agent',2, 2, 'auto'), (632, 3, 'Patient',4, 6, 'auto');
INSERT INTO Sentences (sentence_id, sentence, sentence_type)VALUES (633, 'Two men are in a blue and white speed boat', 'auto');
INSERT INTO Words ( sentence_id,word_ID ,word,pos)VALUES (633, 1, 'Two', 'CD'), (633, 2, 'men', 'NNS'), (633, 3, 'are', 'VBP'), (633, 4, 'in', 'IN'), (633, 5, 'a', 'DT'), (633, 6, 'blue', 'JJ'), (633, 7, 'and', 'CC'), (633, 8, 'white', 'JJ'), (633, 9, 'speed', 'NN'), (633, 10, 'boat', 'NN');
INSERT INTO triples (sentence_id, predicate_id,relation,arg_start_id,arg_end_id,triple_type)VALUES (633, 2, 'Location',4, 10, 'auto'), (633, 3, 'Patient',1, 2, 'auto'), (633, 3, 'Location',4, 10, 'auto');
INSERT INTO Sentences (sentence_id, sentence, sentence_type)VALUES (634, 'Two men are riding a blue and white jet ski', 'auto');
INSERT INTO Words ( sentence_id,word_ID ,word,pos)VALUES (634, 1, 'Two', 'CD'), (634, 2, 'men', 'NNS'), (634, 3, 'are', 'VBP'), (634, 4, 'riding', 'VBG'), (634, 5, 'a', 'DT'), (634, 6, 'blue', 'JJ'), (634, 7, 'and', 'CC'), (634, 8, 'white', 'JJ'), (634, 9, 'jet', 'NN'), (634, 10, 'ski', 'NN');
INSERT INTO triples (sentence_id, predicate_id,relation,arg_start_id,arg_end_id,triple_type)VALUES (634, 2, 'Location',9, 10, 'auto'), (634, 4, 'Agent',1, 2, 'auto'), (634, 4, 'Patient',8, 10, 'auto');
INSERT INTO Sentences (sentence_id, sentence, sentence_type)VALUES (635, 'Two people are driving a blue jet ski , leaving a trail of water in the air', 'auto');
INSERT INTO Words ( sentence_id,word_ID ,word,pos)VALUES (635, 1, 'Two', 'CD'), (635, 2, 'people', 'NNS'), (635, 3, 'are', 'VBP'), (635, 4, 'driving', 'VBG'), (635, 5, 'a', 'DT'), (635, 6, 'blue', 'JJ'), (635, 7, 'jet', 'NN'), (635, 8, 'ski', 'NN'), (635, 9, ',', ','), (635, 10, 'leaving', 'VBG'), (635, 11, 'a', 'DT'), (635, 12, 'trail', 'NN'), (635, 13, 'of', 'IN'), (635, 14, 'water', 'NN'), (635, 15, 'in', 'IN'), (635, 16, 'the', 'DT'), (635, 17, 'air', 'NN');
INSERT INTO triples (sentence_id, predicate_id,relation,arg_start_id,arg_end_id,triple_type)VALUES (635, 2, 'Location',5, 8, 'auto'), (635, 4, 'Agent',1, 2, 'auto'), (635, 4, 'Patient',7, 8, 'auto'), (635, 10, 'Recipient',1, 1, 'auto'), (635, 10, 'Agent',2, 2, 'auto'), (635, 10, 'Patient',12, 12, 'auto'), (635, 10, 'Location',15, 17, 'auto');
INSERT INTO Sentences (sentence_id, sentence, sentence_type)VALUES (636, 'Two people jetskiing on a blue jet ski', 'auto');
INSERT INTO Words ( sentence_id,word_ID ,word,pos)VALUES (636, 1, 'Two', 'CD'), (636, 2, 'people', 'NNS'), (636, 3, 'jetskiing', 'VBG'), (636, 4, 'on', 'IN'), (636, 5, 'a', 'DT'), (636, 6, 'blue', 'JJ'), (636, 7, 'jet', 'NN'), (636, 8, 'ski', 'NN');
INSERT INTO triples (sentence_id, predicate_id,relation,arg_start_id,arg_end_id,triple_type)VALUES (636, 2, 'Location',4, 8, 'auto');
INSERT INTO Sentences (sentence_id, sentence, sentence_type)VALUES (637, 'A green motorcycle is being ridden on a wet race track', 'auto');
INSERT INTO Words ( sentence_id,word_ID ,word,pos)VALUES (637, 1, 'A', 'DT'), (637, 2, 'green', 'JJ'), (637, 3, 'motorcycle', 'NN'), (637, 4, 'is', 'VBZ'), (637, 5, 'being', 'VBG'), (637, 6, 'ridden', 'VBN'), (637, 7, 'on', 'IN'), (637, 8, 'a', 'DT'), (637, 9, 'wet', 'JJ'), (637, 10, 'race', 'NN'), (637, 11, 'track', 'NN');
INSERT INTO Sentences (sentence_id, sentence, sentence_type)VALUES (638, 'a man on a race bike', 'auto');
INSERT INTO Words ( sentence_id,word_ID ,word,pos)VALUES (638, 1, 'a', 'DT'), (638, 2, 'man', 'NN'), (638, 3, 'on', 'IN'), (638, 4, 'a', 'DT'), (638, 5, 'race', 'NN'), (638, 6, 'bike', 'NN');
INSERT INTO triples (sentence_id, predicate_id,relation,arg_start_id,arg_end_id,triple_type)VALUES (638, 2, 'Property',1, 1, 'auto'), (638, 2, 'Location',3, 3, 'auto'), (638, 6, 'Property',1, 1, 'auto'), (638, 6, 'Location',2, 5, 'auto');
INSERT INTO Sentences (sentence_id, sentence, sentence_type)VALUES (639, 'A man rides a green motorcycle on a wet race track', 'auto');
INSERT INTO Words ( sentence_id,word_ID ,word,pos)VALUES (639, 1, 'A', 'DT'), (639, 2, 'man', 'NN'), (639, 3, 'rides', 'VBZ'), (639, 4, 'a', 'DT'), (639, 5, 'green', 'JJ'), (639, 6, 'motorcycle', 'NN'), (639, 7, 'on', 'IN'), (639, 8, 'a', 'DT'), (639, 9, 'wet', 'JJ'), (639, 10, 'race', 'NN'), (639, 11, 'track', 'NN');
INSERT INTO triples (sentence_id, predicate_id,relation,arg_start_id,arg_end_id,triple_type)VALUES (639, 2, 'Property',5, 6, 'auto'), (639, 2, 'Location',7, 11, 'auto'), (639, 3, 'Agent',2, 2, 'auto'), (639, 3, 'Patient',4, 6, 'auto'), (639, 3, 'Location',7, 11, 'auto'), (639, 6, 'Location',7, 11, 'auto');
INSERT INTO Sentences (sentence_id, sentence, sentence_type)VALUES (640, 'A motorcycle racer is turning around a curve on a wet road', 'auto');
INSERT INTO Words ( sentence_id,word_ID ,word,pos)VALUES (640, 1, 'A', 'DT'), (640, 2, 'motorcycle', 'NN'), (640, 3, 'racer', 'NN'), (640, 4, 'is', 'VBZ'), (640, 5, 'turning', 'VBG'), (640, 6, 'around', 'RP'), (640, 7, 'a', 'DT'), (640, 8, 'curve', 'NN'), (640, 9, 'on', 'IN'), (640, 10, 'a', 'DT'), (640, 11, 'wet', 'JJ'), (640, 12, 'road', 'NN');
INSERT INTO triples (sentence_id, predicate_id,relation,arg_start_id,arg_end_id,triple_type)VALUES (640, 3, 'Property',2, 2, 'auto'), (640, 5, 'Agent',2, 4, 'auto'), (640, 5, 'Location',7, 8, 'auto'), (640, 8, 'Location',9, 12, 'auto');
INSERT INTO Sentences (sentence_id, sentence, sentence_type)VALUES (641, 'Person riding a green racing motorcycle', 'auto');
INSERT INTO Words ( sentence_id,word_ID ,word,pos)VALUES (641, 1, 'Person', 'NN'), (641, 2, 'riding', 'VBG'), (641, 3, 'a', 'DT'), (641, 4, 'green', 'JJ'), (641, 5, 'racing', 'NN'), (641, 6, 'motorcycle', 'NN');
INSERT INTO triples (sentence_id, predicate_id,relation,arg_start_id,arg_end_id,triple_type)VALUES (641, 1, 'Location',2, 6, 'auto'), (641, 2, 'Agent',1, 1, 'auto'), (641, 2, 'Patient',3, 3, 'auto'), (641, 6, 'Property',1, 5, 'auto');
INSERT INTO Sentences (sentence_id, sentence, sentence_type)VALUES (642, 'A man in bright orange shorts is skateboarding along a course with cones as two people observe in the background', 'auto');
INSERT INTO Words ( sentence_id,word_ID ,word,pos)VALUES (642, 1, 'A', 'DT'), (642, 2, 'man', 'NN'), (642, 3, 'in', 'IN'), (642, 4, 'bright', 'JJ'), (642, 5, 'orange', 'JJ'), (642, 6, 'shorts', 'NNS'), (642, 7, 'is', 'VBZ'), (642, 8, 'skateboarding', 'VBG'), (642, 9, 'along', 'IN'), (642, 10, 'a', 'DT'), (642, 11, 'course', 'NN'), (642, 12, 'with', 'IN'), (642, 13, 'cones', 'NNS'), (642, 14, 'as', 'IN'), (642, 15, 'two', 'CD'), (642, 16, 'people', 'NNS'), (642, 17, 'observe', 'VBP'), (642, 18, 'in', 'IN'), (642, 19, 'the', 'DT'), (642, 20, 'background', 'NN');
INSERT INTO triples (sentence_id, predicate_id,relation,arg_start_id,arg_end_id,triple_type)VALUES (642, 2, 'Property',3, 6, 'auto'), (642, 8, 'Agent',2, 2, 'auto'), (642, 8, 'Location',10, 11, 'auto'), (642, 16, 'Location',18, 20, 'auto'), (642, 17, 'Agent',15, 16, 'auto'), (642, 17, 'Location',20, 20, 'auto');
INSERT INTO Sentences (sentence_id, sentence, sentence_type)VALUES (643, 'A man in orange shorts and knee pads is in a blurry picture', 'auto');
INSERT INTO Words ( sentence_id,word_ID ,word,pos)VALUES (643, 1, 'A', 'DT'), (643, 2, 'man', 'NN'), (643, 3, 'in', 'IN'), (643, 4, 'orange', 'JJ'), (643, 5, 'shorts', 'NNS'), (643, 6, 'and', 'CC'), (643, 7, 'knee', 'NN'), (643, 8, 'pads', 'NNS'), (643, 9, 'is', 'VBZ'), (643, 10, 'in', 'IN'), (643, 11, 'a', 'DT'), (643, 12, 'blurry', 'JJ'), (643, 13, 'picture', 'NN');
INSERT INTO triples (sentence_id, predicate_id,relation,arg_start_id,arg_end_id,triple_type)VALUES (643, 2, 'Property',3, 8, 'auto'), (643, 9, 'Patient',1, 8, 'auto'), (643, 9, 'Location',10, 12, 'auto');
INSERT INTO Sentences (sentence_id, sentence, sentence_type)VALUES (644, 'A man in orange shorts , knee pads and a helmet , moves quickly on a street course', 'auto');
INSERT INTO Words ( sentence_id,word_ID ,word,pos)VALUES (644, 1, 'A', 'DT'), (644, 2, 'man', 'NN'), (644, 3, 'in', 'IN'), (644, 4, 'orange', 'JJ'), (644, 5, 'shorts', 'NNS'), (644, 6, ',', ','), (644, 7, 'knee', 'NN'), (644, 8, 'pads', 'NNS'), (644, 9, 'and', 'CC'), (644, 10, 'a', 'DT'), (644, 11, 'helmet', 'NN'), (644, 12, ',', ','), (644, 13, 'moves', 'VBZ'), (644, 14, 'quickly', 'RB'), (644, 15, 'on', 'IN'), (644, 16, 'a', 'DT'), (644, 17, 'street', 'NN'), (644, 18, 'course', 'NN');
INSERT INTO triples (sentence_id, predicate_id,relation,arg_start_id,arg_end_id,triple_type)VALUES (644, 2, 'Property',3, 11, 'auto'), (644, 13, 'Agent',2, 2, 'auto'), (644, 13, 'Location',15, 18, 'auto');
INSERT INTO Sentences (sentence_id, sentence, sentence_type)VALUES (645, 'a man in orange shorts moving really fast', 'auto');
INSERT INTO Words ( sentence_id,word_ID ,word,pos)VALUES (645, 1, 'a', 'DT'), (645, 2, 'man', 'NN'), (645, 3, 'in', 'IN'), (645, 4, 'orange', 'JJ'), (645, 5, 'shorts', 'NNS'), (645, 6, 'moving', 'VBG'), (645, 7, 'really', 'RB'), (645, 8, 'fast', 'RB');
INSERT INTO triples (sentence_id, predicate_id,relation,arg_start_id,arg_end_id,triple_type)VALUES (645, 2, 'Property',3, 5, 'auto'), (645, 6, 'Agent',2, 2, 'auto');
INSERT INTO Sentences (sentence_id, sentence, sentence_type)VALUES (646, 'A skater goes through a course', 'auto');
INSERT INTO Words ( sentence_id,word_ID ,word,pos)VALUES (646, 1, 'A', 'DT'), (646, 2, 'skater', 'NN'), (646, 3, 'goes', 'VBZ'), (646, 4, 'through', 'IN'), (646, 5, 'a', 'DT'), (646, 6, 'course', 'NN');
INSERT INTO triples (sentence_id, predicate_id,relation,arg_start_id,arg_end_id,triple_type)VALUES (646, 3, 'Agent',2, 2, 'auto'), (646, 3, 'Location',6, 6, 'auto');
INSERT INTO Sentences (sentence_id, sentence, sentence_type)VALUES (647, 'a tan and white dog jumping after a red Frisbee', 'auto');
INSERT INTO Words ( sentence_id,word_ID ,word,pos)VALUES (647, 1, 'a', 'DT'), (647, 2, 'tan', 'NN'), (647, 3, 'and', 'CC'), (647, 4, 'white', 'JJ'), (647, 5, 'dog', 'NN'), (647, 6, 'jumping', 'VBG'), (647, 7, 'after', 'IN'), (647, 8, 'a', 'DT'), (647, 9, 'red', 'JJ'), (647, 10, 'Frisbee', 'NNP');
INSERT INTO triples (sentence_id, predicate_id,relation,arg_start_id,arg_end_id,triple_type)VALUES (647, 6, 'Agent',5, 5, 'auto'), (647, 6, 'Beneficiary',7, 10, 'auto');
INSERT INTO Sentences (sentence_id, sentence, sentence_type)VALUES (648, 'A white dog is running towards the red Frisbee on the grass', 'auto');
INSERT INTO Words ( sentence_id,word_ID ,word,pos)VALUES (648, 1, 'A', 'DT'), (648, 2, 'white', 'JJ'), (648, 3, 'dog', 'NN'), (648, 4, 'is', 'VBZ'), (648, 5, 'running', 'VBG'), (648, 6, 'towards', 'IN'), (648, 7, 'the', 'DT'), (648, 8, 'red', 'JJ'), (648, 9, 'Frisbee', 'NNP'), (648, 10, 'on', 'IN'), (648, 11, 'the', 'DT'), (648, 12, 'grass', 'NN');
INSERT INTO triples (sentence_id, predicate_id,relation,arg_start_id,arg_end_id,triple_type)VALUES (648, 5, 'Agent',2, 3, 'auto'), (648, 5, 'Beneficiary',7, 9, 'auto'), (648, 5, 'Location',10, 12, 'auto');
INSERT INTO Sentences (sentence_id, sentence, sentence_type)VALUES (649, 'A white dog jumps above a red Frisbee that is rolling along the surface of a low cut field', 'auto');
INSERT INTO Words ( sentence_id,word_ID ,word,pos)VALUES (649, 1, 'A', 'DT'), (649, 2, 'white', 'JJ'), (649, 3, 'dog', 'NN'), (649, 4, 'jumps', 'VBZ'), (649, 5, 'above', 'IN'), (649, 6, 'a', 'DT'), (649, 7, 'red', 'JJ'), (649, 8, 'Frisbee', 'NNP'), (649, 9, 'that', 'WDT'), (649, 10, 'is', 'VBZ'), (649, 11, 'rolling', 'VBG'), (649, 12, 'along', 'IN'), (649, 13, 'the', 'DT'), (649, 14, 'surface', 'NN'), (649, 15, 'of', 'IN'), (649, 16, 'a', 'DT'), (649, 17, 'low', 'JJ'), (649, 18, 'cut', 'NN'), (649, 19, 'field', 'NN');
INSERT INTO triples (sentence_id, predicate_id,relation,arg_start_id,arg_end_id,triple_type)VALUES (649, 4, 'Agent',3, 3, 'auto'), (649, 4, 'Location',5, 8, 'auto'), (649, 11, 'Agent',8, 8, 'auto'), (649, 11, 'Location',12, 14, 'auto');
INSERT INTO Sentences (sentence_id, sentence, sentence_type)VALUES (650, 'A white dog wearing a red collar jumps up after a red Frisbee', 'auto');
INSERT INTO Words ( sentence_id,word_ID ,word,pos)VALUES (650, 1, 'A', 'DT'), (650, 2, 'white', 'JJ'), (650, 3, 'dog', 'NN'), (650, 4, 'wearing', 'VBG'), (650, 5, 'a', 'DT'), (650, 6, 'red', 'JJ'), (650, 7, 'collar', 'NN'), (650, 8, 'jumps', 'VBZ'), (650, 9, 'up', 'RP'), (650, 10, 'after', 'IN'), (650, 11, 'a', 'DT'), (650, 12, 'red', 'JJ'), (650, 13, 'Frisbee', 'NNP');
INSERT INTO triples (sentence_id, predicate_id,relation,arg_start_id,arg_end_id,triple_type)VALUES (650, 4, 'Agent',3, 3, 'auto'), (650, 4, 'Patient',5, 7, 'auto'), (650, 8, 'Agent',3, 3, 'auto'), (650, 8, 'Destination',9, 9, 'auto'), (650, 8, 'Location',10, 13, 'auto');
INSERT INTO Sentences (sentence_id, sentence, sentence_type)VALUES (651, 'The dog jumps in the air running after the Frisbee', 'auto');
INSERT INTO Words ( sentence_id,word_ID ,word,pos)VALUES (651, 1, 'The', 'DT'), (651, 2, 'dog', 'NN'), (651, 3, 'jumps', 'VBZ'), (651, 4, 'in', 'IN'), (651, 5, 'the', 'DT'), (651, 6, 'air', 'NN'), (651, 7, 'running', 'VBG'), (651, 8, 'after', 'IN'), (651, 9, 'the', 'DT'), (651, 10, 'Frisbee', 'NNP');
INSERT INTO triples (sentence_id, predicate_id,relation,arg_start_id,arg_end_id,triple_type)VALUES (651, 3, 'Agent',2, 2, 'auto'), (651, 3, 'Location',4, 6, 'auto'), (651, 7, 'Agent',2, 2, 'auto'), (651, 7, 'Destination',10, 10, 'auto');
INSERT INTO Sentences (sentence_id, sentence, sentence_type)VALUES (652, 'A big white bird flies out of the water leaving a splash', 'auto');
INSERT INTO Words ( sentence_id,word_ID ,word,pos)VALUES (652, 1, 'A', 'DT'), (652, 2, 'big', 'JJ'), (652, 3, 'white', 'JJ'), (652, 4, 'bird', 'NN'), (652, 5, 'flies', 'VBZ'), (652, 6, 'out', 'IN'), (652, 7, 'of', 'IN'), (652, 8, 'the', 'DT'), (652, 9, 'water', 'NN'), (652, 10, 'leaving', 'VBG'), (652, 11, 'a', 'DT'), (652, 12, 'splash', 'NN');
INSERT INTO triples (sentence_id, predicate_id,relation,arg_start_id,arg_end_id,triple_type)VALUES (652, 5, 'Agent',4, 4, 'auto'), (652, 5, 'Location',6, 6, 'auto'), (652, 5, 'Destination',9, 9, 'auto'), (652, 5, 'Patient',10, 11, 'auto'), (652, 5, 'Source',12, 12, 'auto'), (652, 9, 'Location',7, 8, 'auto'), (652, 10, 'Agent',4, 4, 'auto'), (652, 10, 'Recipient',6, 7, 'auto'), (652, 10, 'Location',11, 11, 'auto'), (652, 10, 'Patient',12, 12, 'auto');
INSERT INTO Sentences (sentence_id, sentence, sentence_type)VALUES (653, 'a crane flying just above a body of water', 'auto');
INSERT INTO Words ( sentence_id,word_ID ,word,pos)VALUES (653, 1, 'a', 'DT'), (653, 2, 'crane', 'NN'), (653, 3, 'flying', 'VBG'), (653, 4, 'just', 'RB'), (653, 5, 'above', 'IN'), (653, 6, 'a', 'DT'), (653, 7, 'body', 'NN'), (653, 8, 'of', 'IN'), (653, 9, 'water', 'NN');
INSERT INTO triples (sentence_id, predicate_id,relation,arg_start_id,arg_end_id,triple_type)VALUES (653, 3, 'Agent',2, 2, 'auto'), (653, 3, 'Location',7, 7, 'auto'), (653, 3, 'Patient',8, 9, 'auto'), (653, 9, 'Location',5, 8, 'auto');
INSERT INTO Sentences (sentence_id, sentence, sentence_type)VALUES (654, 'A white water bird taking flight from a lake', 'auto');
INSERT INTO Words ( sentence_id,word_ID ,word,pos)VALUES (654, 1, 'A', 'DT'), (654, 2, 'white', 'JJ'), (654, 3, 'water', 'NN'), (654, 4, 'bird', 'NN'), (654, 5, 'taking', 'VBG'), (654, 6, 'flight', 'NN'), (654, 7, 'from', 'IN'), (654, 8, 'a', 'DT'), (654, 9, 'lake', 'NN');
INSERT INTO triples (sentence_id, predicate_id,relation,arg_start_id,arg_end_id,triple_type)VALUES (654, 3, 'Location',7, 9, 'auto'), (654, 5, 'Agent',4, 4, 'auto'), (654, 5, 'Destination',6, 6, 'auto'), (654, 5, 'Location',9, 9, 'auto');
INSERT INTO Sentences (sentence_id, sentence, sentence_type)VALUES (655, 'Long-necked , flying white bird grazes water with black legs', 'auto');
INSERT INTO Words ( sentence_id,word_ID ,word,pos)VALUES (655, 1, 'Long-necked', 'JJ'), (655, 2, ',', ','), (655, 3, 'flying', 'VBG'), (655, 4, 'white', 'JJ'), (655, 5, 'bird', 'NN'), (655, 6, 'grazes', 'VBZ'), (655, 7, 'water', 'NN'), (655, 8, 'with', 'IN'), (655, 9, 'black', 'JJ'), (655, 10, 'legs', 'NNS');
INSERT INTO triples (sentence_id, predicate_id,relation,arg_start_id,arg_end_id,triple_type)VALUES (655, 3, 'Agent',5, 5, 'auto'), (655, 3, 'Destination',7, 7, 'auto'), (655, 3, 'Location',9, 9, 'auto'), (655, 3, 'Patient',10, 10, 'auto'), (655, 6, 'Agent',1, 1, 'auto'), (655, 6, 'Patient',7, 7, 'auto'), (655, 6, 'Instrument',8, 10, 'auto'), (655, 7, 'Location',8, 9, 'auto');
INSERT INTO Sentences (sentence_id, sentence, sentence_type)VALUES (656, 'The white crane is landing in the water', 'auto');
INSERT INTO Words ( sentence_id,word_ID ,word,pos)VALUES (656, 1, 'The', 'DT'), (656, 2, 'white', 'JJ'), (656, 3, 'crane', 'NN'), (656, 4, 'is', 'VBZ'), (656, 5, 'landing', 'VBG'), (656, 6, 'in', 'IN'), (656, 7, 'the', 'DT'), (656, 8, 'water', 'NN');
INSERT INTO triples (sentence_id, predicate_id,relation,arg_start_id,arg_end_id,triple_type)VALUES (656, 8, 'Location',6, 7, 'auto');
INSERT INTO Sentences (sentence_id, sentence, sentence_type)VALUES (657, 'A boy wearing a blue jacket swings a bat at a white ball', 'auto');
INSERT INTO Words ( sentence_id,word_ID ,word,pos)VALUES (657, 1, 'A', 'DT'), (657, 2, 'boy', 'NN'), (657, 3, 'wearing', 'VBG'), (657, 4, 'a', 'DT'), (657, 5, 'blue', 'JJ'), (657, 6, 'jacket', 'NN'), (657, 7, 'swings', 'VBZ'), (657, 8, 'a', 'DT'), (657, 9, 'bat', 'NN'), (657, 10, 'at', 'IN'), (657, 11, 'a', 'DT'), (657, 12, 'white', 'JJ'), (657, 13, 'ball', 'NN');
INSERT INTO triples (sentence_id, predicate_id,relation,arg_start_id,arg_end_id,triple_type)VALUES (657, 2, 'Property',3, 6, 'auto'), (657, 3, 'Agent',2, 2, 'auto'), (657, 3, 'Patient',4, 6, 'auto'), (657, 7, 'Agent',2, 2, 'auto'), (657, 7, 'Patient',8, 9, 'auto'), (657, 7, 'Location',12, 13, 'auto');
INSERT INTO Sentences (sentence_id, sentence, sentence_type)VALUES (658, 'A little boy in a blue coat hits a ball with a stick', 'auto');
INSERT INTO Words ( sentence_id,word_ID ,word,pos)VALUES (658, 1, 'A', 'DT'), (658, 2, 'little', 'JJ'), (658, 3, 'boy', 'NN'), (658, 4, 'in', 'IN'), (658, 5, 'a', 'DT'), (658, 6, 'blue', 'JJ'), (658, 7, 'coat', 'NN'), (658, 8, 'hits', 'VBZ'), (658, 9, 'a', 'DT'), (658, 10, 'ball', 'NN'), (658, 11, 'with', 'IN'), (658, 12, 'a', 'DT'), (658, 13, 'stick', 'NN');
INSERT INTO triples (sentence_id, predicate_id,relation,arg_start_id,arg_end_id,triple_type)VALUES (658, 3, 'Property',4, 7, 'auto'), (658, 8, 'Agent',3, 3, 'auto'), (658, 8, 'Patient',9, 10, 'auto'), (658, 8, 'Instrument',11, 13, 'auto');
INSERT INTO Sentences (sentence_id, sentence, sentence_type)VALUES (659, 'A little boy in a blue jacket hits a baseball', 'auto');
INSERT INTO Words ( sentence_id,word_ID ,word,pos)VALUES (659, 1, 'A', 'DT'), (659, 2, 'little', 'JJ'), (659, 3, 'boy', 'NN'), (659, 4, 'in', 'IN'), (659, 5, 'a', 'DT'), (659, 6, 'blue', 'JJ'), (659, 7, 'jacket', 'NN'), (659, 8, 'hits', 'VBZ'), (659, 9, 'a', 'DT'), (659, 10, 'baseball', 'NN');
INSERT INTO triples (sentence_id, predicate_id,relation,arg_start_id,arg_end_id,triple_type)VALUES (659, 3, 'Property',4, 7, 'auto'), (659, 8, 'Agent',3, 3, 'auto'), (659, 8, 'Patient',9, 10, 'auto');
INSERT INTO Sentences (sentence_id, sentence, sentence_type)VALUES (660, 'A young boy in a blue jacket swings a bat at a ball', 'auto');
INSERT INTO Words ( sentence_id,word_ID ,word,pos)VALUES (660, 1, 'A', 'DT'), (660, 2, 'young', 'JJ'), (660, 3, 'boy', 'NN'), (660, 4, 'in', 'IN'), (660, 5, 'a', 'DT'), (660, 6, 'blue', 'JJ'), (660, 7, 'jacket', 'NN'), (660, 8, 'swings', 'VBZ'), (660, 9, 'a', 'DT'), (660, 10, 'bat', 'NN'), (660, 11, 'at', 'IN'), (660, 12, 'a', 'DT'), (660, 13, 'ball', 'NN');
INSERT INTO triples (sentence_id, predicate_id,relation,arg_start_id,arg_end_id,triple_type)VALUES (660, 3, 'Property',4, 7, 'auto'), (660, 8, 'Agent',3, 3, 'auto'), (660, 8, 'Patient',9, 10, 'auto');
INSERT INTO Sentences (sentence_id, sentence, sentence_type)VALUES (661, 'The boy in the blue jacket and grey cap is playing with a ball', 'auto');
INSERT INTO Words ( sentence_id,word_ID ,word,pos)VALUES (661, 1, 'The', 'DT'), (661, 2, 'boy', 'NN'), (661, 3, 'in', 'IN'), (661, 4, 'the', 'DT'), (661, 5, 'blue', 'JJ'), (661, 6, 'jacket', 'NN'), (661, 7, 'and', 'CC'), (661, 8, 'grey', 'JJ'), (661, 9, 'cap', 'NN'), (661, 10, 'is', 'VBZ'), (661, 11, 'playing', 'VBG'), (661, 12, 'with', 'IN'), (661, 13, 'a', 'DT'), (661, 14, 'ball', 'NN');
INSERT INTO triples (sentence_id, predicate_id,relation,arg_start_id,arg_end_id,triple_type)VALUES (661, 2, 'Property',3, 9, 'auto'), (661, 11, 'Agent',2, 2, 'auto'), (661, 11, 'Patient',14, 14, 'auto');
INSERT INTO Sentences (sentence_id, sentence, sentence_type)VALUES (662, 'A crowd watches as two formula one cars leave the starting line', 'auto');
INSERT INTO Words ( sentence_id,word_ID ,word,pos)VALUES (662, 1, 'A', 'DT'), (662, 2, 'crowd', 'NN'), (662, 3, 'watches', 'VBZ'), (662, 4, 'as', 'IN'), (662, 5, 'two', 'CD'), (662, 6, 'formula', 'NN'), (662, 7, 'one', 'CD'), (662, 8, 'cars', 'NNS'), (662, 9, 'leave', 'VBP'), (662, 10, 'the', 'DT'), (662, 11, 'starting', 'JJ'), (662, 12, 'line', 'NN');
INSERT INTO triples (sentence_id, predicate_id,relation,arg_start_id,arg_end_id,triple_type)VALUES (662, 3, 'Agent',2, 2, 'auto'), (662, 3, 'Patient',4, 12, 'auto'), (662, 7, 'Location',10, 12, 'auto'), (662, 9, 'Agent',2, 2, 'auto'), (662, 9, 'Patient',10, 12, 'auto');
INSERT INTO Sentences (sentence_id, sentence, sentence_type)VALUES (663, 'A crowd watches the start of a drag race at twilight', 'auto');
INSERT INTO Words ( sentence_id,word_ID ,word,pos)VALUES (663, 1, 'A', 'DT'), (663, 2, 'crowd', 'NN'), (663, 3, 'watches', 'VBZ'), (663, 4, 'the', 'DT'), (663, 5, 'start', 'NN'), (663, 6, 'of', 'IN'), (663, 7, 'a', 'DT'), (663, 8, 'drag', 'NN'), (663, 9, 'race', 'NN'), (663, 10, 'at', 'IN'), (663, 11, 'twilight', 'NN');
INSERT INTO triples (sentence_id, predicate_id,relation,arg_start_id,arg_end_id,triple_type)VALUES (663, 3, 'Agent',2, 2, 'auto'), (663, 3, 'Attribute',4, 5, 'auto'), (663, 3, 'Patient',6, 9, 'auto');
INSERT INTO Sentences (sentence_id, sentence, sentence_type)VALUES (664, 'A group of people watch a drag race at the beginning and see the fire from the cars', 'auto');
INSERT INTO Words ( sentence_id,word_ID ,word,pos)VALUES (664, 1, 'A', 'DT'), (664, 2, 'group', 'NN'), (664, 3, 'of', 'IN'), (664, 4, 'people', 'NNS'), (664, 5, 'watch', 'VBP'), (664, 6, 'a', 'DT'), (664, 7, 'drag', 'NN'), (664, 8, 'race', 'NN'), (664, 9, 'at', 'IN'), (664, 10, 'the', 'DT'), (664, 11, 'beginning', 'NN'), (664, 12, 'and', 'CC'), (664, 13, 'see', 'VB'), (664, 14, 'the', 'DT'), (664, 15, 'fire', 'NN'), (664, 16, 'from', 'IN'), (664, 17, 'the', 'DT'), (664, 18, 'cars', 'NNS');
INSERT INTO triples (sentence_id, predicate_id,relation,arg_start_id,arg_end_id,triple_type)VALUES (664, 5, 'Agent',2, 4, 'auto'), (664, 5, 'Patient',6, 8, 'auto'), (664, 5, 'Location',11, 11, 'auto'), (664, 13, 'Agent',2, 4, 'auto'), (664, 13, 'Attribute',14, 15, 'auto'), (664, 13, 'Patient',16, 18, 'auto');
INSERT INTO Sentences (sentence_id, sentence, sentence_type)VALUES (665, 'People look at the flames coming from the cars at a drag race', 'auto');
INSERT INTO Words ( sentence_id,word_ID ,word,pos)VALUES (665, 1, 'People', 'NNS'), (665, 2, 'look', 'VBP'), (665, 3, 'at', 'IN'), (665, 4, 'the', 'DT'), (665, 5, 'flames', 'NNS'), (665, 6, 'coming', 'VBG'), (665, 7, 'from', 'IN'), (665, 8, 'the', 'DT'), (665, 9, 'cars', 'NNS'), (665, 10, 'at', 'IN'), (665, 11, 'a', 'DT'), (665, 12, 'drag', 'NN'), (665, 13, 'race', 'NN');
INSERT INTO triples (sentence_id, predicate_id,relation,arg_start_id,arg_end_id,triple_type)VALUES (665, 2, 'Agent',1, 1, 'auto'), (665, 2, 'Patient',4, 5, 'auto'), (665, 6, 'Agent',5, 5, 'auto'), (665, 6, 'Source',7, 9, 'auto'), (665, 6, 'Location',13, 13, 'auto');
INSERT INTO Sentences (sentence_id, sentence, sentence_type)VALUES (666, 'The drag racers take off the starting line', 'auto');
INSERT INTO Words ( sentence_id,word_ID ,word,pos)VALUES (666, 1, 'The', 'DT'), (666, 2, 'drag', 'NN'), (666, 3, 'racers', 'NNS'), (666, 4, 'take', 'VBP'), (666, 5, 'off', 'RP'), (666, 6, 'the', 'DT'), (666, 7, 'starting', 'JJ'), (666, 8, 'line', 'NN');
INSERT INTO triples (sentence_id, predicate_id,relation,arg_start_id,arg_end_id,triple_type)VALUES (666, 4, 'Agent',2, 3, 'auto'), (666, 4, 'Source',5, 8, 'auto'), (666, 7, 'Agent',2, 3, 'auto'), (666, 7, 'Patient',4, 6, 'auto');
INSERT INTO Sentences (sentence_id, sentence, sentence_type)VALUES (667, 'A group of young people pose for a group photo while a man does a bike jump', 'auto');
INSERT INTO Words ( sentence_id,word_ID ,word,pos)VALUES (667, 1, 'A', 'DT'), (667, 2, 'group', 'NN'), (667, 3, 'of', 'IN'), (667, 4, 'young', 'JJ'), (667, 5, 'people', 'NNS'), (667, 6, 'pose', 'VBP'), (667, 7, 'for', 'IN'), (667, 8, 'a', 'DT'), (667, 9, 'group', 'NN'), (667, 10, 'photo', 'NN'), (667, 11, 'while', 'IN'), (667, 12, 'a', 'DT'), (667, 13, 'man', 'NN'), (667, 14, 'does', 'VBZ'), (667, 15, 'a', 'DT'), (667, 16, 'bike', 'NN'), (667, 17, 'jump', 'NN');
INSERT INTO triples (sentence_id, predicate_id,relation,arg_start_id,arg_end_id,triple_type)VALUES (667, 5, 'Property',4, 4, 'auto'), (667, 6, 'Agent',2, 5, 'auto'), (667, 6, 'Recipient',9, 10, 'auto'), (667, 14, 'Agent',13, 13, 'auto'), (667, 14, 'Patient',15, 17, 'auto');
INSERT INTO Sentences (sentence_id, sentence, sentence_type)VALUES (668, 'A person jumping off a ramp on a bike over a crowd', 'auto');
INSERT INTO Words ( sentence_id,word_ID ,word,pos)VALUES (668, 1, 'A', 'DT'), (668, 2, 'person', 'NN'), (668, 3, 'jumping', 'VBG'), (668, 4, 'off', 'RP'), (668, 5, 'a', 'DT'), (668, 6, 'ramp', 'NN'), (668, 7, 'on', 'IN'), (668, 8, 'a', 'DT'), (668, 9, 'bike', 'NN'), (668, 10, 'over', 'IN'), (668, 11, 'a', 'DT'), (668, 12, 'crowd', 'NN');
INSERT INTO triples (sentence_id, predicate_id,relation,arg_start_id,arg_end_id,triple_type)VALUES (668, 2, 'Location',5, 12, 'auto'), (668, 3, 'Agent',2, 2, 'auto'), (668, 3, 'Location',5, 6, 'auto'), (668, 6, 'Location',7, 12, 'auto'), (668, 9, 'Location',10, 12, 'auto');
INSERT INTO Sentences (sentence_id, sentence, sentence_type)VALUES (669, 'A topless guy jumping a ramp on a bike', 'auto');
INSERT INTO Words ( sentence_id,word_ID ,word,pos)VALUES (669, 1, 'A', 'DT'), (669, 2, 'topless', 'JJ'), (669, 3, 'guy', 'NN'), (669, 4, 'jumping', 'VBG'), (669, 5, 'a', 'DT'), (669, 6, 'ramp', 'NN'), (669, 7, 'on', 'IN'), (669, 8, 'a', 'DT'), (669, 9, 'bike', 'NN');
INSERT INTO Sentences (sentence_id, sentence, sentence_type)VALUES (670, 'People cheer as a bicyclist rides his bike off a ramp', 'auto');
INSERT INTO Words ( sentence_id,word_ID ,word,pos)VALUES (670, 1, 'People', 'NNS'), (670, 2, 'cheer', 'VBP'), (670, 3, 'as', 'IN'), (670, 4, 'a', 'DT'), (670, 5, 'bicyclist', 'NN'), (670, 6, 'rides', 'VBZ'), (670, 7, 'his', 'PRP$'), (670, 8, 'bike', 'NN'), (670, 9, 'off', 'IN'), (670, 10, 'a', 'DT'), (670, 11, 'ramp', 'NN');
INSERT INTO triples (sentence_id, predicate_id,relation,arg_start_id,arg_end_id,triple_type)VALUES (670, 2, 'Agent',1, 1, 'auto'), (670, 6, 'Agent',5, 5, 'auto'), (670, 6, 'Patient',7, 8, 'auto'), (670, 6, 'Location',11, 11, 'auto'), (670, 8, 'Location',9, 11, 'auto');
INSERT INTO Sentences (sentence_id, sentence, sentence_type)VALUES (671, 'People cheer as a man rides a bmx bike in midair', 'auto');
INSERT INTO Words ( sentence_id,word_ID ,word,pos)VALUES (671, 1, 'People', 'NNS'), (671, 2, 'cheer', 'VBP'), (671, 3, 'as', 'IN'), (671, 4, 'a', 'DT'), (671, 5, 'man', 'NN'), (671, 6, 'rides', 'VBZ'), (671, 7, 'a', 'DT'), (671, 8, 'bmx', 'NN'), (671, 9, 'bike', 'NN'), (671, 10, 'in', 'IN'), (671, 11, 'midair', 'NN');
INSERT INTO triples (sentence_id, predicate_id,relation,arg_start_id,arg_end_id,triple_type)VALUES (671, 2, 'Agent',1, 1, 'auto'), (671, 5, 'Location',8, 9, 'auto'), (671, 6, 'Agent',5, 5, 'auto'), (671, 6, 'Patient',7, 9, 'auto'), (671, 6, 'Location',11, 11, 'auto'), (671, 9, 'Property',8, 8, 'auto'), (671, 9, 'Location',11, 11, 'auto');
INSERT INTO Sentences (sentence_id, sentence, sentence_type)VALUES (672, 'A bicyclist with a green shirt rides through the woods', 'auto');
INSERT INTO Words ( sentence_id,word_ID ,word,pos)VALUES (672, 1, 'A', 'DT'), (672, 2, 'bicyclist', 'NN'), (672, 3, 'with', 'IN'), (672, 4, 'a', 'DT'), (672, 5, 'green', 'JJ'), (672, 6, 'shirt', 'NN'), (672, 7, 'rides', 'VBZ'), (672, 8, 'through', 'IN'), (672, 9, 'the', 'DT'), (672, 10, 'woods', 'NNS');
INSERT INTO triples (sentence_id, predicate_id,relation,arg_start_id,arg_end_id,triple_type)VALUES (672, 7, 'Agent',2, 2, 'auto'), (672, 7, 'Location',8, 10, 'auto');
INSERT INTO Sentences (sentence_id, sentence, sentence_type)VALUES (673, 'A man in green biking in the woods', 'auto');
INSERT INTO Words ( sentence_id,word_ID ,word,pos)VALUES (673, 1, 'A', 'DT'), (673, 2, 'man', 'NN'), (673, 3, 'in', 'IN'), (673, 4, 'green', 'JJ'), (673, 5, 'biking', 'VBG'), (673, 6, 'in', 'IN'), (673, 7, 'the', 'DT'), (673, 8, 'woods', 'NNS');
INSERT INTO triples (sentence_id, predicate_id,relation,arg_start_id,arg_end_id,triple_type)VALUES (673, 2, 'Property',3, 4, 'auto'), (673, 5, 'Agent',2, 2, 'auto'), (673, 5, 'Location',6, 7, 'auto');
INSERT INTO Sentences (sentence_id, sentence, sentence_type)VALUES (674, 'A man is riding a mountain bike on a woodland trail', 'auto');
INSERT INTO Words ( sentence_id,word_ID ,word,pos)VALUES (674, 1, 'A', 'DT'), (674, 2, 'man', 'NN'), (674, 3, 'is', 'VBZ'), (674, 4, 'riding', 'VBG'), (674, 5, 'a', 'DT'), (674, 6, 'mountain', 'NN'), (674, 7, 'bike', 'NN'), (674, 8, 'on', 'IN'), (674, 9, 'a', 'DT'), (674, 10, 'woodland', 'NN'), (674, 11, 'trail', 'NN');
INSERT INTO triples (sentence_id, predicate_id,relation,arg_start_id,arg_end_id,triple_type)VALUES (674, 2, 'Location',8, 11, 'auto'), (674, 4, 'Agent',2, 2, 'auto'), (674, 4, 'Patient',5, 7, 'auto'), (674, 4, 'Location',8, 11, 'auto'), (674, 7, 'Property',6, 6, 'auto'), (674, 7, 'Location',8, 11, 'auto');
INSERT INTO Sentences (sentence_id, sentence, sentence_type)VALUES (675, 'A man rides a bike through a wooded trail', 'auto');
INSERT INTO Words ( sentence_id,word_ID ,word,pos)VALUES (675, 1, 'A', 'DT'), (675, 2, 'man', 'NN'), (675, 3, 'rides', 'VBZ'), (675, 4, 'a', 'DT'), (675, 5, 'bike', 'NN'), (675, 6, 'through', 'IN'), (675, 7, 'a', 'DT'), (675, 8, 'wooded', 'JJ'), (675, 9, 'trail', 'NN');
INSERT INTO triples (sentence_id, predicate_id,relation,arg_start_id,arg_end_id,triple_type)VALUES (675, 2, 'Location',9, 9, 'auto'), (675, 3, 'Agent',2, 2, 'auto'), (675, 3, 'Patient',4, 5, 'auto'), (675, 5, 'Location',6, 9, 'auto');
INSERT INTO Sentences (sentence_id, sentence, sentence_type)VALUES (676, 'A mountain biker is riding along a heavy dirt trail in a wooded area', 'auto');
INSERT INTO Words ( sentence_id,word_ID ,word,pos)VALUES (676, 1, 'A', 'DT'), (676, 2, 'mountain', 'NN'), (676, 3, 'biker', 'NN'), (676, 4, 'is', 'VBZ'), (676, 5, 'riding', 'VBG'), (676, 6, 'along', 'IN'), (676, 7, 'a', 'DT'), (676, 8, 'heavy', 'JJ'), (676, 9, 'dirt', 'NN'), (676, 10, 'trail', 'NN'), (676, 11, 'in', 'IN'), (676, 12, 'a', 'DT'), (676, 13, 'wooded', 'JJ'), (676, 14, 'area', 'NN');
INSERT INTO triples (sentence_id, predicate_id,relation,arg_start_id,arg_end_id,triple_type)VALUES (676, 3, 'Property',2, 2, 'auto'), (676, 5, 'Agent',2, 3, 'auto'), (676, 5, 'Location',6, 10, 'auto');
INSERT INTO Sentences (sentence_id, sentence, sentence_type)VALUES (677, 'A person on a downhill skateboard', 'auto');
INSERT INTO Words ( sentence_id,word_ID ,word,pos)VALUES (677, 1, 'A', 'DT'), (677, 2, 'person', 'NN'), (677, 3, 'on', 'IN'), (677, 4, 'a', 'DT'), (677, 5, 'downhill', 'RB'), (677, 6, 'skateboard', 'NN');
INSERT INTO triples (sentence_id, predicate_id,relation,arg_start_id,arg_end_id,triple_type)VALUES (677, 2, 'Location',3, 6, 'auto');
INSERT INTO Sentences (sentence_id, sentence, sentence_type)VALUES (678, 'A person wearing a helmet and red and silver jumpsuit is kneeling on a skateboard', 'auto');
INSERT INTO Words ( sentence_id,word_ID ,word,pos)VALUES (678, 1, 'A', 'DT'), (678, 2, 'person', 'NN'), (678, 3, 'wearing', 'VBG'), (678, 4, 'a', 'DT'), (678, 5, 'helmet', 'NN'), (678, 6, 'and', 'CC'), (678, 7, 'red', 'JJ'), (678, 8, 'and', 'CC'), (678, 9, 'silver', 'JJ'), (678, 10, 'jumpsuit', 'NN'), (678, 11, 'is', 'VBZ'), (678, 12, 'kneeling', 'VBG'), (678, 13, 'on', 'IN'), (678, 14, 'a', 'DT'), (678, 15, 'skateboard', 'NN');
INSERT INTO triples (sentence_id, predicate_id,relation,arg_start_id,arg_end_id,triple_type)VALUES (678, 2, 'Property',5, 10, 'auto'), (678, 2, 'Location',13, 15, 'auto'), (678, 3, 'Agent',2, 2, 'auto'), (678, 3, 'Patient',4, 10, 'auto'), (678, 12, 'Agent',2, 2, 'auto'), (678, 12, 'Location',13, 15, 'auto');
INSERT INTO Sentences (sentence_id, sentence, sentence_type)VALUES (679, 'A person wearing a helmet begins to ride a skateboard down a street hill', 'auto');
INSERT INTO Words ( sentence_id,word_ID ,word,pos)VALUES (679, 1, 'A', 'DT'), (679, 2, 'person', 'NN'), (679, 3, 'wearing', 'VBG'), (679, 4, 'a', 'DT'), (679, 5, 'helmet', 'NN'), (679, 6, 'begins', 'VBZ'), (679, 7, 'to', 'TO'), (679, 8, 'ride', 'VB'), (679, 9, 'a', 'DT'), (679, 10, 'skateboard', 'NN'), (679, 11, 'down', 'IN'), (679, 12, 'a', 'DT'), (679, 13, 'street', 'NN'), (679, 14, 'hill', 'NN');
INSERT INTO triples (sentence_id, predicate_id,relation,arg_start_id,arg_end_id,triple_type)VALUES (679, 2, 'Property',4, 5, 'auto'), (679, 2, 'Location',9, 14, 'auto'), (679, 3, 'Agent',2, 2, 'auto'), (679, 3, 'Patient',4, 5, 'auto'), (679, 6, 'Agent',2, 2, 'auto'), (679, 6, 'Patient',7, 8, 'auto'), (679, 8, 'Agent',2, 2, 'auto'), (679, 8, 'Patient',10, 10, 'auto'), (679, 8, 'Location',14, 14, 'auto'), (679, 13, 'Property',14, 14, 'auto'), (679, 14, 'Property',13, 13, 'auto');
INSERT INTO Sentences (sentence_id, sentence, sentence_type)VALUES (680, 'People in helmets racing down the street on skateboards', 'auto');
INSERT INTO Words ( sentence_id,word_ID ,word,pos)VALUES (680, 1, 'People', 'NNS'), (680, 2, 'in', 'IN'), (680, 3, 'helmets', 'NNS'), (680, 4, 'racing', 'VBG'), (680, 5, 'down', 'RP'), (680, 6, 'the', 'DT'), (680, 7, 'street', 'NN'), (680, 8, 'on', 'IN'), (680, 9, 'skateboards', 'NNS');
INSERT INTO triples (sentence_id, predicate_id,relation,arg_start_id,arg_end_id,triple_type)VALUES (680, 1, 'Property',2, 3, 'auto'), (680, 1, 'Location',5, 7, 'auto'), (680, 4, 'Agent',1, 1, 'auto'), (680, 4, 'Location',5, 7, 'auto');
INSERT INTO Sentences (sentence_id, sentence, sentence_type)VALUES (681, 'People ride skateboards on a road', 'auto');
INSERT INTO Words ( sentence_id,word_ID ,word,pos)VALUES (681, 1, 'People', 'NNS'), (681, 2, 'ride', 'VBP'), (681, 3, 'skateboards', 'NNS'), (681, 4, 'on', 'IN'), (681, 5, 'a', 'DT'), (681, 6, 'road', 'NN');
INSERT INTO triples (sentence_id, predicate_id,relation,arg_start_id,arg_end_id,triple_type)VALUES (681, 1, 'Property',3, 3, 'auto'), (681, 1, 'Location',4, 6, 'auto'), (681, 2, 'Agent',1, 1, 'auto'), (681, 2, 'Patient',3, 3, 'auto'), (681, 2, 'Location',4, 6, 'auto');
INSERT INTO Sentences (sentence_id, sentence, sentence_type)VALUES (682, 'A group of people riding bicycles turn on a street', 'auto');
INSERT INTO Words ( sentence_id,word_ID ,word,pos)VALUES (682, 1, 'A', 'DT'), (682, 2, 'group', 'NN'), (682, 3, 'of', 'IN'), (682, 4, 'people', 'NNS'), (682, 5, 'riding', 'VBG'), (682, 6, 'bicycles', 'NNS'), (682, 7, 'turn', 'VB'), (682, 8, 'on', 'RP'), (682, 9, 'a', 'DT'), (682, 10, 'street', 'NN');
INSERT INTO triples (sentence_id, predicate_id,relation,arg_start_id,arg_end_id,triple_type)VALUES (682, 5, 'Agent',2, 4, 'auto'), (682, 5, 'Patient',6, 6, 'auto'), (682, 5, 'Location',8, 10, 'auto'), (682, 7, 'Recipient',1, 1, 'auto'), (682, 7, 'Agent',2, 4, 'auto'), (682, 7, 'Material',5, 5, 'auto'), (682, 7, 'Location',8, 9, 'auto');
INSERT INTO Sentences (sentence_id, sentence, sentence_type)VALUES (683, 'a large group of bicycles racing on the street', 'auto');
INSERT INTO Words ( sentence_id,word_ID ,word,pos)VALUES (683, 1, 'a', 'DT'), (683, 2, 'large', 'JJ'), (683, 3, 'group', 'NN'), (683, 4, 'of', 'IN'), (683, 5, 'bicycles', 'NNS'), (683, 6, 'racing', 'VBG'), (683, 7, 'on', 'IN'), (683, 8, 'the', 'DT'), (683, 9, 'street', 'NN');
INSERT INTO triples (sentence_id, predicate_id,relation,arg_start_id,arg_end_id,triple_type)VALUES (683, 6, 'Agent',3, 5, 'auto'), (683, 6, 'Location',7, 9, 'auto');
INSERT INTO Sentences (sentence_id, sentence, sentence_type)VALUES (684, 'A line of men on bicycles compete in a race', 'auto');
INSERT INTO Words ( sentence_id,word_ID ,word,pos)VALUES (684, 1, 'A', 'DT'), (684, 2, 'line', 'NN'), (684, 3, 'of', 'IN'), (684, 4, 'men', 'NNS'), (684, 5, 'on', 'IN'), (684, 6, 'bicycles', 'NNS'), (684, 7, 'compete', 'VBP'), (684, 8, 'in', 'IN'), (684, 9, 'a', 'DT'), (684, 10, 'race', 'NN');
INSERT INTO triples (sentence_id, predicate_id,relation,arg_start_id,arg_end_id,triple_type)VALUES (684, 4, 'Location',8, 10, 'auto'), (684, 7, 'Agent',2, 2, 'auto'), (684, 7, 'Location',8, 10, 'auto');
INSERT INTO Sentences (sentence_id, sentence, sentence_type)VALUES (685, 'A tight crowd of bicyclers make a sharp turn in a race', 'auto');
INSERT INTO Words ( sentence_id,word_ID ,word,pos)VALUES (685, 1, 'A', 'DT'), (685, 2, 'tight', 'JJ'), (685, 3, 'crowd', 'NN'), (685, 4, 'of', 'IN'), (685, 5, 'bicyclers', 'NNS'), (685, 6, 'make', 'VBP'), (685, 7, 'a', 'DT'), (685, 8, 'sharp', 'JJ'), (685, 9, 'turn', 'NN'), (685, 10, 'in', 'IN'), (685, 11, 'a', 'DT'), (685, 12, 'race', 'NN');
INSERT INTO triples (sentence_id, predicate_id,relation,arg_start_id,arg_end_id,triple_type)VALUES (685, 6, 'Agent',5, 5, 'auto'), (685, 6, 'Patient',7, 9, 'auto'), (685, 6, 'Location',12, 12, 'auto');
INSERT INTO Sentences (sentence_id, sentence, sentence_type)VALUES (686, 'Lots of cyclists ride during a race', 'auto');
INSERT INTO Words ( sentence_id,word_ID ,word,pos)VALUES (686, 1, 'Lots', 'NNS'), (686, 2, 'of', 'IN'), (686, 3, 'cyclists', 'NNS'), (686, 4, 'ride', 'VBP'), (686, 5, 'during', 'IN'), (686, 6, 'a', 'DT'), (686, 7, 'race', 'NN');
INSERT INTO triples (sentence_id, predicate_id,relation,arg_start_id,arg_end_id,triple_type)VALUES (686, 3, 'Location',5, 7, 'auto'), (686, 4, 'Agent',1, 3, 'auto'), (686, 4, 'Location',7, 7, 'auto');
INSERT INTO Sentences (sentence_id, sentence, sentence_type)VALUES (687, 'A biker doing a somersault with the bike in front of a crowd', 'auto');
INSERT INTO Words ( sentence_id,word_ID ,word,pos)VALUES (687, 1, 'A', 'DT'), (687, 2, 'biker', 'NN'), (687, 3, 'doing', 'VBG'), (687, 4, 'a', 'DT'), (687, 5, 'somersault', 'NN'), (687, 6, 'with', 'IN'), (687, 7, 'the', 'DT'), (687, 8, 'bike', 'NN'), (687, 9, 'in', 'IN'), (687, 10, 'front', 'NN'), (687, 11, 'of', 'IN'), (687, 12, 'a', 'DT'), (687, 13, 'crowd', 'NN');
INSERT INTO triples (sentence_id, predicate_id,relation,arg_start_id,arg_end_id,triple_type)VALUES (687, 3, 'Agent',2, 2, 'auto'), (687, 3, 'Patient',4, 7, 'auto'), (687, 3, 'Location',9, 9, 'auto'), (687, 8, 'Property',1, 7, 'auto'), (687, 8, 'Location',13, 13, 'auto');
INSERT INTO Sentences (sentence_id, sentence, sentence_type)VALUES (688, 'Biker performing jump while onlookers watch', 'auto');
INSERT INTO Words ( sentence_id,word_ID ,word,pos)VALUES (688, 1, 'Biker', 'NNP'), (688, 2, 'performing', 'VBG'), (688, 3, 'jump', 'NN'), (688, 4, 'while', 'IN'), (688, 5, 'onlookers', 'NNS'), (688, 6, 'watch', 'VBP');
INSERT INTO triples (sentence_id, predicate_id,relation,arg_start_id,arg_end_id,triple_type)VALUES (688, 2, 'Agent',1, 1, 'auto'), (688, 2, 'Patient',3, 4, 'auto'), (688, 6, 'Patient',1, 4, 'auto'), (688, 6, 'Agent',5, 5, 'auto');
INSERT INTO Sentences (sentence_id, sentence, sentence_type)VALUES (689, 'Someone doing a flipping trick on a red bicycle in front of a lot of people', 'auto');
INSERT INTO Words ( sentence_id,word_ID ,word,pos)VALUES (689, 1, 'Someone', 'NN'), (689, 2, 'doing', 'VBG'), (689, 3, 'a', 'DT'), (689, 4, 'flipping', 'JJ'), (689, 5, 'trick', 'NN'), (689, 6, 'on', 'IN'), (689, 7, 'a', 'DT'), (689, 8, 'red', 'JJ'), (689, 9, 'bicycle', 'NN'), (689, 10, 'in', 'IN'), (689, 11, 'front', 'NN'), (689, 12, 'of', 'IN'), (689, 13, 'a', 'DT'), (689, 14, 'lot', 'NN'), (689, 15, 'of', 'IN'), (689, 16, 'people', 'NNS');
INSERT INTO triples (sentence_id, predicate_id,relation,arg_start_id,arg_end_id,triple_type)VALUES (689, 1, 'Property',2, 5, 'auto'), (689, 2, 'Agent',1, 1, 'auto'), (689, 2, 'Patient',3, 5, 'auto'), (689, 2, 'Location',6, 9, 'auto'), (689, 9, 'Property',8, 8, 'auto'), (689, 9, 'Location',10, 16, 'auto');
INSERT INTO Sentences (sentence_id, sentence, sentence_type)VALUES (690, 'The athlete performed a trick as the large crown watched', 'auto');
INSERT INTO Words ( sentence_id,word_ID ,word,pos)VALUES (690, 1, 'The', 'DT'), (690, 2, 'athlete', 'NN'), (690, 3, 'performed', 'VBD'), (690, 4, 'a', 'DT'), (690, 5, 'trick', 'NN'), (690, 6, 'as', 'IN'), (690, 7, 'the', 'DT'), (690, 8, 'large', 'JJ'), (690, 9, 'crown', 'NN'), (690, 10, 'watched', 'VBN');
INSERT INTO triples (sentence_id, predicate_id,relation,arg_start_id,arg_end_id,triple_type)VALUES (690, 3, 'Agent',2, 2, 'auto'), (690, 3, 'Patient',4, 5, 'auto'), (690, 10, 'Agent',8, 9, 'auto');
INSERT INTO Sentences (sentence_id, sentence, sentence_type)VALUES (691, 'The rider on the red BMX bike does an inverted trick', 'auto');
INSERT INTO Words ( sentence_id,word_ID ,word,pos)VALUES (691, 1, 'The', 'DT'), (691, 2, 'rider', 'NN'), (691, 3, 'on', 'IN'), (691, 4, 'the', 'DT'), (691, 5, 'red', 'JJ'), (691, 6, 'BMX', 'NNP'), (691, 7, 'bike', 'NN'), (691, 8, 'does', 'VBZ'), (691, 9, 'an', 'DT'), (691, 10, 'inverted', 'JJ'), (691, 11, 'trick', 'NN');
INSERT INTO triples (sentence_id, predicate_id,relation,arg_start_id,arg_end_id,triple_type)VALUES (691, 2, 'Location',3, 7, 'auto'), (691, 7, 'Property',5, 6, 'auto'), (691, 8, 'Agent',2, 2, 'auto'), (691, 8, 'Patient',9, 11, 'auto');
INSERT INTO Sentences (sentence_id, sentence, sentence_type)VALUES (692, 'A man is jumping across a gap', 'auto');
INSERT INTO Words ( sentence_id,word_ID ,word,pos)VALUES (692, 1, 'A', 'DT'), (692, 2, 'man', 'NN'), (692, 3, 'is', 'VBZ'), (692, 4, 'jumping', 'VBG'), (692, 5, 'across', 'RP'), (692, 6, 'a', 'DT'), (692, 7, 'gap', 'NN');
INSERT INTO triples (sentence_id, predicate_id,relation,arg_start_id,arg_end_id,triple_type)VALUES (692, 2, 'Property',3, 6, 'auto'), (692, 2, 'Location',7, 7, 'auto'), (692, 4, 'Agent',2, 3, 'auto'), (692, 4, 'Destination',5, 5, 'auto'), (692, 4, 'Patient',6, 6, 'auto');
INSERT INTO Sentences (sentence_id, sentence, sentence_type)VALUES (693, 'a man jumping from one building to another closeby', 'auto');
INSERT INTO Words ( sentence_id,word_ID ,word,pos)VALUES (693, 1, 'a', 'DT'), (693, 2, 'man', 'NN'), (693, 3, 'jumping', 'VBG'), (693, 4, 'from', 'IN'), (693, 5, 'one', 'CD'), (693, 6, 'building', 'NN'), (693, 7, 'to', 'TO'), (693, 8, 'another', 'DT'), (693, 9, 'closeby', 'NN');
INSERT INTO triples (sentence_id, predicate_id,relation,arg_start_id,arg_end_id,triple_type)VALUES (693, 3, 'Agent',2, 2, 'auto'), (693, 3, 'Source',4, 6, 'auto'), (693, 3, 'Destination',7, 9, 'auto');
INSERT INTO Sentences (sentence_id, sentence, sentence_type)VALUES (694, 'A man jumps off a large building onto the ground', 'auto');
INSERT INTO Words ( sentence_id,word_ID ,word,pos)VALUES (694, 1, 'A', 'DT'), (694, 2, 'man', 'NN'), (694, 3, 'jumps', 'VBZ'), (694, 4, 'off', 'RP'), (694, 5, 'a', 'DT'), (694, 6, 'large', 'JJ'), (694, 7, 'building', 'NN'), (694, 8, 'onto', 'IN'), (694, 9, 'the', 'DT'), (694, 10, 'ground', 'NN');
INSERT INTO triples (sentence_id, predicate_id,relation,arg_start_id,arg_end_id,triple_type)VALUES (694, 3, 'Agent',2, 2, 'auto'), (694, 3, 'Source',5, 7, 'auto'), (694, 3, 'Destination',8, 10, 'auto');
INSERT INTO Sentences (sentence_id, sentence, sentence_type)VALUES (695, 'A man jumps off of one rooftop onto another', 'auto');
INSERT INTO Words ( sentence_id,word_ID ,word,pos)VALUES (695, 1, 'A', 'DT'), (695, 2, 'man', 'NN'), (695, 3, 'jumps', 'VBZ'), (695, 4, 'off', 'IN'), (695, 5, 'of', 'IN'), (695, 6, 'one', 'CD'), (695, 7, 'rooftop', 'NN'), (695, 8, 'onto', 'IN'), (695, 9, 'another', 'DT');
INSERT INTO triples (sentence_id, predicate_id,relation,arg_start_id,arg_end_id,triple_type)VALUES (695, 2, 'Property',3, 8, 'auto'), (695, 2, 'Location',9, 9, 'auto'), (695, 3, 'Agent',2, 2, 'auto'), (695, 3, 'Patient',4, 6, 'auto'), (695, 3, 'Destination',7, 7, 'auto'), (695, 3, 'Instrument',9, 9, 'auto'), (695, 6, 'Location',7, 9, 'auto');
INSERT INTO Sentences (sentence_id, sentence, sentence_type)VALUES (696, 'A young man jumps from one balcony to another', 'auto');
INSERT INTO Words ( sentence_id,word_ID ,word,pos)VALUES (696, 1, 'A', 'DT'), (696, 2, 'young', 'JJ'), (696, 3, 'man', 'NN'), (696, 4, 'jumps', 'VBZ'), (696, 5, 'from', 'IN'), (696, 6, 'one', 'CD'), (696, 7, 'balcony', 'NN'), (696, 8, 'to', 'TO'), (696, 9, 'another', 'DT');
INSERT INTO triples (sentence_id, predicate_id,relation,arg_start_id,arg_end_id,triple_type)VALUES (696, 3, 'Property',2, 2, 'auto'), (696, 3, 'Location',5, 9, 'auto'), (696, 4, 'Agent',2, 3, 'auto'), (696, 4, 'Source',5, 7, 'auto'), (696, 4, 'Destination',8, 9, 'auto');
INSERT INTO Sentences (sentence_id, sentence, sentence_type)VALUES (697, 'Four people rollerskating with spectators in the background', 'auto');
INSERT INTO Words ( sentence_id,word_ID ,word,pos)VALUES (697, 1, 'Four', 'CD'), (697, 2, 'people', 'NNS'), (697, 3, 'rollerskating', 'VBG'), (697, 4, 'with', 'IN'), (697, 5, 'spectators', 'NNS'), (697, 6, 'in', 'IN'), (697, 7, 'the', 'DT'), (697, 8, 'background', 'NN');
INSERT INTO triples (sentence_id, predicate_id,relation,arg_start_id,arg_end_id,triple_type)VALUES (697, 3, 'Agent',2, 2, 'auto'), (697, 5, 'Location',6, 8, 'auto');
INSERT INTO Sentences (sentence_id, sentence, sentence_type)VALUES (698, 'Four women competitively roller skating around an area', 'auto');
INSERT INTO Words ( sentence_id,word_ID ,word,pos)VALUES (698, 1, 'Four', 'CD'), (698, 2, 'women', 'NNS'), (698, 3, 'competitively', 'RB'), (698, 4, 'roller', 'NN'), (698, 5, 'skating', 'VBG'), (698, 6, 'around', 'IN'), (698, 7, 'an', 'DT'), (698, 8, 'area', 'NN');
INSERT INTO triples (sentence_id, predicate_id,relation,arg_start_id,arg_end_id,triple_type)VALUES (698, 5, 'Agent',1, 2, 'auto'), (698, 5, 'Location',6, 8, 'auto');
INSERT INTO Sentences (sentence_id, sentence, sentence_type)VALUES (699, 'four women roller blade', 'auto');
INSERT INTO Words ( sentence_id,word_ID ,word,pos)VALUES (699, 1, 'four', 'CD'), (699, 2, 'women', 'NNS'), (699, 3, 'roller', 'NN'), (699, 4, 'blade', 'VBP');
INSERT INTO triples (sentence_id, predicate_id,relation,arg_start_id,arg_end_id,triple_type)VALUES (699, 4, 'Agent',1, 2, 'auto');
INSERT INTO Sentences (sentence_id, sentence, sentence_type)VALUES (700, 'Three women participate in a roller derby', 'auto');
INSERT INTO Words ( sentence_id,word_ID ,word,pos)VALUES (700, 1, 'Three', 'CD'), (700, 2, 'women', 'NNS'), (700, 3, 'participate', 'VBP'), (700, 4, 'in', 'IN'), (700, 5, 'a', 'DT'), (700, 6, 'roller', 'NN'), (700, 7, 'derby', 'NN');
INSERT INTO triples (sentence_id, predicate_id,relation,arg_start_id,arg_end_id,triple_type)VALUES (700, 3, 'Agent',1, 2, 'auto'), (700, 3, 'Patient',4, 7, 'auto');
INSERT INTO Sentences (sentence_id, sentence, sentence_type)VALUES (701, 'Women skaters on a skating rink in athletic equipment', 'auto');
INSERT INTO Words ( sentence_id,word_ID ,word,pos)VALUES (701, 1, 'Women', 'NNS'), (701, 2, 'skaters', 'NNS'), (701, 3, 'on', 'IN'), (701, 4, 'a', 'DT'), (701, 5, 'skating', 'JJ'), (701, 6, 'rink', 'NN'), (701, 7, 'in', 'IN'), (701, 8, 'athletic', 'JJ'), (701, 9, 'equipment', 'NN');
INSERT INTO Sentences (sentence_id, sentence, sentence_type)VALUES (702, 'A man on a motorcycle riding on his back tire', 'auto');
INSERT INTO Words ( sentence_id,word_ID ,word,pos)VALUES (702, 1, 'A', 'DT'), (702, 2, 'man', 'NN'), (702, 3, 'on', 'IN'), (702, 4, 'a', 'DT'), (702, 5, 'motorcycle', 'NN'), (702, 6, 'riding', 'VBG'), (702, 7, 'on', 'IN'), (702, 8, 'his', 'PRP$'), (702, 9, 'back', 'JJ'), (702, 10, 'tire', 'NN');
INSERT INTO triples (sentence_id, predicate_id,relation,arg_start_id,arg_end_id,triple_type)VALUES (702, 2, 'Location',3, 5, 'auto'), (702, 6, 'Agent',2, 2, 'auto'), (702, 6, 'Instrument',8, 10, 'auto');
INSERT INTO Sentences (sentence_id, sentence, sentence_type)VALUES (703, 'A man on a yellow sport bike does a wheelie as his friend on a black bike catches up', 'auto');
INSERT INTO Words ( sentence_id,word_ID ,word,pos)VALUES (703, 1, 'A', 'DT'), (703, 2, 'man', 'NN'), (703, 3, 'on', 'IN'), (703, 4, 'a', 'DT'), (703, 5, 'yellow', 'JJ'), (703, 6, 'sport', 'NN'), (703, 7, 'bike', 'NN'), (703, 8, 'does', 'VBZ'), (703, 9, 'a', 'DT'), (703, 10, 'wheelie', 'NN'), (703, 11, 'as', 'IN'), (703, 12, 'his', 'PRP$'), (703, 13, 'friend', 'NN'), (703, 14, 'on', 'IN'), (703, 15, 'a', 'DT'), (703, 16, 'black', 'JJ'), (703, 17, 'bike', 'NN'), (703, 18, 'catches', 'VBZ'), (703, 19, 'up', 'RP');
INSERT INTO triples (sentence_id, predicate_id,relation,arg_start_id,arg_end_id,triple_type)VALUES (703, 2, 'Location',3, 7, 'auto'), (703, 8, 'Agent',2, 2, 'auto'), (703, 8, 'Patient',9, 10, 'auto'), (703, 17, 'Property',16, 16, 'auto'), (703, 18, 'Agent',13, 13, 'auto');
INSERT INTO Sentences (sentence_id, sentence, sentence_type)VALUES (704, 'A yellow motorcyclist is popping a wheelie', 'auto');
INSERT INTO Words ( sentence_id,word_ID ,word,pos)VALUES (704, 1, 'A', 'DT'), (704, 2, 'yellow', 'JJ'), (704, 3, 'motorcyclist', 'NN'), (704, 4, 'is', 'VBZ'), (704, 5, 'popping', 'VBG'), (704, 6, 'a', 'DT'), (704, 7, 'wheelie', 'NN');
INSERT INTO triples (sentence_id, predicate_id,relation,arg_start_id,arg_end_id,triple_type)VALUES (704, 3, 'Property',2, 2, 'auto'), (704, 5, 'Agent',2, 3, 'auto'), (704, 5, 'Patient',7, 7, 'auto');
INSERT INTO Sentences (sentence_id, sentence, sentence_type)VALUES (705, 'The orange rider is driving a motorcycle on one wheel', 'auto');
INSERT INTO Words ( sentence_id,word_ID ,word,pos)VALUES (705, 1, 'The', 'DT'), (705, 2, 'orange', 'JJ'), (705, 3, 'rider', 'NN'), (705, 4, 'is', 'VBZ'), (705, 5, 'driving', 'VBG'), (705, 6, 'a', 'DT'), (705, 7, 'motorcycle', 'NN'), (705, 8, 'on', 'IN'), (705, 9, 'one', 'CD'), (705, 10, 'wheel', 'NN');
INSERT INTO triples (sentence_id, predicate_id,relation,arg_start_id,arg_end_id,triple_type)VALUES (705, 3, 'Property',1, 2, 'auto'), (705, 5, 'Agent',2, 4, 'auto'), (705, 5, 'Patient',7, 7, 'auto'), (705, 5, 'Instrument',8, 10, 'auto'), (705, 7, 'Property',8, 10, 'auto');
INSERT INTO Sentences (sentence_id, sentence, sentence_type)VALUES (706, 'Two motorcyclists on a blurry road , one rider doing a wheelie', 'auto');
INSERT INTO Words ( sentence_id,word_ID ,word,pos)VALUES (706, 1, 'Two', 'CD'), (706, 2, 'motorcyclists', 'NNS'), (706, 3, 'on', 'IN'), (706, 4, 'a', 'DT'), (706, 5, 'blurry', 'JJ'), (706, 6, 'road', 'NN'), (706, 7, ',', ','), (706, 8, 'one', 'CD'), (706, 9, 'rider', 'NN'), (706, 10, 'doing', 'VBG'), (706, 11, 'a', 'DT'), (706, 12, 'wheelie', 'NN');
INSERT INTO triples (sentence_id, predicate_id,relation,arg_start_id,arg_end_id,triple_type)VALUES (706, 2, 'Location',3, 6, 'auto'), (706, 10, 'Agent',8, 9, 'auto'), (706, 10, 'Patient',11, 12, 'auto');
INSERT INTO Sentences (sentence_id, sentence, sentence_type)VALUES (707, 'A skateboarder wearing an orange shirt and orange helmet', 'auto');
INSERT INTO Words ( sentence_id,word_ID ,word,pos)VALUES (707, 1, 'A', 'DT'), (707, 2, 'skateboarder', 'NN'), (707, 3, 'wearing', 'VBG'), (707, 4, 'an', 'DT'), (707, 5, 'orange', 'JJ'), (707, 6, 'shirt', 'NN'), (707, 7, 'and', 'CC'), (707, 8, 'orange', 'JJ'), (707, 9, 'helmet', 'NN');
INSERT INTO triples (sentence_id, predicate_id,relation,arg_start_id,arg_end_id,triple_type)VALUES (707, 3, 'Agent',2, 2, 'auto'), (707, 3, 'Patient',5, 9, 'auto');
INSERT INTO Sentences (sentence_id, sentence, sentence_type)VALUES (708, 'Men riding skateboards', 'auto');
INSERT INTO Words ( sentence_id,word_ID ,word,pos)VALUES (708, 1, 'Men', 'NN'), (708, 2, 'riding', 'VBG'), (708, 3, 'skateboards', 'NNS');
INSERT INTO triples (sentence_id, predicate_id,relation,arg_start_id,arg_end_id,triple_type)VALUES (708, 2, 'Agent',1, 1, 'auto'), (708, 2, 'Patient',3, 3, 'auto');
INSERT INTO Sentences (sentence_id, sentence, sentence_type)VALUES (709, 'Two men , both wearing helmets , on skateboards with large wheels', 'auto');
INSERT INTO Words ( sentence_id,word_ID ,word,pos)VALUES (709, 1, 'Two', 'CD'), (709, 2, 'men', 'NNS'), (709, 3, ',', ','), (709, 4, 'both', 'DT'), (709, 5, 'wearing', 'VBG'), (709, 6, 'helmets', 'NNS'), (709, 7, ',', ','), (709, 8, 'on', 'IN'), (709, 9, 'skateboards', 'NNS'), (709, 10, 'with', 'IN'), (709, 11, 'large', 'JJ'), (709, 12, 'wheels', 'NNS');
INSERT INTO triples (sentence_id, predicate_id,relation,arg_start_id,arg_end_id,triple_type)VALUES (709, 2, 'Location',8, 12, 'auto'), (709, 5, 'Agent',2, 2, 'auto'), (709, 5, 'Patient',6, 6, 'auto');
INSERT INTO Sentences (sentence_id, sentence, sentence_type)VALUES (710, 'Two men on skateboards , and one has an orange helmet', 'auto');
INSERT INTO Words ( sentence_id,word_ID ,word,pos)VALUES (710, 1, 'Two', 'CD'), (710, 2, 'men', 'NNS'), (710, 3, 'on', 'IN'), (710, 4, 'skateboards', 'NNS'), (710, 5, ',', ','), (710, 6, 'and', 'CC'), (710, 7, 'one', 'CD'), (710, 8, 'has', 'VBZ'), (710, 9, 'an', 'DT'), (710, 10, 'orange', 'JJ'), (710, 11, 'helmet', 'NN');
INSERT INTO triples (sentence_id, predicate_id,relation,arg_start_id,arg_end_id,triple_type)VALUES (710, 2, 'Location',3, 4, 'auto'), (710, 8, 'Agent',1, 2, 'auto'), (710, 8, 'Patient',9, 11, 'auto');
INSERT INTO Sentences (sentence_id, sentence, sentence_type)VALUES (711, 'Two men skateboard at high speed', 'auto');
INSERT INTO Words ( sentence_id,word_ID ,word,pos)VALUES (711, 1, 'Two', 'CD'), (711, 2, 'men', 'NNS'), (711, 3, 'skateboard', 'VBP'), (711, 4, 'at', 'IN'), (711, 5, 'high', 'JJ'), (711, 6, 'speed', 'NN');
INSERT INTO triples (sentence_id, predicate_id,relation,arg_start_id,arg_end_id,triple_type)VALUES (711, 3, 'Agent',2, 2, 'auto'), (711, 3, 'Location',4, 6, 'auto');
INSERT INTO Sentences (sentence_id, sentence, sentence_type)VALUES (712, 'A man doing a skateboard trick in air while being videotaped', 'auto');
INSERT INTO Words ( sentence_id,word_ID ,word,pos)VALUES (712, 1, 'A', 'DT'), (712, 2, 'man', 'NN'), (712, 3, 'doing', 'VBG'), (712, 4, 'a', 'DT'), (712, 5, 'skateboard', 'NN'), (712, 6, 'trick', 'NN'), (712, 7, 'in', 'IN'), (712, 8, 'air', 'NN'), (712, 9, 'while', 'IN'), (712, 10, 'being', 'VBG'), (712, 11, 'videotaped', 'VBN');
INSERT INTO triples (sentence_id, predicate_id,relation,arg_start_id,arg_end_id,triple_type)VALUES (712, 2, 'Location',7, 8, 'auto'), (712, 3, 'Agent',2, 2, 'auto'), (712, 3, 'Patient',6, 6, 'auto'), (712, 11, 'Patient',2, 2, 'auto');
INSERT INTO Sentences (sentence_id, sentence, sentence_type)VALUES (713, 'A man performs a skateboard trick', 'auto');
INSERT INTO Words ( sentence_id,word_ID ,word,pos)VALUES (713, 1, 'A', 'DT'), (713, 2, 'man', 'NN'), (713, 3, 'performs', 'VBZ'), (713, 4, 'a', 'DT'), (713, 5, 'skateboard', 'NN'), (713, 6, 'trick', 'NN');
INSERT INTO triples (sentence_id, predicate_id,relation,arg_start_id,arg_end_id,triple_type)VALUES (713, 3, 'Agent',2, 2, 'auto'), (713, 3, 'Patient',4, 6, 'auto');
INSERT INTO Sentences (sentence_id, sentence, sentence_type)VALUES (714, 'A teanage boy does a trick with his skateboard against a wall', 'auto');
INSERT INTO Words ( sentence_id,word_ID ,word,pos)VALUES (714, 1, 'A', 'DT'), (714, 2, 'teanage', 'NN'), (714, 3, 'boy', 'NN'), (714, 4, 'does', 'VBZ'), (714, 5, 'a', 'DT'), (714, 6, 'trick', 'NN'), (714, 7, 'with', 'IN'), (714, 8, 'his', 'PRP$'), (714, 9, 'skateboard', 'NN'), (714, 10, 'against', 'IN'), (714, 11, 'a', 'DT'), (714, 12, 'wall', 'NN');
INSERT INTO triples (sentence_id, predicate_id,relation,arg_start_id,arg_end_id,triple_type)VALUES (714, 3, 'Property',2, 2, 'auto'), (714, 3, 'Location',10, 12, 'auto'), (714, 4, 'Agent',3, 3, 'auto'), (714, 4, 'Patient',5, 6, 'auto'), (714, 4, 'Instrument',7, 9, 'auto'), (714, 4, 'Location',10, 12, 'auto');
INSERT INTO Sentences (sentence_id, sentence, sentence_type)VALUES (715, 'The boy is skateboarding', 'auto');
INSERT INTO Words ( sentence_id,word_ID ,word,pos)VALUES (715, 1, 'The', 'DT'), (715, 2, 'boy', 'NN'), (715, 3, 'is', 'VBZ'), (715, 4, 'skateboarding', 'VBG');
INSERT INTO triples (sentence_id, predicate_id,relation,arg_start_id,arg_end_id,triple_type)VALUES (715, 4, 'Agent',2, 2, 'auto');
INSERT INTO Sentences (sentence_id, sentence, sentence_type)VALUES (716, 'The skateboarder wearing jeans and a white shirt jumps a ramp', 'auto');
INSERT INTO Words ( sentence_id,word_ID ,word,pos)VALUES (716, 1, 'The', 'DT'), (716, 2, 'skateboarder', 'NN'), (716, 3, 'wearing', 'VBG'), (716, 4, 'jeans', 'NNS'), (716, 5, 'and', 'CC'), (716, 6, 'a', 'DT'), (716, 7, 'white', 'JJ'), (716, 8, 'shirt', 'NN'), (716, 9, 'jumps', 'VBZ'), (716, 10, 'a', 'DT'), (716, 11, 'ramp', 'NN');
INSERT INTO triples (sentence_id, predicate_id,relation,arg_start_id,arg_end_id,triple_type)VALUES (716, 3, 'Agent',2, 2, 'auto'), (716, 3, 'Patient',4, 8, 'auto'), (716, 9, 'Agent',2, 2, 'auto'), (716, 9, 'Patient',10, 11, 'auto');
INSERT INTO Sentences (sentence_id, sentence, sentence_type)VALUES (717, 'four girls play volleyball', 'auto');
INSERT INTO Words ( sentence_id,word_ID ,word,pos)VALUES (717, 1, 'four', 'CD'), (717, 2, 'girls', 'NNS'), (717, 3, 'play', 'VBP'), (717, 4, 'volleyball', 'NN');
INSERT INTO triples (sentence_id, predicate_id,relation,arg_start_id,arg_end_id,triple_type)VALUES (717, 3, 'Agent',2, 2, 'auto'), (717, 3, 'Patient',4, 4, 'auto');
INSERT INTO Sentences (sentence_id, sentence, sentence_type)VALUES (718, 'Four woman are playing on a beach as a huge ship passes in the background', 'auto');
INSERT INTO Words ( sentence_id,word_ID ,word,pos)VALUES (718, 1, 'Four', 'CD'), (718, 2, 'woman', 'NN'), (718, 3, 'are', 'VBP'), (718, 4, 'playing', 'VBG'), (718, 5, 'on', 'IN'), (718, 6, 'a', 'DT'), (718, 7, 'beach', 'NN'), (718, 8, 'as', 'IN'), (718, 9, 'a', 'DT'), (718, 10, 'huge', 'JJ'), (718, 11, 'ship', 'NN'), (718, 12, 'passes', 'VBZ'), (718, 13, 'in', 'IN'), (718, 14, 'the', 'DT'), (718, 15, 'background', 'NN');
INSERT INTO triples (sentence_id, predicate_id,relation,arg_start_id,arg_end_id,triple_type)VALUES (718, 4, 'Agent',2, 2, 'auto'), (718, 4, 'Location',5, 7, 'auto'), (718, 12, 'Agent',11, 11, 'auto'), (718, 12, 'Location',13, 15, 'auto');
INSERT INTO Sentences (sentence_id, sentence, sentence_type)VALUES (719, 'Four women in bathing suits are playing on the beach', 'auto');
INSERT INTO Words ( sentence_id,word_ID ,word,pos)VALUES (719, 1, 'Four', 'CD'), (719, 2, 'women', 'NNS'), (719, 3, 'in', 'IN'), (719, 4, 'bathing', 'NN'), (719, 5, 'suits', 'NNS'), (719, 6, 'are', 'VBP'), (719, 7, 'playing', 'VBG'), (719, 8, 'on', 'IN'), (719, 9, 'the', 'DT'), (719, 10, 'beach', 'NN');
INSERT INTO triples (sentence_id, predicate_id,relation,arg_start_id,arg_end_id,triple_type)VALUES (719, 2, 'Property',3, 5, 'auto'), (719, 7, 'Agent',2, 2, 'auto'), (719, 7, 'Location',8, 10, 'auto');
INSERT INTO Sentences (sentence_id, sentence, sentence_type)VALUES (720, 'Slightly overweight women in bikinis are playing on a beach', 'auto');
INSERT INTO Words ( sentence_id,word_ID ,word,pos)VALUES (720, 1, 'Slightly', 'RB'), (720, 2, 'overweight', 'JJ'), (720, 3, 'women', 'NNS'), (720, 4, 'in', 'IN'), (720, 5, 'bikinis', 'NNS'), (720, 6, 'are', 'VBP'), (720, 7, 'playing', 'VBG'), (720, 8, 'on', 'IN'), (720, 9, 'a', 'DT'), (720, 10, 'beach', 'NN');
INSERT INTO triples (sentence_id, predicate_id,relation,arg_start_id,arg_end_id,triple_type)VALUES (720, 3, 'Property',4, 5, 'auto'), (720, 7, 'Agent',3, 3, 'auto'), (720, 7, 'Location',8, 10, 'auto');
INSERT INTO Sentences (sentence_id, sentence, sentence_type)VALUES (721, 'Women playing volleyball in the sand near the ocean', 'auto');
INSERT INTO Words ( sentence_id,word_ID ,word,pos)VALUES (721, 1, 'Women', 'NNS'), (721, 2, 'playing', 'VBG'), (721, 3, 'volleyball', 'NN'), (721, 4, 'in', 'IN'), (721, 5, 'the', 'DT'), (721, 6, 'sand', 'NN'), (721, 7, 'near', 'IN'), (721, 8, 'the', 'DT'), (721, 9, 'ocean', 'NN');
INSERT INTO triples (sentence_id, predicate_id,relation,arg_start_id,arg_end_id,triple_type)VALUES (721, 2, 'Agent',1, 1, 'auto'), (721, 2, 'Patient',3, 3, 'auto'), (721, 2, 'Location',4, 6, 'auto');
INSERT INTO Sentences (sentence_id, sentence, sentence_type)VALUES (722, 'A football player in mid stride holding a football', 'auto');
INSERT INTO Words ( sentence_id,word_ID ,word,pos)VALUES (722, 1, 'A', 'DT'), (722, 2, 'football', 'NN'), (722, 3, 'player', 'NN'), (722, 4, 'in', 'IN'), (722, 5, 'mid', 'JJ'), (722, 6, 'stride', 'NN'), (722, 7, 'holding', 'VBG'), (722, 8, 'a', 'DT'), (722, 9, 'football', 'NN');
INSERT INTO triples (sentence_id, predicate_id,relation,arg_start_id,arg_end_id,triple_type)VALUES (722, 3, 'Property',2, 2, 'auto'), (722, 3, 'Location',4, 6, 'auto'), (722, 7, 'Agent',2, 3, 'auto'), (722, 7, 'Patient',9, 9, 'auto');
INSERT INTO Sentences (sentence_id, sentence, sentence_type)VALUES (723, 'A football player is running with a football', 'auto');
INSERT INTO Words ( sentence_id,word_ID ,word,pos)VALUES (723, 1, 'A', 'DT'), (723, 2, 'football', 'NN'), (723, 3, 'player', 'NN'), (723, 4, 'is', 'VBZ'), (723, 5, 'running', 'VBG'), (723, 6, 'with', 'IN'), (723, 7, 'a', 'DT'), (723, 8, 'football', 'NN');
INSERT INTO triples (sentence_id, predicate_id,relation,arg_start_id,arg_end_id,triple_type)VALUES (723, 3, 'Property',2, 2, 'auto'), (723, 5, 'Agent',2, 3, 'auto');
INSERT INTO Sentences (sentence_id, sentence, sentence_type)VALUES (724, 'A football player with a football is being pursued by another player', 'auto');
INSERT INTO Words ( sentence_id,word_ID ,word,pos)VALUES (724, 1, 'A', 'DT'), (724, 2, 'football', 'NN'), (724, 3, 'player', 'NN'), (724, 4, 'with', 'IN'), (724, 5, 'a', 'DT'), (724, 6, 'football', 'NN'), (724, 7, 'is', 'VBZ'), (724, 8, 'being', 'VBG'), (724, 9, 'pursued', 'VBN'), (724, 10, 'by', 'IN'), (724, 11, 'another', 'DT'), (724, 12, 'player', 'NN');
INSERT INTO triples (sentence_id, predicate_id,relation,arg_start_id,arg_end_id,triple_type)VALUES (724, 3, 'Property',1, 2, 'auto'), (724, 9, 'Patient',1, 3, 'auto'), (724, 9, 'Agent',11, 12, 'auto');
INSERT INTO Sentences (sentence_id, sentence, sentence_type)VALUES (725, 'An american footballer in a white strip who is carrying the ball is being pursued by another player in a black strip', 'auto');
INSERT INTO Words ( sentence_id,word_ID ,word,pos)VALUES (725, 1, 'An', 'DT'), (725, 2, 'american', 'JJ'), (725, 3, 'footballer', 'NN'), (725, 4, 'in', 'IN'), (725, 5, 'a', 'DT'), (725, 6, 'white', 'JJ'), (725, 7, 'strip', 'NN'), (725, 8, 'who', 'WP'), (725, 9, 'is', 'VBZ'), (725, 10, 'carrying', 'VBG'), (725, 11, 'the', 'DT'), (725, 12, 'ball', 'NN'), (725, 13, 'is', 'VBZ'), (725, 14, 'being', 'VBG'), (725, 15, 'pursued', 'VBN'), (725, 16, 'by', 'IN'), (725, 17, 'another', 'DT'), (725, 18, 'player', 'NN'), (725, 19, 'in', 'IN'), (725, 20, 'a', 'DT'), (725, 21, 'black', 'JJ'), (725, 22, 'strip', 'NN');
INSERT INTO triples (sentence_id, predicate_id,relation,arg_start_id,arg_end_id,triple_type)VALUES (725, 10, 'Agent',8, 8, 'auto'), (725, 10, 'Patient',11, 12, 'auto'), (725, 15, 'Patient',3, 7, 'auto'), (725, 15, 'Agent',17, 18, 'auto'), (725, 15, 'Location',19, 22, 'auto'), (725, 18, 'Location',20, 22, 'auto');
INSERT INTO Sentences (sentence_id, sentence, sentence_type)VALUES (726, 'One football player holding the ball is chased by another football player from the opposing team', 'auto');
INSERT INTO Words ( sentence_id,word_ID ,word,pos)VALUES (726, 1, 'One', 'CD'), (726, 2, 'football', 'NN'), (726, 3, 'player', 'NN'), (726, 4, 'holding', 'VBG'), (726, 5, 'the', 'DT'), (726, 6, 'ball', 'NN'), (726, 7, 'is', 'VBZ'), (726, 8, 'chased', 'VBN'), (726, 9, 'by', 'IN'), (726, 10, 'another', 'DT'), (726, 11, 'football', 'NN'), (726, 12, 'player', 'NN'), (726, 13, 'from', 'IN'), (726, 14, 'the', 'DT'), (726, 15, 'opposing', 'JJ'), (726, 16, 'team', 'NN');
INSERT INTO triples (sentence_id, predicate_id,relation,arg_start_id,arg_end_id,triple_type)VALUES (726, 3, 'Property',1, 2, 'auto'), (726, 4, 'Agent',2, 3, 'auto'), (726, 4, 'Patient',5, 6, 'auto'), (726, 8, 'Patient',2, 3, 'auto'), (726, 8, 'Agent',11, 12, 'auto'), (726, 12, 'Property',10, 11, 'auto');
INSERT INTO Sentences (sentence_id, sentence, sentence_type)VALUES (727, 'A hockey player in black and white collides with another player wearing blue', 'auto');
INSERT INTO Words ( sentence_id,word_ID ,word,pos)VALUES (727, 1, 'A', 'DT'), (727, 2, 'hockey', 'NN'), (727, 3, 'player', 'NN'), (727, 4, 'in', 'IN'), (727, 5, 'black', 'JJ'), (727, 6, 'and', 'CC'), (727, 7, 'white', 'JJ'), (727, 8, 'collides', 'VBZ'), (727, 9, 'with', 'IN'), (727, 10, 'another', 'DT'), (727, 11, 'player', 'NN'), (727, 12, 'wearing', 'VBG'), (727, 13, 'blue', 'NN');
INSERT INTO triples (sentence_id, predicate_id,relation,arg_start_id,arg_end_id,triple_type)VALUES (727, 3, 'Property',4, 7, 'auto'), (727, 8, 'Agent',3, 3, 'auto'), (727, 12, 'Agent',11, 11, 'auto'), (727, 12, 'Patient',13, 13, 'auto');
INSERT INTO Sentences (sentence_id, sentence, sentence_type)VALUES (728, 'Hockey players collide on the ice', 'auto');
INSERT INTO Words ( sentence_id,word_ID ,word,pos)VALUES (728, 1, 'Hockey', 'NN'), (728, 2, 'players', 'NNS'), (728, 3, 'collide', 'VBP'), (728, 4, 'on', 'IN'), (728, 5, 'the', 'DT'), (728, 6, 'ice', 'NN');
INSERT INTO triples (sentence_id, predicate_id,relation,arg_start_id,arg_end_id,triple_type)VALUES (728, 3, 'Agent',2, 2, 'auto'), (728, 3, 'Location',4, 6, 'auto');
INSERT INTO Sentences (sentence_id, sentence, sentence_type)VALUES (729, 'The ice hockey player in white is tumbling in front of the player in blue', 'auto');
INSERT INTO Words ( sentence_id,word_ID ,word,pos)VALUES (729, 1, 'The', 'DT'), (729, 2, 'ice', 'NN'), (729, 3, 'hockey', 'NN'), (729, 4, 'player', 'NN'), (729, 5, 'in', 'IN'), (729, 6, 'white', 'JJ'), (729, 7, 'is', 'VBZ'), (729, 8, 'tumbling', 'VBG'), (729, 9, 'in', 'IN'), (729, 10, 'front', 'NN'), (729, 11, 'of', 'IN'), (729, 12, 'the', 'DT'), (729, 13, 'player', 'NN'), (729, 14, 'in', 'IN'), (729, 15, 'blue', 'JJ');
INSERT INTO triples (sentence_id, predicate_id,relation,arg_start_id,arg_end_id,triple_type)VALUES (729, 4, 'Property',5, 6, 'auto'), (729, 4, 'Location',9, 10, 'auto'), (729, 8, 'Agent',2, 4, 'auto'), (729, 8, 'Location',9, 10, 'auto'), (729, 13, 'Property',14, 15, 'auto');
INSERT INTO Sentences (sentence_id, sentence, sentence_type)VALUES (730, 'Two hockey players bumps against each other while skating on the ice', 'auto');
INSERT INTO Words ( sentence_id,word_ID ,word,pos)VALUES (730, 1, 'Two', 'CD'), (730, 2, 'hockey', 'NN'), (730, 3, 'players', 'NNS'), (730, 4, 'bumps', 'VBZ'), (730, 5, 'against', 'IN'), (730, 6, 'each', 'DT'), (730, 7, 'other', 'JJ'), (730, 8, 'while', 'IN'), (730, 9, 'skating', 'VBG'), (730, 10, 'on', 'IN'), (730, 11, 'the', 'DT'), (730, 12, 'ice', 'NN');
INSERT INTO triples (sentence_id, predicate_id,relation,arg_start_id,arg_end_id,triple_type)VALUES (730, 4, 'Agent',3, 3, 'auto'), (730, 4, 'Location',10, 10, 'auto'), (730, 4, 'Patient',11, 12, 'auto'), (730, 9, 'Agent',3, 3, 'auto'), (730, 9, 'Patient',7, 8, 'auto'), (730, 9, 'Location',10, 12, 'auto');
INSERT INTO Sentences (sentence_id, sentence, sentence_type)VALUES (731, 'Two opposing hockey players collide', 'auto');
INSERT INTO Words ( sentence_id,word_ID ,word,pos)VALUES (731, 1, 'Two', 'CD'), (731, 2, 'opposing', 'JJ'), (731, 3, 'hockey', 'NN'), (731, 4, 'players', 'NNS'), (731, 5, 'collide', 'VBP');
INSERT INTO triples (sentence_id, predicate_id,relation,arg_start_id,arg_end_id,triple_type)VALUES (731, 5, 'Agent',4, 4, 'auto');
INSERT INTO Sentences (sentence_id, sentence, sentence_type)VALUES (732, 'A football player being tackled during a game', 'auto');
INSERT INTO Words ( sentence_id,word_ID ,word,pos)VALUES (732, 1, 'A', 'DT'), (732, 2, 'football', 'NN'), (732, 3, 'player', 'NN'), (732, 4, 'being', 'VBG'), (732, 5, 'tackled', 'VBN'), (732, 6, 'during', 'IN'), (732, 7, 'a', 'DT'), (732, 8, 'game', 'NN');
INSERT INTO triples (sentence_id, predicate_id,relation,arg_start_id,arg_end_id,triple_type)VALUES (732, 3, 'Property',2, 2, 'auto'), (732, 3, 'Time',6, 8, 'auto'), (732, 5, 'Patient',1, 3, 'auto'), (732, 5, 'Time',6, 8, 'auto');
INSERT INTO Sentences (sentence_id, sentence, sentence_type)VALUES (733, 'A football player has his arms wrapped around the person holding the ball', 'auto');
INSERT INTO Words ( sentence_id,word_ID ,word,pos)VALUES (733, 1, 'A', 'DT'), (733, 2, 'football', 'NN'), (733, 3, 'player', 'NN'), (733, 4, 'has', 'VBZ'), (733, 5, 'his', 'PRP$'), (733, 6, 'arms', 'NNS'), (733, 7, 'wrapped', 'VBN'), (733, 8, 'around', 'IN'), (733, 9, 'the', 'DT'), (733, 10, 'person', 'NN'), (733, 11, 'holding', 'VBG'), (733, 12, 'the', 'DT'), (733, 13, 'ball', 'NN');
INSERT INTO Sentences (sentence_id, sentence, sentence_type)VALUES (734, 'A football player in orange being tackled by a player in blue', 'auto');
INSERT INTO Words ( sentence_id,word_ID ,word,pos)VALUES (734, 1, 'A', 'DT'), (734, 2, 'football', 'NN'), (734, 3, 'player', 'NN'), (734, 4, 'in', 'IN'), (734, 5, 'orange', 'NN'), (734, 6, 'being', 'VBG'), (734, 7, 'tackled', 'VBN'), (734, 8, 'by', 'IN'), (734, 9, 'a', 'DT'), (734, 10, 'player', 'NN'), (734, 11, 'in', 'IN'), (734, 12, 'blue', 'JJ');
INSERT INTO triples (sentence_id, predicate_id,relation,arg_start_id,arg_end_id,triple_type)VALUES (734, 3, 'Property',4, 5, 'auto'), (734, 3, 'Location',8, 10, 'auto'), (734, 7, 'Patient',1, 5, 'auto'), (734, 7, 'Agent',10, 10, 'auto'), (734, 10, 'Property',12, 12, 'auto');
INSERT INTO Sentences (sentence_id, sentence, sentence_type)VALUES (735, 'A young boy wearing orange is running with the football as the boy in blue tries to wrestle him to the ground', 'auto');
INSERT INTO Words ( sentence_id,word_ID ,word,pos)VALUES (735, 1, 'A', 'DT'), (735, 2, 'young', 'JJ'), (735, 3, 'boy', 'NN'), (735, 4, 'wearing', 'VBG'), (735, 5, 'orange', 'JJ'), (735, 6, 'is', 'VBZ'), (735, 7, 'running', 'VBG'), (735, 8, 'with', 'IN'), (735, 9, 'the', 'DT'), (735, 10, 'football', 'NN'), (735, 11, 'as', 'IN'), (735, 12, 'the', 'DT'), (735, 13, 'boy', 'NN'), (735, 14, 'in', 'IN'), (735, 15, 'blue', 'JJ'), (735, 16, 'tries', 'NNS'), (735, 17, 'to', 'TO'), (735, 18, 'wrestle', 'VB'), (735, 19, 'him', 'PRP'), (735, 20, 'to', 'TO'), (735, 21, 'the', 'DT'), (735, 22, 'ground', 'NN');
INSERT INTO triples (sentence_id, predicate_id,relation,arg_start_id,arg_end_id,triple_type)VALUES (735, 3, 'Property',2, 2, 'auto'), (735, 4, 'Agent',3, 3, 'auto'), (735, 4, 'Patient',5, 5, 'auto'), (735, 7, 'Agent',3, 3, 'auto'), (735, 13, 'Property',14, 15, 'auto'), (735, 18, 'Agent',13, 13, 'auto'), (735, 18, 'Patient',19, 22, 'auto');
INSERT INTO Sentences (sentence_id, sentence, sentence_type)VALUES (736, 'Boy in orange jersey has the football and is being tackled', 'auto');
INSERT INTO Words ( sentence_id,word_ID ,word,pos)VALUES (736, 1, 'Boy', 'NN'), (736, 2, 'in', 'IN'), (736, 3, 'orange', 'JJ'), (736, 4, 'jersey', 'NN'), (736, 5, 'has', 'VBZ'), (736, 6, 'the', 'DT'), (736, 7, 'football', 'NN'), (736, 8, 'and', 'CC'), (736, 9, 'is', 'VBZ'), (736, 10, 'being', 'VBG'), (736, 11, 'tackled', 'VBN');
INSERT INTO triples (sentence_id, predicate_id,relation,arg_start_id,arg_end_id,triple_type)VALUES (736, 1, 'Property',2, 4, 'auto'), (736, 5, 'Agent',1, 1, 'auto'), (736, 5, 'Patient',6, 7, 'auto'), (736, 11, 'Patient',1, 4, 'auto');
INSERT INTO Sentences (sentence_id, sentence, sentence_type)VALUES (737, 'A man in a blue shirt is rock climbing', 'auto');
INSERT INTO Words ( sentence_id,word_ID ,word,pos)VALUES (737, 1, 'A', 'DT'), (737, 2, 'man', 'NN'), (737, 3, 'in', 'IN'), (737, 4, 'a', 'DT'), (737, 5, 'blue', 'JJ'), (737, 6, 'shirt', 'NN'), (737, 7, 'is', 'VBZ'), (737, 8, 'rock', 'NN'), (737, 9, 'climbing', 'VBG');
INSERT INTO triples (sentence_id, predicate_id,relation,arg_start_id,arg_end_id,triple_type)VALUES (737, 2, 'Property',3, 6, 'auto'), (737, 9, 'Agent',2, 2, 'auto');
INSERT INTO Sentences (sentence_id, sentence, sentence_type)VALUES (738, 'A man in blue is climbing up a rocky cliff with the help of secured cords', 'auto');
INSERT INTO Words ( sentence_id,word_ID ,word,pos)VALUES (738, 1, 'A', 'DT'), (738, 2, 'man', 'NN'), (738, 3, 'in', 'IN'), (738, 4, 'blue', 'JJ'), (738, 5, 'is', 'VBZ'), (738, 6, 'climbing', 'VBG'), (738, 7, 'up', 'RP'), (738, 8, 'a', 'DT'), (738, 9, 'rocky', 'JJ'), (738, 10, 'cliff', 'NN'), (738, 11, 'with', 'IN'), (738, 12, 'the', 'DT'), (738, 13, 'help', 'NN'), (738, 14, 'of', 'IN'), (738, 15, 'secured', 'JJ'), (738, 16, 'cords', 'NNS');
INSERT INTO triples (sentence_id, predicate_id,relation,arg_start_id,arg_end_id,triple_type)VALUES (738, 2, 'Property',3, 4, 'auto'), (738, 6, 'Agent',2, 2, 'auto'), (738, 6, 'Destination',7, 10, 'auto'), (738, 6, 'Instrument',11, 13, 'auto');
INSERT INTO Sentences (sentence_id, sentence, sentence_type)VALUES (739, 'An overhead view of a guy rock climbing', 'auto');
INSERT INTO Words ( sentence_id,word_ID ,word,pos)VALUES (739, 1, 'An', 'DT'), (739, 2, 'overhead', 'JJ'), (739, 3, 'view', 'NN'), (739, 4, 'of', 'IN'), (739, 5, 'a', 'DT'), (739, 6, 'guy', 'NN'), (739, 7, 'rock', 'NN'), (739, 8, 'climbing', 'VBG');
INSERT INTO triples (sentence_id, predicate_id,relation,arg_start_id,arg_end_id,triple_type)VALUES (739, 8, 'Agent',5, 7, 'auto');
INSERT INTO Sentences (sentence_id, sentence, sentence_type)VALUES (740, 'A person in blue climbs up a very tall cliff , attached by red and blue ropes', 'auto');
INSERT INTO Words ( sentence_id,word_ID ,word,pos)VALUES (740, 1, 'A', 'DT'), (740, 2, 'person', 'NN'), (740, 3, 'in', 'IN'), (740, 4, 'blue', 'JJ'), (740, 5, 'climbs', 'VBZ'), (740, 6, 'up', 'RP'), (740, 7, 'a', 'DT'), (740, 8, 'very', 'RB'), (740, 9, 'tall', 'JJ'), (740, 10, 'cliff', 'NN'), (740, 11, ',', ','), (740, 12, 'attached', 'VBN'), (740, 13, 'by', 'IN'), (740, 14, 'red', 'JJ'), (740, 15, 'and', 'CC'), (740, 16, 'blue', 'JJ'), (740, 17, 'ropes', 'NNS');
INSERT INTO triples (sentence_id, predicate_id,relation,arg_start_id,arg_end_id,triple_type)VALUES (740, 2, 'Property',3, 4, 'auto'), (740, 5, 'Agent',2, 2, 'auto'), (740, 5, 'Destination',6, 10, 'auto'), (740, 12, 'Patient',2, 2, 'auto'), (740, 12, 'Instrument',17, 17, 'auto');
INSERT INTO Sentences (sentence_id, sentence, sentence_type)VALUES (741, 'A rock climber makes his way up the mountain', 'auto');
INSERT INTO Words ( sentence_id,word_ID ,word,pos)VALUES (741, 1, 'A', 'DT'), (741, 2, 'rock', 'NN'), (741, 3, 'climber', 'NN'), (741, 4, 'makes', 'VBZ'), (741, 5, 'his', 'PRP$'), (741, 6, 'way', 'NN'), (741, 7, 'up', 'IN'), (741, 8, 'the', 'DT'), (741, 9, 'mountain', 'NN');
INSERT INTO triples (sentence_id, predicate_id,relation,arg_start_id,arg_end_id,triple_type)VALUES (741, 3, 'Property',1, 2, 'auto'), (741, 4, 'Agent',2, 3, 'auto'), (741, 4, 'Patient',5, 6, 'auto');
INSERT INTO Sentences (sentence_id, sentence, sentence_type)VALUES (742, 'a man in blue shorts leaps from cliff into a lake', 'auto');
INSERT INTO Words ( sentence_id,word_ID ,word,pos)VALUES (742, 1, 'a', 'DT'), (742, 2, 'man', 'NN'), (742, 3, 'in', 'IN'), (742, 4, 'blue', 'JJ'), (742, 5, 'shorts', 'NNS'), (742, 6, 'leaps', 'VBZ'), (742, 7, 'from', 'IN'), (742, 8, 'cliff', 'NN'), (742, 9, 'into', 'IN'), (742, 10, 'a', 'DT'), (742, 11, 'lake', 'NN');
INSERT INTO triples (sentence_id, predicate_id,relation,arg_start_id,arg_end_id,triple_type)VALUES (742, 2, 'Property',3, 5, 'auto'), (742, 6, 'Agent',2, 2, 'auto'), (742, 6, 'Source',7, 8, 'auto'), (742, 6, 'Destination',9, 11, 'auto');
INSERT INTO Sentences (sentence_id, sentence, sentence_type)VALUES (743, 'A man in swimming trunks jumping off a rock into a lake', 'auto');
INSERT INTO Words ( sentence_id,word_ID ,word,pos)VALUES (743, 1, 'A', 'DT'), (743, 2, 'man', 'NN'), (743, 3, 'in', 'IN'), (743, 4, 'swimming', 'JJ'), (743, 5, 'trunks', 'NNS'), (743, 6, 'jumping', 'VBG'), (743, 7, 'off', 'RP'), (743, 8, 'a', 'DT'), (743, 9, 'rock', 'NN'), (743, 10, 'into', 'IN'), (743, 11, 'a', 'DT'), (743, 12, 'lake', 'NN');
INSERT INTO triples (sentence_id, predicate_id,relation,arg_start_id,arg_end_id,triple_type)VALUES (743, 2, 'Property',3, 5, 'auto'), (743, 2, 'Location',12, 12, 'auto'), (743, 6, 'Agent',2, 2, 'auto'), (743, 6, 'Source',7, 9, 'auto'), (743, 6, 'Destination',10, 12, 'auto');
INSERT INTO Sentences (sentence_id, sentence, sentence_type)VALUES (744, 'A man jumps from a rock into the water', 'auto');
INSERT INTO Words ( sentence_id,word_ID ,word,pos)VALUES (744, 1, 'A', 'DT'), (744, 2, 'man', 'NN'), (744, 3, 'jumps', 'VBZ'), (744, 4, 'from', 'IN'), (744, 5, 'a', 'DT'), (744, 6, 'rock', 'NN'), (744, 7, 'into', 'IN'), (744, 8, 'the', 'DT'), (744, 9, 'water', 'NN');
INSERT INTO triples (sentence_id, predicate_id,relation,arg_start_id,arg_end_id,triple_type)VALUES (744, 3, 'Agent',2, 2, 'auto'), (744, 3, 'Source',4, 6, 'auto'), (744, 3, 'Destination',7, 9, 'auto');
INSERT INTO Sentences (sentence_id, sentence, sentence_type)VALUES (745, 'a shirtless man jumps into the water', 'auto');
INSERT INTO Words ( sentence_id,word_ID ,word,pos)VALUES (745, 1, 'a', 'DT'), (745, 2, 'shirtless', 'JJ'), (745, 3, 'man', 'NN'), (745, 4, 'jumps', 'VBZ'), (745, 5, 'into', 'IN'), (745, 6, 'the', 'DT'), (745, 7, 'water', 'NN');
INSERT INTO triples (sentence_id, predicate_id,relation,arg_start_id,arg_end_id,triple_type)VALUES (745, 3, 'Property',2, 2, 'auto'), (745, 3, 'Location',6, 7, 'auto'), (745, 4, 'Agent',3, 3, 'auto'), (745, 4, 'Destination',7, 7, 'auto');
INSERT INTO Sentences (sentence_id, sentence, sentence_type)VALUES (746, 'The young man takes an acrobatic leap into the water', 'auto');
INSERT INTO Words ( sentence_id,word_ID ,word,pos)VALUES (746, 1, 'The', 'DT'), (746, 2, 'young', 'JJ'), (746, 3, 'man', 'NN'), (746, 4, 'takes', 'VBZ'), (746, 5, 'an', 'DT'), (746, 6, 'acrobatic', 'JJ'), (746, 7, 'leap', 'NN'), (746, 8, 'into', 'IN'), (746, 9, 'the', 'DT'), (746, 10, 'water', 'NN');
INSERT INTO triples (sentence_id, predicate_id,relation,arg_start_id,arg_end_id,triple_type)VALUES (746, 3, 'Property',1, 2, 'auto'), (746, 3, 'Location',9, 10, 'auto'), (746, 4, 'Agent',2, 3, 'auto'), (746, 4, 'Patient',5, 9, 'auto'), (746, 4, 'Destination',10, 10, 'auto'), (746, 10, 'Location',8, 9, 'auto');
INSERT INTO Sentences (sentence_id, sentence, sentence_type)VALUES (747, 'A man on a bicycle rides on a mountain', 'auto');
INSERT INTO Words ( sentence_id,word_ID ,word,pos)VALUES (747, 1, 'A', 'DT'), (747, 2, 'man', 'NN'), (747, 3, 'on', 'IN'), (747, 4, 'a', 'DT'), (747, 5, 'bicycle', 'NN'), (747, 6, 'rides', 'VBZ'), (747, 7, 'on', 'IN'), (747, 8, 'a', 'DT'), (747, 9, 'mountain', 'NN');
INSERT INTO triples (sentence_id, predicate_id,relation,arg_start_id,arg_end_id,triple_type)VALUES (747, 2, 'Location',3, 5, 'auto'), (747, 6, 'Agent',2, 2, 'auto'), (747, 6, 'Location',7, 9, 'auto');
INSERT INTO Sentences (sentence_id, sentence, sentence_type)VALUES (748, 'A mountain biker makes his way up a grassy path on his red bicycle', 'auto');
INSERT INTO Words ( sentence_id,word_ID ,word,pos)VALUES (748, 1, 'A', 'DT'), (748, 2, 'mountain', 'NN'), (748, 3, 'biker', 'NN'), (748, 4, 'makes', 'VBZ'), (748, 5, 'his', 'PRP$'), (748, 6, 'way', 'NN'), (748, 7, 'up', 'IN'), (748, 8, 'a', 'DT'), (748, 9, 'grassy', 'JJ'), (748, 10, 'path', 'NN'), (748, 11, 'on', 'IN'), (748, 12, 'his', 'PRP$'), (748, 13, 'red', 'JJ'), (748, 14, 'bicycle', 'NN');
INSERT INTO triples (sentence_id, predicate_id,relation,arg_start_id,arg_end_id,triple_type)VALUES (748, 3, 'Property',2, 2, 'auto'), (748, 4, 'Agent',2, 3, 'auto'), (748, 4, 'Patient',5, 6, 'auto'), (748, 4, 'Instrument',11, 14, 'auto');
INSERT INTO Sentences (sentence_id, sentence, sentence_type)VALUES (749, 'A mountain biker rides up a hill on a red bicycle', 'auto');
INSERT INTO Words ( sentence_id,word_ID ,word,pos)VALUES (749, 1, 'A', 'DT'), (749, 2, 'mountain', 'NN'), (749, 3, 'biker', 'NN'), (749, 4, 'rides', 'VBZ'), (749, 5, 'up', 'IN'), (749, 6, 'a', 'DT'), (749, 7, 'hill', 'NN'), (749, 8, 'on', 'IN'), (749, 9, 'a', 'DT'), (749, 10, 'red', 'JJ'), (749, 11, 'bicycle', 'NN');
INSERT INTO triples (sentence_id, predicate_id,relation,arg_start_id,arg_end_id,triple_type)VALUES (749, 3, 'Property',2, 2, 'auto'), (749, 4, 'Agent',3, 3, 'auto'), (749, 4, 'Destination',5, 8, 'auto'), (749, 4, 'Instrument',10, 11, 'auto');
INSERT INTO Sentences (sentence_id, sentence, sentence_type)VALUES (750, 'A mountain biker with a backpack crests a ridge', 'auto');
INSERT INTO Words ( sentence_id,word_ID ,word,pos)VALUES (750, 1, 'A', 'DT'), (750, 2, 'mountain', 'NN'), (750, 3, 'biker', 'NN'), (750, 4, 'with', 'IN'), (750, 5, 'a', 'DT'), (750, 6, 'backpack', 'NN'), (750, 7, 'crests', 'VBZ'), (750, 8, 'a', 'DT'), (750, 9, 'ridge', 'NN');
INSERT INTO triples (sentence_id, predicate_id,relation,arg_start_id,arg_end_id,triple_type)VALUES (750, 3, 'Property',2, 2, 'auto'), (750, 7, 'Agent',3, 3, 'auto'), (750, 7, 'Patient',8, 9, 'auto');
INSERT INTO Sentences (sentence_id, sentence, sentence_type)VALUES (751, 'Someone in a yellow jacket mountain biking on a red bike', 'auto');
INSERT INTO Words ( sentence_id,word_ID ,word,pos)VALUES (751, 1, 'Someone', 'NN'), (751, 2, 'in', 'IN'), (751, 3, 'a', 'DT'), (751, 4, 'yellow', 'JJ'), (751, 5, 'jacket', 'NN'), (751, 6, 'mountain', 'NN'), (751, 7, 'biking', 'VBG'), (751, 8, 'on', 'IN'), (751, 9, 'a', 'DT'), (751, 10, 'red', 'JJ'), (751, 11, 'bike', 'NN');
INSERT INTO triples (sentence_id, predicate_id,relation,arg_start_id,arg_end_id,triple_type)VALUES (751, 1, 'Property',2, 5, 'auto'), (751, 7, 'Agent',1, 1, 'auto'), (751, 7, 'Instrument',8, 11, 'auto');
INSERT INTO Sentences (sentence_id, sentence, sentence_type)VALUES (752, 'A group of men play soccer', 'auto');
INSERT INTO Words ( sentence_id,word_ID ,word,pos)VALUES (752, 1, 'A', 'DT'), (752, 2, 'group', 'NN'), (752, 3, 'of', 'IN'), (752, 4, 'men', 'NNS'), (752, 5, 'play', 'VBP'), (752, 6, 'soccer', 'NN');
INSERT INTO triples (sentence_id, predicate_id,relation,arg_start_id,arg_end_id,triple_type)VALUES (752, 5, 'Agent',2, 4, 'auto'), (752, 5, 'Patient',6, 6, 'auto');
INSERT INTO Sentences (sentence_id, sentence, sentence_type)VALUES (753, 'A rugby player has emerged from the pack with the ball in his hands', 'auto');
INSERT INTO Words ( sentence_id,word_ID ,word,pos)VALUES (753, 1, 'A', 'DT'), (753, 2, 'rugby', 'JJ'), (753, 3, 'player', 'NN'), (753, 4, 'has', 'VBZ'), (753, 5, 'emerged', 'VBN'), (753, 6, 'from', 'IN'), (753, 7, 'the', 'DT'), (753, 8, 'pack', 'NN'), (753, 9, 'with', 'IN'), (753, 10, 'the', 'DT'), (753, 11, 'ball', 'NN'), (753, 12, 'in', 'IN'), (753, 13, 'his', 'PRP$'), (753, 14, 'hands', 'NNS');
INSERT INTO triples (sentence_id, predicate_id,relation,arg_start_id,arg_end_id,triple_type)VALUES (753, 3, 'Property',1, 2, 'auto'), (753, 3, 'Location',7, 8, 'auto'), (753, 5, 'Agent',3, 3, 'auto'), (753, 5, 'Source',6, 8, 'auto'), (753, 11, 'Location',12, 14, 'auto');
INSERT INTO Sentences (sentence_id, sentence, sentence_type)VALUES (754, 'Men playing a game in red uniforms', 'auto');
INSERT INTO Words ( sentence_id,word_ID ,word,pos)VALUES (754, 1, 'Men', 'NN'), (754, 2, 'playing', 'VBG'), (754, 3, 'a', 'DT'), (754, 4, 'game', 'NN'), (754, 5, 'in', 'IN'), (754, 6, 'red', 'JJ'), (754, 7, 'uniforms', 'NNS');
INSERT INTO triples (sentence_id, predicate_id,relation,arg_start_id,arg_end_id,triple_type)VALUES (754, 1, 'Property',6, 7, 'auto'), (754, 2, 'Agent',1, 1, 'auto'), (754, 2, 'Patient',3, 4, 'auto');
INSERT INTO Sentences (sentence_id, sentence, sentence_type)VALUES (755, 'Rugby player in red gets ready to toss the ball', 'auto');
INSERT INTO Words ( sentence_id,word_ID ,word,pos)VALUES (755, 1, 'Rugby', 'JJ'), (755, 2, 'player', 'NN'), (755, 3, 'in', 'IN'), (755, 4, 'red', 'JJ'), (755, 5, 'gets', 'VBZ'), (755, 6, 'ready', 'JJ'), (755, 7, 'to', 'TO'), (755, 8, 'toss', 'VB'), (755, 9, 'the', 'DT'), (755, 10, 'ball', 'NN');
INSERT INTO triples (sentence_id, predicate_id,relation,arg_start_id,arg_end_id,triple_type)VALUES (755, 2, 'Property',3, 4, 'auto'), (755, 5, 'Agent',2, 2, 'auto'), (755, 5, 'Patient',6, 6, 'auto'), (755, 5, 'Beneficiary',7, 10, 'auto'), (755, 8, 'Agent',2, 2, 'auto'), (755, 8, 'Patient',10, 10, 'auto');
INSERT INTO Sentences (sentence_id, sentence, sentence_type)VALUES (756, 'Ruggers are competing in a fierce game of rugby', 'auto');
INSERT INTO Words ( sentence_id,word_ID ,word,pos)VALUES (756, 1, 'Ruggers', 'NNS'), (756, 2, 'are', 'VBP'), (756, 3, 'competing', 'VBG'), (756, 4, 'in', 'IN'), (756, 5, 'a', 'DT'), (756, 6, 'fierce', 'JJ'), (756, 7, 'game', 'NN'), (756, 8, 'of', 'IN'), (756, 9, 'rugby', 'JJ');
INSERT INTO triples (sentence_id, predicate_id,relation,arg_start_id,arg_end_id,triple_type)VALUES (756, 3, 'Agent',1, 1, 'auto'), (756, 3, 'Location',4, 7, 'auto');
INSERT INTO Sentences (sentence_id, sentence, sentence_type)VALUES (757, 'A blue motorcycle is being driven on a racetrack', 'auto');
INSERT INTO Words ( sentence_id,word_ID ,word,pos)VALUES (757, 1, 'A', 'DT'), (757, 2, 'blue', 'JJ'), (757, 3, 'motorcycle', 'NN'), (757, 4, 'is', 'VBZ'), (757, 5, 'being', 'VBG'), (757, 6, 'driven', 'VBN'), (757, 7, 'on', 'IN'), (757, 8, 'a', 'DT'), (757, 9, 'racetrack', 'NN');
INSERT INTO triples (sentence_id, predicate_id,relation,arg_start_id,arg_end_id,triple_type)VALUES (757, 3, 'Property',1, 2, 'auto'), (757, 6, 'Patient',1, 5, 'auto'), (757, 6, 'Location',7, 9, 'auto');
INSERT INTO Sentences (sentence_id, sentence, sentence_type)VALUES (758, 'A motorcycle racer leaning over to take a sharp turn', 'auto');
INSERT INTO Words ( sentence_id,word_ID ,word,pos)VALUES (758, 1, 'A', 'DT'), (758, 2, 'motorcycle', 'NN'), (758, 3, 'racer', 'NN'), (758, 4, 'leaning', 'VBG'), (758, 5, 'over', 'IN'), (758, 6, 'to', 'TO'), (758, 7, 'take', 'VB'), (758, 8, 'a', 'DT'), (758, 9, 'sharp', 'JJ'), (758, 10, 'turn', 'NN');
INSERT INTO triples (sentence_id, predicate_id,relation,arg_start_id,arg_end_id,triple_type)VALUES (758, 2, 'Property',3, 10, 'auto'), (758, 4, 'Agent',2, 3, 'auto'), (758, 4, 'Location',5, 5, 'auto'), (758, 4, 'Patient',10, 10, 'auto'), (758, 7, 'Agent',2, 3, 'auto'), (758, 7, 'Destination',5, 6, 'auto'), (758, 7, 'Location',9, 9, 'auto'), (758, 7, 'Patient',10, 10, 'auto');
INSERT INTO Sentences (sentence_id, sentence, sentence_type)VALUES (759, 'A motorcyclist is leaning into a curve with his motorcycle', 'auto');
INSERT INTO Words ( sentence_id,word_ID ,word,pos)VALUES (759, 1, 'A', 'DT'), (759, 2, 'motorcyclist', 'NN'), (759, 3, 'is', 'VBZ'), (759, 4, 'leaning', 'VBG'), (759, 5, 'into', 'IN'), (759, 6, 'a', 'DT'), (759, 7, 'curve', 'NN'), (759, 8, 'with', 'IN'), (759, 9, 'his', 'PRP$'), (759, 10, 'motorcycle', 'NN');
INSERT INTO triples (sentence_id, predicate_id,relation,arg_start_id,arg_end_id,triple_type)VALUES (759, 2, 'Location',6, 7, 'auto'), (759, 2, 'Property',8, 10, 'auto'), (759, 4, 'Agent',2, 2, 'auto'), (759, 4, 'Location',5, 5, 'auto'), (759, 4, 'Patient',8, 10, 'auto'), (759, 7, 'Location',6, 6, 'auto');
INSERT INTO Sentences (sentence_id, sentence, sentence_type)VALUES (760, 'A race motorcycle takes a sharp turn on the track', 'auto');
INSERT INTO Words ( sentence_id,word_ID ,word,pos)VALUES (760, 1, 'A', 'DT'), (760, 2, 'race', 'NN'), (760, 3, 'motorcycle', 'NN'), (760, 4, 'takes', 'VBZ'), (760, 5, 'a', 'DT'), (760, 6, 'sharp', 'JJ'), (760, 7, 'turn', 'NN'), (760, 8, 'on', 'IN'), (760, 9, 'the', 'DT'), (760, 10, 'track', 'NN');
INSERT INTO triples (sentence_id, predicate_id,relation,arg_start_id,arg_end_id,triple_type)VALUES (760, 3, 'Property',1, 2, 'auto'), (760, 4, 'Agent',2, 3, 'auto'), (760, 4, 'Patient',5, 7, 'auto'), (760, 4, 'Location',8, 10, 'auto');
INSERT INTO Sentences (sentence_id, sentence, sentence_type)VALUES (761, 'A sponsored motorcyclist is making a turn on a racing circuit', 'auto');
INSERT INTO Words ( sentence_id,word_ID ,word,pos)VALUES (761, 1, 'A', 'DT'), (761, 2, 'sponsored', 'JJ'), (761, 3, 'motorcyclist', 'NN'), (761, 4, 'is', 'VBZ'), (761, 5, 'making', 'VBG'), (761, 6, 'a', 'DT'), (761, 7, 'turn', 'NN'), (761, 8, 'on', 'IN'), (761, 9, 'a', 'DT'), (761, 10, 'racing', 'NN'), (761, 11, 'circuit', 'NN');
INSERT INTO triples (sentence_id, predicate_id,relation,arg_start_id,arg_end_id,triple_type)VALUES (761, 3, 'Property',2, 2, 'auto'), (761, 5, 'Agent',2, 3, 'auto'), (761, 5, 'Patient',7, 8, 'auto');
INSERT INTO Sentences (sentence_id, sentence, sentence_type)VALUES (762, 'A monkey is jumping towards another monkey on a smooth rock', 'auto');
INSERT INTO Words ( sentence_id,word_ID ,word,pos)VALUES (762, 1, 'A', 'DT'), (762, 2, 'monkey', 'NN'), (762, 3, 'is', 'VBZ'), (762, 4, 'jumping', 'VBG'), (762, 5, 'towards', 'IN'), (762, 6, 'another', 'DT'), (762, 7, 'monkey', 'NN'), (762, 8, 'on', 'IN'), (762, 9, 'a', 'DT'), (762, 10, 'smooth', 'JJ'), (762, 11, 'rock', 'NN');
INSERT INTO triples (sentence_id, predicate_id,relation,arg_start_id,arg_end_id,triple_type)VALUES (762, 4, 'Agent',2, 2, 'auto'), (762, 4, 'Destination',7, 7, 'auto'), (762, 4, 'Location',8, 11, 'auto');
INSERT INTO Sentences (sentence_id, sentence, sentence_type)VALUES (763, 'A small monkey is jumping on top of another small monkey', 'auto');
INSERT INTO Words ( sentence_id,word_ID ,word,pos)VALUES (763, 1, 'A', 'DT'), (763, 2, 'small', 'JJ'), (763, 3, 'monkey', 'NN'), (763, 4, 'is', 'VBZ'), (763, 5, 'jumping', 'VBG'), (763, 6, 'on', 'RP'), (763, 7, 'top', 'NN'), (763, 8, 'of', 'IN'), (763, 9, 'another', 'DT'), (763, 10, 'small', 'JJ'), (763, 11, 'monkey', 'NN');
INSERT INTO triples (sentence_id, predicate_id,relation,arg_start_id,arg_end_id,triple_type)VALUES (763, 5, 'Agent',2, 4, 'auto'), (763, 5, 'Location',6, 6, 'auto'), (763, 5, 'Patient',8, 10, 'auto'), (763, 5, 'Destination',11, 11, 'auto');
INSERT INTO Sentences (sentence_id, sentence, sentence_type)VALUES (764, 'One monkey is jumping near another monkey on top of a wooden structure', 'auto');
INSERT INTO Words ( sentence_id,word_ID ,word,pos)VALUES (764, 1, 'One', 'CD'), (764, 2, 'monkey', 'NN'), (764, 3, 'is', 'VBZ'), (764, 4, 'jumping', 'VBG'), (764, 5, 'near', 'RB'), (764, 6, 'another', 'DT'), (764, 7, 'monkey', 'NN'), (764, 8, 'on', 'IN'), (764, 9, 'top', 'NN'), (764, 10, 'of', 'IN'), (764, 11, 'a', 'DT'), (764, 12, 'wooden', 'JJ'), (764, 13, 'structure', 'NN');
INSERT INTO triples (sentence_id, predicate_id,relation,arg_start_id,arg_end_id,triple_type)VALUES (764, 4, 'Agent',2, 3, 'auto'), (764, 4, 'Location',12, 13, 'auto');
INSERT INTO Sentences (sentence_id, sentence, sentence_type)VALUES (765, 'There is one small monkey jumping while another monkey watches', 'auto');
INSERT INTO Words ( sentence_id,word_ID ,word,pos)VALUES (765, 1, 'There', 'EX'), (765, 2, 'is', 'VBZ'), (765, 3, 'one', 'CD'), (765, 4, 'small', 'JJ'), (765, 5, 'monkey', 'NN'), (765, 6, 'jumping', 'VBG'), (765, 7, 'while', 'IN'), (765, 8, 'another', 'DT'), (765, 9, 'monkey', 'NN'), (765, 10, 'watches', 'NNS');
INSERT INTO Sentences (sentence_id, sentence, sentence_type)VALUES (766, 'twos small brown monkeys on a wall fighting with each other', 'auto');
INSERT INTO Words ( sentence_id,word_ID ,word,pos)VALUES (766, 1, 'twos', 'NNS'), (766, 2, 'small', 'JJ'), (766, 3, 'brown', 'JJ'), (766, 4, 'monkeys', 'NNS'), (766, 5, 'on', 'IN'), (766, 6, 'a', 'DT'), (766, 7, 'wall', 'NN'), (766, 8, 'fighting', 'VBG'), (766, 9, 'with', 'IN'), (766, 10, 'each', 'DT'), (766, 11, 'other', 'JJ');
INSERT INTO triples (sentence_id, predicate_id,relation,arg_start_id,arg_end_id,triple_type)VALUES (766, 4, 'Property',1, 3, 'auto'), (766, 4, 'Location',5, 7, 'auto'), (766, 8, 'Agent',3, 4, 'auto'), (766, 8, 'Location',5, 7, 'auto'), (766, 8, 'Patient',10, 11, 'auto');
INSERT INTO Sentences (sentence_id, sentence, sentence_type)VALUES (767, 'A roller blader is in mid-air on a ramp', 'auto');
INSERT INTO Words ( sentence_id,word_ID ,word,pos)VALUES (767, 1, 'A', 'DT'), (767, 2, 'roller', 'NN'), (767, 3, 'blader', 'NN'), (767, 4, 'is', 'VBZ'), (767, 5, 'in', 'IN'), (767, 6, 'mid-air', 'NN'), (767, 7, 'on', 'IN'), (767, 8, 'a', 'DT'), (767, 9, 'ramp', 'NN');
INSERT INTO triples (sentence_id, predicate_id,relation,arg_start_id,arg_end_id,triple_type)VALUES (767, 4, 'Patient',1, 3, 'auto'), (767, 4, 'Location',7, 9, 'auto');
INSERT INTO Sentences (sentence_id, sentence, sentence_type)VALUES (768, 'Rollerblader in the air above a ramp', 'auto');
INSERT INTO Words ( sentence_id,word_ID ,word,pos)VALUES (768, 1, 'Rollerblader', 'NNP'), (768, 2, 'in', 'IN'), (768, 3, 'the', 'DT'), (768, 4, 'air', 'NN'), (768, 5, 'above', 'IN'), (768, 6, 'a', 'DT'), (768, 7, 'ramp', 'NN');
INSERT INTO triples (sentence_id, predicate_id,relation,arg_start_id,arg_end_id,triple_type)VALUES (768, 1, 'Location',2, 4, 'auto');
INSERT INTO Sentences (sentence_id, sentence, sentence_type)VALUES (769, 'Skateboarder in black on ramps in mid air pose', 'auto');
INSERT INTO Words ( sentence_id,word_ID ,word,pos)VALUES (769, 1, 'Skateboarder', 'NN'), (769, 2, 'in', 'IN'), (769, 3, 'black', 'JJ'), (769, 4, 'on', 'IN'), (769, 5, 'ramps', 'NNS'), (769, 6, 'in', 'IN'), (769, 7, 'mid', 'JJ'), (769, 8, 'air', 'NN'), (769, 9, 'pose', 'VBP');
INSERT INTO triples (sentence_id, predicate_id,relation,arg_start_id,arg_end_id,triple_type)VALUES (769, 9, 'Agent',1, 1, 'auto');
INSERT INTO Sentences (sentence_id, sentence, sentence_type)VALUES (770, 'Skateboarder jumping from one quarterpipe to another', 'auto');
INSERT INTO Words ( sentence_id,word_ID ,word,pos)VALUES (770, 1, 'Skateboarder', 'NN'), (770, 2, 'jumping', 'VBG'), (770, 3, 'from', 'IN'), (770, 4, 'one', 'CD'), (770, 5, 'quarterpipe', 'NN'), (770, 6, 'to', 'TO'), (770, 7, 'another', 'DT');
INSERT INTO triples (sentence_id, predicate_id,relation,arg_start_id,arg_end_id,triple_type)VALUES (770, 2, 'Agent',1, 1, 'auto'), (770, 2, 'Patient',6, 6, 'auto'), (770, 4, 'Location',5, 7, 'auto');
INSERT INTO Sentences (sentence_id, sentence, sentence_type)VALUES (771, 'Three young boys are skateboarding on a ramp', 'auto');
INSERT INTO Words ( sentence_id,word_ID ,word,pos)VALUES (771, 1, 'Three', 'CD'), (771, 2, 'young', 'JJ'), (771, 3, 'boys', 'NNS'), (771, 4, 'are', 'VBP'), (771, 5, 'skateboarding', 'VBG'), (771, 6, 'on', 'IN'), (771, 7, 'a', 'DT'), (771, 8, 'ramp', 'NN');
INSERT INTO triples (sentence_id, predicate_id,relation,arg_start_id,arg_end_id,triple_type)VALUES (771, 5, 'Patient',1, 1, 'auto'), (771, 5, 'Agent',2, 3, 'auto'), (771, 5, 'Location',6, 8, 'auto'), (771, 8, 'Location',6, 7, 'auto');
INSERT INTO Sentences (sentence_id, sentence, sentence_type)VALUES (772, 'A motocross rider is on a dirt hill', 'auto');
INSERT INTO Words ( sentence_id,word_ID ,word,pos)VALUES (772, 1, 'A', 'DT'), (772, 2, 'motocross', 'NN'), (772, 3, 'rider', 'NN'), (772, 4, 'is', 'VBZ'), (772, 5, 'on', 'IN'), (772, 6, 'a', 'DT'), (772, 7, 'dirt', 'NN'), (772, 8, 'hill', 'NN');
INSERT INTO triples (sentence_id, predicate_id,relation,arg_start_id,arg_end_id,triple_type)VALUES (772, 3, 'Property',1, 2, 'auto'), (772, 4, 'Patient',1, 2, 'auto'), (772, 4, 'Agent',3, 3, 'auto'), (772, 4, 'Location',5, 7, 'auto'), (772, 8, 'Property',1, 1, 'auto'), (772, 8, 'Material',2, 3, 'auto');
INSERT INTO Sentences (sentence_id, sentence, sentence_type)VALUES (773, 'A person is riding a green motorcycle', 'auto');
INSERT INTO Words ( sentence_id,word_ID ,word,pos)VALUES (773, 1, 'A', 'DT'), (773, 2, 'person', 'NN'), (773, 3, 'is', 'VBZ'), (773, 4, 'riding', 'VBG'), (773, 5, 'a', 'DT'), (773, 6, 'green', 'JJ'), (773, 7, 'motorcycle', 'NN');
INSERT INTO triples (sentence_id, predicate_id,relation,arg_start_id,arg_end_id,triple_type)VALUES (773, 2, 'Property',3, 6, 'auto'), (773, 2, 'Location',7, 7, 'auto'), (773, 4, 'Agent',2, 3, 'auto'), (773, 4, 'Patient',5, 7, 'auto'), (773, 7, 'Property',1, 6, 'auto');
INSERT INTO Sentences (sentence_id, sentence, sentence_type)VALUES (774, 'Biker with helmet riding a green dirt bike mid air', 'auto');
INSERT INTO Words ( sentence_id,word_ID ,word,pos)VALUES (774, 1, 'Biker', 'NN'), (774, 2, 'with', 'IN'), (774, 3, 'helmet', 'NN'), (774, 4, 'riding', 'VBG'), (774, 5, 'a', 'DT'), (774, 6, 'green', 'JJ'), (774, 7, 'dirt', 'NN'), (774, 8, 'bike', 'NN'), (774, 9, 'mid', 'JJ'), (774, 10, 'air', 'NN');
INSERT INTO triples (sentence_id, predicate_id,relation,arg_start_id,arg_end_id,triple_type)VALUES (774, 1, 'Property',2, 3, 'auto'), (774, 4, 'Agent',1, 1, 'auto'), (774, 4, 'Patient',8, 8, 'auto'), (774, 8, 'Property',5, 7, 'auto'), (774, 8, 'Location',10, 10, 'auto');
INSERT INTO Sentences (sentence_id, sentence, sentence_type)VALUES (775, 'Green motorcycle moving fast down dirt path', 'auto');
INSERT INTO Words ( sentence_id,word_ID ,word,pos)VALUES (775, 1, 'Green', 'NNP'), (775, 2, 'motorcycle', 'NN'), (775, 3, 'moving', 'VBG'), (775, 4, 'fast', 'RB'), (775, 5, 'down', 'IN'), (775, 6, 'dirt', 'NN'), (775, 7, 'path', 'NN');
INSERT INTO triples (sentence_id, predicate_id,relation,arg_start_id,arg_end_id,triple_type)VALUES (775, 2, 'Property',1, 1, 'auto'), (775, 3, 'Agent',2, 2, 'auto'), (775, 3, 'Destination',5, 7, 'auto');
INSERT INTO Sentences (sentence_id, sentence, sentence_type)VALUES (776, 'Motorcycle rider going over a bump', 'auto');
INSERT INTO Words ( sentence_id,word_ID ,word,pos)VALUES (776, 1, 'Motorcycle', 'NNP'), (776, 2, 'rider', 'NN'), (776, 3, 'going', 'VBG'), (776, 4, 'over', 'IN'), (776, 5, 'a', 'DT'), (776, 6, 'bump', 'NN');
INSERT INTO triples (sentence_id, predicate_id,relation,arg_start_id,arg_end_id,triple_type)VALUES (776, 2, 'Property',1, 1, 'auto'), (776, 3, 'Agent',2, 2, 'auto'), (776, 3, 'Location',6, 6, 'auto');
INSERT INTO Sentences (sentence_id, sentence, sentence_type)VALUES (777, 'A boy in jeans and a black shirt skating down a stair rail', 'auto');
INSERT INTO Words ( sentence_id,word_ID ,word,pos)VALUES (777, 1, 'A', 'DT'), (777, 2, 'boy', 'NN'), (777, 3, 'in', 'IN'), (777, 4, 'jeans', 'NNS'), (777, 5, 'and', 'CC'), (777, 6, 'a', 'DT'), (777, 7, 'black', 'JJ'), (777, 8, 'shirt', 'NN'), (777, 9, 'skating', 'VBG'), (777, 10, 'down', 'RP'), (777, 11, 'a', 'DT'), (777, 12, 'stair', 'NN'), (777, 13, 'rail', 'NN');
INSERT INTO triples (sentence_id, predicate_id,relation,arg_start_id,arg_end_id,triple_type)VALUES (777, 2, 'Property',3, 8, 'auto'), (777, 2, 'Location',12, 13, 'auto'), (777, 9, 'Agent',2, 2, 'auto'), (777, 9, 'Location',10, 10, 'auto'), (777, 9, 'Patient',11, 13, 'auto');
INSERT INTO Sentences (sentence_id, sentence, sentence_type)VALUES (778, 'A skateboarder goes down a railing', 'auto');
INSERT INTO Words ( sentence_id,word_ID ,word,pos)VALUES (778, 1, 'A', 'DT'), (778, 2, 'skateboarder', 'NN'), (778, 3, 'goes', 'VBZ'), (778, 4, 'down', 'RP'), (778, 5, 'a', 'DT'), (778, 6, 'railing', 'NN');
INSERT INTO triples (sentence_id, predicate_id,relation,arg_start_id,arg_end_id,triple_type)VALUES (778, 3, 'Agent',2, 2, 'auto'), (778, 3, 'Destination',4, 4, 'auto'), (778, 3, 'Patient',5, 5, 'auto');
INSERT INTO Sentences (sentence_id, sentence, sentence_type)VALUES (779, 'A teenager performing a trick on a stairway in public', 'auto');
INSERT INTO Words ( sentence_id,word_ID ,word,pos)VALUES (779, 1, 'A', 'DT'), (779, 2, 'teenager', 'NN'), (779, 3, 'performing', 'VBG'), (779, 4, 'a', 'DT'), (779, 5, 'trick', 'NN'), (779, 6, 'on', 'IN'), (779, 7, 'a', 'DT'), (779, 8, 'stairway', 'NN'), (779, 9, 'in', 'IN'), (779, 10, 'public', 'NN');
INSERT INTO triples (sentence_id, predicate_id,relation,arg_start_id,arg_end_id,triple_type)VALUES (779, 3, 'Agent',2, 2, 'auto'), (779, 3, 'Patient',4, 5, 'auto'), (779, 3, 'Location',6, 8, 'auto');
INSERT INTO Sentences (sentence_id, sentence, sentence_type)VALUES (780, 'Man with helmet performing a trick while rollerblading', 'auto');
INSERT INTO Words ( sentence_id,word_ID ,word,pos)VALUES (780, 1, 'Man', 'NN'), (780, 2, 'with', 'IN'), (780, 3, 'helmet', 'NN'), (780, 4, 'performing', 'VBG'), (780, 5, 'a', 'DT'), (780, 6, 'trick', 'NN'), (780, 7, 'while', 'IN'), (780, 8, 'rollerblading', 'VBG');
INSERT INTO triples (sentence_id, predicate_id,relation,arg_start_id,arg_end_id,triple_type)VALUES (780, 1, 'Property',2, 3, 'auto'), (780, 4, 'Agent',1, 1, 'auto'), (780, 4, 'Patient',5, 6, 'auto'), (780, 4, 'Time',7, 8, 'auto');
INSERT INTO Sentences (sentence_id, sentence, sentence_type)VALUES (781, 'The teenage boy is grinding a skateboard on a steep rail', 'auto');
INSERT INTO Words ( sentence_id,word_ID ,word,pos)VALUES (781, 1, 'The', 'DT'), (781, 2, 'teenage', 'JJ'), (781, 3, 'boy', 'NN'), (781, 4, 'is', 'VBZ'), (781, 5, 'grinding', 'VBG'), (781, 6, 'a', 'DT'), (781, 7, 'skateboard', 'NN'), (781, 8, 'on', 'IN'), (781, 9, 'a', 'DT'), (781, 10, 'steep', 'JJ'), (781, 11, 'rail', 'NN');
INSERT INTO triples (sentence_id, predicate_id,relation,arg_start_id,arg_end_id,triple_type)VALUES (781, 3, 'Location',7, 11, 'auto'), (781, 5, 'Agent',3, 3, 'auto'), (781, 5, 'Patient',6, 7, 'auto');
INSERT INTO Sentences (sentence_id, sentence, sentence_type)VALUES (782, 'A cyclist is performing a jump by some trees', 'auto');
INSERT INTO Words ( sentence_id,word_ID ,word,pos)VALUES (782, 1, 'A', 'DT'), (782, 2, 'cyclist', 'NN'), (782, 3, 'is', 'VBZ'), (782, 4, 'performing', 'VBG'), (782, 5, 'a', 'DT'), (782, 6, 'jump', 'NN'), (782, 7, 'by', 'IN'), (782, 8, 'some', 'DT'), (782, 9, 'trees', 'NNS');
INSERT INTO triples (sentence_id, predicate_id,relation,arg_start_id,arg_end_id,triple_type)VALUES (782, 4, 'Agent',2, 2, 'auto'), (782, 4, 'Patient',6, 6, 'auto'), (782, 4, 'Location',7, 9, 'auto');
INSERT INTO Sentences (sentence_id, sentence, sentence_type)VALUES (783, 'A man doing a jumping bike trick surrounded by trees', 'auto');
INSERT INTO Words ( sentence_id,word_ID ,word,pos)VALUES (783, 1, 'A', 'DT'), (783, 2, 'man', 'NN'), (783, 3, 'doing', 'VBG'), (783, 4, 'a', 'DT'), (783, 5, 'jumping', 'JJ'), (783, 6, 'bike', 'NN'), (783, 7, 'trick', 'NN'), (783, 8, 'surrounded', 'VBN'), (783, 9, 'by', 'IN'), (783, 10, 'trees', 'NNS');
INSERT INTO triples (sentence_id, predicate_id,relation,arg_start_id,arg_end_id,triple_type)VALUES (783, 2, 'Location',8, 10, 'auto'), (783, 3, 'Agent',2, 2, 'auto'), (783, 3, 'Patient',4, 7, 'auto'), (783, 3, 'Location',8, 10, 'auto'), (783, 6, 'Location',8, 10, 'auto'), (783, 8, 'Patient',2, 2, 'auto'), (783, 8, 'Agent',10, 10, 'auto');
INSERT INTO Sentences (sentence_id, sentence, sentence_type)VALUES (784, 'Bicyclist doing jumping trick in front of trees', 'auto');
INSERT INTO Words ( sentence_id,word_ID ,word,pos)VALUES (784, 1, 'Bicyclist', 'NNP'), (784, 2, 'doing', 'VBG'), (784, 3, 'jumping', 'JJ'), (784, 4, 'trick', 'NN'), (784, 5, 'in', 'IN'), (784, 6, 'front', 'NN'), (784, 7, 'of', 'IN'), (784, 8, 'trees', 'NNS');
INSERT INTO triples (sentence_id, predicate_id,relation,arg_start_id,arg_end_id,triple_type)VALUES (784, 2, 'Agent',1, 1, 'auto'), (784, 2, 'Patient',3, 4, 'auto'), (784, 2, 'Location',5, 8, 'auto');
INSERT INTO Sentences (sentence_id, sentence, sentence_type)VALUES (785, 'Bike rider jumping very high on his bike in the woods', 'auto');
INSERT INTO Words ( sentence_id,word_ID ,word,pos)VALUES (785, 1, 'Bike', 'NN'), (785, 2, 'rider', 'NN'), (785, 3, 'jumping', 'VBG'), (785, 4, 'very', 'RB'), (785, 5, 'high', 'JJ'), (785, 6, 'on', 'IN'), (785, 7, 'his', 'PRP$'), (785, 8, 'bike', 'NN'), (785, 9, 'in', 'IN'), (785, 10, 'the', 'DT'), (785, 11, 'woods', 'NNS');
INSERT INTO triples (sentence_id, predicate_id,relation,arg_start_id,arg_end_id,triple_type)VALUES (785, 2, 'Property',1, 1, 'auto'), (785, 3, 'Agent',1, 2, 'auto'), (785, 3, 'Patient',4, 6, 'auto'), (785, 3, 'Instrument',8, 8, 'auto'), (785, 3, 'Location',9, 11, 'auto'), (785, 8, 'Location',9, 11, 'auto');
INSERT INTO Sentences (sentence_id, sentence, sentence_type)VALUES (786, 'The man on the bicycle is doing a stunt through the air', 'auto');
INSERT INTO Words ( sentence_id,word_ID ,word,pos)VALUES (786, 1, 'The', 'DT'), (786, 2, 'man', 'NN'), (786, 3, 'on', 'IN'), (786, 4, 'the', 'DT'), (786, 5, 'bicycle', 'NN'), (786, 6, 'is', 'VBZ'), (786, 7, 'doing', 'VBG'), (786, 8, 'a', 'DT'), (786, 9, 'stunt', 'NN'), (786, 10, 'through', 'IN'), (786, 11, 'the', 'DT'), (786, 12, 'air', 'NN');
INSERT INTO triples (sentence_id, predicate_id,relation,arg_start_id,arg_end_id,triple_type)VALUES (786, 2, 'Location',3, 5, 'auto');
INSERT INTO Sentences (sentence_id, sentence, sentence_type)VALUES (787, 'A boy performing tricks on a brick wall with a skateboard', 'auto');
INSERT INTO Words ( sentence_id,word_ID ,word,pos)VALUES (787, 1, 'A', 'DT'), (787, 2, 'boy', 'NN'), (787, 3, 'performing', 'VBG'), (787, 4, 'tricks', 'NNS'), (787, 5, 'on', 'IN'), (787, 6, 'a', 'DT'), (787, 7, 'brick', 'NN'), (787, 8, 'wall', 'NN'), (787, 9, 'with', 'IN'), (787, 10, 'a', 'DT'), (787, 11, 'skateboard', 'NN');
INSERT INTO triples (sentence_id, predicate_id,relation,arg_start_id,arg_end_id,triple_type)VALUES (787, 2, 'Location',5, 11, 'auto'), (787, 3, 'Agent',2, 2, 'auto'), (787, 3, 'Patient',4, 4, 'auto'), (787, 3, 'Location',5, 11, 'auto');
INSERT INTO Sentences (sentence_id, sentence, sentence_type)VALUES (788, 'A guy skateboarding on the side of steps', 'auto');
INSERT INTO Words ( sentence_id,word_ID ,word,pos)VALUES (788, 1, 'A', 'DT'), (788, 2, 'guy', 'NN'), (788, 3, 'skateboarding', 'VBG'), (788, 4, 'on', 'IN'), (788, 5, 'the', 'DT'), (788, 6, 'side', 'NN'), (788, 7, 'of', 'IN'), (788, 8, 'steps', 'NNS');
INSERT INTO triples (sentence_id, predicate_id,relation,arg_start_id,arg_end_id,triple_type)VALUES (788, 2, 'Property',3, 8, 'auto'), (788, 3, 'Agent',2, 2, 'auto'), (788, 3, 'Location',4, 6, 'auto');
INSERT INTO Sentences (sentence_id, sentence, sentence_type)VALUES (789, 'A skateboarder doing tricks on a brick wall next to stairs', 'auto');
INSERT INTO Words ( sentence_id,word_ID ,word,pos)VALUES (789, 1, 'A', 'DT'), (789, 2, 'skateboarder', 'NN'), (789, 3, 'doing', 'VBG'), (789, 4, 'tricks', 'NNS'), (789, 5, 'on', 'IN'), (789, 6, 'a', 'DT'), (789, 7, 'brick', 'NN'), (789, 8, 'wall', 'NN'), (789, 9, 'next', 'JJ'), (789, 10, 'to', 'TO'), (789, 11, 'stairs', 'NNS');
INSERT INTO triples (sentence_id, predicate_id,relation,arg_start_id,arg_end_id,triple_type)VALUES (789, 3, 'Agent',2, 2, 'auto'), (789, 3, 'Patient',4, 4, 'auto'), (789, 3, 'Location',5, 8, 'auto'), (789, 8, 'Location',9, 11, 'auto');
INSERT INTO Sentences (sentence_id, sentence, sentence_type)VALUES (790, 'A skateboarder is balancing on a brick wall', 'auto');
INSERT INTO Words ( sentence_id,word_ID ,word,pos)VALUES (790, 1, 'A', 'DT'), (790, 2, 'skateboarder', 'NN'), (790, 3, 'is', 'VBZ'), (790, 4, 'balancing', 'VBG'), (790, 5, 'on', 'IN'), (790, 6, 'a', 'DT'), (790, 7, 'brick', 'NN'), (790, 8, 'wall', 'NN');
INSERT INTO triples (sentence_id, predicate_id,relation,arg_start_id,arg_end_id,triple_type)VALUES (790, 4, 'Agent',2, 2, 'auto'), (790, 4, 'Location',5, 8, 'auto');
INSERT INTO Sentences (sentence_id, sentence, sentence_type)VALUES (791, 'The skateboarder is balancing himself and his skate board on the edge of a brick wall', 'auto');
INSERT INTO Words ( sentence_id,word_ID ,word,pos)VALUES (791, 1, 'The', 'DT'), (791, 2, 'skateboarder', 'NN'), (791, 3, 'is', 'VBZ'), (791, 4, 'balancing', 'VBG'), (791, 5, 'himself', 'PRP'), (791, 6, 'and', 'CC'), (791, 7, 'his', 'PRP$'), (791, 8, 'skate', 'NN'), (791, 9, 'board', 'NN'), (791, 10, 'on', 'IN'), (791, 11, 'the', 'DT'), (791, 12, 'edge', 'NN'), (791, 13, 'of', 'IN'), (791, 14, 'a', 'DT'), (791, 15, 'brick', 'NN'), (791, 16, 'wall', 'NN');
INSERT INTO triples (sentence_id, predicate_id,relation,arg_start_id,arg_end_id,triple_type)VALUES (791, 4, 'Agent',2, 2, 'auto'), (791, 4, 'Patient',5, 9, 'auto'), (791, 4, 'Location',10, 12, 'auto');
INSERT INTO Sentences (sentence_id, sentence, sentence_type)VALUES (792, 'A biker rides a motorcycle on a race track', 'auto');
INSERT INTO Words ( sentence_id,word_ID ,word,pos)VALUES (792, 1, 'A', 'DT'), (792, 2, 'biker', 'NN'), (792, 3, 'rides', 'VBZ'), (792, 4, 'a', 'DT'), (792, 5, 'motorcycle', 'NN'), (792, 6, 'on', 'IN'), (792, 7, 'a', 'DT'), (792, 8, 'race', 'NN'), (792, 9, 'track', 'NN');
INSERT INTO triples (sentence_id, predicate_id,relation,arg_start_id,arg_end_id,triple_type)VALUES (792, 3, 'Agent',2, 2, 'auto'), (792, 3, 'Patient',4, 5, 'auto'), (792, 3, 'Location',6, 9, 'auto'), (792, 5, 'Property',6, 9, 'auto');
INSERT INTO Sentences (sentence_id, sentence, sentence_type)VALUES (793, 'A man races a blue motorcycle on a track', 'auto');
INSERT INTO Words ( sentence_id,word_ID ,word,pos)VALUES (793, 1, 'A', 'DT'), (793, 2, 'man', 'NN'), (793, 3, 'races', 'VBZ'), (793, 4, 'a', 'DT'), (793, 5, 'blue', 'JJ'), (793, 6, 'motorcycle', 'NN'), (793, 7, 'on', 'IN'), (793, 8, 'a', 'DT'), (793, 9, 'track', 'NN');
INSERT INTO triples (sentence_id, predicate_id,relation,arg_start_id,arg_end_id,triple_type)VALUES (793, 2, 'Location',8, 9, 'auto'), (793, 3, 'Agent',2, 2, 'auto'), (793, 3, 'Patient',4, 6, 'auto'), (793, 3, 'Location',8, 9, 'auto'), (793, 6, 'Property',5, 5, 'auto'), (793, 6, 'Location',8, 9, 'auto');
INSERT INTO Sentences (sentence_id, sentence, sentence_type)VALUES (794, 'A motorcycle rider turns the motorcycle on its side while racing', 'auto');
INSERT INTO Words ( sentence_id,word_ID ,word,pos)VALUES (794, 1, 'A', 'DT'), (794, 2, 'motorcycle', 'NN'), (794, 3, 'rider', 'NN'), (794, 4, 'turns', 'VBZ'), (794, 5, 'the', 'DT'), (794, 6, 'motorcycle', 'NN'), (794, 7, 'on', 'IN'), (794, 8, 'its', 'PRP$'), (794, 9, 'side', 'NN'), (794, 10, 'while', 'IN'), (794, 11, 'racing', 'NN');
INSERT INTO triples (sentence_id, predicate_id,relation,arg_start_id,arg_end_id,triple_type)VALUES (794, 4, 'Property',1, 2, 'auto');
INSERT INTO Sentences (sentence_id, sentence, sentence_type)VALUES (795, 'A motorcyclist takes a corner', 'auto');
INSERT INTO Words ( sentence_id,word_ID ,word,pos)VALUES (795, 1, 'A', 'DT'), (795, 2, 'motorcyclist', 'NN'), (795, 3, 'takes', 'VBZ'), (795, 4, 'a', 'DT'), (795, 5, 'corner', 'NN');
INSERT INTO triples (sentence_id, predicate_id,relation,arg_start_id,arg_end_id,triple_type)VALUES (795, 2, 'Location',5, 5, 'auto'), (795, 3, 'Agent',2, 2, 'auto'), (795, 3, 'Patient',5, 5, 'auto');
INSERT INTO Sentences (sentence_id, sentence, sentence_type)VALUES (796, 'A race car driver in a Yamaha bicycle is turning on a racetrack', 'auto');
INSERT INTO Words ( sentence_id,word_ID ,word,pos)VALUES (796, 1, 'A', 'DT'), (796, 2, 'race', 'NN'), (796, 3, 'car', 'NN'), (796, 4, 'driver', 'NN'), (796, 5, 'in', 'IN'), (796, 6, 'a', 'DT'), (796, 7, 'Yamaha', 'NNP'), (796, 8, 'bicycle', 'NN'), (796, 9, 'is', 'VBZ'), (796, 10, 'turning', 'VBG'), (796, 11, 'on', 'RP'), (796, 12, 'a', 'DT'), (796, 13, 'racetrack', 'NN');
INSERT INTO triples (sentence_id, predicate_id,relation,arg_start_id,arg_end_id,triple_type)VALUES (796, 4, 'Property',2, 3, 'auto'), (796, 4, 'Location',5, 8, 'auto'), (796, 8, 'Property',6, 7, 'auto'), (796, 10, 'Agent',2, 4, 'auto'), (796, 10, 'Instrument',5, 8, 'auto'), (796, 10, 'Location',11, 13, 'auto');
INSERT INTO Sentences (sentence_id, sentence, sentence_type)VALUES (797, 'A man swings his racket at a tennis ball', 'auto');
INSERT INTO Words ( sentence_id,word_ID ,word,pos)VALUES (797, 1, 'A', 'DT'), (797, 2, 'man', 'NN'), (797, 3, 'swings', 'VBZ'), (797, 4, 'his', 'PRP$'), (797, 5, 'racket', 'NN'), (797, 6, 'at', 'IN'), (797, 7, 'a', 'DT'), (797, 8, 'tennis', 'NN'), (797, 9, 'ball', 'NN');
INSERT INTO Sentences (sentence_id, sentence, sentence_type)VALUES (798, 'A man with no shirt is playing tennis', 'auto');
INSERT INTO Words ( sentence_id,word_ID ,word,pos)VALUES (798, 1, 'A', 'DT'), (798, 2, 'man', 'NN'), (798, 3, 'with', 'IN'), (798, 4, 'no', 'DT'), (798, 5, 'shirt', 'NN'), (798, 6, 'is', 'VBZ'), (798, 7, 'playing', 'VBG'), (798, 8, 'tennis', 'NN');
INSERT INTO triples (sentence_id, predicate_id,relation,arg_start_id,arg_end_id,triple_type)VALUES (798, 2, 'Property',3, 5, 'auto'), (798, 7, 'Agent',2, 2, 'auto'), (798, 7, 'Patient',8, 8, 'auto');
INSERT INTO Sentences (sentence_id, sentence, sentence_type)VALUES (799, 'A man without a shirt playing tennis', 'auto');
INSERT INTO Words ( sentence_id,word_ID ,word,pos)VALUES (799, 1, 'A', 'DT'), (799, 2, 'man', 'NN'), (799, 3, 'without', 'IN'), (799, 4, 'a', 'DT'), (799, 5, 'shirt', 'NN'), (799, 6, 'playing', 'VBG'), (799, 7, 'tennis', 'NN');
INSERT INTO triples (sentence_id, predicate_id,relation,arg_start_id,arg_end_id,triple_type)VALUES (799, 2, 'Property',3, 5, 'auto'), (799, 6, 'Agent',2, 2, 'auto'), (799, 6, 'Patient',7, 7, 'auto');
INSERT INTO Sentences (sentence_id, sentence, sentence_type)VALUES (800, 'A shirtless man is getting ready to hit a tennis ball', 'auto');
INSERT INTO Words ( sentence_id,word_ID ,word,pos)VALUES (800, 1, 'A', 'DT'), (800, 2, 'shirtless', 'JJ'), (800, 3, 'man', 'NN'), (800, 4, 'is', 'VBZ'), (800, 5, 'getting', 'VBG'), (800, 6, 'ready', 'JJ'), (800, 7, 'to', 'TO'), (800, 8, 'hit', 'VB'), (800, 9, 'a', 'DT'), (800, 10, 'tennis', 'NN'), (800, 11, 'ball', 'NN');
INSERT INTO triples (sentence_id, predicate_id,relation,arg_start_id,arg_end_id,triple_type)VALUES (800, 3, 'Property',2, 2, 'auto'), (800, 5, 'Agent',2, 3, 'auto'), (800, 5, 'Beneficiary',7, 8, 'auto'), (800, 8, 'Agent',2, 3, 'auto'), (800, 8, 'Patient',10, 11, 'auto');
INSERT INTO Sentences (sentence_id, sentence, sentence_type)VALUES (801, 'A shirtless man playing tennis in an fenced-in area', 'auto');
INSERT INTO Words ( sentence_id,word_ID ,word,pos)VALUES (801, 1, 'A', 'DT'), (801, 2, 'shirtless', 'JJ'), (801, 3, 'man', 'NN'), (801, 4, 'playing', 'VBG'), (801, 5, 'tennis', 'NN'), (801, 6, 'in', 'IN'), (801, 7, 'an', 'DT'), (801, 8, 'fenced-in', 'JJ'), (801, 9, 'area', 'NN');
INSERT INTO triples (sentence_id, predicate_id,relation,arg_start_id,arg_end_id,triple_type)VALUES (801, 3, 'Property',2, 2, 'auto'), (801, 3, 'Location',6, 9, 'auto'), (801, 4, 'Agent',2, 3, 'auto'), (801, 4, 'Patient',5, 5, 'auto'), (801, 4, 'Location',6, 9, 'auto');
INSERT INTO Sentences (sentence_id, sentence, sentence_type)VALUES (802, 'A boy and two men shooting off a water rocket at the beach', 'auto');
INSERT INTO Words ( sentence_id,word_ID ,word,pos)VALUES (802, 1, 'A', 'DT'), (802, 2, 'boy', 'NN'), (802, 3, 'and', 'CC'), (802, 4, 'two', 'CD'), (802, 5, 'men', 'NNS'), (802, 6, 'shooting', 'VBG'), (802, 7, 'off', 'RP'), (802, 8, 'a', 'DT'), (802, 9, 'water', 'NN'), (802, 10, 'rocket', 'NN'), (802, 11, 'at', 'IN'), (802, 12, 'the', 'DT'), (802, 13, 'beach', 'NN');
INSERT INTO triples (sentence_id, predicate_id,relation,arg_start_id,arg_end_id,triple_type)VALUES (802, 2, 'Location',13, 13, 'auto'), (802, 5, 'Location',11, 13, 'auto'), (802, 6, 'Agent',2, 5, 'auto'), (802, 6, 'Patient',10, 10, 'auto'), (802, 10, 'Location',11, 13, 'auto');
INSERT INTO Sentences (sentence_id, sentence, sentence_type)VALUES (803, 'A group of people are standing on the beach in front of some boats', 'auto');
INSERT INTO Words ( sentence_id,word_ID ,word,pos)VALUES (803, 1, 'A', 'DT'), (803, 2, 'group', 'NN'), (803, 3, 'of', 'IN'), (803, 4, 'people', 'NNS'), (803, 5, 'are', 'VBP'), (803, 6, 'standing', 'VBG'), (803, 7, 'on', 'IN'), (803, 8, 'the', 'DT'), (803, 9, 'beach', 'NN'), (803, 10, 'in', 'IN'), (803, 11, 'front', 'NN'), (803, 12, 'of', 'IN'), (803, 13, 'some', 'DT'), (803, 14, 'boats', 'NNS');
INSERT INTO triples (sentence_id, predicate_id,relation,arg_start_id,arg_end_id,triple_type)VALUES (803, 4, 'Location',7, 14, 'auto'), (803, 6, 'Agent',2, 4, 'auto'), (803, 6, 'Location',7, 14, 'auto');
INSERT INTO Sentences (sentence_id, sentence, sentence_type)VALUES (804, 'A group of people launch an air rocket in front of a marina', 'auto');
INSERT INTO Words ( sentence_id,word_ID ,word,pos)VALUES (804, 1, 'A', 'DT'), (804, 2, 'group', 'NN'), (804, 3, 'of', 'IN'), (804, 4, 'people', 'NNS'), (804, 5, 'launch', 'VBP'), (804, 6, 'an', 'DT'), (804, 7, 'air', 'NN'), (804, 8, 'rocket', 'NN'), (804, 9, 'in', 'IN'), (804, 10, 'front', 'NN'), (804, 11, 'of', 'IN'), (804, 12, 'a', 'DT'), (804, 13, 'marina', 'NN');
INSERT INTO triples (sentence_id, predicate_id,relation,arg_start_id,arg_end_id,triple_type)VALUES (804, 4, 'Location',9, 13, 'auto'), (804, 5, 'Agent',2, 4, 'auto'), (804, 5, 'Patient',6, 8, 'auto'), (804, 5, 'Location',9, 13, 'auto');
INSERT INTO Sentences (sentence_id, sentence, sentence_type)VALUES (805, 'A lady and a little boy use a pump to launch a rocket at a marina', 'auto');
INSERT INTO Words ( sentence_id,word_ID ,word,pos)VALUES (805, 1, 'A', 'DT'), (805, 2, 'lady', 'NN'), (805, 3, 'and', 'CC'), (805, 4, 'a', 'DT'), (805, 5, 'little', 'JJ'), (805, 6, 'boy', 'NN'), (805, 7, 'use', 'VBP'), (805, 8, 'a', 'DT'), (805, 9, 'pump', 'NN'), (805, 10, 'to', 'TO'), (805, 11, 'launch', 'VB'), (805, 12, 'a', 'DT'), (805, 13, 'rocket', 'NN'), (805, 14, 'at', 'IN'), (805, 15, 'a', 'DT'), (805, 16, 'marina', 'NN');
INSERT INTO triples (sentence_id, predicate_id,relation,arg_start_id,arg_end_id,triple_type)VALUES (805, 6, 'Location',14, 16, 'auto'), (805, 7, 'Agent',2, 6, 'auto'), (805, 7, 'Patient',8, 9, 'auto'), (805, 7, 'Beneficiary',10, 11, 'auto'), (805, 7, 'Location',14, 16, 'auto'), (805, 11, 'Agent',2, 6, 'auto'), (805, 11, 'Patient',12, 13, 'auto'), (805, 11, 'Location',14, 16, 'auto');
INSERT INTO Sentences (sentence_id, sentence, sentence_type)VALUES (806, 'A little boy made blasted something off with water', 'auto');
INSERT INTO Words ( sentence_id,word_ID ,word,pos)VALUES (806, 1, 'A', 'DT'), (806, 2, 'little', 'JJ'), (806, 3, 'boy', 'NN'), (806, 4, 'made', 'VBD'), (806, 5, 'blasted', 'JJ'), (806, 6, 'something', 'NN'), (806, 7, 'off', 'RP'), (806, 8, 'with', 'IN'), (806, 9, 'water', 'NN');
INSERT INTO triples (sentence_id, predicate_id,relation,arg_start_id,arg_end_id,triple_type)VALUES (806, 3, 'Property',2, 2, 'auto'), (806, 4, 'Agent',2, 3, 'auto'), (806, 4, 'Patient',5, 6, 'auto'), (806, 4, 'Instrument',8, 9, 'auto'), (806, 6, 'Property',5, 5, 'auto');
INSERT INTO Sentences (sentence_id, sentence, sentence_type)VALUES (807, 'A boy in a blue shirt and white helmet is riding a white bike', 'auto');
INSERT INTO Words ( sentence_id,word_ID ,word,pos)VALUES (807, 1, 'A', 'DT'), (807, 2, 'boy', 'NN'), (807, 3, 'in', 'IN'), (807, 4, 'a', 'DT'), (807, 5, 'blue', 'JJ'), (807, 6, 'shirt', 'NN'), (807, 7, 'and', 'CC'), (807, 8, 'white', 'JJ'), (807, 9, 'helmet', 'NN'), (807, 10, 'is', 'VBZ'), (807, 11, 'riding', 'VBG'), (807, 12, 'a', 'DT'), (807, 13, 'white', 'JJ'), (807, 14, 'bike', 'NN');
INSERT INTO triples (sentence_id, predicate_id,relation,arg_start_id,arg_end_id,triple_type)VALUES (807, 2, 'Property',4, 9, 'auto'), (807, 11, 'Agent',2, 2, 'auto'), (807, 11, 'Patient',12, 14, 'auto'), (807, 14, 'Property',13, 13, 'auto');
INSERT INTO Sentences (sentence_id, sentence, sentence_type)VALUES (808, 'A boy in blue is riding his bike in a skate park', 'auto');
INSERT INTO Words ( sentence_id,word_ID ,word,pos)VALUES (808, 1, 'A', 'DT'), (808, 2, 'boy', 'NN'), (808, 3, 'in', 'IN'), (808, 4, 'blue', 'JJ'), (808, 5, 'is', 'VBZ'), (808, 6, 'riding', 'VBG'), (808, 7, 'his', 'PRP$'), (808, 8, 'bike', 'NN'), (808, 9, 'in', 'IN'), (808, 10, 'a', 'DT'), (808, 11, 'skate', 'NN'), (808, 12, 'park', 'NN');
INSERT INTO triples (sentence_id, predicate_id,relation,arg_start_id,arg_end_id,triple_type)VALUES (808, 2, 'Property',3, 4, 'auto'), (808, 2, 'Location',11, 12, 'auto'), (808, 6, 'Agent',2, 2, 'auto'), (808, 6, 'Patient',7, 8, 'auto'), (808, 6, 'Location',12, 12, 'auto'), (808, 8, 'Location',9, 12, 'auto');
INSERT INTO Sentences (sentence_id, sentence, sentence_type)VALUES (809, 'A boy on a BMX bike', 'auto');
INSERT INTO Words ( sentence_id,word_ID ,word,pos)VALUES (809, 1, 'A', 'DT'), (809, 2, 'boy', 'NN'), (809, 3, 'on', 'IN'), (809, 4, 'a', 'DT'), (809, 5, 'BMX', 'NNP'), (809, 6, 'bike', 'NN');
INSERT INTO triples (sentence_id, predicate_id,relation,arg_start_id,arg_end_id,triple_type)VALUES (809, 2, 'Location',3, 6, 'auto');
INSERT INTO Sentences (sentence_id, sentence, sentence_type)VALUES (810, 'A cyclist riding on their front wheel on the asphalt', 'auto');
INSERT INTO Words ( sentence_id,word_ID ,word,pos)VALUES (810, 1, 'A', 'DT'), (810, 2, 'cyclist', 'NN'), (810, 3, 'riding', 'VBG'), (810, 4, 'on', 'IN'), (810, 5, 'their', 'PRP$'), (810, 6, 'front', 'JJ'), (810, 7, 'wheel', 'NN'), (810, 8, 'on', 'IN'), (810, 9, 'the', 'DT'), (810, 10, 'asphalt', 'NN');
INSERT INTO triples (sentence_id, predicate_id,relation,arg_start_id,arg_end_id,triple_type)VALUES (810, 3, 'Agent',2, 2, 'auto'), (810, 3, 'Instrument',6, 7, 'auto'), (810, 3, 'Location',8, 10, 'auto'), (810, 7, 'Location',8, 10, 'auto');
INSERT INTO Sentences (sentence_id, sentence, sentence_type)VALUES (811, 'The man is on a black and white bike', 'auto');
INSERT INTO Words ( sentence_id,word_ID ,word,pos)VALUES (811, 1, 'The', 'DT'), (811, 2, 'man', 'NN'), (811, 3, 'is', 'VBZ'), (811, 4, 'on', 'IN'), (811, 5, 'a', 'DT'), (811, 6, 'black', 'JJ'), (811, 7, 'and', 'CC'), (811, 8, 'white', 'JJ'), (811, 9, 'bike', 'NN');
INSERT INTO triples (sentence_id, predicate_id,relation,arg_start_id,arg_end_id,triple_type)VALUES (811, 2, 'Location',4, 9, 'auto'), (811, 3, 'Patient',1, 2, 'auto'), (811, 3, 'Location',4, 9, 'auto'), (811, 9, 'Property',6, 8, 'auto');
INSERT INTO Sentences (sentence_id, sentence, sentence_type)VALUES (812, 'A man in an orange jacket raising his hands to the sky in the sand', 'auto');
INSERT INTO Words ( sentence_id,word_ID ,word,pos)VALUES (812, 1, 'A', 'DT'), (812, 2, 'man', 'NN'), (812, 3, 'in', 'IN'), (812, 4, 'an', 'DT'), (812, 5, 'orange', 'JJ'), (812, 6, 'jacket', 'NN'), (812, 7, 'raising', 'VBG'), (812, 8, 'his', 'PRP$'), (812, 9, 'hands', 'NNS'), (812, 10, 'to', 'TO'), (812, 11, 'the', 'DT'), (812, 12, 'sky', 'NN'), (812, 13, 'in', 'IN'), (812, 14, 'the', 'DT'), (812, 15, 'sand', 'NN');
INSERT INTO triples (sentence_id, predicate_id,relation,arg_start_id,arg_end_id,triple_type)VALUES (812, 2, 'Property',3, 6, 'auto'), (812, 2, 'Location',15, 15, 'auto'), (812, 7, 'Agent',2, 2, 'auto'), (812, 7, 'Patient',8, 9, 'auto'), (812, 7, 'Destination',10, 12, 'auto'), (812, 7, 'Location',15, 15, 'auto');
INSERT INTO Sentences (sentence_id, sentence, sentence_type)VALUES (813, 'A man in an orange jacket stands on sand with a blue sky background', 'auto');
INSERT INTO Words ( sentence_id,word_ID ,word,pos)VALUES (813, 1, 'A', 'DT'), (813, 2, 'man', 'NN'), (813, 3, 'in', 'IN'), (813, 4, 'an', 'DT'), (813, 5, 'orange', 'JJ'), (813, 6, 'jacket', 'NN'), (813, 7, 'stands', 'VBZ'), (813, 8, 'on', 'IN'), (813, 9, 'sand', 'NN'), (813, 10, 'with', 'IN'), (813, 11, 'a', 'DT'), (813, 12, 'blue', 'JJ'), (813, 13, 'sky', 'NN'), (813, 14, 'background', 'NN');
INSERT INTO triples (sentence_id, predicate_id,relation,arg_start_id,arg_end_id,triple_type)VALUES (813, 2, 'Property',3, 6, 'auto'), (813, 7, 'Agent',2, 2, 'auto'), (813, 7, 'Location',8, 9, 'auto'), (813, 13, 'Property',11, 12, 'auto'), (813, 13, 'Location',14, 14, 'auto');
INSERT INTO Sentences (sentence_id, sentence, sentence_type)VALUES (814, 'A man is outside standing on sand with a bright blue sky around him', 'auto');
INSERT INTO Words ( sentence_id,word_ID ,word,pos)VALUES (814, 1, 'A', 'DT'), (814, 2, 'man', 'NN'), (814, 3, 'is', 'VBZ'), (814, 4, 'outside', 'JJ'), (814, 5, 'standing', 'VBG'), (814, 6, 'on', 'IN'), (814, 7, 'sand', 'NN'), (814, 8, 'with', 'IN'), (814, 9, 'a', 'DT'), (814, 10, 'bright', 'JJ'), (814, 11, 'blue', 'JJ'), (814, 12, 'sky', 'NN'), (814, 13, 'around', 'IN'), (814, 14, 'him', 'PRP');
INSERT INTO triples (sentence_id, predicate_id,relation,arg_start_id,arg_end_id,triple_type)VALUES (814, 2, 'Location',7, 7, 'auto'), (814, 2, 'Property',8, 14, 'auto'), (814, 5, 'Agent',2, 2, 'auto'), (814, 5, 'Location',6, 7, 'auto'), (814, 12, 'Property',9, 11, 'auto'), (814, 12, 'Location',13, 14, 'auto');
INSERT INTO Sentences (sentence_id, sentence, sentence_type)VALUES (815, 'A man standing on a sand dune and reaching to the sky', 'auto');
INSERT INTO Words ( sentence_id,word_ID ,word,pos)VALUES (815, 1, 'A', 'DT'), (815, 2, 'man', 'NN'), (815, 3, 'standing', 'VBG'), (815, 4, 'on', 'IN'), (815, 5, 'a', 'DT'), (815, 6, 'sand', 'NN'), (815, 7, 'dune', 'NN'), (815, 8, 'and', 'CC'), (815, 9, 'reaching', 'VBG'), (815, 10, 'to', 'TO'), (815, 11, 'the', 'DT'), (815, 12, 'sky', 'NN');
INSERT INTO triples (sentence_id, predicate_id,relation,arg_start_id,arg_end_id,triple_type)VALUES (815, 2, 'Location',4, 7, 'auto'), (815, 3, 'Agent',2, 2, 'auto'), (815, 3, 'Location',4, 7, 'auto'), (815, 9, 'Agent',2, 2, 'auto'), (815, 9, 'Destination',11, 12, 'auto');
INSERT INTO Sentences (sentence_id, sentence, sentence_type)VALUES (816, 'Man screaming at the top of a sand dune', 'auto');
INSERT INTO Words ( sentence_id,word_ID ,word,pos)VALUES (816, 1, 'Man', 'NN'), (816, 2, 'screaming', 'VBG'), (816, 3, 'at', 'IN'), (816, 4, 'the', 'DT'), (816, 5, 'top', 'NN'), (816, 6, 'of', 'IN'), (816, 7, 'a', 'DT'), (816, 8, 'sand', 'NN'), (816, 9, 'dune', 'NN');
INSERT INTO triples (sentence_id, predicate_id,relation,arg_start_id,arg_end_id,triple_type)VALUES (816, 1, 'Location',3, 9, 'auto'), (816, 2, 'Agent',1, 1, 'auto'), (816, 2, 'Location',3, 9, 'auto');
INSERT INTO Sentences (sentence_id, sentence, sentence_type)VALUES (817, 'A boy jumps a skateboard while a man in a suit looks on', 'auto');
INSERT INTO Words ( sentence_id,word_ID ,word,pos)VALUES (817, 1, 'A', 'DT'), (817, 2, 'boy', 'NN'), (817, 3, 'jumps', 'VBZ'), (817, 4, 'a', 'DT'), (817, 5, 'skateboard', 'NN'), (817, 6, 'while', 'IN'), (817, 7, 'a', 'DT'), (817, 8, 'man', 'NN'), (817, 9, 'in', 'IN'), (817, 10, 'a', 'DT'), (817, 11, 'suit', 'NN'), (817, 12, 'looks', 'VBZ'), (817, 13, 'on', 'IN');
INSERT INTO triples (sentence_id, predicate_id,relation,arg_start_id,arg_end_id,triple_type)VALUES (817, 3, 'Agent',2, 2, 'auto'), (817, 3, 'Patient',4, 5, 'auto'), (817, 8, 'Property',9, 11, 'auto'), (817, 12, 'Agent',8, 8, 'auto');
INSERT INTO Sentences (sentence_id, sentence, sentence_type)VALUES (818, 'A man walks past as a skateboarder flies over the steps', 'auto');
INSERT INTO Words ( sentence_id,word_ID ,word,pos)VALUES (818, 1, 'A', 'DT'), (818, 2, 'man', 'NN'), (818, 3, 'walks', 'VBZ'), (818, 4, 'past', 'JJ'), (818, 5, 'as', 'IN'), (818, 6, 'a', 'DT'), (818, 7, 'skateboarder', 'NN'), (818, 8, 'flies', 'VBZ'), (818, 9, 'over', 'IN'), (818, 10, 'the', 'DT'), (818, 11, 'steps', 'NNS');
INSERT INTO triples (sentence_id, predicate_id,relation,arg_start_id,arg_end_id,triple_type)VALUES (818, 3, 'Agent',2, 2, 'auto'), (818, 7, 'Location',9, 11, 'auto'), (818, 8, 'Agent',7, 7, 'auto'), (818, 8, 'Location',9, 11, 'auto');
INSERT INTO Sentences (sentence_id, sentence, sentence_type)VALUES (819, 'a skateboarder jumps over a set of stairs', 'auto');
INSERT INTO Words ( sentence_id,word_ID ,word,pos)VALUES (819, 1, 'a', 'DT'), (819, 2, 'skateboarder', 'NN'), (819, 3, 'jumps', 'VBZ'), (819, 4, 'over', 'IN'), (819, 5, 'a', 'DT'), (819, 6, 'set', 'NN'), (819, 7, 'of', 'IN'), (819, 8, 'stairs', 'NNS');
INSERT INTO triples (sentence_id, predicate_id,relation,arg_start_id,arg_end_id,triple_type)VALUES (819, 3, 'Agent',2, 2, 'auto'), (819, 3, 'Location',4, 4, 'auto'), (819, 3, 'Patient',7, 8, 'auto');
INSERT INTO Sentences (sentence_id, sentence, sentence_type)VALUES (820, 'A skateboarder performs a trick', 'auto');
INSERT INTO Words ( sentence_id,word_ID ,word,pos)VALUES (820, 1, 'A', 'DT'), (820, 2, 'skateboarder', 'NN'), (820, 3, 'performs', 'VBZ'), (820, 4, 'a', 'DT'), (820, 5, 'trick', 'NN');
INSERT INTO triples (sentence_id, predicate_id,relation,arg_start_id,arg_end_id,triple_type)VALUES (820, 3, 'Agent',2, 2, 'auto'), (820, 3, 'Patient',5, 5, 'auto');
INSERT INTO Sentences (sentence_id, sentence, sentence_type)VALUES (821, 'person on a skateboard in the air', 'auto');
INSERT INTO Words ( sentence_id,word_ID ,word,pos)VALUES (821, 1, 'person', 'NN'), (821, 2, 'on', 'IN'), (821, 3, 'a', 'DT'), (821, 4, 'skateboard', 'NN'), (821, 5, 'in', 'IN'), (821, 6, 'the', 'DT'), (821, 7, 'air', 'NN');
INSERT INTO triples (sentence_id, predicate_id,relation,arg_start_id,arg_end_id,triple_type)VALUES (821, 1, 'Location',2, 7, 'auto');
INSERT INTO Sentences (sentence_id, sentence, sentence_type)VALUES (822, 'A man is parallel in the air , trying to kick the soccer ball past the goalie', 'auto');
INSERT INTO Words ( sentence_id,word_ID ,word,pos)VALUES (822, 1, 'A', 'DT'), (822, 2, 'man', 'NN'), (822, 3, 'is', 'VBZ'), (822, 4, 'parallel', 'JJ'), (822, 5, 'in', 'IN'), (822, 6, 'the', 'DT'), (822, 7, 'air', 'NN'), (822, 8, ',', ','), (822, 9, 'trying', 'VBG'), (822, 10, 'to', 'TO'), (822, 11, 'kick', 'VB'), (822, 12, 'the', 'DT'), (822, 13, 'soccer', 'NN'), (822, 14, 'ball', 'NN'), (822, 15, 'past', 'IN'), (822, 16, 'the', 'DT'), (822, 17, 'goalie', 'NN');
INSERT INTO triples (sentence_id, predicate_id,relation,arg_start_id,arg_end_id,triple_type)VALUES (822, 2, 'Location',5, 7, 'auto'), (822, 3, 'Patient',1, 2, 'auto'), (822, 3, 'Location',5, 7, 'auto'), (822, 9, 'Agent',2, 2, 'auto'), (822, 9, 'Beneficiary',10, 17, 'auto'), (822, 11, 'Agent',2, 2, 'auto'), (822, 11, 'Patient',12, 14, 'auto'), (822, 11, 'Destination',17, 17, 'auto');
INSERT INTO Sentences (sentence_id, sentence, sentence_type)VALUES (823, 'a soccer player in white attacks the ball with flying kick towards the goal of the player in red as another team member looks on', 'auto');
INSERT INTO Words ( sentence_id,word_ID ,word,pos)VALUES (823, 1, 'a', 'DT'), (823, 2, 'soccer', 'NN'), (823, 3, 'player', 'NN'), (823, 4, 'in', 'IN'), (823, 5, 'white', 'JJ'), (823, 6, 'attacks', 'VBZ'), (823, 7, 'the', 'DT'), (823, 8, 'ball', 'NN'), (823, 9, 'with', 'IN'), (823, 10, 'flying', 'JJ'), (823, 11, 'kick', 'NN'), (823, 12, 'towards', 'IN'), (823, 13, 'the', 'DT'), (823, 14, 'goal', 'NN'), (823, 15, 'of', 'IN'), (823, 16, 'the', 'DT'), (823, 17, 'player', 'NN'), (823, 18, 'in', 'IN'), (823, 19, 'red', 'JJ'), (823, 20, 'as', 'IN'), (823, 21, 'another', 'DT'), (823, 22, 'team', 'NN'), (823, 23, 'member', 'NN'), (823, 24, 'looks', 'VBZ'), (823, 25, 'on', 'IN');
INSERT INTO triples (sentence_id, predicate_id,relation,arg_start_id,arg_end_id,triple_type)VALUES (823, 3, 'Property',2, 2, 'auto'), (823, 6, 'Agent',2, 3, 'auto'), (823, 6, 'Patient',7, 8, 'auto'), (823, 6, 'Instrument',9, 11, 'auto'), (823, 6, 'Destination',12, 14, 'auto'), (823, 17, 'Property',18, 19, 'auto'), (823, 24, 'Agent',21, 23, 'auto');
INSERT INTO Sentences (sentence_id, sentence, sentence_type)VALUES (824, 'A soccer player is jumping into the air to kick the soccer ball into the goal', 'auto');
INSERT INTO Words ( sentence_id,word_ID ,word,pos)VALUES (824, 1, 'A', 'DT'), (824, 2, 'soccer', 'NN'), (824, 3, 'player', 'NN'), (824, 4, 'is', 'VBZ'), (824, 5, 'jumping', 'VBG'), (824, 6, 'into', 'IN'), (824, 7, 'the', 'DT'), (824, 8, 'air', 'NN'), (824, 9, 'to', 'TO'), (824, 10, 'kick', 'VB'), (824, 11, 'the', 'DT'), (824, 12, 'soccer', 'NN'), (824, 13, 'ball', 'NN'), (824, 14, 'into', 'IN'), (824, 15, 'the', 'DT'), (824, 16, 'goal', 'NN');
INSERT INTO triples (sentence_id, predicate_id,relation,arg_start_id,arg_end_id,triple_type)VALUES (824, 3, 'Property',2, 2, 'auto'), (824, 3, 'Location',8, 8, 'auto'), (824, 5, 'Agent',2, 3, 'auto'), (824, 5, 'Destination',6, 8, 'auto'), (824, 5, 'Beneficiary',9, 10, 'auto'), (824, 10, 'Agent',2, 3, 'auto'), (824, 10, 'Patient',11, 13, 'auto'), (824, 10, 'Destination',14, 16, 'auto');
INSERT INTO Sentences (sentence_id, sentence, sentence_type)VALUES (825, 'A soccer player is making a flying kick towards the goal', 'auto');
INSERT INTO Words ( sentence_id,word_ID ,word,pos)VALUES (825, 1, 'A', 'DT'), (825, 2, 'soccer', 'NN'), (825, 3, 'player', 'NN'), (825, 4, 'is', 'VBZ'), (825, 5, 'making', 'VBG'), (825, 6, 'a', 'DT'), (825, 7, 'flying', 'JJ'), (825, 8, 'kick', 'NN'), (825, 9, 'towards', 'IN'), (825, 10, 'the', 'DT'), (825, 11, 'goal', 'NN');
INSERT INTO triples (sentence_id, predicate_id,relation,arg_start_id,arg_end_id,triple_type)VALUES (825, 3, 'Property',2, 2, 'auto'), (825, 5, 'Agent',2, 3, 'auto'), (825, 5, 'Patient',7, 8, 'auto'), (825, 5, 'Destination',9, 11, 'auto');
INSERT INTO Sentences (sentence_id, sentence, sentence_type)VALUES (826, 'A soccer player leaps sideways in the air to kick the ball', 'auto');
INSERT INTO Words ( sentence_id,word_ID ,word,pos)VALUES (826, 1, 'A', 'DT'), (826, 2, 'soccer', 'NN'), (826, 3, 'player', 'NN'), (826, 4, 'leaps', 'VBZ'), (826, 5, 'sideways', 'RB'), (826, 6, 'in', 'IN'), (826, 7, 'the', 'DT'), (826, 8, 'air', 'NN'), (826, 9, 'to', 'TO'), (826, 10, 'kick', 'VB'), (826, 11, 'the', 'DT'), (826, 12, 'ball', 'NN');
INSERT INTO triples (sentence_id, predicate_id,relation,arg_start_id,arg_end_id,triple_type)VALUES (826, 3, 'Property',2, 2, 'auto'), (826, 3, 'Location',6, 8, 'auto'), (826, 4, 'Agent',2, 3, 'auto'), (826, 4, 'Location',6, 8, 'auto'), (826, 4, 'Beneficiary',9, 12, 'auto'), (826, 10, 'Agent',2, 3, 'auto'), (826, 10, 'Location',6, 8, 'auto'), (826, 10, 'Patient',11, 12, 'auto');
INSERT INTO Sentences (sentence_id, sentence, sentence_type)VALUES (827, 'A guy doing a wallride on his bike', 'auto');
INSERT INTO Words ( sentence_id,word_ID ,word,pos)VALUES (827, 1, 'A', 'DT'), (827, 2, 'guy', 'NN'), (827, 3, 'doing', 'VBG'), (827, 4, 'a', 'DT'), (827, 5, 'wallride', 'NN'), (827, 6, 'on', 'IN'), (827, 7, 'his', 'PRP$'), (827, 8, 'bike', 'NN');
INSERT INTO triples (sentence_id, predicate_id,relation,arg_start_id,arg_end_id,triple_type)VALUES (827, 2, 'Location',6, 8, 'auto'), (827, 3, 'Agent',2, 2, 'auto'), (827, 3, 'Patient',4, 5, 'auto'), (827, 3, 'Location',6, 8, 'auto');
INSERT INTO Sentences (sentence_id, sentence, sentence_type)VALUES (828, 'A person in a hooded sweatshirt is doing a bicycle trick off of a wall', 'auto');
INSERT INTO Words ( sentence_id,word_ID ,word,pos)VALUES (828, 1, 'A', 'DT'), (828, 2, 'person', 'NN'), (828, 3, 'in', 'IN'), (828, 4, 'a', 'DT'), (828, 5, 'hooded', 'JJ'), (828, 6, 'sweatshirt', 'NN'), (828, 7, 'is', 'VBZ'), (828, 8, 'doing', 'VBG'), (828, 9, 'a', 'DT'), (828, 10, 'bicycle', 'NN'), (828, 11, 'trick', 'NN'), (828, 12, 'off', 'IN'), (828, 13, 'of', 'IN'), (828, 14, 'a', 'DT'), (828, 15, 'wall', 'NN');
INSERT INTO triples (sentence_id, predicate_id,relation,arg_start_id,arg_end_id,triple_type)VALUES (828, 2, 'Property',3, 6, 'auto'), (828, 2, 'Location',14, 15, 'auto'), (828, 8, 'Agent',2, 2, 'auto'), (828, 8, 'Patient',10, 12, 'auto'), (828, 8, 'Location',14, 15, 'auto'), (828, 10, 'Location',14, 15, 'auto');
INSERT INTO Sentences (sentence_id, sentence, sentence_type)VALUES (829, 'A person in grey is riding a bike on a brick wall', 'auto');
INSERT INTO Words ( sentence_id,word_ID ,word,pos)VALUES (829, 1, 'A', 'DT'), (829, 2, 'person', 'NN'), (829, 3, 'in', 'IN'), (829, 4, 'grey', 'JJ'), (829, 5, 'is', 'VBZ'), (829, 6, 'riding', 'VBG'), (829, 7, 'a', 'DT'), (829, 8, 'bike', 'NN'), (829, 9, 'on', 'IN'), (829, 10, 'a', 'DT'), (829, 11, 'brick', 'NN'), (829, 12, 'wall', 'NN');
INSERT INTO Sentences (sentence_id, sentence, sentence_type)VALUES (830, 'a young person riding a bike on the side of a brick wall', 'auto');
INSERT INTO Words ( sentence_id,word_ID ,word,pos)VALUES (830, 1, 'a', 'DT'), (830, 2, 'young', 'JJ'), (830, 3, 'person', 'NN'), (830, 4, 'riding', 'VBG'), (830, 5, 'a', 'DT'), (830, 6, 'bike', 'NN'), (830, 7, 'on', 'IN'), (830, 8, 'the', 'DT'), (830, 9, 'side', 'NN'), (830, 10, 'of', 'IN'), (830, 11, 'a', 'DT'), (830, 12, 'brick', 'NN'), (830, 13, 'wall', 'NN');
INSERT INTO triples (sentence_id, predicate_id,relation,arg_start_id,arg_end_id,triple_type)VALUES (830, 3, 'Property',2, 2, 'auto'), (830, 3, 'Location',6, 13, 'auto'), (830, 4, 'Agent',2, 3, 'auto'), (830, 4, 'Patient',5, 6, 'auto'), (830, 4, 'Location',7, 13, 'auto'), (830, 6, 'Location',9, 9, 'auto');
INSERT INTO Sentences (sentence_id, sentence, sentence_type)VALUES (831, 'A youth on a bicycle wearing a white sweater riding along a wall', 'auto');
INSERT INTO Words ( sentence_id,word_ID ,word,pos)VALUES (831, 1, 'A', 'DT'), (831, 2, 'youth', 'NN'), (831, 3, 'on', 'IN'), (831, 4, 'a', 'DT'), (831, 5, 'bicycle', 'NN'), (831, 6, 'wearing', 'VBG'), (831, 7, 'a', 'DT'), (831, 8, 'white', 'JJ'), (831, 9, 'sweater', 'NN'), (831, 10, 'riding', 'VBG'), (831, 11, 'along', 'IN'), (831, 12, 'a', 'DT'), (831, 13, 'wall', 'NN');
INSERT INTO triples (sentence_id, predicate_id,relation,arg_start_id,arg_end_id,triple_type)VALUES (831, 2, 'Location',3, 5, 'auto'), (831, 6, 'Agent',2, 2, 'auto'), (831, 6, 'Patient',7, 9, 'auto'), (831, 10, 'Agent',2, 2, 'auto'), (831, 10, 'Location',13, 13, 'auto');
INSERT INTO Sentences (sentence_id, sentence, sentence_type)VALUES (832, 'A boy does a trick on a skateboard', 'auto');
INSERT INTO Words ( sentence_id,word_ID ,word,pos)VALUES (832, 1, 'A', 'DT'), (832, 2, 'boy', 'NN'), (832, 3, 'does', 'VBZ'), (832, 4, 'a', 'DT'), (832, 5, 'trick', 'NN'), (832, 6, 'on', 'IN'), (832, 7, 'a', 'DT'), (832, 8, 'skateboard', 'NN');
INSERT INTO triples (sentence_id, predicate_id,relation,arg_start_id,arg_end_id,triple_type)VALUES (832, 2, 'Location',6, 8, 'auto'), (832, 3, 'Agent',2, 2, 'auto'), (832, 3, 'Patient',4, 5, 'auto');
INSERT INTO Sentences (sentence_id, sentence, sentence_type)VALUES (833, 'A man flips his skateboard on a flat expanse of concrete', 'auto');
INSERT INTO Words ( sentence_id,word_ID ,word,pos)VALUES (833, 1, 'A', 'DT'), (833, 2, 'man', 'NN'), (833, 3, 'flips', 'VBZ'), (833, 4, 'his', 'PRP$'), (833, 5, 'skateboard', 'NN'), (833, 6, 'on', 'IN'), (833, 7, 'a', 'DT'), (833, 8, 'flat', 'JJ'), (833, 9, 'expanse', 'NN'), (833, 10, 'of', 'IN'), (833, 11, 'concrete', 'NN');
INSERT INTO triples (sentence_id, predicate_id,relation,arg_start_id,arg_end_id,triple_type)VALUES (833, 2, 'Location',6, 11, 'auto'), (833, 3, 'Agent',2, 2, 'auto'), (833, 3, 'Patient',4, 5, 'auto'), (833, 3, 'Location',6, 11, 'auto');
INSERT INTO Sentences (sentence_id, sentence, sentence_type)VALUES (834, 'A skateboarder jumping in the street', 'auto');
INSERT INTO Words ( sentence_id,word_ID ,word,pos)VALUES (834, 1, 'A', 'DT'), (834, 2, 'skateboarder', 'NN'), (834, 3, 'jumping', 'VBG'), (834, 4, 'in', 'IN'), (834, 5, 'the', 'DT'), (834, 6, 'street', 'NN');
INSERT INTO triples (sentence_id, predicate_id,relation,arg_start_id,arg_end_id,triple_type)VALUES (834, 3, 'Agent',2, 2, 'auto'), (834, 3, 'Location',4, 6, 'auto');
INSERT INTO Sentences (sentence_id, sentence, sentence_type)VALUES (835, 'A teenage boy doing a skateboard trick while another boy rides on a skateboard in the background', 'auto');
INSERT INTO Words ( sentence_id,word_ID ,word,pos)VALUES (835, 1, 'A', 'DT'), (835, 2, 'teenage', 'JJ'), (835, 3, 'boy', 'NN'), (835, 4, 'doing', 'VBG'), (835, 5, 'a', 'DT'), (835, 6, 'skateboard', 'NN'), (835, 7, 'trick', 'NN'), (835, 8, 'while', 'IN'), (835, 9, 'another', 'DT'), (835, 10, 'boy', 'NN'), (835, 11, 'rides', 'VBZ'), (835, 12, 'on', 'IN'), (835, 13, 'a', 'DT'), (835, 14, 'skateboard', 'NN'), (835, 15, 'in', 'IN'), (835, 16, 'the', 'DT'), (835, 17, 'background', 'NN');
INSERT INTO triples (sentence_id, predicate_id,relation,arg_start_id,arg_end_id,triple_type)VALUES (835, 3, 'Property',2, 2, 'auto'), (835, 4, 'Agent',3, 3, 'auto'), (835, 4, 'Patient',5, 7, 'auto'), (835, 10, 'Location',12, 17, 'auto'), (835, 11, 'Agent',10, 10, 'auto'), (835, 11, 'Patient',14, 14, 'auto'), (835, 11, 'Location',15, 17, 'auto'), (835, 6, 'Location',15, 17, 'auto');
INSERT INTO Sentences (sentence_id, sentence, sentence_type)VALUES (836, 'Two guys riding skateboards with one of them performing a jump trick', 'auto');
INSERT INTO Words ( sentence_id,word_ID ,word,pos)VALUES (836, 1, 'Two', 'CD'), (836, 2, 'guys', 'NNS'), (836, 3, 'riding', 'VBG'), (836, 4, 'skateboards', 'NNS'), (836, 5, 'with', 'IN'), (836, 6, 'one', 'CD'), (836, 7, 'of', 'IN'), (836, 8, 'them', 'PRP'), (836, 9, 'performing', 'VBG'), (836, 10, 'a', 'DT'), (836, 11, 'jump', 'NN'), (836, 12, 'trick', 'NN');
INSERT INTO triples (sentence_id, predicate_id,relation,arg_start_id,arg_end_id,triple_type)VALUES (836, 3, 'Agent',2, 2, 'auto'), (836, 3, 'Patient',4, 4, 'auto'), (836, 9, 'Agent',6, 8, 'auto'), (836, 9, 'Patient',11, 12, 'auto');
INSERT INTO Sentences (sentence_id, sentence, sentence_type)VALUES (837, 'A man jumps off a rock into the water', 'auto');
INSERT INTO Words ( sentence_id,word_ID ,word,pos)VALUES (837, 1, 'A', 'DT'), (837, 2, 'man', 'NN'), (837, 3, 'jumps', 'VBZ'), (837, 4, 'off', 'RP'), (837, 5, 'a', 'DT'), (837, 6, 'rock', 'NN'), (837, 7, 'into', 'IN'), (837, 8, 'the', 'DT'), (837, 9, 'water', 'NN');
INSERT INTO triples (sentence_id, predicate_id,relation,arg_start_id,arg_end_id,triple_type)VALUES (837, 2, 'Location',9, 9, 'auto'), (837, 3, 'Agent',2, 2, 'auto'), (837, 3, 'Patient',4, 6, 'auto'), (837, 3, 'Destination',7, 9, 'auto');
INSERT INTO Sentences (sentence_id, sentence, sentence_type)VALUES (838, 'Swimmers jump from rocks above blue-green water', 'auto');
INSERT INTO Words ( sentence_id,word_ID ,word,pos)VALUES (838, 1, 'Swimmers', 'NNS'), (838, 2, 'jump', 'VBP'), (838, 3, 'from', 'IN'), (838, 4, 'rocks', 'NNS'), (838, 5, 'above', 'IN'), (838, 6, 'blue-green', 'JJ'), (838, 7, 'water', 'NN');
INSERT INTO triples (sentence_id, predicate_id,relation,arg_start_id,arg_end_id,triple_type)VALUES (838, 2, 'Agent',1, 1, 'auto'), (838, 2, 'Source',3, 4, 'auto'), (838, 4, 'Location',5, 7, 'auto');
INSERT INTO Sentences (sentence_id, sentence, sentence_type)VALUES (839, 'Two boys jump from rocks into a green mountain pool', 'auto');
INSERT INTO Words ( sentence_id,word_ID ,word,pos)VALUES (839, 1, 'Two', 'CD'), (839, 2, 'boys', 'NNS'), (839, 3, 'jump', 'VB'), (839, 4, 'from', 'IN'), (839, 5, 'rocks', 'NNS'), (839, 6, 'into', 'IN'), (839, 7, 'a', 'DT'), (839, 8, 'green', 'JJ'), (839, 9, 'mountain', 'NN'), (839, 10, 'pool', 'NN');
INSERT INTO triples (sentence_id, predicate_id,relation,arg_start_id,arg_end_id,triple_type)VALUES (839, 3, 'Agent',2, 2, 'auto'), (839, 3, 'Source',4, 5, 'auto'), (839, 3, 'Destination',6, 10, 'auto'), (839, 10, 'Property',8, 9, 'auto');
INSERT INTO Sentences (sentence_id, sentence, sentence_type)VALUES (840, 'Two people jump off the rocks and into the greenish water below', 'auto');
INSERT INTO Words ( sentence_id,word_ID ,word,pos)VALUES (840, 1, 'Two', 'CD'), (840, 2, 'people', 'NNS'), (840, 3, 'jump', 'VB'), (840, 4, 'off', 'RP'), (840, 5, 'the', 'DT'), (840, 6, 'rocks', 'NNS'), (840, 7, 'and', 'CC'), (840, 8, 'into', 'IN'), (840, 9, 'the', 'DT'), (840, 10, 'greenish', 'JJ'), (840, 11, 'water', 'NN'), (840, 12, 'below', 'IN');
INSERT INTO triples (sentence_id, predicate_id,relation,arg_start_id,arg_end_id,triple_type)VALUES (840, 3, 'Agent',2, 2, 'auto'), (840, 3, 'Source',4, 6, 'auto'), (840, 3, 'Destination',8, 11, 'auto'), (840, 6, 'Property',10, 10, 'auto');
INSERT INTO Sentences (sentence_id, sentence, sentence_type)VALUES (841, 'Two swimmers are jumping off the tall rock into the water', 'auto');
INSERT INTO Words ( sentence_id,word_ID ,word,pos)VALUES (841, 1, 'Two', 'CD'), (841, 2, 'swimmers', 'NNS'), (841, 3, 'are', 'VBP'), (841, 4, 'jumping', 'VBG'), (841, 5, 'off', 'RP'), (841, 6, 'the', 'DT'), (841, 7, 'tall', 'JJ'), (841, 8, 'rock', 'NN'), (841, 9, 'into', 'IN'), (841, 10, 'the', 'DT'), (841, 11, 'water', 'NN');
INSERT INTO triples (sentence_id, predicate_id,relation,arg_start_id,arg_end_id,triple_type)VALUES (841, 4, 'Agent',2, 2, 'auto'), (841, 4, 'Source',5, 8, 'auto'), (841, 4, 'Destination',9, 11, 'auto');
INSERT INTO Sentences (sentence_id, sentence, sentence_type)VALUES (842, 'A boy does a skateboard trick in the courtyard of a European city', 'auto');
INSERT INTO Words ( sentence_id,word_ID ,word,pos)VALUES (842, 1, 'A', 'DT'), (842, 2, 'boy', 'NN'), (842, 3, 'does', 'VBZ'), (842, 4, 'a', 'DT'), (842, 5, 'skateboard', 'NN'), (842, 6, 'trick', 'NN'), (842, 7, 'in', 'IN'), (842, 8, 'the', 'DT'), (842, 9, 'courtyard', 'NN'), (842, 10, 'of', 'IN'), (842, 11, 'a', 'DT'), (842, 12, 'European', 'JJ'), (842, 13, 'city', 'NN');
INSERT INTO triples (sentence_id, predicate_id,relation,arg_start_id,arg_end_id,triple_type)VALUES (842, 2, 'Location',7, 9, 'auto'), (842, 3, 'Agent',2, 2, 'auto'), (842, 3, 'Patient',5, 6, 'auto'), (842, 3, 'Location',7, 9, 'auto');
INSERT INTO Sentences (sentence_id, sentence, sentence_type)VALUES (843, 'A boy in a brown shirt is doing a trick on his skateboard', 'auto');
INSERT INTO Words ( sentence_id,word_ID ,word,pos)VALUES (843, 1, 'A', 'DT'), (843, 2, 'boy', 'NN'), (843, 3, 'in', 'IN'), (843, 4, 'a', 'DT'), (843, 5, 'brown', 'JJ'), (843, 6, 'shirt', 'NN'), (843, 7, 'is', 'VBZ'), (843, 8, 'doing', 'VBG'), (843, 9, 'a', 'DT'), (843, 10, 'trick', 'NN'), (843, 11, 'on', 'IN'), (843, 12, 'his', 'PRP$'), (843, 13, 'skateboard', 'NN');
INSERT INTO triples (sentence_id, predicate_id,relation,arg_start_id,arg_end_id,triple_type)VALUES (843, 2, 'Property',4, 6, 'auto'), (843, 8, 'Agent',2, 2, 'auto'), (843, 8, 'Patient',10, 10, 'auto'), (843, 8, 'Instrument',11, 13, 'auto');
INSERT INTO Sentences (sentence_id, sentence, sentence_type)VALUES (844, 'A teen doing a skateboard trick in front of a building', 'auto');
INSERT INTO Words ( sentence_id,word_ID ,word,pos)VALUES (844, 1, 'A', 'DT'), (844, 2, 'teen', 'NN'), (844, 3, 'doing', 'VBG'), (844, 4, 'a', 'DT'), (844, 5, 'skateboard', 'NN'), (844, 6, 'trick', 'NN'), (844, 7, 'in', 'IN'), (844, 8, 'front', 'NN'), (844, 9, 'of', 'IN'), (844, 10, 'a', 'DT'), (844, 11, 'building', 'NN');
INSERT INTO triples (sentence_id, predicate_id,relation,arg_start_id,arg_end_id,triple_type)VALUES (844, 3, 'Agent',2, 2, 'auto'), (844, 3, 'Patient',6, 6, 'auto'), (844, 3, 'Location',7, 11, 'auto');
INSERT INTO Sentences (sentence_id, sentence, sentence_type)VALUES (845, 'A young man does a skateboard trick in a public place', 'auto');
INSERT INTO Words ( sentence_id,word_ID ,word,pos)VALUES (845, 1, 'A', 'DT'), (845, 2, 'young', 'JJ'), (845, 3, 'man', 'NN'), (845, 4, 'does', 'VBZ'), (845, 5, 'a', 'DT'), (845, 6, 'skateboard', 'NN'), (845, 7, 'trick', 'NN'), (845, 8, 'in', 'IN'), (845, 9, 'a', 'DT'), (845, 10, 'public', 'JJ'), (845, 11, 'place', 'NN');
INSERT INTO triples (sentence_id, predicate_id,relation,arg_start_id,arg_end_id,triple_type)VALUES (845, 3, 'Property',2, 2, 'auto'), (845, 3, 'Location',8, 11, 'auto'), (845, 4, 'Agent',2, 3, 'auto'), (845, 4, 'Patient',5, 7, 'auto'), (845, 4, 'Location',8, 11, 'auto');
INSERT INTO Sentences (sentence_id, sentence, sentence_type)VALUES (846, 'A young man jumps high while riding a skateboard', 'auto');
INSERT INTO Words ( sentence_id,word_ID ,word,pos)VALUES (846, 1, 'A', 'DT'), (846, 2, 'young', 'JJ'), (846, 3, 'man', 'NN'), (846, 4, 'jumps', 'VBZ'), (846, 5, 'high', 'JJ'), (846, 6, 'while', 'IN'), (846, 7, 'riding', 'VBG'), (846, 8, 'a', 'DT'), (846, 9, 'skateboard', 'NN');
INSERT INTO triples (sentence_id, predicate_id,relation,arg_start_id,arg_end_id,triple_type)VALUES (846, 3, 'Property',2, 2, 'auto'), (846, 4, 'Agent',2, 3, 'auto'), (846, 4, 'Destination',5, 5, 'auto'), (846, 7, 'Agent',2, 3, 'auto'), (846, 7, 'Patient',9, 9, 'auto');
INSERT INTO Sentences (sentence_id, sentence, sentence_type)VALUES (847, 'Firemen are battling a fire', 'auto');
INSERT INTO Words ( sentence_id,word_ID ,word,pos)VALUES (847, 1, 'Firemen', 'NNS'), (847, 2, 'are', 'VBP'), (847, 3, 'battling', 'VBG'), (847, 4, 'a', 'DT'), (847, 5, 'fire', 'NN');
INSERT INTO triples (sentence_id, predicate_id,relation,arg_start_id,arg_end_id,triple_type)VALUES (847, 3, 'Agent',1, 1, 'auto'), (847, 3, 'Patient',5, 5, 'auto');
INSERT INTO Sentences (sentence_id, sentence, sentence_type)VALUES (848, 'Firemen stand outside a burning building with lots of smoke', 'auto');
INSERT INTO Words ( sentence_id,word_ID ,word,pos)VALUES (848, 1, 'Firemen', 'NNS'), (848, 2, 'stand', 'VBP'), (848, 3, 'outside', 'IN'), (848, 4, 'a', 'DT'), (848, 5, 'burning', 'NN'), (848, 6, 'building', 'NN'), (848, 7, 'with', 'IN'), (848, 8, 'lots', 'NNS'), (848, 9, 'of', 'IN'), (848, 10, 'smoke', 'NN');
INSERT INTO triples (sentence_id, predicate_id,relation,arg_start_id,arg_end_id,triple_type)VALUES (848, 2, 'Agent',1, 1, 'auto'), (848, 2, 'Location',3, 6, 'auto'), (848, 6, 'Property',7, 10, 'auto');
INSERT INTO Sentences (sentence_id, sentence, sentence_type)VALUES (849, 'The fire fighters are just under the flames and smoke', 'auto');
INSERT INTO Words ( sentence_id,word_ID ,word,pos)VALUES (849, 1, 'The', 'DT'), (849, 2, 'fire', 'NN'), (849, 3, 'fighters', 'NNS'), (849, 4, 'are', 'VBP'), (849, 5, 'just', 'RB'), (849, 6, 'under', 'IN'), (849, 7, 'the', 'DT'), (849, 8, 'flames', 'NNS'), (849, 9, 'and', 'CC'), (849, 10, 'smoke', 'NN');
INSERT INTO triples (sentence_id, predicate_id,relation,arg_start_id,arg_end_id,triple_type)VALUES (849, 4, 'Patient',3, 3, 'auto'), (849, 4, 'Location',6, 8, 'auto');
INSERT INTO Sentences (sentence_id, sentence, sentence_type)VALUES (850, 'There is a group of firemen watching a huge fire in some buildings in the distance', 'auto');
INSERT INTO Words ( sentence_id,word_ID ,word,pos)VALUES (850, 1, 'There', 'EX'), (850, 2, 'is', 'VBZ'), (850, 3, 'a', 'DT'), (850, 4, 'group', 'NN'), (850, 5, 'of', 'IN'), (850, 6, 'firemen', 'NNS'), (850, 7, 'watching', 'VBG'), (850, 8, 'a', 'DT'), (850, 9, 'huge', 'JJ'), (850, 10, 'fire', 'NN'), (850, 11, 'in', 'IN'), (850, 12, 'some', 'DT'), (850, 13, 'buildings', 'NNS'), (850, 14, 'in', 'IN'), (850, 15, 'the', 'DT'), (850, 16, 'distance', 'NN');
INSERT INTO triples (sentence_id, predicate_id,relation,arg_start_id,arg_end_id,triple_type)VALUES (850, 2, 'Agent',4, 6, 'auto'), (850, 7, 'Agent',4, 6, 'auto'), (850, 7, 'Patient',8, 10, 'auto'), (850, 13, 'Location',14, 16, 'auto');
INSERT INTO Sentences (sentence_id, sentence, sentence_type)VALUES (851, 'Three firefighters duck from fire and smoke coming from a building', 'auto');
INSERT INTO Words ( sentence_id,word_ID ,word,pos)VALUES (851, 1, 'Three', 'CD'), (851, 2, 'firefighters', 'NNS'), (851, 3, 'duck', 'VBP'), (851, 4, 'from', 'IN'), (851, 5, 'fire', 'NN'), (851, 6, 'and', 'CC'), (851, 7, 'smoke', 'NN'), (851, 8, 'coming', 'VBG'), (851, 9, 'from', 'IN'), (851, 10, 'a', 'DT'), (851, 11, 'building', 'NN');
INSERT INTO triples (sentence_id, predicate_id,relation,arg_start_id,arg_end_id,triple_type)VALUES (851, 3, 'Agent',1, 2, 'auto'), (851, 3, 'Patient',5, 5, 'auto'), (851, 7, 'Location',8, 11, 'auto'), (851, 8, 'Agent',7, 7, 'auto'), (851, 8, 'Source',9, 11, 'auto');
INSERT INTO Sentences (sentence_id, sentence, sentence_type)VALUES (852, 'a boy in a blue shirt is doing a back flip in the air', 'auto');
INSERT INTO Words ( sentence_id,word_ID ,word,pos)VALUES (852, 1, 'a', 'DT'), (852, 2, 'boy', 'NN'), (852, 3, 'in', 'IN'), (852, 4, 'a', 'DT'), (852, 5, 'blue', 'JJ'), (852, 6, 'shirt', 'NN'), (852, 7, 'is', 'VBZ'), (852, 8, 'doing', 'VBG'), (852, 9, 'a', 'DT'), (852, 10, 'back', 'RB'), (852, 11, 'flip', 'JJ'), (852, 12, 'in', 'IN'), (852, 13, 'the', 'DT'), (852, 14, 'air', 'NN');
INSERT INTO triples (sentence_id, predicate_id,relation,arg_start_id,arg_end_id,triple_type)VALUES (852, 2, 'Property',5, 6, 'auto'), (852, 2, 'Location',14, 14, 'auto'), (852, 8, 'Agent',2, 2, 'auto'), (852, 8, 'Patient',10, 11, 'auto'), (852, 8, 'Location',12, 14, 'auto');
INSERT INTO Sentences (sentence_id, sentence, sentence_type)VALUES (853, 'A man in a jean jacket and jean pants is doing a back flip on a grassy area', 'auto');
INSERT INTO Words ( sentence_id,word_ID ,word,pos)VALUES (853, 1, 'A', 'DT'), (853, 2, 'man', 'NN'), (853, 3, 'in', 'IN'), (853, 4, 'a', 'DT'), (853, 5, 'jean', 'NN'), (853, 6, 'jacket', 'NN'), (853, 7, 'and', 'CC'), (853, 8, 'jean', 'NN'), (853, 9, 'pants', 'NNS'), (853, 10, 'is', 'VBZ'), (853, 11, 'doing', 'VBG'), (853, 12, 'a', 'DT'), (853, 13, 'back', 'RB'), (853, 14, 'flip', 'NN'), (853, 15, 'on', 'IN'), (853, 16, 'a', 'DT'), (853, 17, 'grassy', 'JJ'), (853, 18, 'area', 'NN');
INSERT INTO triples (sentence_id, predicate_id,relation,arg_start_id,arg_end_id,triple_type)VALUES (853, 2, 'Property',3, 9, 'auto'), (853, 2, 'Location',16, 18, 'auto'), (853, 11, 'Agent',2, 2, 'auto'), (853, 11, 'Patient',13, 14, 'auto'), (853, 11, 'Location',15, 18, 'auto');
INSERT INTO Sentences (sentence_id, sentence, sentence_type)VALUES (854, 'A person dressed in blue performing a back flip', 'auto');
INSERT INTO Words ( sentence_id,word_ID ,word,pos)VALUES (854, 1, 'A', 'DT'), (854, 2, 'person', 'NN'), (854, 3, 'dressed', 'VBN'), (854, 4, 'in', 'IN'), (854, 5, 'blue', 'JJ'), (854, 6, 'performing', 'VBG'), (854, 7, 'a', 'DT'), (854, 8, 'back', 'RB'), (854, 9, 'flip', 'JJ');
INSERT INTO triples (sentence_id, predicate_id,relation,arg_start_id,arg_end_id,triple_type)VALUES (854, 2, 'Property',4, 5, 'auto'), (854, 3, 'Agent',2, 2, 'auto'), (854, 3, 'Patient',4, 5, 'auto'), (854, 6, 'Agent',2, 2, 'auto'), (854, 6, 'Patient',8, 9, 'auto');
INSERT INTO Sentences (sentence_id, sentence, sentence_type)VALUES (855, 'A person dressed in light blue with white shoes does a back flip in the grass', 'auto');
INSERT INTO Words ( sentence_id,word_ID ,word,pos)VALUES (855, 1, 'A', 'DT'), (855, 2, 'person', 'NN'), (855, 3, 'dressed', 'VBN'), (855, 4, 'in', 'IN'), (855, 5, 'light', 'JJ'), (855, 6, 'blue', 'JJ'), (855, 7, 'with', 'IN'), (855, 8, 'white', 'JJ'), (855, 9, 'shoes', 'NNS'), (855, 10, 'does', 'VBZ'), (855, 11, 'a', 'DT'), (855, 12, 'back', 'RB'), (855, 13, 'flip', 'JJ'), (855, 14, 'in', 'IN'), (855, 15, 'the', 'DT'), (855, 16, 'grass', 'NN');
INSERT INTO triples (sentence_id, predicate_id,relation,arg_start_id,arg_end_id,triple_type)VALUES (855, 2, 'Property',5, 9, 'auto'), (855, 2, 'Location',14, 16, 'auto'), (855, 3, 'Agent',2, 2, 'auto'), (855, 3, 'Patient',4, 9, 'auto'), (855, 3, 'Location',14, 16, 'auto');
INSERT INTO Sentences (sentence_id, sentence, sentence_type)VALUES (856, 'Person doing backflips outside in the grass', 'auto');
INSERT INTO Words ( sentence_id,word_ID ,word,pos)VALUES (856, 1, 'Person', 'NN'), (856, 2, 'doing', 'VBG'), (856, 3, 'backflips', 'NNS'), (856, 4, 'outside', 'IN'), (856, 5, 'in', 'IN'), (856, 6, 'the', 'DT'), (856, 7, 'grass', 'NN');
INSERT INTO triples (sentence_id, predicate_id,relation,arg_start_id,arg_end_id,triple_type)VALUES (856, 1, 'Location',5, 7, 'auto'), (856, 2, 'Agent',1, 1, 'auto'), (856, 2, 'Patient',3, 4, 'auto'), (856, 2, 'Location',5, 7, 'auto');
INSERT INTO Sentences (sentence_id, sentence, sentence_type)VALUES (857, 'A man on a motorized bike rides across a dirt road', 'auto');
INSERT INTO Words ( sentence_id,word_ID ,word,pos)VALUES (857, 1, 'A', 'DT'), (857, 2, 'man', 'NN'), (857, 3, 'on', 'IN'), (857, 4, 'a', 'DT'), (857, 5, 'motorized', 'JJ'), (857, 6, 'bike', 'NN'), (857, 7, 'rides', 'VBZ'), (857, 8, 'across', 'IN'), (857, 9, 'a', 'DT'), (857, 10, 'dirt', 'NN'), (857, 11, 'road', 'NN');
INSERT INTO triples (sentence_id, predicate_id,relation,arg_start_id,arg_end_id,triple_type)VALUES (857, 2, 'Location',3, 6, 'auto'), (857, 6, 'Property',1, 1, 'auto'), (857, 6, 'Location',8, 11, 'auto'), (857, 7, 'Agent',2, 2, 'auto'), (857, 7, 'Patient',4, 6, 'auto'), (857, 7, 'Location',10, 11, 'auto');
INSERT INTO Sentences (sentence_id, sentence, sentence_type)VALUES (858, 'A man rides a pinkish motor bike on a hill', 'auto');
INSERT INTO Words ( sentence_id,word_ID ,word,pos)VALUES (858, 1, 'A', 'DT'), (858, 2, 'man', 'NN'), (858, 3, 'rides', 'VBZ'), (858, 4, 'a', 'DT'), (858, 5, 'pinkish', 'JJ'), (858, 6, 'motor', 'NN'), (858, 7, 'bike', 'NN'), (858, 8, 'on', 'IN'), (858, 9, 'a', 'DT'), (858, 10, 'hill', 'NN');
INSERT INTO triples (sentence_id, predicate_id,relation,arg_start_id,arg_end_id,triple_type)VALUES (858, 2, 'Property',4, 7, 'auto'), (858, 2, 'Location',9, 10, 'auto'), (858, 3, 'Agent',2, 2, 'auto'), (858, 3, 'Patient',4, 7, 'auto'), (858, 3, 'Location',10, 10, 'auto'), (858, 7, 'Property',4, 6, 'auto'), (858, 7, 'Location',8, 10, 'auto');
INSERT INTO Sentences (sentence_id, sentence, sentence_type)VALUES (859, 'A person on a dirt bike is riding up a sandy hill', 'auto');
INSERT INTO Words ( sentence_id,word_ID ,word,pos)VALUES (859, 1, 'A', 'DT'), (859, 2, 'person', 'NN'), (859, 3, 'on', 'IN'), (859, 4, 'a', 'DT'), (859, 5, 'dirt', 'NN'), (859, 6, 'bike', 'NN'), (859, 7, 'is', 'VBZ'), (859, 8, 'riding', 'VBG'), (859, 9, 'up', 'RP'), (859, 10, 'a', 'DT'), (859, 11, 'sandy', 'JJ'), (859, 12, 'hill', 'NN');
INSERT INTO triples (sentence_id, predicate_id,relation,arg_start_id,arg_end_id,triple_type)VALUES (859, 2, 'Location',3, 6, 'auto'), (859, 6, 'Property',5, 5, 'auto'), (859, 8, 'Agent',2, 2, 'auto'), (859, 8, 'Patient',6, 6, 'auto'), (859, 8, 'Destination',9, 12, 'auto'), (859, 12, 'Material',11, 11, 'auto');
INSERT INTO Sentences (sentence_id, sentence, sentence_type)VALUES (860, 'A person riding a dirt bike', 'auto');
INSERT INTO Words ( sentence_id,word_ID ,word,pos)VALUES (860, 1, 'A', 'DT'), (860, 2, 'person', 'NN'), (860, 3, 'riding', 'VBG'), (860, 4, 'a', 'DT'), (860, 5, 'dirt', 'NN'), (860, 6, 'bike', 'NN');
INSERT INTO triples (sentence_id, predicate_id,relation,arg_start_id,arg_end_id,triple_type)VALUES (860, 2, 'Location',5, 6, 'auto'), (860, 3, 'Agent',2, 2, 'auto'), (860, 3, 'Patient',4, 6, 'auto');
INSERT INTO Sentences (sentence_id, sentence, sentence_type)VALUES (861, 'Man riding a dirt bike on a dirt track', 'auto');
INSERT INTO Words ( sentence_id,word_ID ,word,pos)VALUES (861, 1, 'Man', 'NN'), (861, 2, 'riding', 'VBG'), (861, 3, 'a', 'DT'), (861, 4, 'dirt', 'NN'), (861, 5, 'bike', 'NN'), (861, 6, 'on', 'IN'), (861, 7, 'a', 'DT'), (861, 8, 'dirt', 'NN'), (861, 9, 'track', 'NN');
INSERT INTO Sentences (sentence_id, sentence, sentence_type)VALUES (862, 'A boy skateboards on a cement wall', 'auto');
INSERT INTO Words ( sentence_id,word_ID ,word,pos)VALUES (862, 1, 'A', 'DT'), (862, 2, 'boy', 'NN'), (862, 3, 'skateboards', 'VBZ'), (862, 4, 'on', 'IN'), (862, 5, 'a', 'DT'), (862, 6, 'cement', 'NN'), (862, 7, 'wall', 'NN');
INSERT INTO triples (sentence_id, predicate_id,relation,arg_start_id,arg_end_id,triple_type)VALUES (862, 2, 'Location',4, 7, 'auto'), (862, 3, 'Agent',2, 2, 'auto'), (862, 3, 'Location',4, 7, 'auto');
INSERT INTO Sentences (sentence_id, sentence, sentence_type)VALUES (863, 'a man doing a trick on skateboard', 'auto');
INSERT INTO Words ( sentence_id,word_ID ,word,pos)VALUES (863, 1, 'a', 'DT'), (863, 2, 'man', 'NN'), (863, 3, 'doing', 'VBG'), (863, 4, 'a', 'DT'), (863, 5, 'trick', 'NN'), (863, 6, 'on', 'IN'), (863, 7, 'skateboard', 'NN');
INSERT INTO triples (sentence_id, predicate_id,relation,arg_start_id,arg_end_id,triple_type)VALUES (863, 2, 'Location',7, 7, 'auto'), (863, 3, 'Agent',2, 2, 'auto'), (863, 3, 'Patient',4, 5, 'auto'), (863, 3, 'Location',6, 7, 'auto');
INSERT INTO Sentences (sentence_id, sentence, sentence_type)VALUES (864, 'A man on roller blades grinds a wall', 'auto');
INSERT INTO Words ( sentence_id,word_ID ,word,pos)VALUES (864, 1, 'A', 'DT'), (864, 2, 'man', 'NN'), (864, 3, 'on', 'IN'), (864, 4, 'roller', 'NN'), (864, 5, 'blades', 'NNS'), (864, 6, 'grinds', 'VBZ'), (864, 7, 'a', 'DT'), (864, 8, 'wall', 'NN');
INSERT INTO triples (sentence_id, predicate_id,relation,arg_start_id,arg_end_id,triple_type)VALUES (864, 2, 'Property',3, 5, 'auto'), (864, 6, 'Agent',2, 2, 'auto'), (864, 6, 'Patient',7, 8, 'auto');
INSERT INTO Sentences (sentence_id, sentence, sentence_type)VALUES (865, 'Man skates along cement wall', 'auto');
INSERT INTO Words ( sentence_id,word_ID ,word,pos)VALUES (865, 1, 'Man', 'NN'), (865, 2, 'skates', 'VBZ'), (865, 3, 'along', 'IN'), (865, 4, 'cement', 'NN'), (865, 5, 'wall', 'NN');
INSERT INTO triples (sentence_id, predicate_id,relation,arg_start_id,arg_end_id,triple_type)VALUES (865, 1, 'Location',3, 5, 'auto'), (865, 2, 'Agent',1, 1, 'auto'), (865, 2, 'Location',3, 5, 'auto');
INSERT INTO Sentences (sentence_id, sentence, sentence_type)VALUES (866, 'The man is standing on the white wall in front of the building', 'auto');
INSERT INTO Words ( sentence_id,word_ID ,word,pos)VALUES (866, 1, 'The', 'DT'), (866, 2, 'man', 'NN'), (866, 3, 'is', 'VBZ'), (866, 4, 'standing', 'VBG'), (866, 5, 'on', 'IN'), (866, 6, 'the', 'DT'), (866, 7, 'white', 'JJ'), (866, 8, 'wall', 'NN'), (866, 9, 'in', 'IN'), (866, 10, 'front', 'NN'), (866, 11, 'of', 'IN'), (866, 12, 'the', 'DT'), (866, 13, 'building', 'NN');
INSERT INTO triples (sentence_id, predicate_id,relation,arg_start_id,arg_end_id,triple_type)VALUES (866, 2, 'Location',5, 8, 'auto'), (866, 4, 'Agent',2, 2, 'auto'), (866, 4, 'Location',5, 8, 'auto'), (866, 8, 'Location',9, 13, 'auto');
INSERT INTO Sentences (sentence_id, sentence, sentence_type)VALUES (867, 'A bicycler is riding a bike at a racing event', 'auto');
INSERT INTO Words ( sentence_id,word_ID ,word,pos)VALUES (867, 1, 'A', 'DT'), (867, 2, 'bicycler', 'NN'), (867, 3, 'is', 'VBZ'), (867, 4, 'riding', 'VBG'), (867, 5, 'a', 'DT'), (867, 6, 'bike', 'NN'), (867, 7, 'at', 'IN'), (867, 8, 'a', 'DT'), (867, 9, 'racing', 'NN'), (867, 10, 'event', 'NN');
INSERT INTO triples (sentence_id, predicate_id,relation,arg_start_id,arg_end_id,triple_type)VALUES (867, 4, 'Agent',2, 2, 'auto'), (867, 4, 'Patient',6, 6, 'auto'), (867, 4, 'Time',7, 10, 'auto'), (867, 6, 'Location',9, 10, 'auto');
INSERT INTO Sentences (sentence_id, sentence, sentence_type)VALUES (868, 'A cyclist wearing a black helmet is riding by some black vans', 'auto');
INSERT INTO Words ( sentence_id,word_ID ,word,pos)VALUES (868, 1, 'A', 'DT'), (868, 2, 'cyclist', 'NN'), (868, 3, 'wearing', 'VBG'), (868, 4, 'a', 'DT'), (868, 5, 'black', 'JJ'), (868, 6, 'helmet', 'NN'), (868, 7, 'is', 'VBZ'), (868, 8, 'riding', 'VBG'), (868, 9, 'by', 'IN'), (868, 10, 'some', 'DT'), (868, 11, 'black', 'JJ'), (868, 12, 'vans', 'NNS');
INSERT INTO triples (sentence_id, predicate_id,relation,arg_start_id,arg_end_id,triple_type)VALUES (868, 3, 'Agent',2, 2, 'auto'), (868, 3, 'Patient',4, 7, 'auto'), (868, 8, 'Agent',2, 2, 'auto'), (868, 8, 'Location',9, 12, 'auto');
INSERT INTO Sentences (sentence_id, sentence, sentence_type)VALUES (869, 'A person on a bicycle goes down the street', 'auto');
INSERT INTO Words ( sentence_id,word_ID ,word,pos)VALUES (869, 1, 'A', 'DT'), (869, 2, 'person', 'NN'), (869, 3, 'on', 'IN'), (869, 4, 'a', 'DT'), (869, 5, 'bicycle', 'NN'), (869, 6, 'goes', 'VBZ'), (869, 7, 'down', 'IN'), (869, 8, 'the', 'DT'), (869, 9, 'street', 'NN');
INSERT INTO triples (sentence_id, predicate_id,relation,arg_start_id,arg_end_id,triple_type)VALUES (869, 2, 'Location',3, 5, 'auto'), (869, 5, 'Location',7, 9, 'auto'), (869, 6, 'Agent',2, 2, 'auto'), (869, 6, 'Destination',7, 9, 'auto');
INSERT INTO Sentences (sentence_id, sentence, sentence_type)VALUES (870, 'Funky bicycle being raced', 'auto');
INSERT INTO Words ( sentence_id,word_ID ,word,pos)VALUES (870, 1, 'Funky', 'JJ'), (870, 2, 'bicycle', 'NN'), (870, 3, 'being', 'VBG'), (870, 4, 'raced', 'VBN');
INSERT INTO triples (sentence_id, predicate_id,relation,arg_start_id,arg_end_id,triple_type)VALUES (870, 4, 'Patient',1, 3, 'auto');
INSERT INTO Sentences (sentence_id, sentence, sentence_type)VALUES (871, 'Man wearing helmet and racing gear on a bicycle', 'auto');
INSERT INTO Words ( sentence_id,word_ID ,word,pos)VALUES (871, 1, 'Man', 'NN'), (871, 2, 'wearing', 'VBG'), (871, 3, 'helmet', 'NN'), (871, 4, 'and', 'CC'), (871, 5, 'racing', 'VBG'), (871, 6, 'gear', 'NN'), (871, 7, 'on', 'IN'), (871, 8, 'a', 'DT'), (871, 9, 'bicycle', 'NN');
INSERT INTO triples (sentence_id, predicate_id,relation,arg_start_id,arg_end_id,triple_type)VALUES (871, 1, 'Property',3, 6, 'auto'), (871, 1, 'Location',7, 9, 'auto'), (871, 2, 'Agent',1, 1, 'auto'), (871, 2, 'Patient',3, 3, 'auto'), (871, 5, 'Agent',1, 1, 'auto'), (871, 5, 'Patient',6, 6, 'auto'), (871, 5, 'Location',7, 9, 'auto');
INSERT INTO Sentences (sentence_id, sentence, sentence_type)VALUES (872, 'A boy on a surfboard in mid air', 'auto');
INSERT INTO Words ( sentence_id,word_ID ,word,pos)VALUES (872, 1, 'A', 'DT'), (872, 2, 'boy', 'NN'), (872, 3, 'on', 'IN'), (872, 4, 'a', 'DT'), (872, 5, 'surfboard', 'NN'), (872, 6, 'in', 'IN'), (872, 7, 'mid', 'JJ'), (872, 8, 'air', 'NN');
INSERT INTO triples (sentence_id, predicate_id,relation,arg_start_id,arg_end_id,triple_type)VALUES (872, 2, 'Location',3, 5, 'auto'), (872, 5, 'Location',6, 8, 'auto');
INSERT INTO Sentences (sentence_id, sentence, sentence_type)VALUES (873, 'A surfer hangs in the air over the water', 'auto');
INSERT INTO Words ( sentence_id,word_ID ,word,pos)VALUES (873, 1, 'A', 'DT'), (873, 2, 'surfer', 'NN'), (873, 3, 'hangs', 'VBZ'), (873, 4, 'in', 'IN'), (873, 5, 'the', 'DT'), (873, 6, 'air', 'NN'), (873, 7, 'over', 'IN'), (873, 8, 'the', 'DT'), (873, 9, 'water', 'NN');
INSERT INTO triples (sentence_id, predicate_id,relation,arg_start_id,arg_end_id,triple_type)VALUES (873, 3, 'Agent',2, 2, 'auto'), (873, 3, 'Location',4, 9, 'auto');
INSERT INTO Sentences (sentence_id, sentence, sentence_type)VALUES (874, 'A young man jumps with a surfboard over the waves', 'auto');
INSERT INTO Words ( sentence_id,word_ID ,word,pos)VALUES (874, 1, 'A', 'DT'), (874, 2, 'young', 'JJ'), (874, 3, 'man', 'NN'), (874, 4, 'jumps', 'VBZ'), (874, 5, 'with', 'IN'), (874, 6, 'a', 'DT'), (874, 7, 'surfboard', 'NN'), (874, 8, 'over', 'IN'), (874, 9, 'the', 'DT'), (874, 10, 'waves', 'NNS');
INSERT INTO triples (sentence_id, predicate_id,relation,arg_start_id,arg_end_id,triple_type)VALUES (874, 3, 'Property',6, 7, 'auto'), (874, 3, 'Location',8, 10, 'auto'), (874, 4, 'Agent',2, 3, 'auto'), (874, 4, 'Instrument',5, 7, 'auto'), (874, 4, 'Location',8, 10, 'auto');
INSERT INTO Sentences (sentence_id, sentence, sentence_type)VALUES (875, 'Young man surfing in the ocean', 'auto');
INSERT INTO Words ( sentence_id,word_ID ,word,pos)VALUES (875, 1, 'Young', 'JJ'), (875, 2, 'man', 'NN'), (875, 3, 'surfing', 'VBG'), (875, 4, 'in', 'IN'), (875, 5, 'the', 'DT'), (875, 6, 'ocean', 'NN');
INSERT INTO triples (sentence_id, predicate_id,relation,arg_start_id,arg_end_id,triple_type)VALUES (875, 2, 'Property',1, 1, 'auto'), (875, 2, 'Location',5, 6, 'auto'), (875, 3, 'Agent',1, 2, 'auto'), (875, 3, 'Location',5, 6, 'auto');
INSERT INTO Sentences (sentence_id, sentence, sentence_type)VALUES (876, 'Youth in white T-shirt on a white surf board in the water', 'auto');
INSERT INTO Words ( sentence_id,word_ID ,word,pos)VALUES (876, 1, 'Youth', 'NN'), (876, 2, 'in', 'IN'), (876, 3, 'white', 'JJ'), (876, 4, 'T-shirt', 'NNS'), (876, 5, 'on', 'IN'), (876, 6, 'a', 'DT'), (876, 7, 'white', 'JJ'), (876, 8, 'surf', 'NN'), (876, 9, 'board', 'NN'), (876, 10, 'in', 'IN'), (876, 11, 'the', 'DT'), (876, 12, 'water', 'NN');
INSERT INTO triples (sentence_id, predicate_id,relation,arg_start_id,arg_end_id,triple_type)VALUES (876, 1, 'Property',3, 4, 'auto'), (876, 1, 'Location',5, 9, 'auto');
INSERT INTO Sentences (sentence_id, sentence, sentence_type)VALUES (877, 'Four people in helmets racing on skateboards', 'auto');
INSERT INTO Words ( sentence_id,word_ID ,word,pos)VALUES (877, 1, 'Four', 'CD'), (877, 2, 'people', 'NNS'), (877, 3, 'in', 'IN'), (877, 4, 'helmets', 'NNS'), (877, 5, 'racing', 'VBG'), (877, 6, 'on', 'IN'), (877, 7, 'skateboards', 'NNS');
INSERT INTO triples (sentence_id, predicate_id,relation,arg_start_id,arg_end_id,triple_type)VALUES (877, 2, 'Property',3, 4, 'auto'), (877, 2, 'Location',6, 7, 'auto'), (877, 5, 'Agent',2, 2, 'auto'), (877, 5, 'Location',6, 7, 'auto');
INSERT INTO Sentences (sentence_id, sentence, sentence_type)VALUES (878, 'People are racing down a road on skateboards', 'auto');
INSERT INTO Words ( sentence_id,word_ID ,word,pos)VALUES (878, 1, 'People', 'NNS'), (878, 2, 'are', 'VBP'), (878, 3, 'racing', 'VBG'), (878, 4, 'down', 'RP'), (878, 5, 'a', 'DT'), (878, 6, 'road', 'NN'), (878, 7, 'on', 'IN'), (878, 8, 'skateboards', 'NNS');
INSERT INTO triples (sentence_id, predicate_id,relation,arg_start_id,arg_end_id,triple_type)VALUES (878, 1, 'Location',5, 8, 'auto'), (878, 3, 'Agent',1, 1, 'auto'), (878, 3, 'Location',5, 6, 'auto'), (878, 3, 'Instrument',7, 8, 'auto');
INSERT INTO Sentences (sentence_id, sentence, sentence_type)VALUES (879, 'People on skateboards racing around a track', 'auto');
INSERT INTO Words ( sentence_id,word_ID ,word,pos)VALUES (879, 1, 'People', 'NNS'), (879, 2, 'on', 'IN'), (879, 3, 'skateboards', 'NNS'), (879, 4, 'racing', 'VBG'), (879, 5, 'around', 'IN'), (879, 6, 'a', 'DT'), (879, 7, 'track', 'NN');
INSERT INTO triples (sentence_id, predicate_id,relation,arg_start_id,arg_end_id,triple_type)VALUES (879, 1, 'Property',3, 3, 'auto'), (879, 1, 'Location',5, 7, 'auto'), (879, 4, 'Agent',1, 1, 'auto'), (879, 4, 'Patient',3, 3, 'auto'), (879, 4, 'Location',7, 7, 'auto');
INSERT INTO Sentences (sentence_id, sentence, sentence_type)VALUES (880, 'The four people skate at high speed on the curvy road', 'auto');
INSERT INTO Words ( sentence_id,word_ID ,word,pos)VALUES (880, 1, 'The', 'DT'), (880, 2, 'four', 'CD'), (880, 3, 'people', 'NNS'), (880, 4, 'skate', 'VBP'), (880, 5, 'at', 'IN'), (880, 6, 'high', 'JJ'), (880, 7, 'speed', 'NN'), (880, 8, 'on', 'IN'), (880, 9, 'the', 'DT'), (880, 10, 'curvy', 'JJ'), (880, 11, 'road', 'NN');
INSERT INTO triples (sentence_id, predicate_id,relation,arg_start_id,arg_end_id,triple_type)VALUES (880, 3, 'Location',9, 11, 'auto'), (880, 4, 'Agent',3, 3, 'auto'), (880, 4, 'Location',9, 11, 'auto');
INSERT INTO Sentences (sentence_id, sentence, sentence_type)VALUES (881, 'the skateboard racers are coming around a curve in the road', 'auto');
INSERT INTO Words ( sentence_id,word_ID ,word,pos)VALUES (881, 1, 'the', 'DT'), (881, 2, 'skateboard', 'NN'), (881, 3, 'racers', 'NNS'), (881, 4, 'are', 'VBP'), (881, 5, 'coming', 'VBG'), (881, 6, 'around', 'IN'), (881, 7, 'a', 'DT'), (881, 8, 'curve', 'NN'), (881, 9, 'in', 'IN'), (881, 10, 'the', 'DT'), (881, 11, 'road', 'NN');
INSERT INTO triples (sentence_id, predicate_id,relation,arg_start_id,arg_end_id,triple_type)VALUES (881, 5, 'Agent',2, 4, 'auto'), (881, 5, 'Location',6, 8, 'auto'), (881, 8, 'Location',9, 11, 'auto');
INSERT INTO Sentences (sentence_id, sentence, sentence_type)VALUES (882, 'A blue motorcycle is jumping over some colored barrels', 'auto');
INSERT INTO Words ( sentence_id,word_ID ,word,pos)VALUES (882, 1, 'A', 'DT'), (882, 2, 'blue', 'JJ'), (882, 3, 'motorcycle', 'NN'), (882, 4, 'is', 'VBZ'), (882, 5, 'jumping', 'VBG'), (882, 6, 'over', 'RP'), (882, 7, 'some', 'DT'), (882, 8, 'colored', 'JJ'), (882, 9, 'barrels', 'NNS');
INSERT INTO triples (sentence_id, predicate_id,relation,arg_start_id,arg_end_id,triple_type)VALUES (882, 3, 'Property',1, 2, 'auto'), (882, 5, 'Agent',2, 3, 'auto'), (882, 5, 'Destination',6, 9, 'auto'), (882, 9, 'Property',8, 8, 'auto');
INSERT INTO Sentences (sentence_id, sentence, sentence_type)VALUES (883, 'A dirt biker lands on a ramp', 'auto');
INSERT INTO Words ( sentence_id,word_ID ,word,pos)VALUES (883, 1, 'A', 'DT'), (883, 2, 'dirt', 'NN'), (883, 3, 'biker', 'NN'), (883, 4, 'lands', 'VBZ'), (883, 5, 'on', 'IN'), (883, 6, 'a', 'DT'), (883, 7, 'ramp', 'NN');
INSERT INTO triples (sentence_id, predicate_id,relation,arg_start_id,arg_end_id,triple_type)VALUES (883, 4, 'Agent',2, 3, 'auto'), (883, 4, 'Location',5, 7, 'auto');
INSERT INTO Sentences (sentence_id, sentence, sentence_type)VALUES (884, 'A man riding a blue motorcycle jumps over a ramp', 'auto');
INSERT INTO Words ( sentence_id,word_ID ,word,pos)VALUES (884, 1, 'A', 'DT'), (884, 2, 'man', 'NN'), (884, 3, 'riding', 'VBG'), (884, 4, 'a', 'DT'), (884, 5, 'blue', 'JJ'), (884, 6, 'motorcycle', 'NN'), (884, 7, 'jumps', 'VBZ'), (884, 8, 'over', 'IN'), (884, 9, 'a', 'DT'), (884, 10, 'ramp', 'NN');
INSERT INTO triples (sentence_id, predicate_id,relation,arg_start_id,arg_end_id,triple_type)VALUES (884, 2, 'Location',9, 10, 'auto'), (884, 3, 'Agent',2, 2, 'auto'), (884, 3, 'Patient',4, 6, 'auto'), (884, 3, 'Location',8, 10, 'auto'), (884, 6, 'Property',5, 5, 'auto'), (884, 7, 'Agent',2, 2, 'auto'), (884, 7, 'Patient',6, 6, 'auto'), (884, 7, 'Location',8, 10, 'auto');
INSERT INTO Sentences (sentence_id, sentence, sentence_type)VALUES (885, 'a motorcyclist jumping on a ramp', 'auto');
INSERT INTO Words ( sentence_id,word_ID ,word,pos)VALUES (885, 1, 'a', 'DT'), (885, 2, 'motorcyclist', 'NN'), (885, 3, 'jumping', 'VBG'), (885, 4, 'on', 'IN'), (885, 5, 'a', 'DT'), (885, 6, 'ramp', 'NN');
INSERT INTO triples (sentence_id, predicate_id,relation,arg_start_id,arg_end_id,triple_type)VALUES (885, 2, 'Location',4, 6, 'auto'), (885, 3, 'Agent',2, 2, 'auto'), (885, 3, 'Location',6, 6, 'auto');
INSERT INTO Sentences (sentence_id, sentence, sentence_type)VALUES (886, 'A motorcyclist rides down a ramp held up by colorful barrels', 'auto');
INSERT INTO Words ( sentence_id,word_ID ,word,pos)VALUES (886, 1, 'A', 'DT'), (886, 2, 'motorcyclist', 'NN'), (886, 3, 'rides', 'VBZ'), (886, 4, 'down', 'IN'), (886, 5, 'a', 'DT'), (886, 6, 'ramp', 'NN'), (886, 7, 'held', 'VBD'), (886, 8, 'up', 'RP'), (886, 9, 'by', 'IN'), (886, 10, 'colorful', 'JJ'), (886, 11, 'barrels', 'NNS');
INSERT INTO triples (sentence_id, predicate_id,relation,arg_start_id,arg_end_id,triple_type)VALUES (886, 3, 'Agent',2, 2, 'auto'), (886, 3, 'Patient',5, 6, 'auto'), (886, 7, 'Patient',6, 6, 'auto'), (886, 7, 'Agent',9, 11, 'auto');
INSERT INTO Sentences (sentence_id, sentence, sentence_type)VALUES (887, 'A guy jumps high on his skateboard', 'auto');
INSERT INTO Words ( sentence_id,word_ID ,word,pos)VALUES (887, 1, 'A', 'DT'), (887, 2, 'guy', 'NN'), (887, 3, 'jumps', 'VBZ'), (887, 4, 'high', 'JJ'), (887, 5, 'on', 'IN'), (887, 6, 'his', 'PRP$'), (887, 7, 'skateboard', 'NN');
INSERT INTO triples (sentence_id, predicate_id,relation,arg_start_id,arg_end_id,triple_type)VALUES (887, 2, 'Property',4, 7, 'auto'), (887, 3, 'Agent',2, 2, 'auto'), (887, 3, 'Instrument',7, 7, 'auto');
INSERT INTO Sentences (sentence_id, sentence, sentence_type)VALUES (888, 'A male skateboarder is captured mid air', 'auto');
INSERT INTO Words ( sentence_id,word_ID ,word,pos)VALUES (888, 1, 'A', 'DT'), (888, 2, 'male', 'JJ'), (888, 3, 'skateboarder', 'NN'), (888, 4, 'is', 'VBZ'), (888, 5, 'captured', 'VBN'), (888, 6, 'mid', 'JJ'), (888, 7, 'air', 'NN');
INSERT INTO triples (sentence_id, predicate_id,relation,arg_start_id,arg_end_id,triple_type)VALUES (888, 5, 'Patient',3, 3, 'auto'), (888, 5, 'Location',6, 7, 'auto');
INSERT INTO Sentences (sentence_id, sentence, sentence_type)VALUES (889, 'A man in mid air on a skateboard', 'auto');
INSERT INTO Words ( sentence_id,word_ID ,word,pos)VALUES (889, 1, 'A', 'DT'), (889, 2, 'man', 'NN'), (889, 3, 'in', 'IN'), (889, 4, 'mid', 'JJ'), (889, 5, 'air', 'NN'), (889, 6, 'on', 'IN'), (889, 7, 'a', 'DT'), (889, 8, 'skateboard', 'NN');
INSERT INTO triples (sentence_id, predicate_id,relation,arg_start_id,arg_end_id,triple_type)VALUES (889, 2, 'Property',3, 5, 'auto'), (889, 2, 'Location',6, 8, 'auto');
INSERT INTO Sentences (sentence_id, sentence, sentence_type)VALUES (890, 'A skateboarder flies thorugh the air while others watch', 'auto');
INSERT INTO Words ( sentence_id,word_ID ,word,pos)VALUES (890, 1, 'A', 'DT'), (890, 2, 'skateboarder', 'NN'), (890, 3, 'flies', 'VBZ'), (890, 4, 'thorugh', 'IN'), (890, 5, 'the', 'DT'), (890, 6, 'air', 'NN'), (890, 7, 'while', 'IN'), (890, 8, 'others', 'NNS'), (890, 9, 'watch', 'VBP');
INSERT INTO triples (sentence_id, predicate_id,relation,arg_start_id,arg_end_id,triple_type)VALUES (890, 3, 'Agent',2, 2, 'auto'), (890, 3, 'Destination',6, 6, 'auto'), (890, 9, 'Patient',3, 7, 'auto'), (890, 9, 'Agent',8, 8, 'auto');
INSERT INTO Sentences (sentence_id, sentence, sentence_type)VALUES (891, 'A youth riding a skateboard is airborne amongst the basketball courts', 'auto');
INSERT INTO Words ( sentence_id,word_ID ,word,pos)VALUES (891, 1, 'A', 'DT'), (891, 2, 'youth', 'NN'), (891, 3, 'riding', 'VBG'), (891, 4, 'a', 'DT'), (891, 5, 'skateboard', 'NN'), (891, 6, 'is', 'VBZ'), (891, 7, 'airborne', 'JJ'), (891, 8, 'amongst', 'IN'), (891, 9, 'the', 'DT'), (891, 10, 'basketball', 'NN'), (891, 11, 'courts', 'NNS');
INSERT INTO triples (sentence_id, predicate_id,relation,arg_start_id,arg_end_id,triple_type)VALUES (891, 3, 'Agent',2, 2, 'auto'), (891, 3, 'Patient',5, 5, 'auto'), (891, 6, 'Patient',2, 2, 'auto'), (891, 6, 'Attribute',7, 7, 'auto'), (891, 6, 'Location',8, 11, 'auto');
INSERT INTO Sentences (sentence_id, sentence, sentence_type)VALUES (892, 'A football player carries the ball during a game', 'auto');
INSERT INTO Words ( sentence_id,word_ID ,word,pos)VALUES (892, 1, 'A', 'DT'), (892, 2, 'football', 'NN'), (892, 3, 'player', 'NN'), (892, 4, 'carries', 'VBZ'), (892, 5, 'the', 'DT'), (892, 6, 'ball', 'NN'), (892, 7, 'during', 'IN'), (892, 8, 'a', 'DT'), (892, 9, 'game', 'NN');
INSERT INTO triples (sentence_id, predicate_id,relation,arg_start_id,arg_end_id,triple_type)VALUES (892, 3, 'Property',2, 2, 'auto'), (892, 3, 'Location',7, 9, 'auto'), (892, 4, 'Agent',2, 3, 'auto'), (892, 4, 'Patient',5, 6, 'auto');
INSERT INTO Sentences (sentence_id, sentence, sentence_type)VALUES (893, 'A football player catches the ball as another tries to tackle him', 'auto');
INSERT INTO Words ( sentence_id,word_ID ,word,pos)VALUES (893, 1, 'A', 'DT'), (893, 2, 'football', 'NN'), (893, 3, 'player', 'NN'), (893, 4, 'catches', 'VBZ'), (893, 5, 'the', 'DT'), (893, 6, 'ball', 'NN'), (893, 7, 'as', 'IN'), (893, 8, 'another', 'DT'), (893, 9, 'tries', 'VBZ'), (893, 10, 'to', 'TO'), (893, 11, 'tackle', 'VB'), (893, 12, 'him', 'PRP');
INSERT INTO triples (sentence_id, predicate_id,relation,arg_start_id,arg_end_id,triple_type)VALUES (893, 3, 'Property',2, 2, 'auto'), (893, 4, 'Agent',2, 3, 'auto'), (893, 4, 'Patient',5, 6, 'auto'), (893, 9, 'Agent',8, 8, 'auto'), (893, 9, 'Beneficiary',10, 11, 'auto'), (893, 11, 'Agent',8, 8, 'auto'), (893, 11, 'Patient',12, 12, 'auto');
INSERT INTO Sentences (sentence_id, sentence, sentence_type)VALUES (894, 'A football player in an orange jersey tries to escape with the ball from the tackler', 'auto');
INSERT INTO Words ( sentence_id,word_ID ,word,pos)VALUES (894, 1, 'A', 'DT'), (894, 2, 'football', 'NN'), (894, 3, 'player', 'NN'), (894, 4, 'in', 'IN'), (894, 5, 'an', 'DT'), (894, 6, 'orange', 'JJ'), (894, 7, 'jersey', 'NN'), (894, 8, 'tries', 'VBZ'), (894, 9, 'to', 'TO'), (894, 10, 'escape', 'VB'), (894, 11, 'with', 'IN'), (894, 12, 'the', 'DT'), (894, 13, 'ball', 'NN'), (894, 14, 'from', 'IN'), (894, 15, 'the', 'DT'), (894, 16, 'tackler', 'NN');
INSERT INTO Sentences (sentence_id, sentence, sentence_type)VALUES (895, 'A football player is getting tackled', 'auto');
INSERT INTO Words ( sentence_id,word_ID ,word,pos)VALUES (895, 1, 'A', 'DT'), (895, 2, 'football', 'NN'), (895, 3, 'player', 'NN'), (895, 4, 'is', 'VBZ'), (895, 5, 'getting', 'VBG'), (895, 6, 'tackled', 'VBN');
INSERT INTO triples (sentence_id, predicate_id,relation,arg_start_id,arg_end_id,triple_type)VALUES (895, 3, 'Property',2, 2, 'auto'), (895, 5, 'Agent',2, 3, 'auto'), (895, 6, 'Patient',2, 3, 'auto');
INSERT INTO Sentences (sentence_id, sentence, sentence_type)VALUES (896, 'The football player in the orange uniform has the ball in his arms', 'auto');
INSERT INTO Words ( sentence_id,word_ID ,word,pos)VALUES (896, 1, 'The', 'DT'), (896, 2, 'football', 'NN'), (896, 3, 'player', 'NN'), (896, 4, 'in', 'IN'), (896, 5, 'the', 'DT'), (896, 6, 'orange', 'JJ'), (896, 7, 'uniform', 'NN'), (896, 8, 'has', 'VBZ'), (896, 9, 'the', 'DT'), (896, 10, 'ball', 'NN'), (896, 11, 'in', 'IN'), (896, 12, 'his', 'PRP$'), (896, 13, 'arms', 'NNS');
INSERT INTO triples (sentence_id, predicate_id,relation,arg_start_id,arg_end_id,triple_type)VALUES (896, 3, 'Property',5, 7, 'auto'), (896, 8, 'Agent',2, 3, 'auto'), (896, 8, 'Patient',10, 10, 'auto'), (896, 8, 'Location',11, 13, 'auto');
INSERT INTO Sentences (sentence_id, sentence, sentence_type)VALUES (897, 'A holder and kicker for a football team dressed in orange , white and black play while onlookers behind them watch', 'auto');
INSERT INTO Words ( sentence_id,word_ID ,word,pos)VALUES (897, 1, 'A', 'DT'), (897, 2, 'holder', 'NN'), (897, 3, 'and', 'CC'), (897, 4, 'kicker', 'NN'), (897, 5, 'for', 'IN'), (897, 6, 'a', 'DT'), (897, 7, 'football', 'NN'), (897, 8, 'team', 'NN'), (897, 9, 'dressed', 'VBN'), (897, 10, 'in', 'IN'), (897, 11, 'orange', 'NN'), (897, 12, ',', ','), (897, 13, 'white', 'JJ'), (897, 14, 'and', 'CC'), (897, 15, 'black', 'JJ'), (897, 16, 'play', 'VBP'), (897, 17, 'while', 'IN'), (897, 18, 'onlookers', 'NNS'), (897, 19, 'behind', 'IN'), (897, 20, 'them', 'PRP'), (897, 21, 'watch', 'VBP');
INSERT INTO triples (sentence_id, predicate_id,relation,arg_start_id,arg_end_id,triple_type)VALUES (897, 9, 'Agent',2, 4, 'auto'), (897, 9, 'Patient',10, 15, 'auto'), (897, 16, 'Agent',2, 4, 'auto'), (897, 18, 'Location',19, 20, 'auto'), (897, 21, 'Agent',18, 18, 'auto');
INSERT INTO Sentences (sentence_id, sentence, sentence_type)VALUES (898, 'A kicker launches the football forward while the holder checks his fingers', 'auto');
INSERT INTO Words ( sentence_id,word_ID ,word,pos)VALUES (898, 1, 'A', 'DT'), (898, 2, 'kicker', 'NN'), (898, 3, 'launches', 'VBZ'), (898, 4, 'the', 'DT'), (898, 5, 'football', 'NN'), (898, 6, 'forward', 'RB'), (898, 7, 'while', 'IN'), (898, 8, 'the', 'DT'), (898, 9, 'holder', 'NN'), (898, 10, 'checks', 'VBP'), (898, 11, 'his', 'PRP$'), (898, 12, 'fingers', 'NNS');
INSERT INTO triples (sentence_id, predicate_id,relation,arg_start_id,arg_end_id,triple_type)VALUES (898, 3, 'Agent',2, 2, 'auto'), (898, 3, 'Patient',4, 5, 'auto'), (898, 3, 'Destination',6, 6, 'auto'), (898, 10, 'Agent',9, 9, 'auto'), (898, 10, 'Patient',11, 12, 'auto');
INSERT INTO Sentences (sentence_id, sentence, sentence_type)VALUES (899, 'The football player wearing a white helmet and orange chairs swing his leg while the player next to him kneels', 'auto');
INSERT INTO Words ( sentence_id,word_ID ,word,pos)VALUES (899, 1, 'The', 'DT'), (899, 2, 'football', 'NN'), (899, 3, 'player', 'NN'), (899, 4, 'wearing', 'VBG'), (899, 5, 'a', 'DT'), (899, 6, 'white', 'JJ'), (899, 7, 'helmet', 'NN'), (899, 8, 'and', 'CC'), (899, 9, 'orange', 'JJ'), (899, 10, 'chairs', 'NNS'), (899, 11, 'swing', 'VBP'), (899, 12, 'his', 'PRP$'), (899, 13, 'leg', 'NN'), (899, 14, 'while', 'IN'), (899, 15, 'the', 'DT'), (899, 16, 'player', 'NN'), (899, 17, 'next', 'JJ'), (899, 18, 'to', 'TO'), (899, 19, 'him', 'PRP'), (899, 20, 'kneels', 'VBZ');
INSERT INTO triples (sentence_id, predicate_id,relation,arg_start_id,arg_end_id,triple_type)VALUES (899, 3, 'Property',2, 2, 'auto'), (899, 4, 'Agent',2, 3, 'auto'), (899, 4, 'Patient',5, 10, 'auto'), (899, 11, 'Agent',1, 3, 'auto'), (899, 11, 'Patient',12, 13, 'auto'), (899, 16, 'Property',17, 19, 'auto'), (899, 20, 'Agent',15, 16, 'auto');
INSERT INTO Sentences (sentence_id, sentence, sentence_type)VALUES (900, 'Two football player are in the kick off position in front of a crowd', 'auto');
INSERT INTO Words ( sentence_id,word_ID ,word,pos)VALUES (900, 1, 'Two', 'CD'), (900, 2, 'football', 'NN'), (900, 3, 'player', 'NN'), (900, 4, 'are', 'VBP'), (900, 5, 'in', 'IN'), (900, 6, 'the', 'DT'), (900, 7, 'kick', 'NN'), (900, 8, 'off', 'RP'), (900, 9, 'position', 'NN'), (900, 10, 'in', 'IN'), (900, 11, 'front', 'NN'), (900, 12, 'of', 'IN'), (900, 13, 'a', 'DT'), (900, 14, 'crowd', 'NN');
INSERT INTO triples (sentence_id, predicate_id,relation,arg_start_id,arg_end_id,triple_type)VALUES (900, 3, 'Property',1, 2, 'auto'), (900, 3, 'Location',10, 14, 'auto'), (900, 4, 'Patient',1, 3, 'auto'), (900, 4, 'Attribute',6, 9, 'auto'), (900, 4, 'Location',10, 14, 'auto');
INSERT INTO Sentences (sentence_id, sentence, sentence_type)VALUES (901, 'Two young men on the same football team are wearing orange and white uniforms and playing on an outside field while coaches and other players watch', 'auto');
INSERT INTO Words ( sentence_id,word_ID ,word,pos)VALUES (901, 1, 'Two', 'CD'), (901, 2, 'young', 'JJ'), (901, 3, 'men', 'NNS'), (901, 4, 'on', 'IN'), (901, 5, 'the', 'DT'), (901, 6, 'same', 'JJ'), (901, 7, 'football', 'NN'), (901, 8, 'team', 'NN'), (901, 9, 'are', 'VBP'), (901, 10, 'wearing', 'VBG'), (901, 11, 'orange', 'NN'), (901, 12, 'and', 'CC'), (901, 13, 'white', 'JJ'), (901, 14, 'uniforms', 'NNS'), (901, 15, 'and', 'CC'), (901, 16, 'playing', 'VBG'), (901, 17, 'on', 'IN'), (901, 18, 'an', 'DT'), (901, 19, 'outside', 'JJ'), (901, 20, 'field', 'NN'), (901, 21, 'while', 'IN'), (901, 22, 'coaches', 'NNS'), (901, 23, 'and', 'CC'), (901, 24, 'other', 'JJ'), (901, 25, 'players', 'NNS'), (901, 26, 'watch', 'VBP');
INSERT INTO triples (sentence_id, predicate_id,relation,arg_start_id,arg_end_id,triple_type)VALUES (901, 3, 'Property',11, 16, 'auto'), (901, 10, 'Agent',1, 8, 'auto'), (901, 10, 'Patient',11, 14, 'auto'), (901, 16, 'Agent',3, 3, 'auto'), (901, 16, 'Location',17, 20, 'auto'), (901, 16, 'Patient',26, 26, 'auto'), (901, 26, 'Location',17, 20, 'auto'), (901, 26, 'Agent',22, 25, 'auto');
INSERT INTO Sentences (sentence_id, sentence, sentence_type)VALUES (902, 'A kayaker crashes against the force of the wave', 'auto');
INSERT INTO Words ( sentence_id,word_ID ,word,pos)VALUES (902, 1, 'A', 'DT'), (902, 2, 'kayaker', 'NN'), (902, 3, 'crashes', 'VBZ'), (902, 4, 'against', 'IN'), (902, 5, 'the', 'DT'), (902, 6, 'force', 'NN'), (902, 7, 'of', 'IN'), (902, 8, 'the', 'DT'), (902, 9, 'wave', 'NN');
INSERT INTO triples (sentence_id, predicate_id,relation,arg_start_id,arg_end_id,triple_type)VALUES (902, 3, 'Agent',1, 2, 'auto'), (902, 3, 'Destination',6, 6, 'auto'), (902, 3, 'Location',9, 9, 'auto');
INSERT INTO Sentences (sentence_id, sentence, sentence_type)VALUES (903, 'a lone person in a red boat on a wild river with only one padel', 'auto');
INSERT INTO Words ( sentence_id,word_ID ,word,pos)VALUES (903, 1, 'a', 'DT'), (903, 2, 'lone', 'JJ'), (903, 3, 'person', 'NN'), (903, 4, 'in', 'IN'), (903, 5, 'a', 'DT'), (903, 6, 'red', 'JJ'), (903, 7, 'boat', 'NN'), (903, 8, 'on', 'IN'), (903, 9, 'a', 'DT'), (903, 10, 'wild', 'JJ'), (903, 11, 'river', 'NN'), (903, 12, 'with', 'IN'), (903, 13, 'only', 'RB'), (903, 14, 'one', 'CD'), (903, 15, 'padel', 'NN');
INSERT INTO triples (sentence_id, predicate_id,relation,arg_start_id,arg_end_id,triple_type)VALUES (903, 3, 'Property',1, 2, 'auto'), (903, 3, 'Location',11, 11, 'auto'), (903, 7, 'Property',6, 6, 'auto'), (903, 7, 'Location',11, 11, 'auto');
INSERT INTO Sentences (sentence_id, sentence, sentence_type)VALUES (904, 'A man pilots a kayak through rough rapids', 'auto');
INSERT INTO Words ( sentence_id,word_ID ,word,pos)VALUES (904, 1, 'A', 'DT'), (904, 2, 'man', 'NN'), (904, 3, 'pilots', 'VBZ'), (904, 4, 'a', 'DT'), (904, 5, 'kayak', 'NN'), (904, 6, 'through', 'IN'), (904, 7, 'rough', 'JJ'), (904, 8, 'rapids', 'NNS');
INSERT INTO Sentences (sentence_id, sentence, sentence_type)VALUES (905, 'A person riverrafting', 'auto');
INSERT INTO Words ( sentence_id,word_ID ,word,pos)VALUES (905, 1, 'A', 'DT'), (905, 2, 'person', 'NN'), (905, 3, 'riverrafting', 'VBG');
INSERT INTO triples (sentence_id, predicate_id,relation,arg_start_id,arg_end_id,triple_type)VALUES (905, 3, 'Agent',2, 2, 'auto');
INSERT INTO Sentences (sentence_id, sentence, sentence_type)VALUES (906, 'This person in a red kayak faces a challange in the rapids', 'auto');
INSERT INTO Words ( sentence_id,word_ID ,word,pos)VALUES (906, 1, 'This', 'DT'), (906, 2, 'person', 'NN'), (906, 3, 'in', 'IN'), (906, 4, 'a', 'DT'), (906, 5, 'red', 'JJ'), (906, 6, 'kayak', 'NN'), (906, 7, 'faces', 'VBZ'), (906, 8, 'a', 'DT'), (906, 9, 'challange', 'NN'), (906, 10, 'in', 'IN'), (906, 11, 'the', 'DT'), (906, 12, 'rapids', 'NNS');
INSERT INTO triples (sentence_id, predicate_id,relation,arg_start_id,arg_end_id,triple_type)VALUES (906, 2, 'Property',5, 6, 'auto'), (906, 2, 'Location',11, 12, 'auto'), (906, 7, 'Agent',2, 2, 'auto'), (906, 7, 'Patient',8, 9, 'auto');
INSERT INTO Sentences (sentence_id, sentence, sentence_type)VALUES (907, 'A kayaker battles the rapids', 'auto');
INSERT INTO Words ( sentence_id,word_ID ,word,pos)VALUES (907, 1, 'A', 'DT'), (907, 2, 'kayaker', 'NN'), (907, 3, 'battles', 'VBZ'), (907, 4, 'the', 'DT'), (907, 5, 'rapids', 'NNS');
INSERT INTO triples (sentence_id, predicate_id,relation,arg_start_id,arg_end_id,triple_type)VALUES (907, 3, 'Agent',2, 2, 'auto'), (907, 3, 'Patient',4, 5, 'auto');
INSERT INTO Sentences (sentence_id, sentence, sentence_type)VALUES (908, 'A kayaker paddles through churning rapids', 'auto');
INSERT INTO Words ( sentence_id,word_ID ,word,pos)VALUES (908, 1, 'A', 'DT'), (908, 2, 'kayaker', 'NN'), (908, 3, 'paddles', 'VBZ'), (908, 4, 'through', 'IN'), (908, 5, 'churning', 'JJ'), (908, 6, 'rapids', 'NNS');
INSERT INTO triples (sentence_id, predicate_id,relation,arg_start_id,arg_end_id,triple_type)VALUES (908, 3, 'Agent',1, 2, 'auto'), (908, 6, 'Property',5, 5, 'auto');
INSERT INTO Sentences (sentence_id, sentence, sentence_type)VALUES (909, 'A man kayaking in wild foamy water', 'auto');
INSERT INTO Words ( sentence_id,word_ID ,word,pos)VALUES (909, 1, 'A', 'DT'), (909, 2, 'man', 'NN'), (909, 3, 'kayaking', 'VBG'), (909, 4, 'in', 'IN'), (909, 5, 'wild', 'JJ'), (909, 6, 'foamy', 'JJ'), (909, 7, 'water', 'NN');
INSERT INTO triples (sentence_id, predicate_id,relation,arg_start_id,arg_end_id,triple_type)VALUES (909, 2, 'Property',3, 7, 'auto'), (909, 3, 'Location',4, 7, 'auto'), (909, 7, 'Property',5, 6, 'auto');
INSERT INTO Sentences (sentence_id, sentence, sentence_type)VALUES (910, 'A person canoeing through river rapids in a blue canoe', 'auto');
INSERT INTO Words ( sentence_id,word_ID ,word,pos)VALUES (910, 1, 'A', 'DT'), (910, 2, 'person', 'NN'), (910, 3, 'canoeing', 'VBG'), (910, 4, 'through', 'IN'), (910, 5, 'river', 'NN'), (910, 6, 'rapids', 'NNS'), (910, 7, 'in', 'IN'), (910, 8, 'a', 'DT'), (910, 9, 'blue', 'JJ'), (910, 10, 'canoe', 'NN');
INSERT INTO triples (sentence_id, predicate_id,relation,arg_start_id,arg_end_id,triple_type)VALUES (910, 2, 'Location',8, 10, 'auto'), (910, 3, 'Agent',2, 2, 'auto'), (910, 3, 'Location',8, 10, 'auto');
INSERT INTO Sentences (sentence_id, sentence, sentence_type)VALUES (911, 'Person in kayak with water splashing up and over person and kayak', 'auto');
INSERT INTO Words ( sentence_id,word_ID ,word,pos)VALUES (911, 1, 'Person', 'NN'), (911, 2, 'in', 'IN'), (911, 3, 'kayak', 'NN'), (911, 4, 'with', 'IN'), (911, 5, 'water', 'NN'), (911, 6, 'splashing', 'VBG'), (911, 7, 'up', 'RP'), (911, 8, 'and', 'CC'), (911, 9, 'over', 'IN'), (911, 10, 'person', 'NN'), (911, 11, 'and', 'CC'), (911, 12, 'kayak', 'NN');
INSERT INTO triples (sentence_id, predicate_id,relation,arg_start_id,arg_end_id,triple_type)VALUES (911, 1, 'Location',3, 3, 'auto'), (911, 1, 'Property',4, 12, 'auto'), (911, 6, 'Agent',4, 5, 'auto'), (911, 6, 'Location',7, 10, 'auto'), (911, 10, 'Location',2, 3, 'auto'), (911, 10, 'Property',4, 9, 'auto');
INSERT INTO Sentences (sentence_id, sentence, sentence_type)VALUES (912, 'A guy on Rollerblades , sliding across a rail', 'auto');
INSERT INTO Words ( sentence_id,word_ID ,word,pos)VALUES (912, 1, 'A', 'DT'), (912, 2, 'guy', 'NN'), (912, 3, 'on', 'IN'), (912, 4, 'Rollerblades', 'NNP'), (912, 5, ',', ','), (912, 6, 'sliding', 'VBG'), (912, 7, 'across', 'IN'), (912, 8, 'a', 'DT'), (912, 9, 'rail', 'NN');
INSERT INTO triples (sentence_id, predicate_id,relation,arg_start_id,arg_end_id,triple_type)VALUES (912, 2, 'Property',3, 7, 'auto'), (912, 2, 'Location',8, 9, 'auto'), (912, 6, 'Agent',2, 2, 'auto'), (912, 6, 'Location',3, 4, 'auto'), (912, 6, 'Destination',9, 9, 'auto');
INSERT INTO Sentences (sentence_id, sentence, sentence_type)VALUES (913, 'A man is rollerblading down a rail', 'auto');
INSERT INTO Words ( sentence_id,word_ID ,word,pos)VALUES (913, 1, 'A', 'DT'), (913, 2, 'man', 'NN'), (913, 3, 'is', 'VBZ'), (913, 4, 'rollerblading', 'VBG'), (913, 5, 'down', 'RP'), (913, 6, 'a', 'DT'), (913, 7, 'rail', 'NN');
INSERT INTO triples (sentence_id, predicate_id,relation,arg_start_id,arg_end_id,triple_type)VALUES (913, 2, 'Location',5, 7, 'auto');
INSERT INTO Sentences (sentence_id, sentence, sentence_type)VALUES (914, 'A roller blader riding a hand rail', 'auto');
INSERT INTO Words ( sentence_id,word_ID ,word,pos)VALUES (914, 1, 'A', 'DT'), (914, 2, 'roller', 'NN'), (914, 3, 'blader', 'NN'), (914, 4, 'riding', 'VBG'), (914, 5, 'a', 'DT'), (914, 6, 'hand', 'NN'), (914, 7, 'rail', 'NN');
INSERT INTO triples (sentence_id, predicate_id,relation,arg_start_id,arg_end_id,triple_type)VALUES (914, 4, 'Agent',2, 3, 'auto'), (914, 4, 'Patient',6, 7, 'auto');
INSERT INTO Sentences (sentence_id, sentence, sentence_type)VALUES (915, 'A skater leaps through the air near a railing Skateboarder slides across rail in corridor', 'auto');
INSERT INTO Words ( sentence_id,word_ID ,word,pos)VALUES (915, 1, 'A', 'DT'), (915, 2, 'skater', 'NN'), (915, 3, 'leaps', 'VBZ'), (915, 4, 'through', 'IN'), (915, 5, 'the', 'DT'), (915, 6, 'air', 'NN'), (915, 7, 'near', 'IN'), (915, 8, 'a', 'DT'), (915, 9, 'railing', 'NN'), (915, 10, 'Skateboarder', 'NN'), (915, 11, 'slides', 'NNS'), (915, 12, 'across', 'IN'), (915, 13, 'rail', 'NN'), (915, 14, 'in', 'IN'), (915, 15, 'corridor', 'NN');
INSERT INTO triples (sentence_id, predicate_id,relation,arg_start_id,arg_end_id,triple_type)VALUES (915, 3, 'Agent',2, 2, 'auto'), (915, 3, 'Destination',6, 6, 'auto'), (915, 3, 'Location',14, 15, 'auto'), (915, 10, 'Location',12, 13, 'auto');
INSERT INTO Sentences (sentence_id, sentence, sentence_type)VALUES (916, 'A group of motocross racers lined up to start', 'auto');
INSERT INTO Words ( sentence_id,word_ID ,word,pos)VALUES (916, 1, 'A', 'DT'), (916, 2, 'group', 'NN'), (916, 3, 'of', 'IN'), (916, 4, 'motocross', 'NN'), (916, 5, 'racers', 'NNS'), (916, 6, 'lined', 'VBD'), (916, 7, 'up', 'RP'), (916, 8, 'to', 'TO'), (916, 9, 'start', 'VB');
INSERT INTO triples (sentence_id, predicate_id,relation,arg_start_id,arg_end_id,triple_type)VALUES (916, 6, 'Agent',2, 5, 'auto'), (916, 6, 'Destination',7, 9, 'auto'), (916, 9, 'Agent',2, 5, 'auto');
INSERT INTO Sentences (sentence_id, sentence, sentence_type)VALUES (917, 'A group of people are sitting on dirt bikes in a grassy field', 'auto');
INSERT INTO Words ( sentence_id,word_ID ,word,pos)VALUES (917, 1, 'A', 'DT'), (917, 2, 'group', 'NN'), (917, 3, 'of', 'IN'), (917, 4, 'people', 'NNS'), (917, 5, 'are', 'VBP'), (917, 6, 'sitting', 'VBG'), (917, 7, 'on', 'IN'), (917, 8, 'dirt', 'NN'), (917, 9, 'bikes', 'NNS'), (917, 10, 'in', 'IN'), (917, 11, 'a', 'DT'), (917, 12, 'grassy', 'JJ'), (917, 13, 'field', 'NN');
INSERT INTO triples (sentence_id, predicate_id,relation,arg_start_id,arg_end_id,triple_type)VALUES (917, 6, 'Agent',4, 4, 'auto'), (917, 6, 'Location',7, 13, 'auto');
INSERT INTO Sentences (sentence_id, sentence, sentence_type)VALUES (918, 'A group of people on racing bikes on a field', 'auto');
INSERT INTO Words ( sentence_id,word_ID ,word,pos)VALUES (918, 1, 'A', 'DT'), (918, 2, 'group', 'NN'), (918, 3, 'of', 'IN'), (918, 4, 'people', 'NNS'), (918, 5, 'on', 'IN'), (918, 6, 'racing', 'JJ'), (918, 7, 'bikes', 'NNS'), (918, 8, 'on', 'IN'), (918, 9, 'a', 'DT'), (918, 10, 'field', 'NN');
INSERT INTO triples (sentence_id, predicate_id,relation,arg_start_id,arg_end_id,triple_type)VALUES (918, 4, 'Location',5, 10, 'auto');
INSERT INTO Sentences (sentence_id, sentence, sentence_type)VALUES (919, 'A line of people are sitting on their motorcycles', 'auto');
INSERT INTO Words ( sentence_id,word_ID ,word,pos)VALUES (919, 1, 'A', 'DT'), (919, 2, 'line', 'NN'), (919, 3, 'of', 'IN'), (919, 4, 'people', 'NNS'), (919, 5, 'are', 'VBP'), (919, 6, 'sitting', 'VBG'), (919, 7, 'on', 'IN'), (919, 8, 'their', 'PRP$'), (919, 9, 'motorcycles', 'NNS');
INSERT INTO triples (sentence_id, predicate_id,relation,arg_start_id,arg_end_id,triple_type)VALUES (919, 4, 'Location',1, 3, 'auto'), (919, 6, 'Agent',4, 4, 'auto'), (919, 6, 'Location',7, 9, 'auto');
INSERT INTO Sentences (sentence_id, sentence, sentence_type)VALUES (920, 'A row of men on motorbikes line up in the grass', 'auto');
INSERT INTO Words ( sentence_id,word_ID ,word,pos)VALUES (920, 1, 'A', 'DT'), (920, 2, 'row', 'NN'), (920, 3, 'of', 'IN'), (920, 4, 'men', 'NNS'), (920, 5, 'on', 'IN'), (920, 6, 'motorbikes', 'NNS'), (920, 7, 'line', 'NN'), (920, 8, 'up', 'RP'), (920, 9, 'in', 'IN'), (920, 10, 'the', 'DT'), (920, 11, 'grass', 'NN');
INSERT INTO triples (sentence_id, predicate_id,relation,arg_start_id,arg_end_id,triple_type)VALUES (920, 4, 'Property',6, 6, 'auto'), (920, 4, 'Location',7, 11, 'auto');
INSERT INTO Sentences (sentence_id, sentence, sentence_type)VALUES (921, 'One football player wearing an orange jersey and one wearing a white jersey are set at the starting line', 'auto');
INSERT INTO Words ( sentence_id,word_ID ,word,pos)VALUES (921, 1, 'One', 'CD'), (921, 2, 'football', 'NN'), (921, 3, 'player', 'NN'), (921, 4, 'wearing', 'VBG'), (921, 5, 'an', 'DT'), (921, 6, 'orange', 'JJ'), (921, 7, 'jersey', 'NN'), (921, 8, 'and', 'CC'), (921, 9, 'one', 'CD'), (921, 10, 'wearing', 'VBG'), (921, 11, 'a', 'DT'), (921, 12, 'white', 'JJ'), (921, 13, 'jersey', 'NN'), (921, 14, 'are', 'VBP'), (921, 15, 'set', 'VBN'), (921, 16, 'at', 'IN'), (921, 17, 'the', 'DT'), (921, 18, 'starting', 'JJ'), (921, 19, 'line', 'NN');
INSERT INTO triples (sentence_id, predicate_id,relation,arg_start_id,arg_end_id,triple_type)VALUES (921, 3, 'Property',1, 2, 'auto'), (921, 4, 'Agent',3, 3, 'auto'), (921, 4, 'Patient',5, 7, 'auto'), (921, 10, 'Agent',9, 9, 'auto'), (921, 10, 'Patient',11, 13, 'auto'), (921, 15, 'Patient',2, 3, 'auto');
INSERT INTO Sentences (sentence_id, sentence, sentence_type)VALUES (922, 'Two college football players about to face off', 'auto');
INSERT INTO Words ( sentence_id,word_ID ,word,pos)VALUES (922, 1, 'Two', 'CD'), (922, 2, 'college', 'NN'), (922, 3, 'football', 'NN'), (922, 4, 'players', 'NNS'), (922, 5, 'about', 'IN'), (922, 6, 'to', 'TO'), (922, 7, 'face', 'VB'), (922, 8, 'off', 'RP');
INSERT INTO triples (sentence_id, predicate_id,relation,arg_start_id,arg_end_id,triple_type)VALUES (922, 4, 'Property',1, 3, 'auto'), (922, 7, 'Agent',4, 4, 'auto'), (922, 7, 'Destination',8, 8, 'auto');
INSERT INTO Sentences (sentence_id, sentence, sentence_type)VALUES (923, 'Two football players are getting ready to tackle each other', 'auto');
INSERT INTO Words ( sentence_id,word_ID ,word,pos)VALUES (923, 1, 'Two', 'CD'), (923, 2, 'football', 'NN'), (923, 3, 'players', 'NNS'), (923, 4, 'are', 'VBP'), (923, 5, 'getting', 'VBG'), (923, 6, 'ready', 'JJ'), (923, 7, 'to', 'TO'), (923, 8, 'tackle', 'VB'), (923, 9, 'each', 'DT'), (923, 10, 'other', 'JJ');
INSERT INTO triples (sentence_id, predicate_id,relation,arg_start_id,arg_end_id,triple_type)VALUES (923, 3, 'Property',1, 2, 'auto'), (923, 5, 'Agent',3, 3, 'auto'), (923, 5, 'Patient',6, 6, 'auto'), (923, 5, 'Beneficiary',7, 8, 'auto'), (923, 8, 'Agent',3, 3, 'auto'), (923, 8, 'Patient',9, 10, 'auto');
INSERT INTO Sentences (sentence_id, sentence, sentence_type)VALUES (924, 'Two football players , one in an orange jersey and one in a white jersey , play on the field', 'auto');
INSERT INTO Words ( sentence_id,word_ID ,word,pos)VALUES (924, 1, 'Two', 'CD'), (924, 2, 'football', 'NN'), (924, 3, 'players', 'NNS'), (924, 4, ',', ','), (924, 5, 'one', 'CD'), (924, 6, 'in', 'IN'), (924, 7, 'an', 'DT'), (924, 8, 'orange', 'JJ'), (924, 9, 'jersey', 'NN'), (924, 10, 'and', 'CC'), (924, 11, 'one', 'CD'), (924, 12, 'in', 'IN'), (924, 13, 'a', 'DT'), (924, 14, 'white', 'JJ'), (924, 15, 'jersey', 'NN'), (924, 16, ',', ','), (924, 17, 'play', 'VB'), (924, 18, 'on', 'IN'), (924, 19, 'the', 'DT'), (924, 20, 'field', 'NN');
INSERT INTO triples (sentence_id, predicate_id,relation,arg_start_id,arg_end_id,triple_type)VALUES (924, 3, 'Property',1, 2, 'auto'), (924, 5, 'Property',6, 9, 'auto'), (924, 11, 'Property',12, 15, 'auto'), (924, 17, 'Agent',3, 3, 'auto'), (924, 17, 'Location',20, 20, 'auto');
INSERT INTO Sentences (sentence_id, sentence, sentence_type)VALUES (925, 'Two rival football players head to head', 'auto');
INSERT INTO Words ( sentence_id,word_ID ,word,pos)VALUES (925, 1, 'Two', 'CD'), (925, 2, 'rival', 'JJ'), (925, 3, 'football', 'NN'), (925, 4, 'players', 'NNS'), (925, 5, 'head', 'NN'), (925, 6, 'to', 'TO'), (925, 7, 'head', 'NN');
INSERT INTO triples (sentence_id, predicate_id,relation,arg_start_id,arg_end_id,triple_type)VALUES (925, 4, 'Property',1, 3, 'auto');
INSERT INTO Sentences (sentence_id, sentence, sentence_type)VALUES (926, 'A man is skateboarding up a ramp', 'auto');
INSERT INTO Words ( sentence_id,word_ID ,word,pos)VALUES (926, 1, 'A', 'DT'), (926, 2, 'man', 'NN'), (926, 3, 'is', 'VBZ'), (926, 4, 'skateboarding', 'VBG'), (926, 5, 'up', 'IN'), (926, 6, 'a', 'DT'), (926, 7, 'ramp', 'NN');
INSERT INTO triples (sentence_id, predicate_id,relation,arg_start_id,arg_end_id,triple_type)VALUES (926, 2, 'Location',3, 7, 'auto'), (926, 4, 'Agent',2, 2, 'auto'), (926, 4, 'Location',5, 7, 'auto');
INSERT INTO Sentences (sentence_id, sentence, sentence_type)VALUES (927, 'A skateboarder hits a curve at the top of the skate park', 'auto');
INSERT INTO Words ( sentence_id,word_ID ,word,pos)VALUES (927, 1, 'A', 'DT'), (927, 2, 'skateboarder', 'NN'), (927, 3, 'hits', 'VBZ'), (927, 4, 'a', 'DT'), (927, 5, 'curve', 'NN'), (927, 6, 'at', 'IN'), (927, 7, 'the', 'DT'), (927, 8, 'top', 'NN'), (927, 9, 'of', 'IN'), (927, 10, 'the', 'DT'), (927, 11, 'skate', 'NN'), (927, 12, 'park', 'NN');
INSERT INTO triples (sentence_id, predicate_id,relation,arg_start_id,arg_end_id,triple_type)VALUES (927, 2, 'Location',6, 12, 'auto'), (927, 3, 'Agent',2, 2, 'auto'), (927, 3, 'Patient',4, 5, 'auto'), (927, 3, 'Location',6, 8, 'auto'), (927, 5, 'Location',6, 12, 'auto');
INSERT INTO Sentences (sentence_id, sentence, sentence_type)VALUES (928, 'The man in a white shirt is skateboarding', 'auto');
INSERT INTO Words ( sentence_id,word_ID ,word,pos)VALUES (928, 1, 'The', 'DT'), (928, 2, 'man', 'NN'), (928, 3, 'in', 'IN'), (928, 4, 'a', 'DT'), (928, 5, 'white', 'JJ'), (928, 6, 'shirt', 'NN'), (928, 7, 'is', 'VBZ'), (928, 8, 'skateboarding', 'VBG');
INSERT INTO triples (sentence_id, predicate_id,relation,arg_start_id,arg_end_id,triple_type)VALUES (928, 2, 'Property',3, 6, 'auto'), (928, 8, 'Agent',2, 2, 'auto');
INSERT INTO Sentences (sentence_id, sentence, sentence_type)VALUES (929, 'The man performs tricks on his skate board in the skate boarding park', 'auto');
INSERT INTO Words ( sentence_id,word_ID ,word,pos)VALUES (929, 1, 'The', 'DT'), (929, 2, 'man', 'NN'), (929, 3, 'performs', 'VBZ'), (929, 4, 'tricks', 'NNS'), (929, 5, 'on', 'IN'), (929, 6, 'his', 'PRP$'), (929, 7, 'skate', 'NN'), (929, 8, 'board', 'NN'), (929, 9, 'in', 'IN'), (929, 10, 'the', 'DT'), (929, 11, 'skate', 'NN'), (929, 12, 'boarding', 'JJ'), (929, 13, 'park', 'NN');
INSERT INTO triples (sentence_id, predicate_id,relation,arg_start_id,arg_end_id,triple_type)VALUES (929, 2, 'Property',6, 7, 'auto'), (929, 2, 'Location',13, 13, 'auto'), (929, 3, 'Agent',2, 2, 'auto'), (929, 3, 'Patient',4, 4, 'auto'), (929, 3, 'Instrument',7, 8, 'auto');
INSERT INTO Sentences (sentence_id, sentence, sentence_type)VALUES (930, 'The skateboarder in the white T shirt is riding on a wooden ramp', 'auto');
INSERT INTO Words ( sentence_id,word_ID ,word,pos)VALUES (930, 1, 'The', 'DT'), (930, 2, 'skateboarder', 'NN'), (930, 3, 'in', 'IN'), (930, 4, 'the', 'DT'), (930, 5, 'white', 'JJ'), (930, 6, 'T', 'NN'), (930, 7, 'shirt', 'NN'), (930, 8, 'is', 'VBZ'), (930, 9, 'riding', 'VBG'), (930, 10, 'on', 'IN'), (930, 11, 'a', 'DT'), (930, 12, 'wooden', 'JJ'), (930, 13, 'ramp', 'NN');
INSERT INTO triples (sentence_id, predicate_id,relation,arg_start_id,arg_end_id,triple_type)VALUES (930, 2, 'Property',3, 7, 'auto'), (930, 2, 'Location',10, 13, 'auto'), (930, 9, 'Agent',2, 2, 'auto'), (930, 9, 'Location',10, 13, 'auto');
INSERT INTO Sentences (sentence_id, sentence, sentence_type)VALUES (931, 'A man wearing black pants rides along a concrete ledge on roller blades', 'auto');
INSERT INTO Words ( sentence_id,word_ID ,word,pos)VALUES (931, 1, 'A', 'DT'), (931, 2, 'man', 'NN'), (931, 3, 'wearing', 'VBG'), (931, 4, 'black', 'JJ'), (931, 5, 'pants', 'NNS'), (931, 6, 'rides', 'VBZ'), (931, 7, 'along', 'IN'), (931, 8, 'a', 'DT'), (931, 9, 'concrete', 'JJ'), (931, 10, 'ledge', 'NN'), (931, 11, 'on', 'IN'), (931, 12, 'roller', 'NN'), (931, 13, 'blades', 'NNS');
INSERT INTO triples (sentence_id, predicate_id,relation,arg_start_id,arg_end_id,triple_type)VALUES (931, 2, 'Property',11, 13, 'auto'), (931, 3, 'Agent',2, 2, 'auto'), (931, 3, 'Patient',4, 5, 'auto'), (931, 6, 'Agent',2, 2, 'auto'), (931, 6, 'Location',7, 13, 'auto');
INSERT INTO Sentences (sentence_id, sentence, sentence_type)VALUES (932, 'A rollerblader on a concrete form', 'auto');
INSERT INTO Words ( sentence_id,word_ID ,word,pos)VALUES (932, 1, 'A', 'DT'), (932, 2, 'rollerblader', 'NN'), (932, 3, 'on', 'IN'), (932, 4, 'a', 'DT'), (932, 5, 'concrete', 'JJ'), (932, 6, 'form', 'NN');
INSERT INTO Sentences (sentence_id, sentence, sentence_type)VALUES (933, 'A skateboarder in the city', 'auto');
INSERT INTO Words ( sentence_id,word_ID ,word,pos)VALUES (933, 1, 'A', 'DT'), (933, 2, 'skateboarder', 'NN'), (933, 3, 'in', 'IN'), (933, 4, 'the', 'DT'), (933, 5, 'city', 'NN');
INSERT INTO triples (sentence_id, predicate_id,relation,arg_start_id,arg_end_id,triple_type)VALUES (933, 2, 'Location',3, 5, 'auto');
INSERT INTO Sentences (sentence_id, sentence, sentence_type)VALUES (934, 'A skateboarder skates on a white wall near the street', 'auto');
INSERT INTO Words ( sentence_id,word_ID ,word,pos)VALUES (934, 1, 'A', 'DT'), (934, 2, 'skateboarder', 'NN'), (934, 3, 'skates', 'VBZ'), (934, 4, 'on', 'IN'), (934, 5, 'a', 'DT'), (934, 6, 'white', 'JJ'), (934, 7, 'wall', 'NN'), (934, 8, 'near', 'IN'), (934, 9, 'the', 'DT'), (934, 10, 'street', 'NN');
INSERT INTO triples (sentence_id, predicate_id,relation,arg_start_id,arg_end_id,triple_type)VALUES (934, 2, 'Location',3, 10, 'auto'), (934, 3, 'Agent',2, 2, 'auto'), (934, 3, 'Location',4, 10, 'auto'), (934, 7, 'Property',8, 9, 'auto'), (934, 7, 'Location',10, 10, 'auto'), (934, 10, 'Property',1, 9, 'auto');
INSERT INTO Sentences (sentence_id, sentence, sentence_type)VALUES (935, 'The young man with black pants and a white t-shirt is riding along the top of the wall with his skateboard', 'auto');
INSERT INTO Words ( sentence_id,word_ID ,word,pos)VALUES (935, 1, 'The', 'DT'), (935, 2, 'young', 'JJ'), (935, 3, 'man', 'NN'), (935, 4, 'with', 'IN'), (935, 5, 'black', 'JJ'), (935, 6, 'pants', 'NNS'), (935, 7, 'and', 'CC'), (935, 8, 'a', 'DT'), (935, 9, 'white', 'JJ'), (935, 10, 't-shirt', 'NN'), (935, 11, 'is', 'VBZ'), (935, 12, 'riding', 'VBG'), (935, 13, 'along', 'IN'), (935, 14, 'the', 'DT'), (935, 15, 'top', 'NN'), (935, 16, 'of', 'IN'), (935, 17, 'the', 'DT'), (935, 18, 'wall', 'NN'), (935, 19, 'with', 'IN'), (935, 20, 'his', 'PRP$'), (935, 21, 'skateboard', 'NN');
INSERT INTO triples (sentence_id, predicate_id,relation,arg_start_id,arg_end_id,triple_type)VALUES (935, 3, 'Property',4, 10, 'auto'), (935, 3, 'Location',15, 18, 'auto'), (935, 12, 'Agent',3, 3, 'auto'), (935, 12, 'Location',13, 15, 'auto');
INSERT INTO Sentences (sentence_id, sentence, sentence_type)VALUES (936, 'A man is wakeboarding behind a boat', 'auto');
INSERT INTO Words ( sentence_id,word_ID ,word,pos)VALUES (936, 1, 'A', 'DT'), (936, 2, 'man', 'NN'), (936, 3, 'is', 'VBZ'), (936, 4, 'wakeboarding', 'VBG'), (936, 5, 'behind', 'IN'), (936, 6, 'a', 'DT'), (936, 7, 'boat', 'NN');
INSERT INTO triples (sentence_id, predicate_id,relation,arg_start_id,arg_end_id,triple_type)VALUES (936, 2, 'Location',3, 7, 'auto');
INSERT INTO Sentences (sentence_id, sentence, sentence_type)VALUES (937, 'A man on a white waterskiing ramp on a lake', 'auto');
INSERT INTO Words ( sentence_id,word_ID ,word,pos)VALUES (937, 1, 'A', 'DT'), (937, 2, 'man', 'NN'), (937, 3, 'on', 'IN'), (937, 4, 'a', 'DT'), (937, 5, 'white', 'JJ'), (937, 6, 'waterskiing', 'NN'), (937, 7, 'ramp', 'NN'), (937, 8, 'on', 'IN'), (937, 9, 'a', 'DT'), (937, 10, 'lake', 'NN');
INSERT INTO triples (sentence_id, predicate_id,relation,arg_start_id,arg_end_id,triple_type)VALUES (937, 2, 'Property',6, 6, 'auto'), (937, 2, 'Location',8, 10, 'auto'), (937, 7, 'Location',8, 10, 'auto');
INSERT INTO Sentences (sentence_id, sentence, sentence_type)VALUES (938, 'A speed boat pulling a waterskiier along a jump', 'auto');
INSERT INTO Words ( sentence_id,word_ID ,word,pos)VALUES (938, 1, 'A', 'DT'), (938, 2, 'speed', 'NN'), (938, 3, 'boat', 'NN'), (938, 4, 'pulling', 'VBG'), (938, 5, 'a', 'DT'), (938, 6, 'waterskiier', 'NN'), (938, 7, 'along', 'IN'), (938, 8, 'a', 'DT'), (938, 9, 'jump', 'NN');
INSERT INTO triples (sentence_id, predicate_id,relation,arg_start_id,arg_end_id,triple_type)VALUES (938, 3, 'Property',1, 2, 'auto'), (938, 3, 'Location',8, 9, 'auto'), (938, 4, 'Agent',3, 3, 'auto'), (938, 4, 'Patient',5, 6, 'auto');
INSERT INTO Sentences (sentence_id, sentence, sentence_type)VALUES (939, 'A water boarder being towed down a water rail', 'auto');
INSERT INTO Words ( sentence_id,word_ID ,word,pos)VALUES (939, 1, 'A', 'DT'), (939, 2, 'water', 'NN'), (939, 3, 'boarder', 'NN'), (939, 4, 'being', 'VBG'), (939, 5, 'towed', 'VBN'), (939, 6, 'down', 'IN'), (939, 7, 'a', 'DT'), (939, 8, 'water', 'NN'), (939, 9, 'rail', 'NN');
INSERT INTO triples (sentence_id, predicate_id,relation,arg_start_id,arg_end_id,triple_type)VALUES (939, 3, 'Location',6, 9, 'auto'), (939, 5, 'Patient',3, 3, 'auto'), (939, 5, 'Destination',8, 9, 'auto');
INSERT INTO Sentences (sentence_id, sentence, sentence_type)VALUES (940, 'The man is being pulled behind a boat and doing tricks', 'auto');
INSERT INTO Words ( sentence_id,word_ID ,word,pos)VALUES (940, 1, 'The', 'DT'), (940, 2, 'man', 'NN'), (940, 3, 'is', 'VBZ'), (940, 4, 'being', 'VBG'), (940, 5, 'pulled', 'VBN'), (940, 6, 'behind', 'IN'), (940, 7, 'a', 'DT'), (940, 8, 'boat', 'NN'), (940, 9, 'and', 'CC'), (940, 10, 'doing', 'VBG'), (940, 11, 'tricks', 'NNS');
INSERT INTO triples (sentence_id, predicate_id,relation,arg_start_id,arg_end_id,triple_type)VALUES (940, 2, 'Location',5, 8, 'auto'), (940, 2, 'Property',9, 11, 'auto'), (940, 5, 'Patient',2, 2, 'auto'), (940, 5, 'Destination',6, 8, 'auto'), (940, 10, 'Agent',2, 2, 'auto'), (940, 10, 'Location',7, 8, 'auto'), (940, 10, 'Patient',11, 11, 'auto');
INSERT INTO Sentences (sentence_id, sentence, sentence_type)VALUES (941, 'a lone surf boarder on a white surf board flying through the air over a wave', 'auto');
INSERT INTO Words ( sentence_id,word_ID ,word,pos)VALUES (941, 1, 'a', 'DT'), (941, 2, 'lone', 'JJ'), (941, 3, 'surf', 'NN'), (941, 4, 'boarder', 'NN'), (941, 5, 'on', 'IN'), (941, 6, 'a', 'DT'), (941, 7, 'white', 'JJ'), (941, 8, 'surf', 'NN'), (941, 9, 'board', 'NN'), (941, 10, 'flying', 'VBG'), (941, 11, 'through', 'IN'), (941, 12, 'the', 'DT'), (941, 13, 'air', 'NN'), (941, 14, 'over', 'IN'), (941, 15, 'a', 'DT'), (941, 16, 'wave', 'NN');
INSERT INTO triples (sentence_id, predicate_id,relation,arg_start_id,arg_end_id,triple_type)VALUES (941, 10, 'Agent',4, 4, 'auto'), (941, 10, 'Location',11, 16, 'auto');
INSERT INTO Sentences (sentence_id, sentence, sentence_type)VALUES (942, 'An surfer airborne over a wave', 'auto');
INSERT INTO Words ( sentence_id,word_ID ,word,pos)VALUES (942, 1, 'An', 'DT'), (942, 2, 'surfer', 'NN'), (942, 3, 'airborne', 'JJ'), (942, 4, 'over', 'IN'), (942, 5, 'a', 'DT'), (942, 6, 'wave', 'NN');
INSERT INTO triples (sentence_id, predicate_id,relation,arg_start_id,arg_end_id,triple_type)VALUES (942, 2, 'Property',3, 6, 'auto');
INSERT INTO Sentences (sentence_id, sentence, sentence_type)VALUES (943, 'A surfer is jumping a wave', 'auto');
INSERT INTO Words ( sentence_id,word_ID ,word,pos)VALUES (943, 1, 'A', 'DT'), (943, 2, 'surfer', 'NN'), (943, 3, 'is', 'VBZ'), (943, 4, 'jumping', 'VBG'), (943, 5, 'a', 'DT'), (943, 6, 'wave', 'NN');
INSERT INTO triples (sentence_id, predicate_id,relation,arg_start_id,arg_end_id,triple_type)VALUES (943, 2, 'Property',3, 6, 'auto'), (943, 4, 'Agent',2, 2, 'auto'), (943, 4, 'Patient',5, 6, 'auto');
INSERT INTO Sentences (sentence_id, sentence, sentence_type)VALUES (944, 'A surfer jumps a wave', 'auto');
INSERT INTO Words ( sentence_id,word_ID ,word,pos)VALUES (944, 1, 'A', 'DT'), (944, 2, 'surfer', 'NN'), (944, 3, 'jumps', 'VBZ'), (944, 4, 'a', 'DT'), (944, 5, 'wave', 'NN');
INSERT INTO triples (sentence_id, predicate_id,relation,arg_start_id,arg_end_id,triple_type)VALUES (944, 2, 'Property',3, 5, 'auto'), (944, 3, 'Agent',2, 2, 'auto'), (944, 3, 'Patient',4, 5, 'auto');
INSERT INTO Sentences (sentence_id, sentence, sentence_type)VALUES (945, 'Surfer does trick in wave as seen from behind', 'auto');
INSERT INTO Words ( sentence_id,word_ID ,word,pos)VALUES (945, 1, 'Surfer', 'NN'), (945, 2, 'does', 'VBZ'), (945, 3, 'trick', 'NN'), (945, 4, 'in', 'IN'), (945, 5, 'wave', 'NN'), (945, 6, 'as', 'IN'), (945, 7, 'seen', 'VBN'), (945, 8, 'from', 'IN'), (945, 9, 'behind', 'RB');
INSERT INTO triples (sentence_id, predicate_id,relation,arg_start_id,arg_end_id,triple_type)VALUES (945, 2, 'Agent',1, 1, 'auto'), (945, 2, 'Patient',3, 3, 'auto'), (945, 2, 'Location',4, 5, 'auto'), (945, 7, 'Patient',1, 1, 'auto'), (945, 7, 'Location',8, 9, 'auto');
INSERT INTO Sentences (sentence_id, sentence, sentence_type)VALUES (946, 'A dirt biker leaps through the air', 'auto');
INSERT INTO Words ( sentence_id,word_ID ,word,pos)VALUES (946, 1, 'A', 'DT'), (946, 2, 'dirt', 'NN'), (946, 3, 'biker', 'NN'), (946, 4, 'leaps', 'VBZ'), (946, 5, 'through', 'IN'), (946, 6, 'the', 'DT'), (946, 7, 'air', 'NN');
INSERT INTO triples (sentence_id, predicate_id,relation,arg_start_id,arg_end_id,triple_type)VALUES (946, 3, 'Property',1, 2, 'auto'), (946, 4, 'Location',2, 2, 'auto'), (946, 4, 'Agent',3, 3, 'auto'), (946, 4, 'Destination',7, 7, 'auto');
INSERT INTO Sentences (sentence_id, sentence, sentence_type)VALUES (947, 'A person on a motorcyle does a stunt in the air', 'auto');
INSERT INTO Words ( sentence_id,word_ID ,word,pos)VALUES (947, 1, 'A', 'DT'), (947, 2, 'person', 'NN'), (947, 3, 'on', 'IN'), (947, 4, 'a', 'DT'), (947, 5, 'motorcyle', 'NN'), (947, 6, 'does', 'VBZ'), (947, 7, 'a', 'DT'), (947, 8, 'stunt', 'NN'), (947, 9, 'in', 'IN'), (947, 10, 'the', 'DT'), (947, 11, 'air', 'NN');
INSERT INTO triples (sentence_id, predicate_id,relation,arg_start_id,arg_end_id,triple_type)VALUES (947, 2, 'Location',3, 5, 'auto'), (947, 6, 'Agent',2, 2, 'auto'), (947, 6, 'Patient',7, 8, 'auto'), (947, 6, 'Location',11, 11, 'auto');
INSERT INTO Sentences (sentence_id, sentence, sentence_type)VALUES (948, 'Man on a dirt bike', 'auto');
INSERT INTO Words ( sentence_id,word_ID ,word,pos)VALUES (948, 1, 'Man', 'NN'), (948, 2, 'on', 'IN'), (948, 3, 'a', 'DT'), (948, 4, 'dirt', 'NN'), (948, 5, 'bike', 'NN');
INSERT INTO triples (sentence_id, predicate_id,relation,arg_start_id,arg_end_id,triple_type)VALUES (948, 1, 'Location',2, 5, 'auto'), (948, 5, 'Property',4, 4, 'auto');
INSERT INTO Sentences (sentence_id, sentence, sentence_type)VALUES (949, 'Motocross rider during jump wearing black and white striped helmet', 'auto');
INSERT INTO Words ( sentence_id,word_ID ,word,pos)VALUES (949, 1, 'Motocross', 'NNP'), (949, 2, 'rider', 'NN'), (949, 3, 'during', 'IN'), (949, 4, 'jump', 'NN'), (949, 5, 'wearing', 'VBG'), (949, 6, 'black', 'JJ'), (949, 7, 'and', 'CC'), (949, 8, 'white', 'JJ'), (949, 9, 'striped', 'JJ'), (949, 10, 'helmet', 'NN');
INSERT INTO triples (sentence_id, predicate_id,relation,arg_start_id,arg_end_id,triple_type)VALUES (949, 2, 'Property',6, 10, 'auto'), (949, 5, 'Agent',2, 2, 'auto'), (949, 5, 'Patient',6, 10, 'auto');
INSERT INTO Sentences (sentence_id, sentence, sentence_type)VALUES (950, 'The red motocross bike and its rider are airborne above the trees', 'auto');
INSERT INTO Words ( sentence_id,word_ID ,word,pos)VALUES (950, 1, 'The', 'DT'), (950, 2, 'red', 'JJ'), (950, 3, 'motocross', 'NN'), (950, 4, 'bike', 'NN'), (950, 5, 'and', 'CC'), (950, 6, 'its', 'PRP$'), (950, 7, 'rider', 'NN'), (950, 8, 'are', 'VBP'), (950, 9, 'airborne', 'JJ'), (950, 10, 'above', 'IN'), (950, 11, 'the', 'DT'), (950, 12, 'trees', 'NNS');
INSERT INTO triples (sentence_id, predicate_id,relation,arg_start_id,arg_end_id,triple_type)VALUES (950, 4, 'Property',1, 3, 'auto'), (950, 4, 'Location',10, 12, 'auto'), (950, 7, 'Property',1, 6, 'auto'), (950, 7, 'Location',10, 12, 'auto'), (950, 8, 'Patient',4, 4, 'auto'), (950, 8, 'Attribute',9, 9, 'auto'), (950, 8, 'Location',12, 12, 'auto');
INSERT INTO Sentences (sentence_id, sentence, sentence_type)VALUES (951, 'A bald headed man in black balances his skateboard on a cement wall and his shadow follows', 'auto');
INSERT INTO Words ( sentence_id,word_ID ,word,pos)VALUES (951, 1, 'A', 'DT'), (951, 2, 'bald', 'JJ'), (951, 3, 'headed', 'JJ'), (951, 4, 'man', 'NN'), (951, 5, 'in', 'IN'), (951, 6, 'black', 'JJ'), (951, 7, 'balances', 'VBZ'), (951, 8, 'his', 'PRP$'), (951, 9, 'skateboard', 'NN'), (951, 10, 'on', 'IN'), (951, 11, 'a', 'DT'), (951, 12, 'cement', 'NN'), (951, 13, 'wall', 'NN'), (951, 14, 'and', 'CC'), (951, 15, 'his', 'PRP$'), (951, 16, 'shadow', 'NN'), (951, 17, 'follows', 'VBZ');
INSERT INTO triples (sentence_id, predicate_id,relation,arg_start_id,arg_end_id,triple_type)VALUES (951, 4, 'Property',5, 6, 'auto'), (951, 7, 'Agent',4, 4, 'auto'), (951, 7, 'Patient',8, 9, 'auto'), (951, 9, 'Location',10, 13, 'auto'), (951, 13, 'Property',12, 12, 'auto'), (951, 17, 'Agent',16, 16, 'auto');
INSERT INTO Sentences (sentence_id, sentence, sentence_type)VALUES (952, 'A man performs a jumping trick on a skateboard and creates a shadow on the wall behind him', 'auto');
INSERT INTO Words ( sentence_id,word_ID ,word,pos)VALUES (952, 1, 'A', 'DT'), (952, 2, 'man', 'NN'), (952, 3, 'performs', 'VBZ'), (952, 4, 'a', 'DT'), (952, 5, 'jumping', 'VBG'), (952, 6, 'trick', 'NN'), (952, 7, 'on', 'IN'), (952, 8, 'a', 'DT'), (952, 9, 'skateboard', 'NN'), (952, 10, 'and', 'CC'), (952, 11, 'creates', 'VBZ'), (952, 12, 'a', 'DT'), (952, 13, 'shadow', 'NN'), (952, 14, 'on', 'IN'), (952, 15, 'the', 'DT'), (952, 16, 'wall', 'NN'), (952, 17, 'behind', 'IN'), (952, 18, 'him', 'PRP');
INSERT INTO triples (sentence_id, predicate_id,relation,arg_start_id,arg_end_id,triple_type)VALUES (952, 2, 'Location',7, 9, 'auto'), (952, 3, 'Agent',2, 2, 'auto'), (952, 3, 'Patient',4, 6, 'auto'), (952, 3, 'Location',8, 9, 'auto'), (952, 5, 'Agent',2, 2, 'auto'), (952, 5, 'Patient',6, 6, 'auto'), (952, 5, 'Location',8, 9, 'auto'), (952, 11, 'Agent',2, 2, 'auto'), (952, 11, 'Patient',13, 13, 'auto'), (952, 16, 'Location',17, 18, 'auto');
INSERT INTO Sentences (sentence_id, sentence, sentence_type)VALUES (953, 'A skateboarder wearing a black shirt is doing a trick', 'auto');
INSERT INTO Words ( sentence_id,word_ID ,word,pos)VALUES (953, 1, 'A', 'DT'), (953, 2, 'skateboarder', 'NN'), (953, 3, 'wearing', 'VBG'), (953, 4, 'a', 'DT'), (953, 5, 'black', 'JJ'), (953, 6, 'shirt', 'NN'), (953, 7, 'is', 'VBZ'), (953, 8, 'doing', 'VBG'), (953, 9, 'a', 'DT'), (953, 10, 'trick', 'NN');
INSERT INTO triples (sentence_id, predicate_id,relation,arg_start_id,arg_end_id,triple_type)VALUES (953, 2, 'Property',3, 6, 'auto'), (953, 3, 'Agent',2, 2, 'auto'), (953, 3, 'Patient',4, 6, 'auto'), (953, 8, 'Agent',2, 2, 'auto'), (953, 8, 'Patient',10, 10, 'auto');
INSERT INTO Sentences (sentence_id, sentence, sentence_type)VALUES (954, 'Skateboarder grinds a concrete railing', 'auto');
INSERT INTO Words ( sentence_id,word_ID ,word,pos)VALUES (954, 1, 'Skateboarder', 'NN'), (954, 2, 'grinds', 'VBZ'), (954, 3, 'a', 'DT'), (954, 4, 'concrete', 'JJ'), (954, 5, 'railing', 'NN');
INSERT INTO triples (sentence_id, predicate_id,relation,arg_start_id,arg_end_id,triple_type)VALUES (954, 2, 'Agent',1, 1, 'auto'), (954, 2, 'Patient',3, 5, 'auto');
INSERT INTO Sentences (sentence_id, sentence, sentence_type)VALUES (955, 'The man is skateboarding', 'auto');
INSERT INTO Words ( sentence_id,word_ID ,word,pos)VALUES (955, 1, 'The', 'DT'), (955, 2, 'man', 'NN'), (955, 3, 'is', 'VBZ'), (955, 4, 'skateboarding', 'VBG');
INSERT INTO triples (sentence_id, predicate_id,relation,arg_start_id,arg_end_id,triple_type)VALUES (955, 4, 'Agent',2, 2, 'auto');
INSERT INTO Sentences (sentence_id, sentence, sentence_type)VALUES (956, 'A boy performs a trick on his skateboard on a rail', 'auto');
INSERT INTO Words ( sentence_id,word_ID ,word,pos)VALUES (956, 1, 'A', 'DT'), (956, 2, 'boy', 'NN'), (956, 3, 'performs', 'VBZ'), (956, 4, 'a', 'DT'), (956, 5, 'trick', 'NN'), (956, 6, 'on', 'IN'), (956, 7, 'his', 'PRP$'), (956, 8, 'skateboard', 'NN'), (956, 9, 'on', 'IN'), (956, 10, 'a', 'DT'), (956, 11, 'rail', 'NN');
INSERT INTO triples (sentence_id, predicate_id,relation,arg_start_id,arg_end_id,triple_type)VALUES (956, 2, 'Property',7, 8, 'auto'), (956, 2, 'Location',9, 11, 'auto'), (956, 3, 'Agent',2, 2, 'auto'), (956, 3, 'Patient',4, 5, 'auto'), (956, 3, 'Location',9, 11, 'auto'), (956, 8, 'Location',9, 11, 'auto');
INSERT INTO Sentences (sentence_id, sentence, sentence_type)VALUES (957, 'a skateboarder grinds a red rail', 'auto');
INSERT INTO Words ( sentence_id,word_ID ,word,pos)VALUES (957, 1, 'a', 'DT'), (957, 2, 'skateboarder', 'NN'), (957, 3, 'grinds', 'VBZ'), (957, 4, 'a', 'DT'), (957, 5, 'red', 'JJ'), (957, 6, 'rail', 'NN');
INSERT INTO triples (sentence_id, predicate_id,relation,arg_start_id,arg_end_id,triple_type)VALUES (957, 2, 'Location',4, 6, 'auto'), (957, 3, 'Agent',2, 2, 'auto'), (957, 3, 'Patient',4, 6, 'auto');
INSERT INTO Sentences (sentence_id, sentence, sentence_type)VALUES (958, 'A teenage boy grinds across a bar on his skateboard', 'auto');
INSERT INTO Words ( sentence_id,word_ID ,word,pos)VALUES (958, 1, 'A', 'DT'), (958, 2, 'teenage', 'JJ'), (958, 3, 'boy', 'NN'), (958, 4, 'grinds', 'VBZ'), (958, 5, 'across', 'IN'), (958, 6, 'a', 'DT'), (958, 7, 'bar', 'NN'), (958, 8, 'on', 'IN'), (958, 9, 'his', 'PRP$'), (958, 10, 'skateboard', 'NN');
INSERT INTO triples (sentence_id, predicate_id,relation,arg_start_id,arg_end_id,triple_type)VALUES (958, 3, 'Property',2, 2, 'auto'), (958, 3, 'Location',6, 7, 'auto'), (958, 4, 'Agent',3, 3, 'auto'), (958, 4, 'Patient',7, 7, 'auto');
INSERT INTO Sentences (sentence_id, sentence, sentence_type)VALUES (959, 'A young man skateboards off a pink railing', 'auto');
INSERT INTO Words ( sentence_id,word_ID ,word,pos)VALUES (959, 1, 'A', 'DT'), (959, 2, 'young', 'JJ'), (959, 3, 'man', 'NN'), (959, 4, 'skateboards', 'VBZ'), (959, 5, 'off', 'IN'), (959, 6, 'a', 'DT'), (959, 7, 'pink', 'NN'), (959, 8, 'railing', 'NN');
INSERT INTO triples (sentence_id, predicate_id,relation,arg_start_id,arg_end_id,triple_type)VALUES (959, 3, 'Property',2, 2, 'auto'), (959, 3, 'Location',6, 8, 'auto'), (959, 4, 'Agent',3, 3, 'auto'), (959, 4, 'Location',5, 8, 'auto');
INSERT INTO Sentences (sentence_id, sentence, sentence_type)VALUES (960, 'The boy in the yellow shirt is riding a skateboard along a red bar', 'auto');
INSERT INTO Words ( sentence_id,word_ID ,word,pos)VALUES (960, 1, 'The', 'DT'), (960, 2, 'boy', 'NN'), (960, 3, 'in', 'IN'), (960, 4, 'the', 'DT'), (960, 5, 'yellow', 'JJ'), (960, 6, 'shirt', 'NN'), (960, 7, 'is', 'VBZ'), (960, 8, 'riding', 'VBG'), (960, 9, 'a', 'DT'), (960, 10, 'skateboard', 'NN'), (960, 11, 'along', 'IN'), (960, 12, 'a', 'DT'), (960, 13, 'red', 'JJ'), (960, 14, 'bar', 'NN');
INSERT INTO triples (sentence_id, predicate_id,relation,arg_start_id,arg_end_id,triple_type)VALUES (960, 2, 'Property',3, 6, 'auto'), (960, 2, 'Location',10, 10, 'auto'), (960, 8, 'Agent',2, 2, 'auto'), (960, 8, 'Patient',9, 11, 'auto'), (960, 8, 'Location',14, 14, 'auto'), (960, 10, 'Location',11, 14, 'auto');
INSERT INTO Sentences (sentence_id, sentence, sentence_type)VALUES (961, 'a lone bicyclists jumping in the air over a ramp', 'auto');
INSERT INTO Words ( sentence_id,word_ID ,word,pos)VALUES (961, 1, 'a', 'DT'), (961, 2, 'lone', 'JJ'), (961, 3, 'bicyclists', 'NNS'), (961, 4, 'jumping', 'VBG'), (961, 5, 'in', 'IN'), (961, 6, 'the', 'DT'), (961, 7, 'air', 'NN'), (961, 8, 'over', 'IN'), (961, 9, 'a', 'DT'), (961, 10, 'ramp', 'NN');
INSERT INTO triples (sentence_id, predicate_id,relation,arg_start_id,arg_end_id,triple_type)VALUES (961, 4, 'Agent',3, 3, 'auto'), (961, 4, 'Destination',7, 7, 'auto'), (961, 4, 'Location',8, 10, 'auto');
INSERT INTO Sentences (sentence_id, sentence, sentence_type)VALUES (962, 'A man does bike jumps in the dark in an empty pool', 'auto');
INSERT INTO Words ( sentence_id,word_ID ,word,pos)VALUES (962, 1, 'A', 'DT'), (962, 2, 'man', 'NN'), (962, 3, 'does', 'VBZ'), (962, 4, 'bike', 'NN'), (962, 5, 'jumps', 'NNS'), (962, 6, 'in', 'IN'), (962, 7, 'the', 'DT'), (962, 8, 'dark', 'JJ'), (962, 9, 'in', 'IN'), (962, 10, 'an', 'DT'), (962, 11, 'empty', 'JJ'), (962, 12, 'pool', 'NN');
INSERT INTO triples (sentence_id, predicate_id,relation,arg_start_id,arg_end_id,triple_type)VALUES (962, 2, 'Location',10, 12, 'auto'), (962, 3, 'Agent',2, 2, 'auto'), (962, 3, 'Patient',4, 5, 'auto'), (962, 3, 'Location',6, 12, 'auto'), (962, 4, 'Location',12, 12, 'auto'), (962, 12, 'Property',11, 11, 'auto');
INSERT INTO Sentences (sentence_id, sentence, sentence_type)VALUES (963, 'A man is doing a trick on his bike in a skatepark', 'auto');
INSERT INTO Words ( sentence_id,word_ID ,word,pos)VALUES (963, 1, 'A', 'DT'), (963, 2, 'man', 'NN'), (963, 3, 'is', 'VBZ'), (963, 4, 'doing', 'VBG'), (963, 5, 'a', 'DT'), (963, 6, 'trick', 'NN'), (963, 7, 'on', 'IN'), (963, 8, 'his', 'PRP$'), (963, 9, 'bike', 'NN'), (963, 10, 'in', 'IN'), (963, 11, 'a', 'DT'), (963, 12, 'skatepark', 'NN');
INSERT INTO triples (sentence_id, predicate_id,relation,arg_start_id,arg_end_id,triple_type)VALUES (963, 2, 'Property',8, 9, 'auto'), (963, 2, 'Location',11, 12, 'auto'), (963, 4, 'Agent',2, 2, 'auto'), (963, 4, 'Patient',6, 6, 'auto'), (963, 4, 'Location',11, 12, 'auto'), (963, 9, 'Property',8, 8, 'auto'), (963, 9, 'Location',10, 12, 'auto');
INSERT INTO Sentences (sentence_id, sentence, sentence_type)VALUES (964, 'A person doing a leap with his bike over a hill A person on a bike in the air over a ramp', 'auto');
INSERT INTO Words ( sentence_id,word_ID ,word,pos)VALUES (964, 1, 'A', 'DT'), (964, 2, 'person', 'NN'), (964, 3, 'doing', 'VBG'), (964, 4, 'a', 'DT'), (964, 5, 'leap', 'NN'), (964, 6, 'with', 'IN'), (964, 7, 'his', 'PRP$'), (964, 8, 'bike', 'NN'), (964, 9, 'over', 'IN'), (964, 10, 'a', 'DT'), (964, 11, 'hill', 'NN'), (964, 12, 'A', 'DT'), (964, 13, 'person', 'NN'), (964, 14, 'on', 'IN'), (964, 15, 'a', 'DT'), (964, 16, 'bike', 'NN'), (964, 17, 'in', 'IN'), (964, 18, 'the', 'DT'), (964, 19, 'air', 'NN'), (964, 20, 'over', 'IN'), (964, 21, 'a', 'DT'), (964, 22, 'ramp', 'NN');
INSERT INTO Sentences (sentence_id, sentence, sentence_type)VALUES (965, 'Airplane controller is outside white airplane', 'auto');
INSERT INTO Words ( sentence_id,word_ID ,word,pos)VALUES (965, 1, 'Airplane', 'NN'), (965, 2, 'controller', 'NN'), (965, 3, 'is', 'VBZ'), (965, 4, 'outside', 'JJ'), (965, 5, 'white', 'JJ'), (965, 6, 'airplane', 'NN');
INSERT INTO triples (sentence_id, predicate_id,relation,arg_start_id,arg_end_id,triple_type)VALUES (965, 3, 'Patient',1, 2, 'auto'), (965, 3, 'Location',4, 6, 'auto');
INSERT INTO Sentences (sentence_id, sentence, sentence_type)VALUES (966, 'A man sits in a glider cockpit on the landing strip', 'auto');
INSERT INTO Words ( sentence_id,word_ID ,word,pos)VALUES (966, 1, 'A', 'DT'), (966, 2, 'man', 'NN'), (966, 3, 'sits', 'VBZ'), (966, 4, 'in', 'IN'), (966, 5, 'a', 'DT'), (966, 6, 'glider', 'NN'), (966, 7, 'cockpit', 'NN'), (966, 8, 'on', 'IN'), (966, 9, 'the', 'DT'), (966, 10, 'landing', 'NN'), (966, 11, 'strip', 'NN');
INSERT INTO triples (sentence_id, predicate_id,relation,arg_start_id,arg_end_id,triple_type)VALUES (966, 2, 'Location',8, 11, 'auto'), (966, 3, 'Agent',2, 2, 'auto'), (966, 3, 'Location',4, 11, 'auto');
INSERT INTO Sentences (sentence_id, sentence, sentence_type)VALUES (967, 'Men are standing near a small plane on a runway', 'auto');
INSERT INTO Words ( sentence_id,word_ID ,word,pos)VALUES (967, 1, 'Men', 'NNS'), (967, 2, 'are', 'VBP'), (967, 3, 'standing', 'VBG'), (967, 4, 'near', 'IN'), (967, 5, 'a', 'DT'), (967, 6, 'small', 'JJ'), (967, 7, 'plane', 'NN'), (967, 8, 'on', 'IN'), (967, 9, 'a', 'DT'), (967, 10, 'runway', 'NN');
INSERT INTO triples (sentence_id, predicate_id,relation,arg_start_id,arg_end_id,triple_type)VALUES (967, 1, 'Location',4, 10, 'auto'), (967, 3, 'Agent',1, 1, 'auto'), (967, 3, 'Location',4, 10, 'auto');
INSERT INTO Sentences (sentence_id, sentence, sentence_type)VALUES (968, 'the dashboard of a small plane', 'auto');
INSERT INTO Words ( sentence_id,word_ID ,word,pos)VALUES (968, 1, 'the', 'DT'), (968, 2, 'dashboard', 'NN'), (968, 3, 'of', 'IN'), (968, 4, 'a', 'DT'), (968, 5, 'small', 'JJ'), (968, 6, 'plane', 'NN');
INSERT INTO Sentences (sentence_id, sentence, sentence_type)VALUES (969, 'The gauges of a small flying vessel , with another plane and three people in the background', 'auto');
INSERT INTO Words ( sentence_id,word_ID ,word,pos)VALUES (969, 1, 'The', 'DT'), (969, 2, 'gauges', 'NN'), (969, 3, 'of', 'IN'), (969, 4, 'a', 'DT'), (969, 5, 'small', 'JJ'), (969, 6, 'flying', 'JJ'), (969, 7, 'vessel', 'NN'), (969, 8, ',', ','), (969, 9, 'with', 'IN'), (969, 10, 'another', 'DT'), (969, 11, 'plane', 'NN'), (969, 12, 'and', 'CC'), (969, 13, 'three', 'CD'), (969, 14, 'people', 'NNS'), (969, 15, 'in', 'IN'), (969, 16, 'the', 'DT'), (969, 17, 'background', 'NN');
INSERT INTO triples (sentence_id, predicate_id,relation,arg_start_id,arg_end_id,triple_type)VALUES (969, 11, 'Location',15, 17, 'auto'), (969, 14, 'Location',15, 17, 'auto');
INSERT INTO Sentences (sentence_id, sentence, sentence_type)VALUES (970, 'A group of men hold a drum over their heads with a man standing on it', 'auto');
INSERT INTO Words ( sentence_id,word_ID ,word,pos)VALUES (970, 1, 'A', 'DT'), (970, 2, 'group', 'NN'), (970, 3, 'of', 'IN'), (970, 4, 'men', 'NNS'), (970, 5, 'hold', 'VBP'), (970, 6, 'a', 'DT'), (970, 7, 'drum', 'NN'), (970, 8, 'over', 'IN'), (970, 9, 'their', 'PRP$'), (970, 10, 'heads', 'NNS'), (970, 11, 'with', 'IN'), (970, 12, 'a', 'DT'), (970, 13, 'man', 'NN'), (970, 14, 'standing', 'VBG'), (970, 15, 'on', 'IN'), (970, 16, 'it', 'PRP');
INSERT INTO triples (sentence_id, predicate_id,relation,arg_start_id,arg_end_id,triple_type)VALUES (970, 5, 'Agent',4, 4, 'auto'), (970, 5, 'Patient',6, 7, 'auto'), (970, 5, 'Location',8, 10, 'auto'), (970, 13, 'Location',15, 16, 'auto'), (970, 14, 'Agent',13, 13, 'auto'), (970, 14, 'Location',15, 16, 'auto');
INSERT INTO Sentences (sentence_id, sentence, sentence_type)VALUES (971, 'A man wearing no shirt begins to jump from a drum into a crowd of others', 'auto');
INSERT INTO Words ( sentence_id,word_ID ,word,pos)VALUES (971, 1, 'A', 'DT'), (971, 2, 'man', 'NN'), (971, 3, 'wearing', 'VBG'), (971, 4, 'no', 'DT'), (971, 5, 'shirt', 'NN'), (971, 6, 'begins', 'VBZ'), (971, 7, 'to', 'TO'), (971, 8, 'jump', 'VB'), (971, 9, 'from', 'IN'), (971, 10, 'a', 'DT'), (971, 11, 'drum', 'NN'), (971, 12, 'into', 'IN'), (971, 13, 'a', 'DT'), (971, 14, 'crowd', 'NN'), (971, 15, 'of', 'IN'), (971, 16, 'others', 'NNS');
INSERT INTO triples (sentence_id, predicate_id,relation,arg_start_id,arg_end_id,triple_type)VALUES (971, 2, 'Property',3, 5, 'auto'), (971, 2, 'Location',9, 16, 'auto'), (971, 3, 'Agent',2, 2, 'auto'), (971, 3, 'Patient',4, 5, 'auto'), (971, 6, 'Agent',2, 2, 'auto'), (971, 6, 'Patient',7, 8, 'auto'), (971, 8, 'Agent',2, 2, 'auto'), (971, 8, 'Attribute',7, 7, 'auto'), (971, 8, 'Source',9, 11, 'auto'), (971, 8, 'Destination',14, 14, 'auto');
INSERT INTO Sentences (sentence_id, sentence, sentence_type)VALUES (972, 'Man without shirt standing on top of a drum that people are holding in the air', 'auto');
INSERT INTO Words ( sentence_id,word_ID ,word,pos)VALUES (972, 1, 'Man', 'NN'), (972, 2, 'without', 'IN'), (972, 3, 'shirt', 'NN'), (972, 4, 'standing', 'VBG'), (972, 5, 'on', 'IN'), (972, 6, 'top', 'NN'), (972, 7, 'of', 'IN'), (972, 8, 'a', 'DT'), (972, 9, 'drum', 'NN'), (972, 10, 'that', 'IN'), (972, 11, 'people', 'NNS'), (972, 12, 'are', 'VBP'), (972, 13, 'holding', 'VBG'), (972, 14, 'in', 'IN'), (972, 15, 'the', 'DT'), (972, 16, 'air', 'NN');
INSERT INTO triples (sentence_id, predicate_id,relation,arg_start_id,arg_end_id,triple_type)VALUES (972, 1, 'Property',2, 4, 'auto'), (972, 1, 'Location',14, 16, 'auto'), (972, 4, 'Agent',1, 1, 'auto'), (972, 4, 'Location',5, 9, 'auto'), (972, 11, 'Property',2, 4, 'auto'), (972, 11, 'Location',14, 16, 'auto'), (972, 13, 'Patient',1, 4, 'auto'), (972, 13, 'Agent',11, 11, 'auto'), (972, 13, 'Location',14, 16, 'auto');
INSERT INTO Sentences (sentence_id, sentence, sentence_type)VALUES (973, 'One musician is standing on a musical drum which has been lifted in the air by a few people at the concert and another musician is playing another musical instrument', 'auto');
INSERT INTO Words ( sentence_id,word_ID ,word,pos)VALUES (973, 1, 'One', 'CD'), (973, 2, 'musician', 'NN'), (973, 3, 'is', 'VBZ'), (973, 4, 'standing', 'VBG'), (973, 5, 'on', 'IN'), (973, 6, 'a', 'DT'), (973, 7, 'musical', 'JJ'), (973, 8, 'drum', 'VBP'), (973, 9, 'which', 'WDT'), (973, 10, 'has', 'VBZ'), (973, 11, 'been', 'VBN'), (973, 12, 'lifted', 'VBN'), (973, 13, 'in', 'IN'), (973, 14, 'the', 'DT'), (973, 15, 'air', 'NN'), (973, 16, 'by', 'IN'), (973, 17, 'a', 'DT'), (973, 18, 'few', 'JJ'), (973, 19, 'people', 'NNS'), (973, 20, 'at', 'IN'), (973, 21, 'the', 'DT'), (973, 22, 'concert', 'NN'), (973, 23, 'and', 'CC'), (973, 24, 'another', 'DT'), (973, 25, 'musician', 'NN'), (973, 26, 'is', 'VBZ'), (973, 27, 'playing', 'VBG'), (973, 28, 'another', 'DT'), (973, 29, 'musical', 'JJ'), (973, 30, 'instrument', 'NN');
INSERT INTO triples (sentence_id, predicate_id,relation,arg_start_id,arg_end_id,triple_type)VALUES (973, 4, 'Agent',2, 2, 'auto'), (973, 4, 'Location',5, 8, 'auto'), (973, 12, 'Patient',8, 9, 'auto'), (973, 12, 'Location',13, 15, 'auto'), (973, 12, 'Agent',16, 19, 'auto'), (973, 19, 'Location',20, 22, 'auto'), (973, 27, 'Agent',24, 25, 'auto'), (973, 27, 'Patient',28, 30, 'auto');
INSERT INTO Sentences (sentence_id, sentence, sentence_type)VALUES (974, 'The long haired man is balancing on a drum that is being carried by men in white shirts', 'auto');
INSERT INTO Words ( sentence_id,word_ID ,word,pos)VALUES (974, 1, 'The', 'DT'), (974, 2, 'long', 'JJ'), (974, 3, 'haired', 'JJ'), (974, 4, 'man', 'NN'), (974, 5, 'is', 'VBZ'), (974, 6, 'balancing', 'VBG'), (974, 7, 'on', 'IN'), (974, 8, 'a', 'DT'), (974, 9, 'drum', 'NN'), (974, 10, 'that', 'DT'), (974, 11, 'is', 'VBZ'), (974, 12, 'being', 'VBG'), (974, 13, 'carried', 'VBN'), (974, 14, 'by', 'IN'), (974, 15, 'men', 'NNS'), (974, 16, 'in', 'IN'), (974, 17, 'white', 'JJ'), (974, 18, 'shirts', 'NNS');
INSERT INTO triples (sentence_id, predicate_id,relation,arg_start_id,arg_end_id,triple_type)VALUES (974, 4, 'Property',1, 3, 'auto'), (974, 4, 'Location',8, 9, 'auto'), (974, 6, 'Agent',4, 4, 'auto'), (974, 6, 'Location',7, 9, 'auto'), (974, 13, 'Patient',9, 12, 'auto'), (974, 13, 'Agent',14, 15, 'auto'), (974, 15, 'Property',17, 18, 'auto');
INSERT INTO Sentences (sentence_id, sentence, sentence_type)VALUES (975, 'A biker jumping extremely high', 'auto');
INSERT INTO Words ( sentence_id,word_ID ,word,pos)VALUES (975, 1, 'A', 'DT'), (975, 2, 'biker', 'NN'), (975, 3, 'jumping', 'VBG'), (975, 4, 'extremely', 'RB'), (975, 5, 'high', 'JJ');
INSERT INTO triples (sentence_id, predicate_id,relation,arg_start_id,arg_end_id,triple_type)VALUES (975, 2, 'Property',3, 5, 'auto'), (975, 3, 'Agent',2, 2, 'auto'), (975, 3, 'Location',4, 5, 'auto');
INSERT INTO Sentences (sentence_id, sentence, sentence_type)VALUES (976, 'A guy flipped over upside down on a bicycle', 'auto');
INSERT INTO Words ( sentence_id,word_ID ,word,pos)VALUES (976, 1, 'A', 'DT'), (976, 2, 'guy', 'NN'), (976, 3, 'flipped', 'VBD'), (976, 4, 'over', 'IN'), (976, 5, 'upside', 'RB'), (976, 6, 'down', 'RB'), (976, 7, 'on', 'IN'), (976, 8, 'a', 'DT'), (976, 9, 'bicycle', 'NN');
INSERT INTO triples (sentence_id, predicate_id,relation,arg_start_id,arg_end_id,triple_type)VALUES (976, 2, 'Property',3, 6, 'auto'), (976, 2, 'Location',8, 9, 'auto'), (976, 3, 'Agent',2, 2, 'auto'), (976, 3, 'Patient',4, 9, 'auto');
INSERT INTO Sentences (sentence_id, sentence, sentence_type)VALUES (977, 'A man rides off of a jump and does a trick in air', 'auto');
INSERT INTO Words ( sentence_id,word_ID ,word,pos)VALUES (977, 1, 'A', 'DT'), (977, 2, 'man', 'NN'), (977, 3, 'rides', 'VBZ'), (977, 4, 'off', 'IN'), (977, 5, 'of', 'IN'), (977, 6, 'a', 'DT'), (977, 7, 'jump', 'NN'), (977, 8, 'and', 'CC'), (977, 9, 'does', 'VBZ'), (977, 10, 'a', 'DT'), (977, 11, 'trick', 'NN'), (977, 12, 'in', 'IN'), (977, 13, 'air', 'NN');
INSERT INTO triples (sentence_id, predicate_id,relation,arg_start_id,arg_end_id,triple_type)VALUES (977, 2, 'Location',12, 13, 'auto'), (977, 3, 'Agent',2, 2, 'auto'), (977, 3, 'Location',6, 7, 'auto'), (977, 9, 'Agent',2, 2, 'auto'), (977, 9, 'Patient',10, 11, 'auto');
INSERT INTO Sentences (sentence_id, sentence, sentence_type)VALUES (978, 'An extreme mountain biker making a leap across rough terrain in the woods', 'auto');
INSERT INTO Words ( sentence_id,word_ID ,word,pos)VALUES (978, 1, 'An', 'DT'), (978, 2, 'extreme', 'JJ'), (978, 3, 'mountain', 'NN'), (978, 4, 'biker', 'NN'), (978, 5, 'making', 'VBG'), (978, 6, 'a', 'DT'), (978, 7, 'leap', 'NN'), (978, 8, 'across', 'IN'), (978, 9, 'rough', 'JJ'), (978, 10, 'terrain', 'NN'), (978, 11, 'in', 'IN'), (978, 12, 'the', 'DT'), (978, 13, 'woods', 'NNS');
INSERT INTO triples (sentence_id, predicate_id,relation,arg_start_id,arg_end_id,triple_type)VALUES (978, 3, 'Property',1, 2, 'auto'), (978, 4, 'Property',1, 3, 'auto'), (978, 5, 'Agent',4, 4, 'auto'), (978, 5, 'Patient',6, 7, 'auto'), (978, 5, 'Location',8, 13, 'auto');
INSERT INTO Sentences (sentence_id, sentence, sentence_type)VALUES (979, 'The BMX rider wearing a black helmet gets air off of a jump', 'auto');
INSERT INTO Words ( sentence_id,word_ID ,word,pos)VALUES (979, 1, 'The', 'DT'), (979, 2, 'BMX', 'NNP'), (979, 3, 'rider', 'NN'), (979, 4, 'wearing', 'VBG'), (979, 5, 'a', 'DT'), (979, 6, 'black', 'JJ'), (979, 7, 'helmet', 'NN'), (979, 8, 'gets', 'VBZ'), (979, 9, 'air', 'NN'), (979, 10, 'off', 'IN'), (979, 11, 'of', 'IN'), (979, 12, 'a', 'DT'), (979, 13, 'jump', 'NN');
INSERT INTO triples (sentence_id, predicate_id,relation,arg_start_id,arg_end_id,triple_type)VALUES (979, 3, 'Property',1, 2, 'auto'), (979, 3, 'Location',12, 13, 'auto'), (979, 4, 'Agent',3, 3, 'auto'), (979, 4, 'Patient',5, 7, 'auto'), (979, 8, 'Agent',3, 3, 'auto'), (979, 8, 'Patient',9, 9, 'auto'), (979, 8, 'Destination',13, 13, 'auto');
INSERT INTO Sentences (sentence_id, sentence, sentence_type)VALUES (980, 'A boy is skateboarding in a skateboard park', 'auto');
INSERT INTO Words ( sentence_id,word_ID ,word,pos)VALUES (980, 1, 'A', 'DT'), (980, 2, 'boy', 'NN'), (980, 3, 'is', 'VBZ'), (980, 4, 'skateboarding', 'VBG'), (980, 5, 'in', 'IN'), (980, 6, 'a', 'DT'), (980, 7, 'skateboard', 'NN'), (980, 8, 'park', 'NN');
INSERT INTO triples (sentence_id, predicate_id,relation,arg_start_id,arg_end_id,triple_type)VALUES (980, 2, 'Location',6, 8, 'auto'), (980, 4, 'Agent',2, 2, 'auto'), (980, 4, 'Location',5, 8, 'auto'), (980, 8, 'Property',7, 7, 'auto');
INSERT INTO Sentences (sentence_id, sentence, sentence_type)VALUES (981, 'A young skateboarder rolls down a graffiti-covered ramp', 'auto');
INSERT INTO Words ( sentence_id,word_ID ,word,pos)VALUES (981, 1, 'A', 'DT'), (981, 2, 'young', 'JJ'), (981, 3, 'skateboarder', 'NN'), (981, 4, 'rolls', 'VBZ'), (981, 5, 'down', 'IN'), (981, 6, 'a', 'DT'), (981, 7, 'graffiti-covered', 'JJ'), (981, 8, 'ramp', 'NN');
INSERT INTO triples (sentence_id, predicate_id,relation,arg_start_id,arg_end_id,triple_type)VALUES (981, 3, 'Location',4, 8, 'auto'), (981, 4, 'Agent',3, 3, 'auto'), (981, 4, 'Location',7, 8, 'auto');
INSERT INTO Sentences (sentence_id, sentence, sentence_type)VALUES (982, 'skateboarder sliding down a ramp', 'auto');
INSERT INTO Words ( sentence_id,word_ID ,word,pos)VALUES (982, 1, 'skateboarder', 'NN'), (982, 2, 'sliding', 'VBG'), (982, 3, 'down', 'RP'), (982, 4, 'a', 'DT'), (982, 5, 'ramp', 'NN');
INSERT INTO triples (sentence_id, predicate_id,relation,arg_start_id,arg_end_id,triple_type)VALUES (982, 1, 'Location',3, 5, 'auto'), (982, 2, 'Agent',1, 1, 'auto'), (982, 2, 'Destination',3, 3, 'auto'), (982, 2, 'Patient',4, 5, 'auto');
INSERT INTO Sentences (sentence_id, sentence, sentence_type)VALUES (983, 'The rider skates down the stair rails', 'auto');
INSERT INTO Words ( sentence_id,word_ID ,word,pos)VALUES (983, 1, 'The', 'DT'), (983, 2, 'rider', 'NN'), (983, 3, 'skates', 'VBZ'), (983, 4, 'down', 'RP'), (983, 5, 'the', 'DT'), (983, 6, 'stair', 'NN'), (983, 7, 'rails', 'NNS');
INSERT INTO triples (sentence_id, predicate_id,relation,arg_start_id,arg_end_id,triple_type)VALUES (983, 2, 'Location',4, 7, 'auto'), (983, 3, 'Agent',2, 2, 'auto'), (983, 3, 'Location',4, 4, 'auto'), (983, 3, 'Patient',5, 7, 'auto');
INSERT INTO Sentences (sentence_id, sentence, sentence_type)VALUES (984, 'The skater is descending the wooden wall beside the slope', 'auto');
INSERT INTO Words ( sentence_id,word_ID ,word,pos)VALUES (984, 1, 'The', 'DT'), (984, 2, 'skater', 'NN'), (984, 3, 'is', 'VBZ'), (984, 4, 'descending', 'VBG'), (984, 5, 'the', 'DT'), (984, 6, 'wooden', 'JJ'), (984, 7, 'wall', 'NN'), (984, 8, 'beside', 'IN'), (984, 9, 'the', 'DT'), (984, 10, 'slope', 'NN');
INSERT INTO triples (sentence_id, predicate_id,relation,arg_start_id,arg_end_id,triple_type)VALUES (984, 4, 'Agent',2, 2, 'auto'), (984, 4, 'Patient',5, 7, 'auto'), (984, 4, 'Location',8, 10, 'auto'), (984, 7, 'Property',6, 6, 'auto'), (984, 7, 'Location',9, 10, 'auto');
INSERT INTO Sentences (sentence_id, sentence, sentence_type)VALUES (985, 'A bicycle stunt jump is being perforced in a city', 'auto');
INSERT INTO Words ( sentence_id,word_ID ,word,pos)VALUES (985, 1, 'A', 'DT'), (985, 2, 'bicycle', 'NN'), (985, 3, 'stunt', 'NN'), (985, 4, 'jump', 'NN'), (985, 5, 'is', 'VBZ'), (985, 6, 'being', 'VBG'), (985, 7, 'perforced', 'VBN'), (985, 8, 'in', 'IN'), (985, 9, 'a', 'DT'), (985, 10, 'city', 'NN');
INSERT INTO triples (sentence_id, predicate_id,relation,arg_start_id,arg_end_id,triple_type)VALUES (985, 2, 'Location',8, 10, 'auto');
INSERT INTO Sentences (sentence_id, sentence, sentence_type)VALUES (986, 'A bicyclist is jumping on a pyramid-shaped ramp', 'auto');
INSERT INTO Words ( sentence_id,word_ID ,word,pos)VALUES (986, 1, 'A', 'DT'), (986, 2, 'bicyclist', 'NN'), (986, 3, 'is', 'VBZ'), (986, 4, 'jumping', 'VBG'), (986, 5, 'on', 'RP'), (986, 6, 'a', 'DT'), (986, 7, 'pyramid-shaped', 'JJ'), (986, 8, 'ramp', 'NN');
INSERT INTO triples (sentence_id, predicate_id,relation,arg_start_id,arg_end_id,triple_type)VALUES (986, 4, 'Agent',2, 2, 'auto'), (986, 4, 'Location',8, 8, 'auto');
INSERT INTO Sentences (sentence_id, sentence, sentence_type)VALUES (987, 'A Man is jumping his bicycle over a pyramid', 'auto');
INSERT INTO Words ( sentence_id,word_ID ,word,pos)VALUES (987, 1, 'A', 'DT'), (987, 2, 'Man', 'NN'), (987, 3, 'is', 'VBZ'), (987, 4, 'jumping', 'VBG'), (987, 5, 'his', 'PRP$'), (987, 6, 'bicycle', 'NN'), (987, 7, 'over', 'IN'), (987, 8, 'a', 'DT'), (987, 9, 'pyramid', 'NN');
INSERT INTO triples (sentence_id, predicate_id,relation,arg_start_id,arg_end_id,triple_type)VALUES (987, 2, 'Location',6, 9, 'auto'), (987, 4, 'Agent',2, 2, 'auto'), (987, 4, 'Patient',5, 6, 'auto'), (987, 4, 'Location',7, 9, 'auto'), (987, 6, 'Location',7, 9, 'auto');
INSERT INTO Sentences (sentence_id, sentence, sentence_type)VALUES (988, 'A young boy is in the air after turning a trick on his bike on a pyramid ramp', 'auto');
INSERT INTO Words ( sentence_id,word_ID ,word,pos)VALUES (988, 1, 'A', 'DT'), (988, 2, 'young', 'JJ'), (988, 3, 'boy', 'NN'), (988, 4, 'is', 'VBZ'), (988, 5, 'in', 'IN'), (988, 6, 'the', 'DT'), (988, 7, 'air', 'NN'), (988, 8, 'after', 'IN'), (988, 9, 'turning', 'VBG'), (988, 10, 'a', 'DT'), (988, 11, 'trick', 'NN'), (988, 12, 'on', 'IN'), (988, 13, 'his', 'PRP$'), (988, 14, 'bike', 'NN'), (988, 15, 'on', 'IN'), (988, 16, 'a', 'DT'), (988, 17, 'pyramid', 'NN'), (988, 18, 'ramp', 'NN');
INSERT INTO triples (sentence_id, predicate_id,relation,arg_start_id,arg_end_id,triple_type)VALUES (988, 3, 'Property',2, 2, 'auto'), (988, 3, 'Location',15, 18, 'auto'), (988, 4, 'Patient',2, 2, 'auto'), (988, 4, 'Location',5, 7, 'auto'), (988, 9, 'Agent',2, 2, 'auto'), (988, 9, 'Location',5, 7, 'auto'), (988, 9, 'Patient',11, 11, 'auto'), (988, 9, 'Instrument',14, 14, 'auto'), (988, 14, 'Property',13, 13, 'auto'), (988, 14, 'Location',15, 18, 'auto');
INSERT INTO Sentences (sentence_id, sentence, sentence_type)VALUES (989, 'Young man on a trick bicycle jumping off a masonry pyramid', 'auto');
INSERT INTO Words ( sentence_id,word_ID ,word,pos)VALUES (989, 1, 'Young', 'JJ'), (989, 2, 'man', 'NN'), (989, 3, 'on', 'IN'), (989, 4, 'a', 'DT'), (989, 5, 'trick', 'NN'), (989, 6, 'bicycle', 'NN'), (989, 7, 'jumping', 'VBG'), (989, 8, 'off', 'RP'), (989, 9, 'a', 'DT'), (989, 10, 'masonry', 'NN'), (989, 11, 'pyramid', 'NN');
INSERT INTO triples (sentence_id, predicate_id,relation,arg_start_id,arg_end_id,triple_type)VALUES (989, 2, 'Property',1, 1, 'auto'), (989, 2, 'Location',6, 7, 'auto'), (989, 7, 'Agent',2, 2, 'auto'), (989, 7, 'Location',4, 6, 'auto'), (989, 7, 'Source',8, 8, 'auto'), (989, 7, 'Location',11, 11, 'auto');
INSERT INTO Sentences (sentence_id, sentence, sentence_type)VALUES (990, 'A girl in a field with a yellow scarf', 'auto');
INSERT INTO Words ( sentence_id,word_ID ,word,pos)VALUES (990, 1, 'A', 'DT'), (990, 2, 'girl', 'NN'), (990, 3, 'in', 'IN'), (990, 4, 'a', 'DT'), (990, 5, 'field', 'NN'), (990, 6, 'with', 'IN'), (990, 7, 'a', 'DT'), (990, 8, 'yellow', 'JJ'), (990, 9, 'scarf', 'NN');
INSERT INTO Sentences (sentence_id, sentence, sentence_type)VALUES (991, 'a girl in along grass field is spinning some yellow material around her', 'auto');
INSERT INTO Words ( sentence_id,word_ID ,word,pos)VALUES (991, 1, 'a', 'DT'), (991, 2, 'girl', 'NN'), (991, 3, 'in', 'IN'), (991, 4, 'along', 'IN'), (991, 5, 'grass', 'NN'), (991, 6, 'field', 'NN'), (991, 7, 'is', 'VBZ'), (991, 8, 'spinning', 'VBG'), (991, 9, 'some', 'DT'), (991, 10, 'yellow', 'JJ'), (991, 11, 'material', 'NN'), (991, 12, 'around', 'IN'), (991, 13, 'her', 'PRP');
INSERT INTO triples (sentence_id, predicate_id,relation,arg_start_id,arg_end_id,triple_type)VALUES (991, 8, 'Agent',2, 2, 'auto'), (991, 8, 'Patient',9, 11, 'auto'), (991, 8, 'Location',12, 13, 'auto');
INSERT INTO Sentences (sentence_id, sentence, sentence_type)VALUES (992, 'A woman in a field enjoys her clothing being blown by the wind', 'auto');
INSERT INTO Words ( sentence_id,word_ID ,word,pos)VALUES (992, 1, 'A', 'DT'), (992, 2, 'woman', 'NN'), (992, 3, 'in', 'IN'), (992, 4, 'a', 'DT'), (992, 5, 'field', 'NN'), (992, 6, 'enjoys', 'VBZ'), (992, 7, 'her', 'PRP$'), (992, 8, 'clothing', 'NN'), (992, 9, 'being', 'VBG'), (992, 10, 'blown', 'VBN'), (992, 11, 'by', 'IN'), (992, 12, 'the', 'DT'), (992, 13, 'wind', 'NN');
INSERT INTO triples (sentence_id, predicate_id,relation,arg_start_id,arg_end_id,triple_type)VALUES (992, 2, 'Location',5, 5, 'auto'), (992, 6, 'Agent',2, 2, 'auto'), (992, 6, 'Patient',7, 8, 'auto'), (992, 10, 'Patient',7, 8, 'auto'), (992, 10, 'Agent',12, 13, 'auto');
INSERT INTO Sentences (sentence_id, sentence, sentence_type)VALUES (993, 'A young woman in a sunny meadow watches her yellow scarf blow in the wind', 'auto');
INSERT INTO Words ( sentence_id,word_ID ,word,pos)VALUES (993, 1, 'A', 'DT'), (993, 2, 'young', 'JJ'), (993, 3, 'woman', 'NN'), (993, 4, 'in', 'IN'), (993, 5, 'a', 'DT'), (993, 6, 'sunny', 'JJ'), (993, 7, 'meadow', 'NN'), (993, 8, 'watches', 'VBZ'), (993, 9, 'her', 'PRP$'), (993, 10, 'yellow', 'JJ'), (993, 11, 'scarf', 'NN'), (993, 12, 'blow', 'NN'), (993, 13, 'in', 'IN'), (993, 14, 'the', 'DT'), (993, 15, 'wind', 'NN');
INSERT INTO triples (sentence_id, predicate_id,relation,arg_start_id,arg_end_id,triple_type)VALUES (993, 3, 'Property',4, 7, 'auto'), (993, 8, 'Agent',3, 3, 'auto'), (993, 8, 'Patient',9, 12, 'auto'), (993, 8, 'Location',13, 15, 'auto');
INSERT INTO Sentences (sentence_id, sentence, sentence_type)VALUES (994, 'Woman in a field of tall grass and wildflowers holding up a yellow scarf', 'auto');
INSERT INTO Words ( sentence_id,word_ID ,word,pos)VALUES (994, 1, 'Woman', 'NNP'), (994, 2, 'in', 'IN'), (994, 3, 'a', 'DT'), (994, 4, 'field', 'NN'), (994, 5, 'of', 'IN'), (994, 6, 'tall', 'JJ'), (994, 7, 'grass', 'NN'), (994, 8, 'and', 'CC'), (994, 9, 'wildflowers', 'NNS'), (994, 10, 'holding', 'VBG'), (994, 11, 'up', 'RP'), (994, 12, 'a', 'DT'), (994, 13, 'yellow', 'JJ'), (994, 14, 'scarf', 'NN');
INSERT INTO triples (sentence_id, predicate_id,relation,arg_start_id,arg_end_id,triple_type)VALUES (994, 10, 'Agent',1, 1, 'auto'), (994, 10, 'Location',3, 4, 'auto'), (994, 10, 'Destination',11, 11, 'auto'), (994, 10, 'Patient',13, 14, 'auto');
INSERT INTO Sentences (sentence_id, sentence, sentence_type)VALUES (995, 'A man doing a skate trick on a metal railing', 'auto');
INSERT INTO Words ( sentence_id,word_ID ,word,pos)VALUES (995, 1, 'A', 'DT'), (995, 2, 'man', 'NN'), (995, 3, 'doing', 'VBG'), (995, 4, 'a', 'DT'), (995, 5, 'skate', 'NN'), (995, 6, 'trick', 'NN'), (995, 7, 'on', 'IN'), (995, 8, 'a', 'DT'), (995, 9, 'metal', 'NN'), (995, 10, 'railing', 'NN');
INSERT INTO triples (sentence_id, predicate_id,relation,arg_start_id,arg_end_id,triple_type)VALUES (995, 2, 'Location',7, 10, 'auto'), (995, 3, 'Agent',2, 2, 'auto'), (995, 3, 'Patient',4, 6, 'auto'), (995, 3, 'Location',7, 10, 'auto'), (995, 10, 'Material',9, 9, 'auto');
INSERT INTO Sentences (sentence_id, sentence, sentence_type)VALUES (996, 'An inline skater going down a handrail', 'auto');
INSERT INTO Words ( sentence_id,word_ID ,word,pos)VALUES (996, 1, 'An', 'DT'), (996, 2, 'inline', 'NN'), (996, 3, 'skater', 'NN'), (996, 4, 'going', 'VBG'), (996, 5, 'down', 'RP'), (996, 6, 'a', 'DT'), (996, 7, 'handrail', 'NN');
INSERT INTO triples (sentence_id, predicate_id,relation,arg_start_id,arg_end_id,triple_type)VALUES (996, 4, 'Agent',3, 3, 'auto'), (996, 4, 'Destination',5, 7, 'auto');
INSERT INTO Sentences (sentence_id, sentence, sentence_type)VALUES (997, 'a roller balder grinds a rail', 'auto');
INSERT INTO Words ( sentence_id,word_ID ,word,pos)VALUES (997, 1, 'a', 'DT'), (997, 2, 'roller', 'NN'), (997, 3, 'balder', 'NN'), (997, 4, 'grinds', 'VBZ'), (997, 5, 'a', 'DT'), (997, 6, 'rail', 'NN');
INSERT INTO Sentences (sentence_id, sentence, sentence_type)VALUES (998, 'A skateboarder at dusk', 'auto');
INSERT INTO Words ( sentence_id,word_ID ,word,pos)VALUES (998, 1, 'A', 'DT'), (998, 2, 'skateboarder', 'NN'), (998, 3, 'at', 'IN'), (998, 4, 'dusk', 'NN');
INSERT INTO triples (sentence_id, predicate_id,relation,arg_start_id,arg_end_id,triple_type)VALUES (998, 2, 'Location',3, 4, 'auto');
INSERT INTO Sentences (sentence_id, sentence, sentence_type)VALUES (999, 'Boy skating on a railing in a parking lot', 'auto');
INSERT INTO Words ( sentence_id,word_ID ,word,pos)VALUES (999, 1, 'Boy', 'NN'), (999, 2, 'skating', 'VBG'), (999, 3, 'on', 'IN'), (999, 4, 'a', 'DT'), (999, 5, 'railing', 'NN'), (999, 6, 'in', 'IN'), (999, 7, 'a', 'DT'), (999, 8, 'parking', 'NN'), (999, 9, 'lot', 'NN');
INSERT INTO triples (sentence_id, predicate_id,relation,arg_start_id,arg_end_id,triple_type)VALUES (999, 1, 'Location',3, 9, 'auto'), (999, 2, 'Agent',1, 1, 'auto'), (999, 2, 'Location',3, 9, 'auto'), (999, 5, 'Location',6, 9, 'auto');
INSERT INTO Sentences (sentence_id, sentence, sentence_type)VALUES (1000, 'A biker does a trick on a ramp', 'auto');
INSERT INTO Words ( sentence_id,word_ID ,word,pos)VALUES (1000, 1, 'A', 'DT'), (1000, 2, 'biker', 'NN'), (1000, 3, 'does', 'VBZ'), (1000, 4, 'a', 'DT'), (1000, 5, 'trick', 'NN'), (1000, 6, 'on', 'IN'), (1000, 7, 'a', 'DT'), (1000, 8, 'ramp', 'NN');
INSERT INTO Sentences (sentence_id, sentence, sentence_type)VALUES (1001, 'A biker on top of a shallow hill attempts a trick nearby a gate and grassy area', 'auto');
INSERT INTO Words ( sentence_id,word_ID ,word,pos)VALUES (1001, 1, 'A', 'DT'), (1001, 2, 'biker', 'NN'), (1001, 3, 'on', 'IN'), (1001, 4, 'top', 'NN'), (1001, 5, 'of', 'IN'), (1001, 6, 'a', 'DT'), (1001, 7, 'shallow', 'JJ'), (1001, 8, 'hill', 'NN'), (1001, 9, 'attempts', 'VBZ'), (1001, 10, 'a', 'DT'), (1001, 11, 'trick', 'NN'), (1001, 12, 'nearby', 'RB'), (1001, 13, 'a', 'DT'), (1001, 14, 'gate', 'NN'), (1001, 15, 'and', 'CC'), (1001, 16, 'grassy', 'JJ'), (1001, 17, 'area', 'NN');
INSERT INTO triples (sentence_id, predicate_id,relation,arg_start_id,arg_end_id,triple_type)VALUES (1001, 2, 'Property',3, 17, 'auto'), (1001, 8, 'Property',7, 7, 'auto'), (1001, 8, 'Location',12, 14, 'auto'), (1001, 9, 'Agent',2, 2, 'auto'), (1001, 9, 'Patient',10, 11, 'auto');
INSERT INTO Sentences (sentence_id, sentence, sentence_type)VALUES (1002, 'A man stands on the front wheel of his bicycle , doing a trick', 'auto');
INSERT INTO Words ( sentence_id,word_ID ,word,pos)VALUES (1002, 1, 'A', 'DT'), (1002, 2, 'man', 'NN'), (1002, 3, 'stands', 'VBZ'), (1002, 4, 'on', 'IN'), (1002, 5, 'the', 'DT'), (1002, 6, 'front', 'JJ'), (1002, 7, 'wheel', 'NN'), (1002, 8, 'of', 'IN'), (1002, 9, 'his', 'PRP$'), (1002, 10, 'bicycle', 'NN'), (1002, 11, ',', ','), (1002, 12, 'doing', 'VBG'), (1002, 13, 'a', 'DT'), (1002, 14, 'trick', 'NN');
INSERT INTO triples (sentence_id, predicate_id,relation,arg_start_id,arg_end_id,triple_type)VALUES (1002, 2, 'Location',3, 7, 'auto'), (1002, 2, 'Property',8, 10, 'auto'), (1002, 3, 'Agent',2, 2, 'auto'), (1002, 3, 'Location',4, 11, 'auto'), (1002, 7, 'Property',6, 6, 'auto'), (1002, 10, 'Property',9, 9, 'auto'), (1002, 12, 'Agent',2, 2, 'auto'), (1002, 12, 'Location',4, 7, 'auto'), (1002, 12, 'Instrument',9, 10, 'auto'), (1002, 12, 'Patient',14, 14, 'auto');
INSERT INTO Sentences (sentence_id, sentence, sentence_type)VALUES (1003, 'A person does tricks on their bike', 'auto');
INSERT INTO Words ( sentence_id,word_ID ,word,pos)VALUES (1003, 1, 'A', 'DT'), (1003, 2, 'person', 'NN'), (1003, 3, 'does', 'VBZ'), (1003, 4, 'tricks', 'NNS'), (1003, 5, 'on', 'IN'), (1003, 6, 'their', 'PRP$'), (1003, 7, 'bike', 'NN');
INSERT INTO triples (sentence_id, predicate_id,relation,arg_start_id,arg_end_id,triple_type)VALUES (1003, 2, 'Location',7, 7, 'auto'), (1003, 3, 'Agent',2, 2, 'auto'), (1003, 3, 'Patient',4, 4, 'auto'), (1003, 3, 'Location',7, 7, 'auto'), (1003, 7, 'Property',6, 6, 'auto');
INSERT INTO Sentences (sentence_id, sentence, sentence_type)VALUES (1004, 'Man is performing a trick with a bicycle on a ramp', 'auto');
INSERT INTO Words ( sentence_id,word_ID ,word,pos)VALUES (1004, 1, 'Man', 'NN'), (1004, 2, 'is', 'VBZ'), (1004, 3, 'performing', 'VBG'), (1004, 4, 'a', 'DT'), (1004, 5, 'trick', 'NN'), (1004, 6, 'with', 'IN'), (1004, 7, 'a', 'DT'), (1004, 8, 'bicycle', 'NN'), (1004, 9, 'on', 'IN'), (1004, 10, 'a', 'DT'), (1004, 11, 'ramp', 'NN');
INSERT INTO triples (sentence_id, predicate_id,relation,arg_start_id,arg_end_id,triple_type)VALUES (1004, 1, 'Location',7, 11, 'auto'), (1004, 3, 'Agent',1, 1, 'auto'), (1004, 3, 'Patient',5, 5, 'auto'), (1004, 3, 'Location',7, 11, 'auto'), (1004, 8, 'Location',9, 11, 'auto');
INSERT INTO Sentences (sentence_id, sentence, sentence_type)VALUES (1005, 'A boy jumping ridding a skate board wearing blue jeans and a red tee shirt with a building in the background with many windows', 'auto');
INSERT INTO Words ( sentence_id,word_ID ,word,pos)VALUES (1005, 1, 'A', 'DT'), (1005, 2, 'boy', 'NN'), (1005, 3, 'jumping', 'VBG'), (1005, 4, 'ridding', 'VBG'), (1005, 5, 'a', 'DT'), (1005, 6, 'skate', 'NN'), (1005, 7, 'board', 'NN'), (1005, 8, 'wearing', 'VBG'), (1005, 9, 'blue', 'JJ'), (1005, 10, 'jeans', 'NNS'), (1005, 11, 'and', 'CC'), (1005, 12, 'a', 'DT'), (1005, 13, 'red', 'JJ'), (1005, 14, 'tee', 'NN'), (1005, 15, 'shirt', 'NN'), (1005, 16, 'with', 'IN'), (1005, 17, 'a', 'DT'), (1005, 18, 'building', 'NN'), (1005, 19, 'in', 'IN'), (1005, 20, 'the', 'DT'), (1005, 21, 'background', 'NN'), (1005, 22, 'with', 'IN'), (1005, 23, 'many', 'JJ'), (1005, 24, 'windows', 'NNS');
INSERT INTO triples (sentence_id, predicate_id,relation,arg_start_id,arg_end_id,triple_type)VALUES (1005, 2, 'Property',9, 15, 'auto'), (1005, 2, 'Location',16, 21, 'auto'), (1005, 3, 'Agent',2, 2, 'auto'), (1005, 3, 'Patient',6, 7, 'auto'), (1005, 4, 'Agent',2, 2, 'auto'), (1005, 4, 'Patient',5, 7, 'auto'), (1005, 8, 'Agent',2, 2, 'auto'), (1005, 8, 'Patient',9, 15, 'auto'), (1005, 18, 'Location',19, 21, 'auto'), (1005, 18, 'Property',22, 24, 'auto');
INSERT INTO Sentences (sentence_id, sentence, sentence_type)VALUES (1006, 'A person on a skateboard jumps in a curve on the sidewalk', 'auto');
INSERT INTO Words ( sentence_id,word_ID ,word,pos)VALUES (1006, 1, 'A', 'DT'), (1006, 2, 'person', 'NN'), (1006, 3, 'on', 'IN'), (1006, 4, 'a', 'DT'), (1006, 5, 'skateboard', 'NN'), (1006, 6, 'jumps', 'VBZ'), (1006, 7, 'in', 'IN'), (1006, 8, 'a', 'DT'), (1006, 9, 'curve', 'NN'), (1006, 10, 'on', 'IN'), (1006, 11, 'the', 'DT'), (1006, 12, 'sidewalk', 'NN');
INSERT INTO triples (sentence_id, predicate_id,relation,arg_start_id,arg_end_id,triple_type)VALUES (1006, 2, 'Location',3, 5, 'auto'), (1006, 5, 'Location',6, 12, 'auto'), (1006, 6, 'Agent',2, 2, 'auto'), (1006, 6, 'Destination',9, 9, 'auto'), (1006, 6, 'Location',11, 12, 'auto'), (1006, 9, 'Location',10, 12, 'auto');
INSERT INTO Sentences (sentence_id, sentence, sentence_type)VALUES (1007, 'A skateboarder in a red shirt', 'auto');
INSERT INTO Words ( sentence_id,word_ID ,word,pos)VALUES (1007, 1, 'A', 'DT'), (1007, 2, 'skateboarder', 'NN'), (1007, 3, 'in', 'IN'), (1007, 4, 'a', 'DT'), (1007, 5, 'red', 'JJ'), (1007, 6, 'shirt', 'NN');
INSERT INTO triples (sentence_id, predicate_id,relation,arg_start_id,arg_end_id,triple_type)VALUES (1007, 2, 'Property',3, 6, 'auto');
INSERT INTO Sentences (sentence_id, sentence, sentence_type)VALUES (1008, 'Boy in a red , white and blue shirt skateboarding', 'auto');
INSERT INTO Words ( sentence_id,word_ID ,word,pos)VALUES (1008, 1, 'Boy', 'NN'), (1008, 2, 'in', 'IN'), (1008, 3, 'a', 'DT'), (1008, 4, 'red', 'JJ'), (1008, 5, ',', ','), (1008, 6, 'white', 'JJ'), (1008, 7, 'and', 'CC'), (1008, 8, 'blue', 'JJ'), (1008, 9, 'shirt', 'NN'), (1008, 10, 'skateboarding', 'VBG');
INSERT INTO triples (sentence_id, predicate_id,relation,arg_start_id,arg_end_id,triple_type)VALUES (1008, 1, 'Property',2, 9, 'auto'), (1008, 10, 'Agent',1, 1, 'auto');
INSERT INTO Sentences (sentence_id, sentence, sentence_type)VALUES (1009, 'Boy skating on skateboard , photographed from low angle', 'auto');
INSERT INTO Words ( sentence_id,word_ID ,word,pos)VALUES (1009, 1, 'Boy', 'NN'), (1009, 2, 'skating', 'VBG'), (1009, 3, 'on', 'IN'), (1009, 4, 'skateboard', 'NN'), (1009, 5, ',', ','), (1009, 6, 'photographed', 'VBN'), (1009, 7, 'from', 'IN'), (1009, 8, 'low', 'JJ'), (1009, 9, 'angle', 'NN');
INSERT INTO triples (sentence_id, predicate_id,relation,arg_start_id,arg_end_id,triple_type)VALUES (1009, 1, 'Location',4, 4, 'auto'), (1009, 2, 'Agent',1, 1, 'auto'), (1009, 2, 'Instrument',3, 4, 'auto'), (1009, 6, 'Patient',1, 5, 'auto'), (1009, 6, 'Source',9, 9, 'auto');
INSERT INTO Sentences (sentence_id, sentence, sentence_type)VALUES (1010, 'A boy getting a shower', 'auto');
INSERT INTO Words ( sentence_id,word_ID ,word,pos)VALUES (1010, 1, 'A', 'DT'), (1010, 2, 'boy', 'NN'), (1010, 3, 'getting', 'VBG'), (1010, 4, 'a', 'DT'), (1010, 5, 'shower', 'NN');
INSERT INTO triples (sentence_id, predicate_id,relation,arg_start_id,arg_end_id,triple_type)VALUES (1010, 2, 'Location',3, 5, 'auto'), (1010, 3, 'Agent',2, 2, 'auto'), (1010, 3, 'Patient',4, 5, 'auto');
INSERT INTO Sentences (sentence_id, sentence, sentence_type)VALUES (1011, 'A man is taking a shower', 'auto');
INSERT INTO Words ( sentence_id,word_ID ,word,pos)VALUES (1011, 1, 'A', 'DT'), (1011, 2, 'man', 'NN'), (1011, 3, 'is', 'VBZ'), (1011, 4, 'taking', 'VBG'), (1011, 5, 'a', 'DT'), (1011, 6, 'shower', 'NN');
INSERT INTO triples (sentence_id, predicate_id,relation,arg_start_id,arg_end_id,triple_type)VALUES (1011, 2, 'Location',5, 6, 'auto'), (1011, 4, 'Agent',2, 2, 'auto'), (1011, 4, 'Patient',5, 6, 'auto');
INSERT INTO Sentences (sentence_id, sentence, sentence_type)VALUES (1012, 'A man sticks his tongue out in an outdoor shower', 'auto');
INSERT INTO Words ( sentence_id,word_ID ,word,pos)VALUES (1012, 1, 'A', 'DT'), (1012, 2, 'man', 'NN'), (1012, 3, 'sticks', 'VBZ'), (1012, 4, 'his', 'PRP$'), (1012, 5, 'tongue', 'NN'), (1012, 6, 'out', 'RP'), (1012, 7, 'in', 'IN'), (1012, 8, 'an', 'DT'), (1012, 9, 'outdoor', 'JJ'), (1012, 10, 'shower', 'NN');
INSERT INTO triples (sentence_id, predicate_id,relation,arg_start_id,arg_end_id,triple_type)VALUES (1012, 2, 'Property',4, 5, 'auto'), (1012, 2, 'Location',8, 10, 'auto'), (1012, 3, 'Agent',2, 2, 'auto'), (1012, 3, 'Patient',4, 5, 'auto'), (1012, 3, 'Location',8, 10, 'auto');
INSERT INTO Sentences (sentence_id, sentence, sentence_type)VALUES (1013, 'A man takes a shower outdoors and looks up to stick out his tongue', 'auto');
INSERT INTO Words ( sentence_id,word_ID ,word,pos)VALUES (1013, 1, 'A', 'DT'), (1013, 2, 'man', 'NN'), (1013, 3, 'takes', 'VBZ'), (1013, 4, 'a', 'DT'), (1013, 5, 'shower', 'NN'), (1013, 6, 'outdoors', 'NNS'), (1013, 7, 'and', 'CC'), (1013, 8, 'looks', 'VBZ'), (1013, 9, 'up', 'RP'), (1013, 10, 'to', 'TO'), (1013, 11, 'stick', 'VB'), (1013, 12, 'out', 'RP'), (1013, 13, 'his', 'PRP$'), (1013, 14, 'tongue', 'NN');
INSERT INTO triples (sentence_id, predicate_id,relation,arg_start_id,arg_end_id,triple_type)VALUES (1013, 2, 'Location',4, 6, 'auto'), (1013, 3, 'Agent',2, 2, 'auto'), (1013, 3, 'Patient',4, 5, 'auto'), (1013, 3, 'Location',6, 6, 'auto'), (1013, 8, 'Agent',2, 2, 'auto'), (1013, 8, 'Location',5, 5, 'auto'), (1013, 8, 'Destination',9, 11, 'auto'), (1013, 11, 'Agent',2, 2, 'auto'), (1013, 11, 'Destination',9, 10, 'auto'), (1013, 11, 'Patient',12, 14, 'auto');
INSERT INTO Sentences (sentence_id, sentence, sentence_type)VALUES (1014, 'The man is standing under a shower with his tongue sticking out', 'auto');
INSERT INTO Words ( sentence_id,word_ID ,word,pos)VALUES (1014, 1, 'The', 'DT'), (1014, 2, 'man', 'NN'), (1014, 3, 'is', 'VBZ'), (1014, 4, 'standing', 'VBG'), (1014, 5, 'under', 'IN'), (1014, 6, 'a', 'DT'), (1014, 7, 'shower', 'NN'), (1014, 8, 'with', 'IN'), (1014, 9, 'his', 'PRP$'), (1014, 10, 'tongue', 'NN'), (1014, 11, 'sticking', 'VBG'), (1014, 12, 'out', 'RP');
INSERT INTO triples (sentence_id, predicate_id,relation,arg_start_id,arg_end_id,triple_type)VALUES (1014, 2, 'Location',5, 7, 'auto'), (1014, 2, 'Property',8, 10, 'auto'), (1014, 4, 'Agent',2, 2, 'auto'), (1014, 4, 'Location',5, 7, 'auto'), (1014, 11, 'Patient',9, 10, 'auto'), (1014, 11, 'Location',12, 12, 'auto');
INSERT INTO Sentences (sentence_id, sentence, sentence_type)VALUES (1015, 'A bike racer hold up a hand while riding a motorcycle', 'auto');
INSERT INTO Words ( sentence_id,word_ID ,word,pos)VALUES (1015, 1, 'A', 'DT'), (1015, 2, 'bike', 'NN'), (1015, 3, 'racer', 'NN'), (1015, 4, 'hold', 'VBP'), (1015, 5, 'up', 'RP'), (1015, 6, 'a', 'DT'), (1015, 7, 'hand', 'NN'), (1015, 8, 'while', 'IN'), (1015, 9, 'riding', 'VBG'), (1015, 10, 'a', 'DT'), (1015, 11, 'motorcycle', 'NN');
INSERT INTO triples (sentence_id, predicate_id,relation,arg_start_id,arg_end_id,triple_type)VALUES (1015, 3, 'Property',1, 2, 'auto'), (1015, 4, 'Agent',3, 3, 'auto'), (1015, 4, 'Destination',5, 5, 'auto'), (1015, 4, 'Patient',6, 7, 'auto'), (1015, 9, 'Agent',3, 3, 'auto'), (1015, 9, 'Patient',10, 11, 'auto');
INSERT INTO Sentences (sentence_id, sentence, sentence_type)VALUES (1016, 'A man on a motorcycle riding on a track and waving', 'auto');
INSERT INTO Words ( sentence_id,word_ID ,word,pos)VALUES (1016, 1, 'A', 'DT'), (1016, 2, 'man', 'NN'), (1016, 3, 'on', 'IN'), (1016, 4, 'a', 'DT'), (1016, 5, 'motorcycle', 'NN'), (1016, 6, 'riding', 'VBG'), (1016, 7, 'on', 'IN'), (1016, 8, 'a', 'DT'), (1016, 9, 'track', 'NN'), (1016, 10, 'and', 'CC'), (1016, 11, 'waving', 'VBG');
INSERT INTO triples (sentence_id, predicate_id,relation,arg_start_id,arg_end_id,triple_type)VALUES (1016, 2, 'Location',4, 5, 'auto'), (1016, 6, 'Agent',2, 2, 'auto'), (1016, 6, 'Location',7, 9, 'auto'), (1016, 11, 'Agent',2, 2, 'auto'), (1016, 11, 'Location',7, 9, 'auto');
INSERT INTO Sentences (sentence_id, sentence, sentence_type)VALUES (1017, 'A professional motorcycle racer raises his arm in victory', 'auto');
INSERT INTO Words ( sentence_id,word_ID ,word,pos)VALUES (1017, 1, 'A', 'DT'), (1017, 2, 'professional', 'JJ'), (1017, 3, 'motorcycle', 'NN'), (1017, 4, 'racer', 'NN'), (1017, 5, 'raises', 'VBZ'), (1017, 6, 'his', 'PRP$'), (1017, 7, 'arm', 'NN'), (1017, 8, 'in', 'IN'), (1017, 9, 'victory', 'NN');
INSERT INTO triples (sentence_id, predicate_id,relation,arg_start_id,arg_end_id,triple_type)VALUES (1017, 3, 'Property',1, 2, 'auto'), (1017, 4, 'Property',1, 3, 'auto'), (1017, 5, 'Agent',4, 4, 'auto'), (1017, 5, 'Patient',6, 7, 'auto');
INSERT INTO Sentences (sentence_id, sentence, sentence_type)VALUES (1018, 'A racer on a motorcycle lifts one hand in the air', 'auto');
INSERT INTO Words ( sentence_id,word_ID ,word,pos)VALUES (1018, 1, 'A', 'DT'), (1018, 2, 'racer', 'NN'), (1018, 3, 'on', 'IN'), (1018, 4, 'a', 'DT'), (1018, 5, 'motorcycle', 'NN'), (1018, 6, 'lifts', 'VBZ'), (1018, 7, 'one', 'CD'), (1018, 8, 'hand', 'NN'), (1018, 9, 'in', 'IN'), (1018, 10, 'the', 'DT'), (1018, 11, 'air', 'NN');
INSERT INTO triples (sentence_id, predicate_id,relation,arg_start_id,arg_end_id,triple_type)VALUES (1018, 2, 'Property',3, 11, 'auto'), (1018, 6, 'Agent',2, 2, 'auto'), (1018, 6, 'Patient',8, 8, 'auto'), (1018, 6, 'Destination',11, 11, 'auto'), (1018, 8, 'Location',9, 11, 'auto');
INSERT INTO Sentences (sentence_id, sentence, sentence_type)VALUES (1019, 'The person on the motorcycle is holding up his arm', 'auto');
INSERT INTO Words ( sentence_id,word_ID ,word,pos)VALUES (1019, 1, 'The', 'DT'), (1019, 2, 'person', 'NN'), (1019, 3, 'on', 'IN'), (1019, 4, 'the', 'DT'), (1019, 5, 'motorcycle', 'NN'), (1019, 6, 'is', 'VBZ'), (1019, 7, 'holding', 'VBG'), (1019, 8, 'up', 'RP'), (1019, 9, 'his', 'PRP$'), (1019, 10, 'arm', 'NN');
INSERT INTO triples (sentence_id, predicate_id,relation,arg_start_id,arg_end_id,triple_type)VALUES (1019, 2, 'Location',3, 6, 'auto'), (1019, 2, 'Property',7, 10, 'auto'), (1019, 5, 'Property',3, 3, 'auto'), (1019, 5, 'Location',4, 4, 'auto'), (1019, 7, 'Agent',2, 2, 'auto'), (1019, 7, 'Location',3, 5, 'auto'), (1019, 7, 'Destination',8, 8, 'auto'), (1019, 7, 'Patient',9, 10, 'auto');
INSERT INTO Sentences (sentence_id, sentence, sentence_type)VALUES (1020, 'A boy in a green uniform is kicking a soccer ball in a game while two others stand behind him', 'auto');
INSERT INTO Words ( sentence_id,word_ID ,word,pos)VALUES (1020, 1, 'A', 'DT'), (1020, 2, 'boy', 'NN'), (1020, 3, 'in', 'IN'), (1020, 4, 'a', 'DT'), (1020, 5, 'green', 'JJ'), (1020, 6, 'uniform', 'NN'), (1020, 7, 'is', 'VBZ'), (1020, 8, 'kicking', 'VBG'), (1020, 9, 'a', 'DT'), (1020, 10, 'soccer', 'NN'), (1020, 11, 'ball', 'NN'), (1020, 12, 'in', 'IN'), (1020, 13, 'a', 'DT'), (1020, 14, 'game', 'NN'), (1020, 15, 'while', 'IN'), (1020, 16, 'two', 'CD'), (1020, 17, 'others', 'NNS'), (1020, 18, 'stand', 'VBP'), (1020, 19, 'behind', 'IN'), (1020, 20, 'him', 'PRP');
INSERT INTO triples (sentence_id, predicate_id,relation,arg_start_id,arg_end_id,triple_type)VALUES (1020, 2, 'Property',3, 6, 'auto'), (1020, 2, 'Location',12, 14, 'auto'), (1020, 8, 'Agent',2, 2, 'auto'), (1020, 8, 'Patient',10, 11, 'auto'), (1020, 8, 'Location',12, 14, 'auto'), (1020, 11, 'Location',12, 20, 'auto'), (1020, 18, 'Agent',16, 17, 'auto'), (1020, 18, 'Location',19, 20, 'auto');
INSERT INTO Sentences (sentence_id, sentence, sentence_type)VALUES (1021, 'Boys play soccer near a goal post', 'auto');
INSERT INTO Words ( sentence_id,word_ID ,word,pos)VALUES (1021, 1, 'Boys', 'NNS'), (1021, 2, 'play', 'VBP'), (1021, 3, 'soccer', 'NN'), (1021, 4, 'near', 'IN'), (1021, 5, 'a', 'DT'), (1021, 6, 'goal', 'NN'), (1021, 7, 'post', 'NN');
INSERT INTO triples (sentence_id, predicate_id,relation,arg_start_id,arg_end_id,triple_type)VALUES (1021, 2, 'Agent',1, 1, 'auto'), (1021, 2, 'Patient',3, 3, 'auto'), (1021, 2, 'Location',4, 7, 'auto');
INSERT INTO Sentences (sentence_id, sentence, sentence_type)VALUES (1022, 'Some children are playing soccer on a sports-field by the goal', 'auto');
INSERT INTO Words ( sentence_id,word_ID ,word,pos)VALUES (1022, 1, 'Some', 'DT'), (1022, 2, 'children', 'NNS'), (1022, 3, 'are', 'VBP'), (1022, 4, 'playing', 'VBG'), (1022, 5, 'soccer', 'NN'), (1022, 6, 'on', 'IN'), (1022, 7, 'a', 'DT'), (1022, 8, 'sports-field', 'JJ'), (1022, 9, 'by', 'IN'), (1022, 10, 'the', 'DT'), (1022, 11, 'goal', 'NN');
INSERT INTO triples (sentence_id, predicate_id,relation,arg_start_id,arg_end_id,triple_type)VALUES (1022, 4, 'Agent',2, 2, 'auto'), (1022, 4, 'Patient',5, 5, 'auto'), (1022, 4, 'Location',6, 11, 'auto');
INSERT INTO Sentences (sentence_id, sentence, sentence_type)VALUES (1023, 'The little boy gets ready to kick the soccer ball', 'auto');
INSERT INTO Words ( sentence_id,word_ID ,word,pos)VALUES (1023, 1, 'The', 'DT'), (1023, 2, 'little', 'JJ'), (1023, 3, 'boy', 'NN'), (1023, 4, 'gets', 'VBZ'), (1023, 5, 'ready', 'JJ'), (1023, 6, 'to', 'TO'), (1023, 7, 'kick', 'VB'), (1023, 8, 'the', 'DT'), (1023, 9, 'soccer', 'NN'), (1023, 10, 'ball', 'NN');
INSERT INTO triples (sentence_id, predicate_id,relation,arg_start_id,arg_end_id,triple_type)VALUES (1023, 3, 'Property',1, 2, 'auto'), (1023, 4, 'Agent',3, 3, 'auto'), (1023, 4, 'Patient',5, 5, 'auto'), (1023, 4, 'Beneficiary',6, 9, 'auto'), (1023, 7, 'Destination',1, 2, 'auto'), (1023, 7, 'Agent',3, 3, 'auto'), (1023, 7, 'Patient',8, 10, 'auto');
INSERT INTO Sentences (sentence_id, sentence, sentence_type)VALUES (1024, 'three boys play soccer', 'auto');
INSERT INTO Words ( sentence_id,word_ID ,word,pos)VALUES (1024, 1, 'three', 'CD'), (1024, 2, 'boys', 'NNS'), (1024, 3, 'play', 'VBP'), (1024, 4, 'soccer', 'NN');
INSERT INTO triples (sentence_id, predicate_id,relation,arg_start_id,arg_end_id,triple_type)VALUES (1024, 3, 'Agent',2, 2, 'auto'), (1024, 3, 'Patient',4, 4, 'auto');
INSERT INTO Sentences (sentence_id, sentence, sentence_type)VALUES (1025, 'A dark-skinned man is jumping in the air during a sports game', 'auto');
INSERT INTO Words ( sentence_id,word_ID ,word,pos)VALUES (1025, 1, 'A', 'DT'), (1025, 2, 'dark-skinned', 'JJ'), (1025, 3, 'man', 'NN'), (1025, 4, 'is', 'VBZ'), (1025, 5, 'jumping', 'VBG'), (1025, 6, 'in', 'IN'), (1025, 7, 'the', 'DT'), (1025, 8, 'air', 'NN'), (1025, 9, 'during', 'IN'), (1025, 10, 'a', 'DT'), (1025, 11, 'sports', 'NNS'), (1025, 12, 'game', 'NN');
INSERT INTO triples (sentence_id, predicate_id,relation,arg_start_id,arg_end_id,triple_type)VALUES (1025, 3, 'Property',1, 2, 'auto'), (1025, 3, 'Location',6, 8, 'auto'), (1025, 5, 'Agent',3, 3, 'auto'), (1025, 5, 'Destination',8, 8, 'auto'), (1025, 5, 'Location',10, 12, 'auto');
INSERT INTO Sentences (sentence_id, sentence, sentence_type)VALUES (1026, 'a man in a red uniform jumping on a sports field', 'auto');
INSERT INTO Words ( sentence_id,word_ID ,word,pos)VALUES (1026, 1, 'a', 'DT'), (1026, 2, 'man', 'NN'), (1026, 3, 'in', 'IN'), (1026, 4, 'a', 'DT'), (1026, 5, 'red', 'JJ'), (1026, 6, 'uniform', 'NN'), (1026, 7, 'jumping', 'VBG'), (1026, 8, 'on', 'IN'), (1026, 9, 'a', 'DT'), (1026, 10, 'sports', 'NNS'), (1026, 11, 'field', 'NN');
INSERT INTO triples (sentence_id, predicate_id,relation,arg_start_id,arg_end_id,triple_type)VALUES (1026, 2, 'Property',3, 7, 'auto'), (1026, 2, 'Location',11, 11, 'auto'), (1026, 7, 'Agent',2, 2, 'auto'), (1026, 7, 'Location',8, 11, 'auto');
INSERT INTO Sentences (sentence_id, sentence, sentence_type)VALUES (1027, 'A soccer player dressed in red takes a leap in the air as his teammate looks on', 'auto');
INSERT INTO Words ( sentence_id,word_ID ,word,pos)VALUES (1027, 1, 'A', 'DT'), (1027, 2, 'soccer', 'NN'), (1027, 3, 'player', 'NN'), (1027, 4, 'dressed', 'VBN'), (1027, 5, 'in', 'IN'), (1027, 6, 'red', 'JJ'), (1027, 7, 'takes', 'VBZ'), (1027, 8, 'a', 'DT'), (1027, 9, 'leap', 'NN'), (1027, 10, 'in', 'IN'), (1027, 11, 'the', 'DT'), (1027, 12, 'air', 'NN'), (1027, 13, 'as', 'IN'), (1027, 14, 'his', 'PRP$'), (1027, 15, 'teammate', 'NN'), (1027, 16, 'looks', 'VBZ'), (1027, 17, 'on', 'IN');
INSERT INTO triples (sentence_id, predicate_id,relation,arg_start_id,arg_end_id,triple_type)VALUES (1027, 3, 'Property',1, 2, 'auto'), (1027, 3, 'Location',10, 12, 'auto'), (1027, 4, 'Agent',3, 3, 'auto'), (1027, 4, 'Patient',5, 6, 'auto'), (1027, 4, 'Location',10, 12, 'auto'), (1027, 7, 'Agent',3, 3, 'auto'), (1027, 7, 'Patient',8, 9, 'auto'), (1027, 7, 'Location',12, 12, 'auto'), (1027, 16, 'Agent',14, 15, 'auto'), (1027, 16, 'Location',17, 17, 'auto');
INSERT INTO Sentences (sentence_id, sentence, sentence_type)VALUES (1028, 'Athlete running on field , blurred athletes running in background', 'auto');
INSERT INTO Words ( sentence_id,word_ID ,word,pos)VALUES (1028, 1, 'Athlete', 'NN'), (1028, 2, 'running', 'VBG'), (1028, 3, 'on', 'IN'), (1028, 4, 'field', 'NN'), (1028, 5, ',', ','), (1028, 6, 'blurred', 'VBD'), (1028, 7, 'athletes', 'NNS'), (1028, 8, 'running', 'VBG'), (1028, 9, 'in', 'IN'), (1028, 10, 'background', 'NN');
INSERT INTO Sentences (sentence_id, sentence, sentence_type)VALUES (1029, 'This is a soccer game with one team dressed in red and black', 'auto');
INSERT INTO Words ( sentence_id,word_ID ,word,pos)VALUES (1029, 1, 'This', 'DT'), (1029, 2, 'is', 'VBZ'), (1029, 3, 'a', 'DT'), (1029, 4, 'soccer', 'NN'), (1029, 5, 'game', 'NN'), (1029, 6, 'with', 'IN'), (1029, 7, 'one', 'CD'), (1029, 8, 'team', 'NN'), (1029, 9, 'dressed', 'VBN'), (1029, 10, 'in', 'IN'), (1029, 11, 'red', 'JJ'), (1029, 12, 'and', 'CC'), (1029, 13, 'black', 'JJ');
INSERT INTO triples (sentence_id, predicate_id,relation,arg_start_id,arg_end_id,triple_type)VALUES (1029, 2, 'Patient',4, 5, 'auto'), (1029, 8, 'Property',9, 13, 'auto'), (1029, 9, 'Agent',8, 8, 'auto'), (1029, 9, 'Patient',10, 13, 'auto');
INSERT INTO Sentences (sentence_id, sentence, sentence_type)VALUES (1030, 'A man hangs onto something as he is being pulled through the water', 'auto');
INSERT INTO Words ( sentence_id,word_ID ,word,pos)VALUES (1030, 1, 'A', 'DT'), (1030, 2, 'man', 'NN'), (1030, 3, 'hangs', 'VBZ'), (1030, 4, 'onto', 'IN'), (1030, 5, 'something', 'NN'), (1030, 6, 'as', 'IN'), (1030, 7, 'he', 'PRP'), (1030, 8, 'is', 'VBZ'), (1030, 9, 'being', 'VBG'), (1030, 10, 'pulled', 'VBN'), (1030, 11, 'through', 'IN'), (1030, 12, 'the', 'DT'), (1030, 13, 'water', 'NN');
INSERT INTO triples (sentence_id, predicate_id,relation,arg_start_id,arg_end_id,triple_type)VALUES (1030, 2, 'Location',12, 13, 'auto'), (1030, 3, 'Agent',2, 2, 'auto'), (1030, 3, 'Instrument',4, 5, 'auto'), (1030, 3, 'Location',11, 13, 'auto'), (1030, 10, 'Patient',7, 7, 'auto'), (1030, 10, 'Destination',13, 13, 'auto');
INSERT INTO Sentences (sentence_id, sentence, sentence_type)VALUES (1031, 'A man parasails on the choppy sea , with a board on his feet to catch the waves', 'auto');
INSERT INTO Words ( sentence_id,word_ID ,word,pos)VALUES (1031, 1, 'A', 'DT'), (1031, 2, 'man', 'NN'), (1031, 3, 'parasails', 'VBZ'), (1031, 4, 'on', 'IN'), (1031, 5, 'the', 'DT'), (1031, 6, 'choppy', 'JJ'), (1031, 7, 'sea', 'NN'), (1031, 8, ',', ','), (1031, 9, 'with', 'IN'), (1031, 10, 'a', 'DT'), (1031, 11, 'board', 'NN'), (1031, 12, 'on', 'IN'), (1031, 13, 'his', 'PRP$'), (1031, 14, 'feet', 'NNS'), (1031, 15, 'to', 'TO'), (1031, 16, 'catch', 'VB'), (1031, 17, 'the', 'DT'), (1031, 18, 'waves', 'NNS');
INSERT INTO triples (sentence_id, predicate_id,relation,arg_start_id,arg_end_id,triple_type)VALUES (1031, 2, 'Location',5, 7, 'auto'), (1031, 2, 'Property',10, 14, 'auto'), (1031, 3, 'Agent',2, 2, 'auto'), (1031, 3, 'Location',4, 7, 'auto'), (1031, 16, 'Agent',2, 2, 'auto'), (1031, 16, 'Patient',17, 18, 'auto');
INSERT INTO Sentences (sentence_id, sentence, sentence_type)VALUES (1032, 'A man water skis while being pulled', 'auto');
INSERT INTO Words ( sentence_id,word_ID ,word,pos)VALUES (1032, 1, 'A', 'DT'), (1032, 2, 'man', 'NN'), (1032, 3, 'water', 'NN'), (1032, 4, 'skis', 'VBZ'), (1032, 5, 'while', 'IN'), (1032, 6, 'being', 'VBG'), (1032, 7, 'pulled', 'VBN');
INSERT INTO triples (sentence_id, predicate_id,relation,arg_start_id,arg_end_id,triple_type)VALUES (1032, 2, 'Property',3, 4, 'auto'), (1032, 4, 'Agent',1, 2, 'auto'), (1032, 4, 'Patient',3, 3, 'auto'), (1032, 7, 'Patient',2, 2, 'auto');
INSERT INTO Sentences (sentence_id, sentence, sentence_type)VALUES (1033, 'A windsurfer on the water', 'auto');
INSERT INTO Words ( sentence_id,word_ID ,word,pos)VALUES (1033, 1, 'A', 'DT'), (1033, 2, 'windsurfer', 'NN'), (1033, 3, 'on', 'IN'), (1033, 4, 'the', 'DT'), (1033, 5, 'water', 'NN');
INSERT INTO triples (sentence_id, predicate_id,relation,arg_start_id,arg_end_id,triple_type)VALUES (1033, 2, 'Location',1, 5, 'auto');
INSERT INTO Sentences (sentence_id, sentence, sentence_type)VALUES (1034, 'Man water skiing in the blue ocean', 'auto');
INSERT INTO Words ( sentence_id,word_ID ,word,pos)VALUES (1034, 1, 'Man', 'NN'), (1034, 2, 'water', 'NN'), (1034, 3, 'skiing', 'VBG'), (1034, 4, 'in', 'IN'), (1034, 5, 'the', 'DT'), (1034, 6, 'blue', 'JJ'), (1034, 7, 'ocean', 'NN');
INSERT INTO triples (sentence_id, predicate_id,relation,arg_start_id,arg_end_id,triple_type)VALUES (1034, 1, 'Property',3, 3, 'auto'), (1034, 1, 'Location',4, 7, 'auto'), (1034, 3, 'Agent',1, 1, 'auto'), (1034, 3, 'Patient',2, 2, 'auto'), (1034, 3, 'Location',4, 7, 'auto');
INSERT INTO Sentences (sentence_id, sentence, sentence_type)VALUES (1035, 'A guy performing a bicycle jump trick for an audience', 'auto');
INSERT INTO Words ( sentence_id,word_ID ,word,pos)VALUES (1035, 1, 'A', 'DT'), (1035, 2, 'guy', 'NN'), (1035, 3, 'performing', 'VBG'), (1035, 4, 'a', 'DT'), (1035, 5, 'bicycle', 'NN'), (1035, 6, 'jump', 'NN'), (1035, 7, 'trick', 'NN'), (1035, 8, 'for', 'IN'), (1035, 9, 'an', 'DT'), (1035, 10, 'audience', 'NN');
INSERT INTO triples (sentence_id, predicate_id,relation,arg_start_id,arg_end_id,triple_type)VALUES (1035, 2, 'Property',6, 7, 'auto'), (1035, 3, 'Agent',2, 2, 'auto'), (1035, 3, 'Patient',4, 7, 'auto'), (1035, 3, 'Beneficiary',8, 10, 'auto');
INSERT INTO Sentences (sentence_id, sentence, sentence_type)VALUES (1036, 'A man does a jump trick on a bike', 'auto');
INSERT INTO Words ( sentence_id,word_ID ,word,pos)VALUES (1036, 1, 'A', 'DT'), (1036, 2, 'man', 'NN'), (1036, 3, 'does', 'VBZ'), (1036, 4, 'a', 'DT'), (1036, 5, 'jump', 'NN'), (1036, 6, 'trick', 'NN'), (1036, 7, 'on', 'IN'), (1036, 8, 'a', 'DT'), (1036, 9, 'bike', 'NN');
INSERT INTO triples (sentence_id, predicate_id,relation,arg_start_id,arg_end_id,triple_type)VALUES (1036, 2, 'Property',6, 6, 'auto'), (1036, 2, 'Location',7, 9, 'auto'), (1036, 3, 'Agent',2, 2, 'auto'), (1036, 3, 'Patient',4, 6, 'auto'), (1036, 3, 'Location',7, 9, 'auto');
INSERT INTO Sentences (sentence_id, sentence, sentence_type)VALUES (1037, 'A man in the air on a BMX bicycle , with 4 people sitting watching him in front of an EASTPAK banner', 'auto');
INSERT INTO Words ( sentence_id,word_ID ,word,pos)VALUES (1037, 1, 'A', 'DT'), (1037, 2, 'man', 'NN'), (1037, 3, 'in', 'IN'), (1037, 4, 'the', 'DT'), (1037, 5, 'air', 'NN'), (1037, 6, 'on', 'IN'), (1037, 7, 'a', 'DT'), (1037, 8, 'BMX', 'NNP'), (1037, 9, 'bicycle', 'NN'), (1037, 10, ',', ','), (1037, 11, 'with', 'IN'), (1037, 12, '4', 'CD'), (1037, 13, 'people', 'NNS'), (1037, 14, 'sitting', 'VBG'), (1037, 15, 'watching', 'VBG'), (1037, 16, 'him', 'PRP'), (1037, 17, 'in', 'IN'), (1037, 18, 'front', 'NN'), (1037, 19, 'of', 'IN'), (1037, 20, 'an', 'DT'), (1037, 21, 'EASTPAK', 'NNP'), (1037, 22, 'banner', 'NN');
INSERT INTO triples (sentence_id, predicate_id,relation,arg_start_id,arg_end_id,triple_type)VALUES (1037, 2, 'Location',4, 9, 'auto'), (1037, 9, 'Location',4, 5, 'auto'), (1037, 9, 'Property',8, 8, 'auto'), (1037, 13, 'Location',17, 22, 'auto'), (1037, 14, 'Agent',12, 13, 'auto'), (1037, 14, 'Location',17, 22, 'auto'), (1037, 15, 'Agent',12, 13, 'auto'), (1037, 15, 'Patient',16, 16, 'auto'), (1037, 15, 'Location',17, 22, 'auto');
INSERT INTO Sentences (sentence_id, sentence, sentence_type)VALUES (1038, 'A stunt-bicyclist flies above onlookers', 'auto');
INSERT INTO Words ( sentence_id,word_ID ,word,pos)VALUES (1038, 1, 'A', 'DT'), (1038, 2, 'stunt-bicyclist', 'NN'), (1038, 3, 'flies', 'VBZ'), (1038, 4, 'above', 'IN'), (1038, 5, 'onlookers', 'NNS');
INSERT INTO triples (sentence_id, predicate_id,relation,arg_start_id,arg_end_id,triple_type)VALUES (1038, 3, 'Agent',2, 2, 'auto'), (1038, 3, 'Location',4, 5, 'auto');
INSERT INTO Sentences (sentence_id, sentence, sentence_type)VALUES (1039, 'Person on a bicycle jumping high in the air over the sigh that reads eastpak over look up at him', 'auto');
INSERT INTO Words ( sentence_id,word_ID ,word,pos)VALUES (1039, 1, 'Person', 'NN'), (1039, 2, 'on', 'IN'), (1039, 3, 'a', 'DT'), (1039, 4, 'bicycle', 'NN'), (1039, 5, 'jumping', 'VBG'), (1039, 6, 'high', 'JJ'), (1039, 7, 'in', 'IN'), (1039, 8, 'the', 'DT'), (1039, 9, 'air', 'NN'), (1039, 10, 'over', 'IN'), (1039, 11, 'the', 'DT'), (1039, 12, 'sigh', 'NN'), (1039, 13, 'that', 'WDT'), (1039, 14, 'reads', 'VBZ'), (1039, 15, 'eastpak', 'NN'), (1039, 16, 'over', 'IN'), (1039, 17, 'look', 'NN'), (1039, 18, 'up', 'RB'), (1039, 19, 'at', 'IN'), (1039, 20, 'him', 'PRP');
INSERT INTO triples (sentence_id, predicate_id,relation,arg_start_id,arg_end_id,triple_type)VALUES (1039, 1, 'Location',7, 12, 'auto'), (1039, 4, 'Location',7, 12, 'auto'), (1039, 5, 'Agent',1, 1, 'auto'), (1039, 5, 'Destination',9, 9, 'auto'), (1039, 5, 'Location',11, 12, 'auto'), (1039, 14, 'Agent',12, 13, 'auto'), (1039, 14, 'Patient',15, 15, 'auto'), (1039, 17, 'Destination',18, 18, 'auto'), (1039, 17, 'Patient',19, 20, 'auto');
INSERT INTO Sentences (sentence_id, sentence, sentence_type)VALUES (1040, 'A crowd of people in orange vests looks on as a fireball rises into the sky at an airport', 'auto');
INSERT INTO Words ( sentence_id,word_ID ,word,pos)VALUES (1040, 1, 'A', 'DT'), (1040, 2, 'crowd', 'NN'), (1040, 3, 'of', 'IN'), (1040, 4, 'people', 'NNS'), (1040, 5, 'in', 'IN'), (1040, 6, 'orange', 'JJ'), (1040, 7, 'vests', 'NNS'), (1040, 8, 'looks', 'VBZ'), (1040, 9, 'on', 'IN'), (1040, 10, 'as', 'IN'), (1040, 11, 'a', 'DT'), (1040, 12, 'fireball', 'NN'), (1040, 13, 'rises', 'VBZ'), (1040, 14, 'into', 'IN'), (1040, 15, 'the', 'DT'), (1040, 16, 'sky', 'NN'), (1040, 17, 'at', 'IN'), (1040, 18, 'an', 'DT'), (1040, 19, 'airport', 'NN');
INSERT INTO triples (sentence_id, predicate_id,relation,arg_start_id,arg_end_id,triple_type)VALUES (1040, 4, 'Property',6, 7, 'auto'), (1040, 8, 'Agent',2, 4, 'auto'), (1040, 8, 'Patient',12, 13, 'auto'), (1040, 8, 'Destination',16, 16, 'auto'), (1040, 8, 'Location',17, 19, 'auto'), (1040, 13, 'Agent',12, 12, 'auto'), (1040, 13, 'Location',14, 19, 'auto'), (1040, 16, 'Location',17, 19, 'auto');
INSERT INTO Sentences (sentence_id, sentence, sentence_type)VALUES (1041, 'A group of people watching a large explosion', 'auto');
INSERT INTO Words ( sentence_id,word_ID ,word,pos)VALUES (1041, 1, 'A', 'DT'), (1041, 2, 'group', 'NN'), (1041, 3, 'of', 'IN'), (1041, 4, 'people', 'NNS'), (1041, 5, 'watching', 'VBG'), (1041, 6, 'a', 'DT'), (1041, 7, 'large', 'JJ'), (1041, 8, 'explosion', 'NN');
INSERT INTO triples (sentence_id, predicate_id,relation,arg_start_id,arg_end_id,triple_type)VALUES (1041, 5, 'Agent',4, 4, 'auto'), (1041, 5, 'Patient',6, 8, 'auto');
INSERT INTO Sentences (sentence_id, sentence, sentence_type)VALUES (1042, 'A group of people wearing orange vests watch a large fire near a helicopter', 'auto');
INSERT INTO Words ( sentence_id,word_ID ,word,pos)VALUES (1042, 1, 'A', 'DT'), (1042, 2, 'group', 'NN'), (1042, 3, 'of', 'IN'), (1042, 4, 'people', 'NNS'), (1042, 5, 'wearing', 'VBG'), (1042, 6, 'orange', 'JJ'), (1042, 7, 'vests', 'NNS'), (1042, 8, 'watch', 'VBP'), (1042, 9, 'a', 'DT'), (1042, 10, 'large', 'JJ'), (1042, 11, 'fire', 'NN'), (1042, 12, 'near', 'IN'), (1042, 13, 'a', 'DT'), (1042, 14, 'helicopter', 'NN');
INSERT INTO triples (sentence_id, predicate_id,relation,arg_start_id,arg_end_id,triple_type)VALUES (1042, 4, 'Property',5, 7, 'auto'), (1042, 4, 'Location',12, 14, 'auto'), (1042, 5, 'Agent',4, 4, 'auto'), (1042, 5, 'Patient',6, 7, 'auto'), (1042, 8, 'Agent',4, 4, 'auto'), (1042, 8, 'Patient',9, 11, 'auto'), (1042, 8, 'Location',12, 14, 'auto');
INSERT INTO Sentences (sentence_id, sentence, sentence_type)VALUES (1043, 'People dressed in hi viz jackets are watching a helicopter fly past an explosion', 'auto');
INSERT INTO Words ( sentence_id,word_ID ,word,pos)VALUES (1043, 1, 'People', 'NNS'), (1043, 2, 'dressed', 'VBN'), (1043, 3, 'in', 'IN'), (1043, 4, 'hi', 'UH'), (1043, 5, 'viz', 'NN'), (1043, 6, 'jackets', 'NNS'), (1043, 7, 'are', 'VBP'), (1043, 8, 'watching', 'VBG'), (1043, 9, 'a', 'DT'), (1043, 10, 'helicopter', 'NN'), (1043, 11, 'fly', 'NN'), (1043, 12, 'past', 'IN'), (1043, 13, 'an', 'DT'), (1043, 14, 'explosion', 'NN');
INSERT INTO triples (sentence_id, predicate_id,relation,arg_start_id,arg_end_id,triple_type)VALUES (1043, 1, 'Property',4, 7, 'auto'), (1043, 1, 'Location',9, 14, 'auto'), (1043, 2, 'Patient',3, 11, 'auto'), (1043, 2, 'Location',12, 14, 'auto'), (1043, 8, 'Agent',6, 6, 'auto'), (1043, 8, 'Patient',10, 11, 'auto'), (1043, 8, 'Location',13, 14, 'auto');
INSERT INTO Sentences (sentence_id, sentence, sentence_type)VALUES (1044, 'The crowd is watching the fiery explosion', 'auto');
INSERT INTO Words ( sentence_id,word_ID ,word,pos)VALUES (1044, 1, 'The', 'DT'), (1044, 2, 'crowd', 'NN'), (1044, 3, 'is', 'VBZ'), (1044, 4, 'watching', 'VBG'), (1044, 5, 'the', 'DT'), (1044, 6, 'fiery', 'JJ'), (1044, 7, 'explosion', 'NN');
INSERT INTO triples (sentence_id, predicate_id,relation,arg_start_id,arg_end_id,triple_type)VALUES (1044, 4, 'Agent',2, 2, 'auto'), (1044, 4, 'Patient',5, 7, 'auto');
INSERT INTO Sentences (sentence_id, sentence, sentence_type)VALUES (1045, 'A colourfully dressed and painted woman working a hula hoop in a crowd', 'auto');
INSERT INTO Words ( sentence_id,word_ID ,word,pos)VALUES (1045, 1, 'A', 'DT'), (1045, 2, 'colourfully', 'RB'), (1045, 3, 'dressed', 'VBN'), (1045, 4, 'and', 'CC'), (1045, 5, 'painted', 'VBN'), (1045, 6, 'woman', 'NN'), (1045, 7, 'working', 'VBG'), (1045, 8, 'a', 'DT'), (1045, 9, 'hula', 'JJ'), (1045, 10, 'hoop', 'NN'), (1045, 11, 'in', 'IN'), (1045, 12, 'a', 'DT'), (1045, 13, 'crowd', 'NN');
INSERT INTO triples (sentence_id, predicate_id,relation,arg_start_id,arg_end_id,triple_type)VALUES (1045, 3, 'Patient',6, 6, 'auto'), (1045, 3, 'Location',11, 13, 'auto'), (1045, 5, 'Attribute',1, 4, 'auto'), (1045, 5, 'Patient',6, 6, 'auto'), (1045, 6, 'Property',2, 5, 'auto'), (1045, 6, 'Location',11, 13, 'auto'), (1045, 7, 'Agent',6, 6, 'auto'), (1045, 7, 'Patient',8, 10, 'auto'), (1045, 7, 'Location',11, 13, 'auto');
INSERT INTO Sentences (sentence_id, sentence, sentence_type)VALUES (1046, 'A woman in purple pants is using a green hula hoop', 'auto');
INSERT INTO Words ( sentence_id,word_ID ,word,pos)VALUES (1046, 1, 'A', 'DT'), (1046, 2, 'woman', 'NN'), (1046, 3, 'in', 'IN'), (1046, 4, 'purple', 'JJ'), (1046, 5, 'pants', 'NNS'), (1046, 6, 'is', 'VBZ'), (1046, 7, 'using', 'VBG'), (1046, 8, 'a', 'DT'), (1046, 9, 'green', 'JJ'), (1046, 10, 'hula', 'JJ'), (1046, 11, 'hoop', 'NN');
INSERT INTO triples (sentence_id, predicate_id,relation,arg_start_id,arg_end_id,triple_type)VALUES (1046, 2, 'Property',3, 5, 'auto'), (1046, 7, 'Agent',2, 2, 'auto'), (1046, 7, 'Patient',9, 11, 'auto');
INSERT INTO Sentences (sentence_id, sentence, sentence_type)VALUES (1047, 'a woman wearing purple and green is spinning a green hula hoop around her waist', 'auto');
INSERT INTO Words ( sentence_id,word_ID ,word,pos)VALUES (1047, 1, 'a', 'DT'), (1047, 2, 'woman', 'NN'), (1047, 3, 'wearing', 'VBG'), (1047, 4, 'purple', 'JJ'), (1047, 5, 'and', 'CC'), (1047, 6, 'green', 'JJ'), (1047, 7, 'is', 'VBZ'), (1047, 8, 'spinning', 'VBG'), (1047, 9, 'a', 'DT'), (1047, 10, 'green', 'JJ'), (1047, 11, 'hula', 'JJ'), (1047, 12, 'hoop', 'NN'), (1047, 13, 'around', 'IN'), (1047, 14, 'her', 'PRP$'), (1047, 15, 'waist', 'NN');
INSERT INTO triples (sentence_id, predicate_id,relation,arg_start_id,arg_end_id,triple_type)VALUES (1047, 2, 'Property',3, 6, 'auto'), (1047, 3, 'Agent',2, 2, 'auto'), (1047, 3, 'Patient',4, 6, 'auto'), (1047, 8, 'Agent',2, 2, 'auto'), (1047, 8, 'Patient',9, 14, 'auto'), (1047, 8, 'Location',15, 15, 'auto');
INSERT INTO Sentences (sentence_id, sentence, sentence_type)VALUES (1048, 'A woman with jewels on her face wearing a green sports bra a purple pants is hula hooping in a crowd', 'auto');
INSERT INTO Words ( sentence_id,word_ID ,word,pos)VALUES (1048, 1, 'A', 'DT'), (1048, 2, 'woman', 'NN'), (1048, 3, 'with', 'IN'), (1048, 4, 'jewels', 'NNS'), (1048, 5, 'on', 'IN'), (1048, 6, 'her', 'PRP$'), (1048, 7, 'face', 'NN'), (1048, 8, 'wearing', 'VBG'), (1048, 9, 'a', 'DT'), (1048, 10, 'green', 'JJ'), (1048, 11, 'sports', 'NNS'), (1048, 12, 'bra', 'NN'), (1048, 13, 'a', 'DT'), (1048, 14, 'purple', 'JJ'), (1048, 15, 'pants', 'NNS'), (1048, 16, 'is', 'VBZ'), (1048, 17, 'hula', 'JJ'), (1048, 18, 'hooping', 'VBG'), (1048, 19, 'in', 'IN'), (1048, 20, 'a', 'DT'), (1048, 21, 'crowd', 'NN');
INSERT INTO triples (sentence_id, predicate_id,relation,arg_start_id,arg_end_id,triple_type)VALUES (1048, 2, 'Property',3, 15, 'auto'), (1048, 2, 'Location',21, 21, 'auto'), (1048, 8, 'Patient',9, 15, 'auto'), (1048, 8, 'Location',21, 21, 'auto');
INSERT INTO Sentences (sentence_id, sentence, sentence_type)VALUES (1049, 'Costumed girl playing with a hula-hoop in a crowd', 'auto');
INSERT INTO Words ( sentence_id,word_ID ,word,pos)VALUES (1049, 1, 'Costumed', 'JJ'), (1049, 2, 'girl', 'NN'), (1049, 3, 'playing', 'VBG'), (1049, 4, 'with', 'IN'), (1049, 5, 'a', 'DT'), (1049, 6, 'hula-hoop', 'NN'), (1049, 7, 'in', 'IN'), (1049, 8, 'a', 'DT'), (1049, 9, 'crowd', 'NN');
INSERT INTO triples (sentence_id, predicate_id,relation,arg_start_id,arg_end_id,triple_type)VALUES (1049, 3, 'Agent',2, 2, 'auto'), (1049, 3, 'Patient',5, 6, 'auto'), (1049, 3, 'Location',7, 9, 'auto');
INSERT INTO Sentences (sentence_id, sentence, sentence_type)VALUES (1050, 'A male rollerblader wearing a green shirt and hat grinding down a green rail', 'auto');
INSERT INTO Words ( sentence_id,word_ID ,word,pos)VALUES (1050, 1, 'A', 'DT'), (1050, 2, 'male', 'JJ'), (1050, 3, 'rollerblader', 'NN'), (1050, 4, 'wearing', 'VBG'), (1050, 5, 'a', 'DT'), (1050, 6, 'green', 'JJ'), (1050, 7, 'shirt', 'NN'), (1050, 8, 'and', 'CC'), (1050, 9, 'hat', 'NN'), (1050, 10, 'grinding', 'VBG'), (1050, 11, 'down', 'RP'), (1050, 12, 'a', 'DT'), (1050, 13, 'green', 'JJ'), (1050, 14, 'rail', 'NN');
INSERT INTO triples (sentence_id, predicate_id,relation,arg_start_id,arg_end_id,triple_type)VALUES (1050, 4, 'Agent',3, 3, 'auto'), (1050, 4, 'Patient',5, 9, 'auto'), (1050, 10, 'Agent',3, 3, 'auto'), (1050, 10, 'Destination',11, 11, 'auto'), (1050, 10, 'Patient',12, 14, 'auto');
INSERT INTO Sentences (sentence_id, sentence, sentence_type)VALUES (1051, 'A man is rollerblading down a handrail on some stairs', 'auto');
INSERT INTO Words ( sentence_id,word_ID ,word,pos)VALUES (1051, 1, 'A', 'DT'), (1051, 2, 'man', 'NN'), (1051, 3, 'is', 'VBZ'), (1051, 4, 'rollerblading', 'VBG'), (1051, 5, 'down', 'RP'), (1051, 6, 'a', 'DT'), (1051, 7, 'handrail', 'NN'), (1051, 8, 'on', 'IN'), (1051, 9, 'some', 'DT'), (1051, 10, 'stairs', 'NNS');
INSERT INTO triples (sentence_id, predicate_id,relation,arg_start_id,arg_end_id,triple_type)VALUES (1051, 2, 'Property',4, 4, 'auto'), (1051, 2, 'Location',5, 10, 'auto');
INSERT INTO Sentences (sentence_id, sentence, sentence_type)VALUES (1052, 'A person wearing Rollerblades slides down a handrail', 'auto');
INSERT INTO Words ( sentence_id,word_ID ,word,pos)VALUES (1052, 1, 'A', 'DT'), (1052, 2, 'person', 'NN'), (1052, 3, 'wearing', 'VBG'), (1052, 4, 'Rollerblades', 'NNP'), (1052, 5, 'slides', 'VBZ'), (1052, 6, 'down', 'RP'), (1052, 7, 'a', 'DT'), (1052, 8, 'handrail', 'NN');
INSERT INTO triples (sentence_id, predicate_id,relation,arg_start_id,arg_end_id,triple_type)VALUES (1052, 2, 'Property',3, 4, 'auto'), (1052, 2, 'Location',7, 8, 'auto'), (1052, 3, 'Agent',2, 2, 'auto'), (1052, 3, 'Patient',4, 4, 'auto'), (1052, 5, 'Agent',2, 2, 'auto'), (1052, 5, 'Destination',6, 6, 'auto'), (1052, 5, 'Patient',7, 8, 'auto');
INSERT INTO Sentences (sentence_id, sentence, sentence_type)VALUES (1053, 'A skateboarder glides down a railing of some stairs', 'auto');
INSERT INTO Words ( sentence_id,word_ID ,word,pos)VALUES (1053, 1, 'A', 'DT'), (1053, 2, 'skateboarder', 'NN'), (1053, 3, 'glides', 'VBZ'), (1053, 4, 'down', 'RP'), (1053, 5, 'a', 'DT'), (1053, 6, 'railing', 'NN'), (1053, 7, 'of', 'IN'), (1053, 8, 'some', 'DT'), (1053, 9, 'stairs', 'NNS');
INSERT INTO triples (sentence_id, predicate_id,relation,arg_start_id,arg_end_id,triple_type)VALUES (1053, 2, 'Location',3, 9, 'auto'), (1053, 3, 'Agent',2, 2, 'auto'), (1053, 3, 'Patient',5, 6, 'auto'), (1053, 3, 'Location',7, 9, 'auto'), (1053, 6, 'Location',7, 9, 'auto');
INSERT INTO Sentences (sentence_id, sentence, sentence_type)VALUES (1054, 'roller blader in green shirt and hat , slides down a green handrail next to steps', 'auto');
INSERT INTO Words ( sentence_id,word_ID ,word,pos)VALUES (1054, 1, 'roller', 'NN'), (1054, 2, 'blader', 'NN'), (1054, 3, 'in', 'IN'), (1054, 4, 'green', 'JJ'), (1054, 5, 'shirt', 'NN'), (1054, 6, 'and', 'CC'), (1054, 7, 'hat', 'NN'), (1054, 8, ',', ','), (1054, 9, 'slides', 'VBZ'), (1054, 10, 'down', 'RP'), (1054, 11, 'a', 'DT'), (1054, 12, 'green', 'JJ'), (1054, 13, 'handrail', 'NN'), (1054, 14, 'next', 'IN'), (1054, 15, 'to', 'TO'), (1054, 16, 'steps', 'NNS');
INSERT INTO triples (sentence_id, predicate_id,relation,arg_start_id,arg_end_id,triple_type)VALUES (1054, 9, 'Agent',2, 2, 'auto'), (1054, 9, 'Destination',10, 10, 'auto'), (1054, 9, 'Patient',11, 15, 'auto'), (1054, 9, 'Location',16, 16, 'auto');
INSERT INTO Sentences (sentence_id, sentence, sentence_type)VALUES (1055, 'A cyclist wearing blue and yellow riding past trees', 'auto');
INSERT INTO Words ( sentence_id,word_ID ,word,pos)VALUES (1055, 1, 'A', 'DT'), (1055, 2, 'cyclist', 'NN'), (1055, 3, 'wearing', 'VBG'), (1055, 4, 'blue', 'JJ'), (1055, 5, 'and', 'CC'), (1055, 6, 'yellow', 'JJ'), (1055, 7, 'riding', 'VBG'), (1055, 8, 'past', 'JJ'), (1055, 9, 'trees', 'NNS');
INSERT INTO triples (sentence_id, predicate_id,relation,arg_start_id,arg_end_id,triple_type)VALUES (1055, 3, 'Agent',2, 2, 'auto'), (1055, 3, 'Patient',4, 6, 'auto'), (1055, 7, 'Agent',2, 2, 'auto'), (1055, 7, 'Location',9, 9, 'auto');
INSERT INTO Sentences (sentence_id, sentence, sentence_type)VALUES (1056, 'a lone bicyclists wearing a helmet racing in a race', 'auto');
INSERT INTO Words ( sentence_id,word_ID ,word,pos)VALUES (1056, 1, 'a', 'DT'), (1056, 2, 'lone', 'JJ'), (1056, 3, 'bicyclists', 'NNS'), (1056, 4, 'wearing', 'VBG'), (1056, 5, 'a', 'DT'), (1056, 6, 'helmet', 'NN'), (1056, 7, 'racing', 'VBG'), (1056, 8, 'in', 'IN'), (1056, 9, 'a', 'DT'), (1056, 10, 'race', 'NN');
INSERT INTO triples (sentence_id, predicate_id,relation,arg_start_id,arg_end_id,triple_type)VALUES (1056, 4, 'Agent',3, 3, 'auto'), (1056, 4, 'Patient',5, 6, 'auto'), (1056, 7, 'Agent',3, 3, 'auto'), (1056, 7, 'Location',8, 10, 'auto');
INSERT INTO Sentences (sentence_id, sentence, sentence_type)VALUES (1057, 'A man in blue rides a bike in a race in the forest', 'auto');
INSERT INTO Words ( sentence_id,word_ID ,word,pos)VALUES (1057, 1, 'A', 'DT'), (1057, 2, 'man', 'NN'), (1057, 3, 'in', 'IN'), (1057, 4, 'blue', 'JJ'), (1057, 5, 'rides', 'VBZ'), (1057, 6, 'a', 'DT'), (1057, 7, 'bike', 'NN'), (1057, 8, 'in', 'IN'), (1057, 9, 'a', 'DT'), (1057, 10, 'race', 'NN'), (1057, 11, 'in', 'IN'), (1057, 12, 'the', 'DT'), (1057, 13, 'forest', 'NN');
INSERT INTO triples (sentence_id, predicate_id,relation,arg_start_id,arg_end_id,triple_type)VALUES (1057, 2, 'Property',3, 4, 'auto'), (1057, 2, 'Location',13, 13, 'auto'), (1057, 5, 'Agent',2, 2, 'auto'), (1057, 5, 'Patient',6, 7, 'auto'), (1057, 5, 'Location',10, 10, 'auto'), (1057, 7, 'Property',3, 4, 'auto'), (1057, 7, 'Location',8, 13, 'auto');
INSERT INTO Sentences (sentence_id, sentence, sentence_type)VALUES (1058, 'Man with blue and yellow shirt rides bike', 'auto');
INSERT INTO Words ( sentence_id,word_ID ,word,pos)VALUES (1058, 1, 'Man', 'NN'), (1058, 2, 'with', 'IN'), (1058, 3, 'blue', 'JJ'), (1058, 4, 'and', 'CC'), (1058, 5, 'yellow', 'JJ'), (1058, 6, 'shirt', 'NN'), (1058, 7, 'rides', 'VBZ'), (1058, 8, 'bike', 'NN');
INSERT INTO triples (sentence_id, predicate_id,relation,arg_start_id,arg_end_id,triple_type)VALUES (1058, 1, 'Property',2, 6, 'auto'), (1058, 7, 'Agent',1, 1, 'auto'), (1058, 7, 'Patient',8, 8, 'auto'), (1058, 8, 'Property',1, 7, 'auto');
INSERT INTO Sentences (sentence_id, sentence, sentence_type)VALUES (1059, 'The man is riding a bicycle through the forest', 'auto');
INSERT INTO Words ( sentence_id,word_ID ,word,pos)VALUES (1059, 1, 'The', 'DT'), (1059, 2, 'man', 'NN'), (1059, 3, 'is', 'VBZ'), (1059, 4, 'riding', 'VBG'), (1059, 5, 'a', 'DT'), (1059, 6, 'bicycle', 'NN'), (1059, 7, 'through', 'IN'), (1059, 8, 'the', 'DT'), (1059, 9, 'forest', 'NN');
INSERT INTO triples (sentence_id, predicate_id,relation,arg_start_id,arg_end_id,triple_type)VALUES (1059, 2, 'Location',5, 9, 'auto'), (1059, 4, 'Agent',2, 2, 'auto'), (1059, 4, 'Patient',5, 7, 'auto'), (1059, 4, 'Location',9, 9, 'auto'), (1059, 6, 'Location',7, 9, 'auto');
INSERT INTO Sentences (sentence_id, sentence, sentence_type)VALUES (1060, 'A closeup of a man riding his bicycle through the forest', 'auto');
INSERT INTO Words ( sentence_id,word_ID ,word,pos)VALUES (1060, 1, 'A', 'DT'), (1060, 2, 'closeup', 'NN'), (1060, 3, 'of', 'IN'), (1060, 4, 'a', 'DT'), (1060, 5, 'man', 'NN'), (1060, 6, 'riding', 'VBG'), (1060, 7, 'his', 'PRP$'), (1060, 8, 'bicycle', 'NN'), (1060, 9, 'through', 'IN'), (1060, 10, 'the', 'DT'), (1060, 11, 'forest', 'NN');
INSERT INTO Sentences (sentence_id, sentence, sentence_type)VALUES (1061, 'A man in blue and pink is on a bike', 'auto');
INSERT INTO Words ( sentence_id,word_ID ,word,pos)VALUES (1061, 1, 'A', 'DT'), (1061, 2, 'man', 'NN'), (1061, 3, 'in', 'IN'), (1061, 4, 'blue', 'JJ'), (1061, 5, 'and', 'CC'), (1061, 6, 'pink', 'NN'), (1061, 7, 'is', 'VBZ'), (1061, 8, 'on', 'IN'), (1061, 9, 'a', 'DT'), (1061, 10, 'bike', 'NN');
INSERT INTO triples (sentence_id, predicate_id,relation,arg_start_id,arg_end_id,triple_type)VALUES (1061, 2, 'Property',3, 8, 'auto'), (1061, 2, 'Location',9, 10, 'auto'), (1061, 7, 'Patient',2, 2, 'auto'), (1061, 7, 'Location',9, 10, 'auto'), (1061, 10, 'Property',3, 7, 'auto');
INSERT INTO Sentences (sentence_id, sentence, sentence_type)VALUES (1062, 'male biker bikes through the woods', 'auto');
INSERT INTO Words ( sentence_id,word_ID ,word,pos)VALUES (1062, 1, 'male', 'JJ'), (1062, 2, 'biker', 'NN'), (1062, 3, 'bikes', 'VBZ'), (1062, 4, 'through', 'IN'), (1062, 5, 'the', 'DT'), (1062, 6, 'woods', 'NNS');
INSERT INTO triples (sentence_id, predicate_id,relation,arg_start_id,arg_end_id,triple_type)VALUES (1062, 2, 'Property',1, 1, 'auto'), (1062, 3, 'Agent',2, 2, 'auto'), (1062, 3, 'Location',4, 6, 'auto');
INSERT INTO Sentences (sentence_id, sentence, sentence_type)VALUES (1063, 'Man rides bike while grimacing', 'auto');
INSERT INTO Words ( sentence_id,word_ID ,word,pos)VALUES (1063, 1, 'Man', 'NN'), (1063, 2, 'rides', 'VBZ'), (1063, 3, 'bike', 'NN'), (1063, 4, 'while', 'IN'), (1063, 5, 'grimacing', 'VBG');
INSERT INTO triples (sentence_id, predicate_id,relation,arg_start_id,arg_end_id,triple_type)VALUES (1063, 1, 'Property',5, 5, 'auto'), (1063, 2, 'Agent',1, 1, 'auto'), (1063, 2, 'Patient',3, 3, 'auto');
INSERT INTO Sentences (sentence_id, sentence, sentence_type)VALUES (1064, 'Man riding a bicycle with the number five thousand six hundred thirty three on the handle bars he has on a black helmet', 'auto');
INSERT INTO Words ( sentence_id,word_ID ,word,pos)VALUES (1064, 1, 'Man', 'NN'), (1064, 2, 'riding', 'VBG'), (1064, 3, 'a', 'DT'), (1064, 4, 'bicycle', 'NN'), (1064, 5, 'with', 'IN'), (1064, 6, 'the', 'DT'), (1064, 7, 'number', 'NN'), (1064, 8, 'five', 'CD'), (1064, 9, 'thousand', 'CD'), (1064, 10, 'six', 'CD'), (1064, 11, 'hundred', 'CD'), (1064, 12, 'thirty', 'CD'), (1064, 13, 'three', 'CD'), (1064, 14, 'on', 'IN'), (1064, 15, 'the', 'DT'), (1064, 16, 'handle', 'NN'), (1064, 17, 'bars', 'NNS'), (1064, 18, 'he', 'PRP'), (1064, 19, 'has', 'VBZ'), (1064, 20, 'on', 'IN'), (1064, 21, 'a', 'DT'), (1064, 22, 'black', 'JJ'), (1064, 23, 'helmet', 'NN');
INSERT INTO triples (sentence_id, predicate_id,relation,arg_start_id,arg_end_id,triple_type)VALUES (1064, 1, 'Property',22, 23, 'auto'), (1064, 2, 'Agent',1, 1, 'auto'), (1064, 2, 'Patient',3, 6, 'auto'), (1064, 4, 'Property',6, 13, 'auto');
INSERT INTO Sentences (sentence_id, sentence, sentence_type)VALUES (1065, 'A boy rides his skateboard across a pipe on a building', 'auto');
INSERT INTO Words ( sentence_id,word_ID ,word,pos)VALUES (1065, 1, 'A', 'DT'), (1065, 2, 'boy', 'NN'), (1065, 3, 'rides', 'VBZ'), (1065, 4, 'his', 'PRP$'), (1065, 5, 'skateboard', 'NN'), (1065, 6, 'across', 'IN'), (1065, 7, 'a', 'DT'), (1065, 8, 'pipe', 'NN'), (1065, 9, 'on', 'IN'), (1065, 10, 'a', 'DT'), (1065, 11, 'building', 'NN');
INSERT INTO triples (sentence_id, predicate_id,relation,arg_start_id,arg_end_id,triple_type)VALUES (1065, 2, 'Property',3, 5, 'auto'), (1065, 2, 'Location',6, 11, 'auto'), (1065, 3, 'Agent',2, 2, 'auto'), (1065, 3, 'Patient',4, 6, 'auto'), (1065, 3, 'Location',7, 11, 'auto'), (1065, 5, 'Location',6, 11, 'auto');
INSERT INTO Sentences (sentence_id, sentence, sentence_type)VALUES (1066, 'A child on a skateboard flies through the air , alongside a building', 'auto');
INSERT INTO Words ( sentence_id,word_ID ,word,pos)VALUES (1066, 1, 'A', 'DT'), (1066, 2, 'child', 'NN'), (1066, 3, 'on', 'IN'), (1066, 4, 'a', 'DT'), (1066, 5, 'skateboard', 'NN'), (1066, 6, 'flies', 'VBZ'), (1066, 7, 'through', 'IN'), (1066, 8, 'the', 'DT'), (1066, 9, 'air', 'NN'), (1066, 10, ',', ','), (1066, 11, 'alongside', 'IN'), (1066, 12, 'a', 'DT'), (1066, 13, 'building', 'NN');
INSERT INTO triples (sentence_id, predicate_id,relation,arg_start_id,arg_end_id,triple_type)VALUES (1066, 5, 'Location',6, 13, 'auto'), (1066, 6, 'Agent',2, 2, 'auto'), (1066, 6, 'Destination',9, 9, 'auto'), (1066, 6, 'Location',11, 13, 'auto');
INSERT INTO Sentences (sentence_id, sentence, sentence_type)VALUES (1067, 'A skateboarder grinds along a pipe beneath a fire escape', 'auto');
INSERT INTO Words ( sentence_id,word_ID ,word,pos)VALUES (1067, 1, 'A', 'DT'), (1067, 2, 'skateboarder', 'NN'), (1067, 3, 'grinds', 'VBZ'), (1067, 4, 'along', 'IN'), (1067, 5, 'a', 'DT'), (1067, 6, 'pipe', 'NN'), (1067, 7, 'beneath', 'IN'), (1067, 8, 'a', 'DT'), (1067, 9, 'fire', 'NN'), (1067, 10, 'escape', 'NN');
INSERT INTO triples (sentence_id, predicate_id,relation,arg_start_id,arg_end_id,triple_type)VALUES (1067, 2, 'Location',3, 10, 'auto'), (1067, 3, 'Agent',2, 2, 'auto'), (1067, 3, 'Patient',6, 6, 'auto');
INSERT INTO Sentences (sentence_id, sentence, sentence_type)VALUES (1068, 'A skateboarder jumping in front of a building', 'auto');
INSERT INTO Words ( sentence_id,word_ID ,word,pos)VALUES (1068, 1, 'A', 'DT'), (1068, 2, 'skateboarder', 'NN'), (1068, 3, 'jumping', 'VBG'), (1068, 4, 'in', 'IN'), (1068, 5, 'front', 'NN'), (1068, 6, 'of', 'IN'), (1068, 7, 'a', 'DT'), (1068, 8, 'building', 'NN');
INSERT INTO Sentences (sentence_id, sentence, sentence_type)VALUES (1069, 'A skateboarder rides down a city street', 'auto');
INSERT INTO Words ( sentence_id,word_ID ,word,pos)VALUES (1069, 1, 'A', 'DT'), (1069, 2, 'skateboarder', 'NN'), (1069, 3, 'rides', 'VBZ'), (1069, 4, 'down', 'IN'), (1069, 5, 'a', 'DT'), (1069, 6, 'city', 'NN'), (1069, 7, 'street', 'NN');
INSERT INTO triples (sentence_id, predicate_id,relation,arg_start_id,arg_end_id,triple_type)VALUES (1069, 2, 'Location',3, 7, 'auto'), (1069, 3, 'Patient',1, 1, 'auto'), (1069, 3, 'Agent',2, 2, 'auto'), (1069, 3, 'Location',4, 7, 'auto'), (1069, 7, 'Property',1, 6, 'auto');
INSERT INTO Sentences (sentence_id, sentence, sentence_type)VALUES (1070, 'A man riding a three wheeled vechile topples over', 'auto');
INSERT INTO Words ( sentence_id,word_ID ,word,pos)VALUES (1070, 1, 'A', 'DT'), (1070, 2, 'man', 'NN'), (1070, 3, 'riding', 'VBG'), (1070, 4, 'a', 'DT'), (1070, 5, 'three', 'CD'), (1070, 6, 'wheeled', 'JJ'), (1070, 7, 'vechile', 'NN'), (1070, 8, 'topples', 'NNS'), (1070, 9, 'over', 'IN');
INSERT INTO triples (sentence_id, predicate_id,relation,arg_start_id,arg_end_id,triple_type)VALUES (1070, 2, 'Property',7, 9, 'auto'), (1070, 3, 'Patient',4, 7, 'auto'), (1070, 7, 'Property',5, 6, 'auto');
INSERT INTO Sentences (sentence_id, sentence, sentence_type)VALUES (1071, 'A person on a tricycle', 'auto');
INSERT INTO Words ( sentence_id,word_ID ,word,pos)VALUES (1071, 1, 'A', 'DT'), (1071, 2, 'person', 'NN'), (1071, 3, 'on', 'IN'), (1071, 4, 'a', 'DT'), (1071, 5, 'tricycle', 'NN');
INSERT INTO triples (sentence_id, predicate_id,relation,arg_start_id,arg_end_id,triple_type)VALUES (1071, 2, 'Location',3, 5, 'auto');
INSERT INTO Sentences (sentence_id, sentence, sentence_type)VALUES (1072, '1 man is riding a 3 wheeled pedal bike and is airborne', 'auto');
INSERT INTO Words ( sentence_id,word_ID ,word,pos)VALUES (1072, 1, '1', 'CD'), (1072, 2, 'man', 'VBP'), (1072, 3, 'is', 'VBZ'), (1072, 4, 'riding', 'VBG'), (1072, 5, 'a', 'DT'), (1072, 6, '3', 'CD'), (1072, 7, 'wheeled', 'JJ'), (1072, 8, 'pedal', 'NN'), (1072, 9, 'bike', 'NN'), (1072, 10, 'and', 'CC'), (1072, 11, 'is', 'VBZ'), (1072, 12, 'airborne', 'JJ');
INSERT INTO triples (sentence_id, predicate_id,relation,arg_start_id,arg_end_id,triple_type)VALUES (1072, 4, 'Agent',1, 2, 'auto'), (1072, 4, 'Patient',5, 9, 'auto'), (1072, 9, 'Property',7, 8, 'auto'), (1072, 11, 'Patient',2, 2, 'auto'), (1072, 11, 'Attribute',12, 12, 'auto');
INSERT INTO Sentences (sentence_id, sentence, sentence_type)VALUES (1073, 'Person in a 3-wheeler driving on 2 wheels', 'auto');
INSERT INTO Words ( sentence_id,word_ID ,word,pos)VALUES (1073, 1, 'Person', 'NN'), (1073, 2, 'in', 'IN'), (1073, 3, 'a', 'DT'), (1073, 4, '3-wheeler', 'JJ'), (1073, 5, 'driving', 'VBG'), (1073, 6, 'on', 'IN'), (1073, 7, '2', 'CD'), (1073, 8, 'wheels', 'NNS');
INSERT INTO triples (sentence_id, predicate_id,relation,arg_start_id,arg_end_id,triple_type)VALUES (1073, 1, 'Property',4, 5, 'auto'), (1073, 1, 'Location',8, 8, 'auto');
INSERT INTO Sentences (sentence_id, sentence, sentence_type)VALUES (1074, 'Someone is riding a three-wheeled vehicle throught a sandy playground', 'auto');
INSERT INTO Words ( sentence_id,word_ID ,word,pos)VALUES (1074, 1, 'Someone', 'NN'), (1074, 2, 'is', 'VBZ'), (1074, 3, 'riding', 'VBG'), (1074, 4, 'a', 'DT'), (1074, 5, 'three-wheeled', 'JJ'), (1074, 6, 'vehicle', 'NN'), (1074, 7, 'throught', 'IN'), (1074, 8, 'a', 'DT'), (1074, 9, 'sandy', 'JJ'), (1074, 10, 'playground', 'NN');
INSERT INTO triples (sentence_id, predicate_id,relation,arg_start_id,arg_end_id,triple_type)VALUES (1074, 1, 'Property',4, 10, 'auto'), (1074, 3, 'Agent',1, 1, 'auto'), (1074, 3, 'Patient',4, 6, 'auto'), (1074, 3, 'Location',10, 10, 'auto');
INSERT INTO Sentences (sentence_id, sentence, sentence_type)VALUES (1075, 'A bunch of football players on top of each other', 'auto');
INSERT INTO Words ( sentence_id,word_ID ,word,pos)VALUES (1075, 1, 'A', 'DT'), (1075, 2, 'bunch', 'NN'), (1075, 3, 'of', 'IN'), (1075, 4, 'football', 'NN'), (1075, 5, 'players', 'NNS'), (1075, 6, 'on', 'IN'), (1075, 7, 'top', 'NN'), (1075, 8, 'of', 'IN'), (1075, 9, 'each', 'DT'), (1075, 10, 'other', 'JJ');
INSERT INTO triples (sentence_id, predicate_id,relation,arg_start_id,arg_end_id,triple_type)VALUES (1075, 5, 'Property',1, 4, 'auto'), (1075, 5, 'Location',7, 10, 'auto');
INSERT INTO Sentences (sentence_id, sentence, sentence_type)VALUES (1076, 'A group of people playing football form a big pile', 'auto');
INSERT INTO Words ( sentence_id,word_ID ,word,pos)VALUES (1076, 1, 'A', 'DT'), (1076, 2, 'group', 'NN'), (1076, 3, 'of', 'IN'), (1076, 4, 'people', 'NNS'), (1076, 5, 'playing', 'VBG'), (1076, 6, 'football', 'NN'), (1076, 7, 'form', 'VBP'), (1076, 8, 'a', 'DT'), (1076, 9, 'big', 'JJ'), (1076, 10, 'pile', 'NN');
INSERT INTO triples (sentence_id, predicate_id,relation,arg_start_id,arg_end_id,triple_type)VALUES (1076, 5, 'Agent',4, 4, 'auto'), (1076, 5, 'Patient',6, 6, 'auto'), (1076, 5, 'Beneficiary',7, 10, 'auto'), (1076, 7, 'Agent',4, 4, 'auto'), (1076, 7, 'Patient',8, 10, 'auto');
INSERT INTO Sentences (sentence_id, sentence, sentence_type)VALUES (1077, 'A referee is watching a professional football game in the grass', 'auto');
INSERT INTO Words ( sentence_id,word_ID ,word,pos)VALUES (1077, 1, 'A', 'DT'), (1077, 2, 'referee', 'NN'), (1077, 3, 'is', 'VBZ'), (1077, 4, 'watching', 'VBG'), (1077, 5, 'a', 'DT'), (1077, 6, 'professional', 'JJ'), (1077, 7, 'football', 'NN'), (1077, 8, 'game', 'NN'), (1077, 9, 'in', 'IN'), (1077, 10, 'the', 'DT'), (1077, 11, 'grass', 'NN');
INSERT INTO triples (sentence_id, predicate_id,relation,arg_start_id,arg_end_id,triple_type)VALUES (1077, 4, 'Agent',2, 2, 'auto'), (1077, 4, 'Patient',5, 8, 'auto'), (1077, 4, 'Location',11, 11, 'auto');
INSERT INTO Sentences (sentence_id, sentence, sentence_type)VALUES (1078, 'Football players in the middle of a play', 'auto');
INSERT INTO Words ( sentence_id,word_ID ,word,pos)VALUES (1078, 1, 'Football', 'NN'), (1078, 2, 'players', 'NNS'), (1078, 3, 'in', 'IN'), (1078, 4, 'the', 'DT'), (1078, 5, 'middle', 'NN'), (1078, 6, 'of', 'IN'), (1078, 7, 'a', 'DT'), (1078, 8, 'play', 'NN');
INSERT INTO triples (sentence_id, predicate_id,relation,arg_start_id,arg_end_id,triple_type)VALUES (1078, 2, 'Property',3, 8, 'auto');
INSERT INTO Sentences (sentence_id, sentence, sentence_type)VALUES (1079, 'Football players making a tackle with the referee in the foreground', 'auto');
INSERT INTO Words ( sentence_id,word_ID ,word,pos)VALUES (1079, 1, 'Football', 'NN'), (1079, 2, 'players', 'NNS'), (1079, 3, 'making', 'VBG'), (1079, 4, 'a', 'DT'), (1079, 5, 'tackle', 'NN'), (1079, 6, 'with', 'IN'), (1079, 7, 'the', 'DT'), (1079, 8, 'referee', 'NN'), (1079, 9, 'in', 'IN'), (1079, 10, 'the', 'DT'), (1079, 11, 'foreground', 'NN');
INSERT INTO triples (sentence_id, predicate_id,relation,arg_start_id,arg_end_id,triple_type)VALUES (1079, 2, 'Property',1, 1, 'auto'), (1079, 3, 'Agent',2, 2, 'auto'), (1079, 3, 'Patient',4, 5, 'auto');
INSERT INTO Sentences (sentence_id, sentence, sentence_type)VALUES (1080, 'A man is on a sailboard with a green and clear sail in the middle of the ocean', 'auto');
INSERT INTO Words ( sentence_id,word_ID ,word,pos)VALUES (1080, 1, 'A', 'DT'), (1080, 2, 'man', 'NN'), (1080, 3, 'is', 'VBZ'), (1080, 4, 'on', 'IN'), (1080, 5, 'a', 'DT'), (1080, 6, 'sailboard', 'NN'), (1080, 7, 'with', 'IN'), (1080, 8, 'a', 'DT'), (1080, 9, 'green', 'JJ'), (1080, 10, 'and', 'CC'), (1080, 11, 'clear', 'JJ'), (1080, 12, 'sail', 'NN'), (1080, 13, 'in', 'IN'), (1080, 14, 'the', 'DT'), (1080, 15, 'middle', 'NN'), (1080, 16, 'of', 'IN'), (1080, 17, 'the', 'DT'), (1080, 18, 'ocean', 'NN');
INSERT INTO triples (sentence_id, predicate_id,relation,arg_start_id,arg_end_id,triple_type)VALUES (1080, 2, 'Property',9, 12, 'auto'), (1080, 2, 'Location',13, 18, 'auto'), (1080, 3, 'Patient',2, 2, 'auto'), (1080, 3, 'Location',13, 18, 'auto');
INSERT INTO Sentences (sentence_id, sentence, sentence_type)VALUES (1081, 'A man is parasailing in the ocean with a clear sky', 'auto');
INSERT INTO Words ( sentence_id,word_ID ,word,pos)VALUES (1081, 1, 'A', 'DT'), (1081, 2, 'man', 'NN'), (1081, 3, 'is', 'VBZ'), (1081, 4, 'parasailing', 'VBG'), (1081, 5, 'in', 'IN'), (1081, 6, 'the', 'DT'), (1081, 7, 'ocean', 'NN'), (1081, 8, 'with', 'IN'), (1081, 9, 'a', 'DT'), (1081, 10, 'clear', 'JJ'), (1081, 11, 'sky', 'NN');
INSERT INTO triples (sentence_id, predicate_id,relation,arg_start_id,arg_end_id,triple_type)VALUES (1081, 2, 'Location',3, 7, 'auto'), (1081, 11, 'Property',9, 10, 'auto');
INSERT INTO Sentences (sentence_id, sentence, sentence_type)VALUES (1082, 'A man sailing , tilting it on the ocean', 'auto');
INSERT INTO Words ( sentence_id,word_ID ,word,pos)VALUES (1082, 1, 'A', 'DT'), (1082, 2, 'man', 'NN'), (1082, 3, 'sailing', 'VBG'), (1082, 4, ',', ','), (1082, 5, 'tilting', 'VBG'), (1082, 6, 'it', 'PRP'), (1082, 7, 'on', 'IN'), (1082, 8, 'the', 'DT'), (1082, 9, 'ocean', 'NN');
INSERT INTO triples (sentence_id, predicate_id,relation,arg_start_id,arg_end_id,triple_type)VALUES (1082, 2, 'Location',7, 9, 'auto'), (1082, 3, 'Agent',2, 2, 'auto'), (1082, 3, 'Location',7, 9, 'auto'), (1082, 5, 'Agent',2, 2, 'auto'), (1082, 5, 'Patient',6, 6, 'auto'), (1082, 5, 'Location',8, 9, 'auto');
INSERT INTO Sentences (sentence_id, sentence, sentence_type)VALUES (1083, 'A person rides a white and green sail board across the water', 'auto');
INSERT INTO Words ( sentence_id,word_ID ,word,pos)VALUES (1083, 1, 'A', 'DT'), (1083, 2, 'person', 'NN'), (1083, 3, 'rides', 'VBZ'), (1083, 4, 'a', 'DT'), (1083, 5, 'white', 'JJ'), (1083, 6, 'and', 'CC'), (1083, 7, 'green', 'JJ'), (1083, 8, 'sail', 'NN'), (1083, 9, 'board', 'NN'), (1083, 10, 'across', 'IN'), (1083, 11, 'the', 'DT'), (1083, 12, 'water', 'NN');
INSERT INTO triples (sentence_id, predicate_id,relation,arg_start_id,arg_end_id,triple_type)VALUES (1083, 2, 'Property',5, 9, 'auto'), (1083, 2, 'Location',10, 12, 'auto'), (1083, 3, 'Agent',2, 2, 'auto'), (1083, 3, 'Patient',4, 9, 'auto'), (1083, 3, 'Location',12, 12, 'auto');
INSERT INTO Sentences (sentence_id, sentence, sentence_type)VALUES (1084, 'Someone having fun on their surfboard in the clear blue ocean', 'auto');
INSERT INTO Words ( sentence_id,word_ID ,word,pos)VALUES (1084, 1, 'Someone', 'NN'), (1084, 2, 'having', 'VBG'), (1084, 3, 'fun', 'NN'), (1084, 4, 'on', 'IN'), (1084, 5, 'their', 'PRP$'), (1084, 6, 'surfboard', 'NN'), (1084, 7, 'in', 'IN'), (1084, 8, 'the', 'DT'), (1084, 9, 'clear', 'JJ'), (1084, 10, 'blue', 'JJ'), (1084, 11, 'ocean', 'NN');
INSERT INTO triples (sentence_id, predicate_id,relation,arg_start_id,arg_end_id,triple_type)VALUES (1084, 1, 'Property',2, 11, 'auto'), (1084, 2, 'Agent',1, 1, 'auto'), (1084, 2, 'Patient',3, 3, 'auto'), (1084, 2, 'Location',7, 11, 'auto'), (1084, 6, 'Location',7, 11, 'auto'), (1084, 11, 'Property',9, 10, 'auto');
INSERT INTO Sentences (sentence_id, sentence, sentence_type)VALUES (1085, 'A man on a bicycle in the city', 'auto');
INSERT INTO Words ( sentence_id,word_ID ,word,pos)VALUES (1085, 1, 'A', 'DT'), (1085, 2, 'man', 'NN'), (1085, 3, 'on', 'IN'), (1085, 4, 'a', 'DT'), (1085, 5, 'bicycle', 'NN'), (1085, 6, 'in', 'IN'), (1085, 7, 'the', 'DT'), (1085, 8, 'city', 'NN');
INSERT INTO triples (sentence_id, predicate_id,relation,arg_start_id,arg_end_id,triple_type)VALUES (1085, 2, 'Property',5, 5, 'auto'), (1085, 2, 'Location',7, 8, 'auto'), (1085, 5, 'Location',6, 8, 'auto');
INSERT INTO Sentences (sentence_id, sentence, sentence_type)VALUES (1086, 'A person is doing tricks on a bicycle in a city', 'auto');
INSERT INTO Words ( sentence_id,word_ID ,word,pos)VALUES (1086, 1, 'A', 'DT'), (1086, 2, 'person', 'NN'), (1086, 3, 'is', 'VBZ'), (1086, 4, 'doing', 'VBG'), (1086, 5, 'tricks', 'NNS'), (1086, 6, 'on', 'IN'), (1086, 7, 'a', 'DT'), (1086, 8, 'bicycle', 'NN'), (1086, 9, 'in', 'IN'), (1086, 10, 'a', 'DT'), (1086, 11, 'city', 'NN');
INSERT INTO triples (sentence_id, predicate_id,relation,arg_start_id,arg_end_id,triple_type)VALUES (1086, 2, 'Property',5, 5, 'auto'), (1086, 2, 'Location',6, 11, 'auto'), (1086, 4, 'Agent',2, 2, 'auto'), (1086, 4, 'Patient',5, 5, 'auto'), (1086, 4, 'Location',6, 11, 'auto'), (1086, 8, 'Property',3, 5, 'auto'), (1086, 8, 'Location',9, 11, 'auto');
INSERT INTO Sentences (sentence_id, sentence, sentence_type)VALUES (1087, 'A young man doing bicycle tricks in an urban area', 'auto');
INSERT INTO Words ( sentence_id,word_ID ,word,pos)VALUES (1087, 1, 'A', 'DT'), (1087, 2, 'young', 'JJ'), (1087, 3, 'man', 'NN'), (1087, 4, 'doing', 'VBG'), (1087, 5, 'bicycle', 'NN'), (1087, 6, 'tricks', 'NNS'), (1087, 7, 'in', 'IN'), (1087, 8, 'an', 'DT'), (1087, 9, 'urban', 'JJ'), (1087, 10, 'area', 'NN');
INSERT INTO triples (sentence_id, predicate_id,relation,arg_start_id,arg_end_id,triple_type)VALUES (1087, 3, 'Property',2, 2, 'auto'), (1087, 3, 'Location',8, 10, 'auto'), (1087, 4, 'Agent',3, 3, 'auto'), (1087, 4, 'Patient',5, 6, 'auto'), (1087, 4, 'Location',7, 10, 'auto'), (1087, 5, 'Property',1, 2, 'auto'), (1087, 5, 'Location',7, 10, 'auto');
INSERT INTO Sentences (sentence_id, sentence, sentence_type)VALUES (1088, 'Man standing on a bike downtown', 'auto');
INSERT INTO Words ( sentence_id,word_ID ,word,pos)VALUES (1088, 1, 'Man', 'NN'), (1088, 2, 'standing', 'VBG'), (1088, 3, 'on', 'IN'), (1088, 4, 'a', 'DT'), (1088, 5, 'bike', 'NN'), (1088, 6, 'downtown', 'NN');
INSERT INTO triples (sentence_id, predicate_id,relation,arg_start_id,arg_end_id,triple_type)VALUES (1088, 1, 'Location',2, 6, 'auto'), (1088, 2, 'Agent',1, 1, 'auto'), (1088, 2, 'Location',3, 6, 'auto'), (1088, 5, 'Location',6, 6, 'auto');
INSERT INTO Sentences (sentence_id, sentence, sentence_type)VALUES (1089, 'The woman is standing up on a bicycle riding through a city', 'auto');
INSERT INTO Words ( sentence_id,word_ID ,word,pos)VALUES (1089, 1, 'The', 'DT'), (1089, 2, 'woman', 'NN'), (1089, 3, 'is', 'VBZ'), (1089, 4, 'standing', 'VBG'), (1089, 5, 'up', 'RP'), (1089, 6, 'on', 'IN'), (1089, 7, 'a', 'DT'), (1089, 8, 'bicycle', 'NN'), (1089, 9, 'riding', 'VBG'), (1089, 10, 'through', 'IN'), (1089, 11, 'a', 'DT'), (1089, 12, 'city', 'NN');
INSERT INTO triples (sentence_id, predicate_id,relation,arg_start_id,arg_end_id,triple_type)VALUES (1089, 2, 'Property',9, 10, 'auto'), (1089, 2, 'Location',11, 12, 'auto'), (1089, 4, 'Agent',2, 2, 'auto'), (1089, 4, 'Destination',5, 5, 'auto'), (1089, 4, 'Location',6, 8, 'auto'), (1089, 4, 'Patient',9, 9, 'auto'), (1089, 8, 'Location',9, 12, 'auto'), (1089, 9, 'Agent',2, 2, 'auto'), (1089, 9, 'Patient',8, 8, 'auto'), (1089, 9, 'Location',10, 12, 'auto');
INSERT INTO Sentences (sentence_id, sentence, sentence_type)VALUES (1090, 'A man is flying down a flight of stairs on his skateboard', 'auto');
INSERT INTO Words ( sentence_id,word_ID ,word,pos)VALUES (1090, 1, 'A', 'DT'), (1090, 2, 'man', 'NN'), (1090, 3, 'is', 'VBZ'), (1090, 4, 'flying', 'VBG'), (1090, 5, 'down', 'RP'), (1090, 6, 'a', 'DT'), (1090, 7, 'flight', 'NN'), (1090, 8, 'of', 'IN'), (1090, 9, 'stairs', 'NNS'), (1090, 10, 'on', 'IN'), (1090, 11, 'his', 'PRP$'), (1090, 12, 'skateboard', 'NN');
INSERT INTO triples (sentence_id, predicate_id,relation,arg_start_id,arg_end_id,triple_type)VALUES (1090, 2, 'Property',10, 12, 'auto'), (1090, 4, 'Agent',2, 2, 'auto'), (1090, 4, 'Destination',5, 5, 'auto'), (1090, 4, 'Patient',6, 7, 'auto'), (1090, 4, 'Location',12, 12, 'auto');
INSERT INTO Sentences (sentence_id, sentence, sentence_type)VALUES (1091, 'A shirtless young rides his skateboard over steps', 'auto');
INSERT INTO Words ( sentence_id,word_ID ,word,pos)VALUES (1091, 1, 'A', 'DT'), (1091, 2, 'shirtless', 'JJ'), (1091, 3, 'young', 'NN'), (1091, 4, 'rides', 'VBZ'), (1091, 5, 'his', 'PRP$'), (1091, 6, 'skateboard', 'NN'), (1091, 7, 'over', 'IN'), (1091, 8, 'steps', 'NNS');
INSERT INTO triples (sentence_id, predicate_id,relation,arg_start_id,arg_end_id,triple_type)VALUES (1091, 4, 'Agent',3, 3, 'auto'), (1091, 4, 'Patient',5, 6, 'auto'), (1091, 4, 'Location',7, 8, 'auto'), (1091, 6, 'Location',7, 8, 'auto');
INSERT INTO Sentences (sentence_id, sentence, sentence_type)VALUES (1092, 'a topless man is airborne on a skateboard in front of a white building', 'auto');
INSERT INTO Words ( sentence_id,word_ID ,word,pos)VALUES (1092, 1, 'a', 'DT'), (1092, 2, 'topless', 'JJ'), (1092, 3, 'man', 'NN'), (1092, 4, 'is', 'VBZ'), (1092, 5, 'airborne', 'JJ'), (1092, 6, 'on', 'IN'), (1092, 7, 'a', 'DT'), (1092, 8, 'skateboard', 'NN'), (1092, 9, 'in', 'IN'), (1092, 10, 'front', 'NN'), (1092, 11, 'of', 'IN'), (1092, 12, 'a', 'DT'), (1092, 13, 'white', 'JJ'), (1092, 14, 'building', 'NN');
INSERT INTO Sentences (sentence_id, sentence, sentence_type)VALUES (1093, 'A young man jumps down a flight of stairs on his skateboard', 'auto');
INSERT INTO Words ( sentence_id,word_ID ,word,pos)VALUES (1093, 1, 'A', 'DT'), (1093, 2, 'young', 'JJ'), (1093, 3, 'man', 'NN'), (1093, 4, 'jumps', 'VBZ'), (1093, 5, 'down', 'RP'), (1093, 6, 'a', 'DT'), (1093, 7, 'flight', 'NN'), (1093, 8, 'of', 'IN'), (1093, 9, 'stairs', 'NNS'), (1093, 10, 'on', 'IN'), (1093, 11, 'his', 'PRP$'), (1093, 12, 'skateboard', 'NN');
INSERT INTO triples (sentence_id, predicate_id,relation,arg_start_id,arg_end_id,triple_type)VALUES (1093, 3, 'Property',7, 12, 'auto'), (1093, 4, 'Agent',3, 3, 'auto'), (1093, 4, 'Destination',5, 5, 'auto'), (1093, 4, 'Patient',6, 9, 'auto'), (1093, 4, 'Instrument',10, 12, 'auto');
INSERT INTO Sentences (sentence_id, sentence, sentence_type)VALUES (1094, 'Boy jumping steps with skateboard', 'auto');
INSERT INTO Words ( sentence_id,word_ID ,word,pos)VALUES (1094, 1, 'Boy', 'NN'), (1094, 2, 'jumping', 'VBG'), (1094, 3, 'steps', 'NNS'), (1094, 4, 'with', 'IN'), (1094, 5, 'skateboard', 'NN');
INSERT INTO triples (sentence_id, predicate_id,relation,arg_start_id,arg_end_id,triple_type)VALUES (1094, 1, 'Property',4, 5, 'auto'), (1094, 2, 'Agent',1, 1, 'auto'), (1094, 2, 'Patient',3, 3, 'auto'), (1094, 2, 'Instrument',4, 5, 'auto');
INSERT INTO Sentences (sentence_id, sentence, sentence_type)VALUES (1095, 'A brown horse with a rider sitting on him is jumping over a blue barrier', 'auto');
INSERT INTO Words ( sentence_id,word_ID ,word,pos)VALUES (1095, 1, 'A', 'DT'), (1095, 2, 'brown', 'JJ'), (1095, 3, 'horse', 'NN'), (1095, 4, 'with', 'IN'), (1095, 5, 'a', 'DT'), (1095, 6, 'rider', 'NN'), (1095, 7, 'sitting', 'VBG'), (1095, 8, 'on', 'IN'), (1095, 9, 'him', 'PRP'), (1095, 10, 'is', 'VBZ'), (1095, 11, 'jumping', 'VBG'), (1095, 12, 'over', 'RP'), (1095, 13, 'a', 'DT'), (1095, 14, 'blue', 'JJ'), (1095, 15, 'barrier', 'NN');
INSERT INTO triples (sentence_id, predicate_id,relation,arg_start_id,arg_end_id,triple_type)VALUES (1095, 3, 'Property',4, 9, 'auto'), (1095, 6, 'Property',3, 3, 'auto'), (1095, 6, 'Location',8, 9, 'auto'), (1095, 7, 'Agent',6, 6, 'auto'), (1095, 7, 'Location',8, 9, 'auto'), (1095, 11, 'Agent',3, 3, 'auto'), (1095, 11, 'Destination',12, 15, 'auto');
INSERT INTO Sentences (sentence_id, sentence, sentence_type)VALUES (1096, 'A horse and rider , jumping a barrier on a course', 'auto');
INSERT INTO Words ( sentence_id,word_ID ,word,pos)VALUES (1096, 1, 'A', 'DT'), (1096, 2, 'horse', 'NN'), (1096, 3, 'and', 'CC'), (1096, 4, 'rider', 'NN'), (1096, 5, ',', ','), (1096, 6, 'jumping', 'VBG'), (1096, 7, 'a', 'DT'), (1096, 8, 'barrier', 'NN'), (1096, 9, 'on', 'IN'), (1096, 10, 'a', 'DT'), (1096, 11, 'course', 'NN');
INSERT INTO triples (sentence_id, predicate_id,relation,arg_start_id,arg_end_id,triple_type)VALUES (1096, 2, 'Location',9, 11, 'auto'), (1096, 4, 'Property',2, 2, 'auto'), (1096, 4, 'Location',9, 11, 'auto'), (1096, 6, 'Agent',2, 2, 'auto'), (1096, 6, 'Patient',7, 8, 'auto'), (1096, 6, 'Location',9, 11, 'auto');
INSERT INTO Sentences (sentence_id, sentence, sentence_type)VALUES (1097, 'A person in white jumps a brown horse over the gate', 'auto');
INSERT INTO Words ( sentence_id,word_ID ,word,pos)VALUES (1097, 1, 'A', 'DT'), (1097, 2, 'person', 'NN'), (1097, 3, 'in', 'IN'), (1097, 4, 'white', 'JJ'), (1097, 5, 'jumps', 'VBZ'), (1097, 6, 'a', 'DT'), (1097, 7, 'brown', 'JJ'), (1097, 8, 'horse', 'NN'), (1097, 9, 'over', 'IN'), (1097, 10, 'the', 'DT'), (1097, 11, 'gate', 'NN');
INSERT INTO triples (sentence_id, predicate_id,relation,arg_start_id,arg_end_id,triple_type)VALUES (1097, 2, 'Property',3, 5, 'auto'), (1097, 2, 'Location',11, 11, 'auto'), (1097, 5, 'Agent',2, 2, 'auto'), (1097, 5, 'Patient',6, 10, 'auto'), (1097, 5, 'Location',11, 11, 'auto'), (1097, 8, 'Location',9, 11, 'auto');
INSERT INTO Sentences (sentence_id, sentence, sentence_type)VALUES (1098, 'Jockey and horse jump over blue hurdle', 'auto');
INSERT INTO Words ( sentence_id,word_ID ,word,pos)VALUES (1098, 1, 'Jockey', 'NN'), (1098, 2, 'and', 'CC'), (1098, 3, 'horse', 'NN'), (1098, 4, 'jump', 'VBP'), (1098, 5, 'over', 'IN'), (1098, 6, 'blue', 'JJ'), (1098, 7, 'hurdle', 'NN');
INSERT INTO triples (sentence_id, predicate_id,relation,arg_start_id,arg_end_id,triple_type)VALUES (1098, 3, 'Location',4, 7, 'auto'), (1098, 4, 'Source',1, 1, 'auto'), (1098, 4, 'Beneficiary',2, 3, 'auto'), (1098, 4, 'Location',5, 7, 'auto');
INSERT INTO Sentences (sentence_id, sentence, sentence_type)VALUES (1099, 'There is a horse and rider jumping over a hurdle', 'auto');
INSERT INTO Words ( sentence_id,word_ID ,word,pos)VALUES (1099, 1, 'There', 'EX'), (1099, 2, 'is', 'VBZ'), (1099, 3, 'a', 'DT'), (1099, 4, 'horse', 'NN'), (1099, 5, 'and', 'CC'), (1099, 6, 'rider', 'NN'), (1099, 7, 'jumping', 'VBG'), (1099, 8, 'over', 'RP'), (1099, 9, 'a', 'DT'), (1099, 10, 'hurdle', 'NN');
INSERT INTO triples (sentence_id, predicate_id,relation,arg_start_id,arg_end_id,triple_type)VALUES (1099, 2, 'Patient',3, 6, 'auto'), (1099, 4, 'Location',9, 10, 'auto'), (1099, 6, 'Property',1, 5, 'auto'), (1099, 6, 'Location',9, 10, 'auto'), (1099, 7, 'Location',8, 8, 'auto'), (1099, 7, 'Patient',10, 10, 'auto');
INSERT INTO Sentences (sentence_id, sentence, sentence_type)VALUES (1100, 'A football player is running with the ball', 'auto');
INSERT INTO Words ( sentence_id,word_ID ,word,pos)VALUES (1100, 1, 'A', 'DT'), (1100, 2, 'football', 'NN'), (1100, 3, 'player', 'NN'), (1100, 4, 'is', 'VBZ'), (1100, 5, 'running', 'VBG'), (1100, 6, 'with', 'IN'), (1100, 7, 'the', 'DT'), (1100, 8, 'ball', 'NN');
INSERT INTO triples (sentence_id, predicate_id,relation,arg_start_id,arg_end_id,triple_type)VALUES (1100, 3, 'Property',2, 2, 'auto'), (1100, 5, 'Agent',3, 3, 'auto'), (1100, 5, 'Instrument',6, 8, 'auto');
INSERT INTO Sentences (sentence_id, sentence, sentence_type)VALUES (1101, 'A football player running with football under his arm', 'auto');
INSERT INTO Words ( sentence_id,word_ID ,word,pos)VALUES (1101, 1, 'A', 'DT'), (1101, 2, 'football', 'NN'), (1101, 3, 'player', 'NN'), (1101, 4, 'running', 'VBG'), (1101, 5, 'with', 'IN'), (1101, 6, 'football', 'NN'), (1101, 7, 'under', 'IN'), (1101, 8, 'his', 'PRP$'), (1101, 9, 'arm', 'NN');
INSERT INTO triples (sentence_id, predicate_id,relation,arg_start_id,arg_end_id,triple_type)VALUES (1101, 3, 'Property',2, 2, 'auto'), (1101, 4, 'Agent',3, 3, 'auto'), (1101, 4, 'Instrument',5, 6, 'auto');
INSERT INTO Sentences (sentence_id, sentence, sentence_type)VALUES (1102, 'A man in a football uniform is running with a football during a game', 'auto');
INSERT INTO Words ( sentence_id,word_ID ,word,pos)VALUES (1102, 1, 'A', 'DT'), (1102, 2, 'man', 'NN'), (1102, 3, 'in', 'IN'), (1102, 4, 'a', 'DT'), (1102, 5, 'football', 'NN'), (1102, 6, 'uniform', 'NN'), (1102, 7, 'is', 'VBZ'), (1102, 8, 'running', 'VBG'), (1102, 9, 'with', 'IN'), (1102, 10, 'a', 'DT'), (1102, 11, 'football', 'NN'), (1102, 12, 'during', 'IN'), (1102, 13, 'a', 'DT'), (1102, 14, 'game', 'NN');
INSERT INTO triples (sentence_id, predicate_id,relation,arg_start_id,arg_end_id,triple_type)VALUES (1102, 2, 'Property',3, 6, 'auto'), (1102, 2, 'Location',14, 14, 'auto'), (1102, 8, 'Agent',2, 2, 'auto'), (1102, 8, 'Location',13, 14, 'auto');
INSERT INTO Sentences (sentence_id, sentence, sentence_type)VALUES (1103, 'One man in a blue jersey is running holding a football', 'auto');
INSERT INTO Words ( sentence_id,word_ID ,word,pos)VALUES (1103, 1, 'One', 'CD'), (1103, 2, 'man', 'NN'), (1103, 3, 'in', 'IN'), (1103, 4, 'a', 'DT'), (1103, 5, 'blue', 'JJ'), (1103, 6, 'jersey', 'NN'), (1103, 7, 'is', 'VBZ'), (1103, 8, 'running', 'VBG'), (1103, 9, 'holding', 'VBG'), (1103, 10, 'a', 'DT'), (1103, 11, 'football', 'NN');
INSERT INTO triples (sentence_id, predicate_id,relation,arg_start_id,arg_end_id,triple_type)VALUES (1103, 1, 'Property',2, 6, 'auto'), (1103, 2, 'Property',3, 6, 'auto'), (1103, 8, 'Agent',2, 2, 'auto'), (1103, 9, 'Agent',2, 2, 'auto'), (1103, 9, 'Patient',10, 11, 'auto');
INSERT INTO Sentences (sentence_id, sentence, sentence_type)VALUES (1104, 'The football player in black runs with the football', 'auto');
INSERT INTO Words ( sentence_id,word_ID ,word,pos)VALUES (1104, 1, 'The', 'DT'), (1104, 2, 'football', 'NN'), (1104, 3, 'player', 'NN'), (1104, 4, 'in', 'IN'), (1104, 5, 'black', 'JJ'), (1104, 6, 'runs', 'VBZ'), (1104, 7, 'with', 'IN'), (1104, 8, 'the', 'DT'), (1104, 9, 'football', 'NN');
INSERT INTO triples (sentence_id, predicate_id,relation,arg_start_id,arg_end_id,triple_type)VALUES (1104, 3, 'Property',4, 9, 'auto'), (1104, 6, 'Agent',3, 3, 'auto'), (1104, 6, 'Instrument',7, 9, 'auto');
INSERT INTO Sentences (sentence_id, sentence, sentence_type)VALUES (1105, 'a dirt biker turns across the dirt', 'auto');
INSERT INTO Words ( sentence_id,word_ID ,word,pos)VALUES (1105, 1, 'a', 'DT'), (1105, 2, 'dirt', 'NN'), (1105, 3, 'biker', 'NN'), (1105, 4, 'turns', 'VBZ'), (1105, 5, 'across', 'IN'), (1105, 6, 'the', 'DT'), (1105, 7, 'dirt', 'NN');
INSERT INTO triples (sentence_id, predicate_id,relation,arg_start_id,arg_end_id,triple_type)VALUES (1105, 3, 'Property',1, 2, 'auto'), (1105, 4, 'Agent',3, 3, 'auto'), (1105, 4, 'Location',7, 7, 'auto');
INSERT INTO Sentences (sentence_id, sentence, sentence_type)VALUES (1106, 'A dirt bike takes a turn', 'auto');
INSERT INTO Words ( sentence_id,word_ID ,word,pos)VALUES (1106, 1, 'A', 'DT'), (1106, 2, 'dirt', 'NN'), (1106, 3, 'bike', 'NN'), (1106, 4, 'takes', 'VBZ'), (1106, 5, 'a', 'DT'), (1106, 6, 'turn', 'NN');
INSERT INTO triples (sentence_id, predicate_id,relation,arg_start_id,arg_end_id,triple_type)VALUES (1106, 3, 'Property',1, 2, 'auto'), (1106, 3, 'Location',6, 6, 'auto'), (1106, 4, 'Agent',3, 3, 'auto'), (1106, 4, 'Patient',5, 6, 'auto');
INSERT INTO Sentences (sentence_id, sentence, sentence_type)VALUES (1107, 'A man riding a motor bike kicks up dirt', 'auto');
INSERT INTO Words ( sentence_id,word_ID ,word,pos)VALUES (1107, 1, 'A', 'DT'), (1107, 2, 'man', 'NN'), (1107, 3, 'riding', 'VBG'), (1107, 4, 'a', 'DT'), (1107, 5, 'motor', 'NN'), (1107, 6, 'bike', 'NN'), (1107, 7, 'kicks', 'VBZ'), (1107, 8, 'up', 'RP'), (1107, 9, 'dirt', 'NN');
INSERT INTO triples (sentence_id, predicate_id,relation,arg_start_id,arg_end_id,triple_type)VALUES (1107, 2, 'Property',5, 7, 'auto'), (1107, 3, 'Agent',2, 2, 'auto'), (1107, 3, 'Patient',4, 6, 'auto'), (1107, 6, 'Property',5, 5, 'auto'), (1107, 7, 'Agent',2, 2, 'auto'), (1107, 7, 'Patient',8, 9, 'auto');
INSERT INTO Sentences (sentence_id, sentence, sentence_type)VALUES (1108, 'A person rides a dirt bike', 'auto');
INSERT INTO Words ( sentence_id,word_ID ,word,pos)VALUES (1108, 1, 'A', 'DT'), (1108, 2, 'person', 'NN'), (1108, 3, 'rides', 'VBZ'), (1108, 4, 'a', 'DT'), (1108, 5, 'dirt', 'NN'), (1108, 6, 'bike', 'NN');
INSERT INTO triples (sentence_id, predicate_id,relation,arg_start_id,arg_end_id,triple_type)VALUES (1108, 2, 'Location',3, 6, 'auto'), (1108, 3, 'Agent',2, 2, 'auto'), (1108, 3, 'Patient',4, 6, 'auto'), (1108, 6, 'Property',4, 5, 'auto');
INSERT INTO Sentences (sentence_id, sentence, sentence_type)VALUES (1109, 'The motorcycle racer is taking a curve on the dirt track', 'auto');
INSERT INTO Words ( sentence_id,word_ID ,word,pos)VALUES (1109, 1, 'The', 'DT'), (1109, 2, 'motorcycle', 'NN'), (1109, 3, 'racer', 'NN'), (1109, 4, 'is', 'VBZ'), (1109, 5, 'taking', 'VBG'), (1109, 6, 'a', 'DT'), (1109, 7, 'curve', 'NN'), (1109, 8, 'on', 'IN'), (1109, 9, 'the', 'DT'), (1109, 10, 'dirt', 'NN'), (1109, 11, 'track', 'NN');
INSERT INTO triples (sentence_id, predicate_id,relation,arg_start_id,arg_end_id,triple_type)VALUES (1109, 2, 'Location',11, 11, 'auto'), (1109, 3, 'Property',1, 2, 'auto'), (1109, 5, 'Agent',3, 3, 'auto'), (1109, 5, 'Patient',7, 7, 'auto'), (1109, 5, 'Location',8, 11, 'auto'), (1109, 7, 'Location',8, 11, 'auto');
INSERT INTO Sentences (sentence_id, sentence, sentence_type)VALUES (1110, 'A minivan drives through a deep puddle of water on the road', 'auto');
INSERT INTO Words ( sentence_id,word_ID ,word,pos)VALUES (1110, 1, 'A', 'DT'), (1110, 2, 'minivan', 'NN'), (1110, 3, 'drives', 'VBZ'), (1110, 4, 'through', 'IN'), (1110, 5, 'a', 'DT'), (1110, 6, 'deep', 'JJ'), (1110, 7, 'puddle', 'NN'), (1110, 8, 'of', 'IN'), (1110, 9, 'water', 'NN'), (1110, 10, 'on', 'IN'), (1110, 11, 'the', 'DT'), (1110, 12, 'road', 'NN');
INSERT INTO triples (sentence_id, predicate_id,relation,arg_start_id,arg_end_id,triple_type)VALUES (1110, 3, 'Agent',2, 2, 'auto'), (1110, 3, 'Location',4, 9, 'auto'), (1110, 3, 'Destination',12, 12, 'auto'), (1110, 7, 'Location',8, 12, 'auto'), (1110, 9, 'Location',10, 12, 'auto');
INSERT INTO Sentences (sentence_id, sentence, sentence_type)VALUES (1111, 'A minivan splashing through a flooded parking lot on a rainy night', 'auto');
INSERT INTO Words ( sentence_id,word_ID ,word,pos)VALUES (1111, 1, 'A', 'DT'), (1111, 2, 'minivan', 'NN'), (1111, 3, 'splashing', 'VBG'), (1111, 4, 'through', 'IN'), (1111, 5, 'a', 'DT'), (1111, 6, 'flooded', 'JJ'), (1111, 7, 'parking', 'NN'), (1111, 8, 'lot', 'NN'), (1111, 9, 'on', 'IN'), (1111, 10, 'a', 'DT'), (1111, 11, 'rainy', 'JJ'), (1111, 12, 'night', 'NN');
INSERT INTO triples (sentence_id, predicate_id,relation,arg_start_id,arg_end_id,triple_type)VALUES (1111, 3, 'Agent',2, 2, 'auto'), (1111, 3, 'Patient',6, 8, 'auto'), (1111, 3, 'Time',9, 12, 'auto');
INSERT INTO Sentences (sentence_id, sentence, sentence_type)VALUES (1112, 'A rainy road at night', 'auto');
INSERT INTO Words ( sentence_id,word_ID ,word,pos)VALUES (1112, 1, 'A', 'DT'), (1112, 2, 'rainy', 'JJ'), (1112, 3, 'road', 'NN'), (1112, 4, 'at', 'IN'), (1112, 5, 'night', 'NN');
INSERT INTO Sentences (sentence_id, sentence, sentence_type)VALUES (1113, 'Lights are reflecting off a city street in the evening during a rain storm', 'auto');
INSERT INTO Words ( sentence_id,word_ID ,word,pos)VALUES (1113, 1, 'Lights', 'NNS'), (1113, 2, 'are', 'VBP'), (1113, 3, 'reflecting', 'VBG'), (1113, 4, 'off', 'RP'), (1113, 5, 'a', 'DT'), (1113, 6, 'city', 'NN'), (1113, 7, 'street', 'NN'), (1113, 8, 'in', 'IN'), (1113, 9, 'the', 'DT'), (1113, 10, 'evening', 'NN'), (1113, 11, 'during', 'IN'), (1113, 12, 'a', 'DT'), (1113, 13, 'rain', 'NN'), (1113, 14, 'storm', 'NN');
INSERT INTO triples (sentence_id, predicate_id,relation,arg_start_id,arg_end_id,triple_type)VALUES (1113, 3, 'Agent',1, 1, 'auto'), (1113, 3, 'Patient',6, 7, 'auto'), (1113, 3, 'Time',9, 10, 'auto'), (1113, 7, 'Property',1, 6, 'auto');
INSERT INTO Sentences (sentence_id, sentence, sentence_type)VALUES (1114, 'Minivan drives down wet urban street at night , splashing water', 'auto');
INSERT INTO Words ( sentence_id,word_ID ,word,pos)VALUES (1114, 1, 'Minivan', 'NN'), (1114, 2, 'drives', 'VBZ'), (1114, 3, 'down', 'RP'), (1114, 4, 'wet', 'JJ'), (1114, 5, 'urban', 'JJ'), (1114, 6, 'street', 'NN'), (1114, 7, 'at', 'IN'), (1114, 8, 'night', 'NN'), (1114, 9, ',', ','), (1114, 10, 'splashing', 'VBG'), (1114, 11, 'water', 'NN');
INSERT INTO triples (sentence_id, predicate_id,relation,arg_start_id,arg_end_id,triple_type)VALUES (1114, 2, 'Agent',1, 1, 'auto'), (1114, 2, 'Patient',4, 6, 'auto'), (1114, 2, 'Time',7, 8, 'auto'), (1114, 6, 'Property',4, 5, 'auto'), (1114, 10, 'Agent',2, 2, 'auto'), (1114, 10, 'Location',4, 6, 'auto'), (1114, 10, 'Time',7, 8, 'auto'), (1114, 10, 'Patient',11, 11, 'auto');
INSERT INTO Sentences (sentence_id, sentence, sentence_type)VALUES (1115, 'A group of basketball players wearing yellow and green reach for a ball', 'auto');
INSERT INTO Words ( sentence_id,word_ID ,word,pos)VALUES (1115, 1, 'A', 'DT'), (1115, 2, 'group', 'NN'), (1115, 3, 'of', 'IN'), (1115, 4, 'basketball', 'NN'), (1115, 5, 'players', 'NNS'), (1115, 6, 'wearing', 'VBG'), (1115, 7, 'yellow', 'JJ'), (1115, 8, 'and', 'CC'), (1115, 9, 'green', 'JJ'), (1115, 10, 'reach', 'NN'), (1115, 11, 'for', 'IN'), (1115, 12, 'a', 'DT'), (1115, 13, 'ball', 'NN');
INSERT INTO triples (sentence_id, predicate_id,relation,arg_start_id,arg_end_id,triple_type)VALUES (1115, 5, 'Property',1, 4, 'auto'), (1115, 6, 'Agent',2, 2, 'auto'), (1115, 6, 'Patient',7, 10, 'auto'), (1115, 6, 'Beneficiary',11, 13, 'auto');
INSERT INTO Sentences (sentence_id, sentence, sentence_type)VALUES (1116, 'Basketball players shoot for a goal during a game', 'auto');
INSERT INTO Words ( sentence_id,word_ID ,word,pos)VALUES (1116, 1, 'Basketball', 'NN'), (1116, 2, 'players', 'NNS'), (1116, 3, 'shoot', 'VB'), (1116, 4, 'for', 'IN'), (1116, 5, 'a', 'DT'), (1116, 6, 'goal', 'NN'), (1116, 7, 'during', 'IN'), (1116, 8, 'a', 'DT'), (1116, 9, 'game', 'NN');
INSERT INTO triples (sentence_id, predicate_id,relation,arg_start_id,arg_end_id,triple_type)VALUES (1116, 2, 'Property',1, 1, 'auto'), (1116, 3, 'Patient',1, 1, 'auto'), (1116, 3, 'Agent',2, 2, 'auto'), (1116, 3, 'Beneficiary',4, 6, 'auto'), (1116, 3, 'Location',9, 9, 'auto');
INSERT INTO Sentences (sentence_id, sentence, sentence_type)VALUES (1117, 'Four men jumping in a basketball game', 'auto');
INSERT INTO Words ( sentence_id,word_ID ,word,pos)VALUES (1117, 1, 'Four', 'CD'), (1117, 2, 'men', 'NNS'), (1117, 3, 'jumping', 'VBG'), (1117, 4, 'in', 'IN'), (1117, 5, 'a', 'DT'), (1117, 6, 'basketball', 'NN'), (1117, 7, 'game', 'NN');
INSERT INTO triples (sentence_id, predicate_id,relation,arg_start_id,arg_end_id,triple_type)VALUES (1117, 2, 'Property',1, 1, 'auto'), (1117, 2, 'Location',4, 7, 'auto'), (1117, 3, 'Agent',2, 2, 'auto'), (1117, 3, 'Location',5, 7, 'auto');
INSERT INTO Sentences (sentence_id, sentence, sentence_type)VALUES (1118, 'In this picture all men from both basketball teams with red and green jerseys are jumping', 'auto');
INSERT INTO Words ( sentence_id,word_ID ,word,pos)VALUES (1118, 1, 'In', 'IN'), (1118, 2, 'this', 'DT'), (1118, 3, 'picture', 'NN'), (1118, 4, 'all', 'DT'), (1118, 5, 'men', 'NNS'), (1118, 6, 'from', 'IN'), (1118, 7, 'both', 'DT'), (1118, 8, 'basketball', 'NN'), (1118, 9, 'teams', 'NNS'), (1118, 10, 'with', 'IN'), (1118, 11, 'red', 'JJ'), (1118, 12, 'and', 'CC'), (1118, 13, 'green', 'JJ'), (1118, 14, 'jerseys', 'NNS'), (1118, 15, 'are', 'VBP'), (1118, 16, 'jumping', 'VBG');
INSERT INTO triples (sentence_id, predicate_id,relation,arg_start_id,arg_end_id,triple_type)VALUES (1118, 5, 'Location',2, 3, 'auto'), (1118, 5, 'Property',9, 16, 'auto'), (1118, 16, 'Location',1, 4, 'auto'), (1118, 16, 'Agent',5, 5, 'auto');
INSERT INTO Sentences (sentence_id, sentence, sentence_type)VALUES (1119, 'The man on the yellow basketball team tries to score while the men on the opposing team try to block his shot', 'auto');
INSERT INTO Words ( sentence_id,word_ID ,word,pos)VALUES (1119, 1, 'The', 'DT'), (1119, 2, 'man', 'NN'), (1119, 3, 'on', 'IN'), (1119, 4, 'the', 'DT'), (1119, 5, 'yellow', 'JJ'), (1119, 6, 'basketball', 'NN'), (1119, 7, 'team', 'NN'), (1119, 8, 'tries', 'VBZ'), (1119, 9, 'to', 'TO'), (1119, 10, 'score', 'VB'), (1119, 11, 'while', 'IN'), (1119, 12, 'the', 'DT'), (1119, 13, 'men', 'NNS'), (1119, 14, 'on', 'IN'), (1119, 15, 'the', 'DT'), (1119, 16, 'opposing', 'JJ'), (1119, 17, 'team', 'NN'), (1119, 18, 'try', 'VB'), (1119, 19, 'to', 'TO'), (1119, 20, 'block', 'VB'), (1119, 21, 'his', 'PRP$'), (1119, 22, 'shot', 'NN');
INSERT INTO triples (sentence_id, predicate_id,relation,arg_start_id,arg_end_id,triple_type)VALUES (1119, 2, 'Property',5, 7, 'auto'), (1119, 8, 'Agent',2, 2, 'auto'), (1119, 8, 'Beneficiary',9, 10, 'auto'), (1119, 10, 'Agent',2, 2, 'auto'), (1119, 13, 'Property',16, 17, 'auto'), (1119, 18, 'Agent',13, 13, 'auto'), (1119, 18, 'Beneficiary',19, 22, 'auto'), (1119, 20, 'Agent',13, 13, 'auto'), (1119, 20, 'Location',14, 17, 'auto'), (1119, 20, 'Patient',21, 22, 'auto');
INSERT INTO Sentences (sentence_id, sentence, sentence_type)VALUES (1120, 'A skier in a yellow jacket is airborne above the mountains', 'auto');
INSERT INTO Words ( sentence_id,word_ID ,word,pos)VALUES (1120, 1, 'A', 'DT'), (1120, 2, 'skier', 'NN'), (1120, 3, 'in', 'IN'), (1120, 4, 'a', 'DT'), (1120, 5, 'yellow', 'JJ'), (1120, 6, 'jacket', 'NN'), (1120, 7, 'is', 'VBZ'), (1120, 8, 'airborne', 'JJ'), (1120, 9, 'above', 'IN'), (1120, 10, 'the', 'DT'), (1120, 11, 'mountains', 'NNS');
INSERT INTO triples (sentence_id, predicate_id,relation,arg_start_id,arg_end_id,triple_type)VALUES (1120, 7, 'Patient',1, 2, 'auto'), (1120, 7, 'Attribute',8, 8, 'auto'), (1120, 7, 'Location',9, 11, 'auto');
INSERT INTO Sentences (sentence_id, sentence, sentence_type)VALUES (1121, 'A skier jumps high in the air with a view of the mountains', 'auto');
INSERT INTO Words ( sentence_id,word_ID ,word,pos)VALUES (1121, 1, 'A', 'DT'), (1121, 2, 'skier', 'NN'), (1121, 3, 'jumps', 'VBZ'), (1121, 4, 'high', 'JJ'), (1121, 5, 'in', 'IN'), (1121, 6, 'the', 'DT'), (1121, 7, 'air', 'NN'), (1121, 8, 'with', 'IN'), (1121, 9, 'a', 'DT'), (1121, 10, 'view', 'NN'), (1121, 11, 'of', 'IN'), (1121, 12, 'the', 'DT'), (1121, 13, 'mountains', 'NNS');
INSERT INTO triples (sentence_id, predicate_id,relation,arg_start_id,arg_end_id,triple_type)VALUES (1121, 3, 'Agent',2, 2, 'auto'), (1121, 3, 'Patient',4, 4, 'auto'), (1121, 3, 'Destination',7, 7, 'auto'), (1121, 3, 'Location',12, 13, 'auto');
INSERT INTO Sentences (sentence_id, sentence, sentence_type)VALUES (1122, 'A skiing man in a fluorescent jacket jumps very high and it looks as though he is flying', 'auto');
INSERT INTO Words ( sentence_id,word_ID ,word,pos)VALUES (1122, 1, 'A', 'DT'), (1122, 2, 'skiing', 'NN'), (1122, 3, 'man', 'NN'), (1122, 4, 'in', 'IN'), (1122, 5, 'a', 'DT'), (1122, 6, 'fluorescent', 'JJ'), (1122, 7, 'jacket', 'NN'), (1122, 8, 'jumps', 'VBZ'), (1122, 9, 'very', 'RB'), (1122, 10, 'high', 'JJ'), (1122, 11, 'and', 'CC'), (1122, 12, 'it', 'PRP'), (1122, 13, 'looks', 'VBZ'), (1122, 14, 'as', 'IN'), (1122, 15, 'though', 'IN'), (1122, 16, 'he', 'PRP'), (1122, 17, 'is', 'VBZ'), (1122, 18, 'flying', 'VBG');
INSERT INTO triples (sentence_id, predicate_id,relation,arg_start_id,arg_end_id,triple_type)VALUES (1122, 3, 'Property',4, 10, 'auto'), (1122, 8, 'Agent',3, 3, 'auto'), (1122, 8, 'Location',9, 10, 'auto'), (1122, 13, 'Patient',12, 12, 'auto'), (1122, 18, 'Agent',16, 16, 'auto');
INSERT INTO Sentences (sentence_id, sentence, sentence_type)VALUES (1123, 'Somone is high in the air doing a ski jump', 'auto');
INSERT INTO Words ( sentence_id,word_ID ,word,pos)VALUES (1123, 1, 'Somone', 'NN'), (1123, 2, 'is', 'VBZ'), (1123, 3, 'high', 'JJ'), (1123, 4, 'in', 'IN'), (1123, 5, 'the', 'DT'), (1123, 6, 'air', 'NN'), (1123, 7, 'doing', 'VBG'), (1123, 8, 'a', 'DT'), (1123, 9, 'ski', 'NN'), (1123, 10, 'jump', 'NN');
INSERT INTO triples (sentence_id, predicate_id,relation,arg_start_id,arg_end_id,triple_type)VALUES (1123, 2, 'Patient',1, 1, 'auto'), (1123, 2, 'Attribute',3, 3, 'auto'), (1123, 2, 'Location',4, 6, 'auto'), (1123, 7, 'Agent',1, 1, 'auto'), (1123, 7, 'Location',4, 6, 'auto'), (1123, 7, 'Patient',9, 10, 'auto');
INSERT INTO Sentences (sentence_id, sentence, sentence_type)VALUES (1124, 'The skier in the green jacket and white pants appears to almost fly into the sky', 'auto');
INSERT INTO Words ( sentence_id,word_ID ,word,pos)VALUES (1124, 1, 'The', 'DT'), (1124, 2, 'skier', 'NN'), (1124, 3, 'in', 'IN'), (1124, 4, 'the', 'DT'), (1124, 5, 'green', 'JJ'), (1124, 6, 'jacket', 'NN'), (1124, 7, 'and', 'CC'), (1124, 8, 'white', 'JJ'), (1124, 9, 'pants', 'NNS'), (1124, 10, 'appears', 'VBZ'), (1124, 11, 'to', 'TO'), (1124, 12, 'almost', 'RB'), (1124, 13, 'fly', 'VB'), (1124, 14, 'into', 'IN'), (1124, 15, 'the', 'DT'), (1124, 16, 'sky', 'NN');
INSERT INTO triples (sentence_id, predicate_id,relation,arg_start_id,arg_end_id,triple_type)VALUES (1124, 2, 'Property',3, 9, 'auto'), (1124, 10, 'Patient',1, 2, 'auto'), (1124, 10, 'Attribute',11, 13, 'auto'), (1124, 10, 'Location',14, 16, 'auto'), (1124, 13, 'Agent',2, 2, 'auto'), (1124, 13, 'Destination',14, 14, 'auto'), (1124, 13, 'Location',15, 16, 'auto');
INSERT INTO Sentences (sentence_id, sentence, sentence_type)VALUES (1125, 'A man is leaning on a skateboard while holding onto a pole', 'auto');
INSERT INTO Words ( sentence_id,word_ID ,word,pos)VALUES (1125, 1, 'A', 'DT'), (1125, 2, 'man', 'NN'), (1125, 3, 'is', 'VBZ'), (1125, 4, 'leaning', 'VBG'), (1125, 5, 'on', 'IN'), (1125, 6, 'a', 'DT'), (1125, 7, 'skateboard', 'NN'), (1125, 8, 'while', 'IN'), (1125, 9, 'holding', 'VBG'), (1125, 10, 'onto', 'IN'), (1125, 11, 'a', 'DT'), (1125, 12, 'pole', 'NN');
INSERT INTO triples (sentence_id, predicate_id,relation,arg_start_id,arg_end_id,triple_type)VALUES (1125, 2, 'Property',6, 7, 'auto'), (1125, 2, 'Location',10, 12, 'auto'), (1125, 4, 'Agent',2, 2, 'auto'), (1125, 4, 'Location',5, 7, 'auto'), (1125, 9, 'Agent',2, 2, 'auto'), (1125, 9, 'Instrument',10, 12, 'auto');
INSERT INTO Sentences (sentence_id, sentence, sentence_type)VALUES (1126, 'A man on a roller scooter holding on to rope', 'auto');
INSERT INTO Words ( sentence_id,word_ID ,word,pos)VALUES (1126, 1, 'A', 'DT'), (1126, 2, 'man', 'NN'), (1126, 3, 'on', 'IN'), (1126, 4, 'a', 'DT'), (1126, 5, 'roller', 'NN'), (1126, 6, 'scooter', 'NN'), (1126, 7, 'holding', 'VBG'), (1126, 8, 'on', 'IN'), (1126, 9, 'to', 'TO'), (1126, 10, 'rope', 'NN');
INSERT INTO triples (sentence_id, predicate_id,relation,arg_start_id,arg_end_id,triple_type)VALUES (1126, 2, 'Property',6, 6, 'auto'), (1126, 2, 'Location',10, 10, 'auto'), (1126, 7, 'Agent',2, 2, 'auto'), (1126, 7, 'Location',8, 10, 'auto');
INSERT INTO Sentences (sentence_id, sentence, sentence_type)VALUES (1127, 'A man on a skateboard holding on to a kite', 'auto');
INSERT INTO Words ( sentence_id,word_ID ,word,pos)VALUES (1127, 1, 'A', 'DT'), (1127, 2, 'man', 'NN'), (1127, 3, 'on', 'IN'), (1127, 4, 'a', 'DT'), (1127, 5, 'skateboard', 'NN'), (1127, 6, 'holding', 'VBG'), (1127, 7, 'on', 'IN'), (1127, 8, 'to', 'TO'), (1127, 9, 'a', 'DT'), (1127, 10, 'kite', 'NN');
INSERT INTO triples (sentence_id, predicate_id,relation,arg_start_id,arg_end_id,triple_type)VALUES (1127, 2, 'Property',5, 5, 'auto'), (1127, 2, 'Location',9, 10, 'auto'), (1127, 5, 'Location',6, 10, 'auto'), (1127, 6, 'Agent',2, 2, 'auto'), (1127, 6, 'Location',7, 10, 'auto');
INSERT INTO Sentences (sentence_id, sentence, sentence_type)VALUES (1128, 'A man stands on a four-wheeled board attached to a harness', 'auto');
INSERT INTO Words ( sentence_id,word_ID ,word,pos)VALUES (1128, 1, 'A', 'DT'), (1128, 2, 'man', 'NN'), (1128, 3, 'stands', 'VBZ'), (1128, 4, 'on', 'IN'), (1128, 5, 'a', 'DT'), (1128, 6, 'four-wheeled', 'JJ'), (1128, 7, 'board', 'NN'), (1128, 8, 'attached', 'VBN'), (1128, 9, 'to', 'TO'), (1128, 10, 'a', 'DT'), (1128, 11, 'harness', 'NN');
INSERT INTO triples (sentence_id, predicate_id,relation,arg_start_id,arg_end_id,triple_type)VALUES (1128, 2, 'Property',7, 7, 'auto'), (1128, 2, 'Location',10, 11, 'auto'), (1128, 3, 'Agent',2, 2, 'auto'), (1128, 3, 'Location',4, 7, 'auto'), (1128, 8, 'Patient',2, 2, 'auto'), (1128, 8, 'Instrument',9, 11, 'auto');
INSERT INTO Sentences (sentence_id, sentence, sentence_type)VALUES (1129, 'Man on specialized skateboard being propelled by unseen kite', 'auto');
INSERT INTO Words ( sentence_id,word_ID ,word,pos)VALUES (1129, 1, 'Man', 'NN'), (1129, 2, 'on', 'IN'), (1129, 3, 'specialized', 'VBN'), (1129, 4, 'skateboard', 'NN'), (1129, 5, 'being', 'VBG'), (1129, 6, 'propelled', 'VBN'), (1129, 7, 'by', 'IN'), (1129, 8, 'unseen', 'JJ'), (1129, 9, 'kite', 'NN');
INSERT INTO triples (sentence_id, predicate_id,relation,arg_start_id,arg_end_id,triple_type)VALUES (1129, 1, 'Location',4, 4, 'auto'), (1129, 1, 'Property',7, 9, 'auto'), (1129, 4, 'Location',5, 9, 'auto');
INSERT INTO Sentences (sentence_id, sentence, sentence_type)VALUES (1130, 'A man rides a motorcycle on a track', 'auto');
INSERT INTO Words ( sentence_id,word_ID ,word,pos)VALUES (1130, 1, 'A', 'DT'), (1130, 2, 'man', 'NN'), (1130, 3, 'rides', 'VBZ'), (1130, 4, 'a', 'DT'), (1130, 5, 'motorcycle', 'NN'), (1130, 6, 'on', 'IN'), (1130, 7, 'a', 'DT'), (1130, 8, 'track', 'NN');
INSERT INTO triples (sentence_id, predicate_id,relation,arg_start_id,arg_end_id,triple_type)VALUES (1130, 2, 'Location',5, 8, 'auto'), (1130, 3, 'Agent',2, 2, 'auto'), (1130, 3, 'Patient',4, 6, 'auto'), (1130, 3, 'Location',7, 8, 'auto'), (1130, 5, 'Location',7, 8, 'auto');
INSERT INTO Sentences (sentence_id, sentence, sentence_type)VALUES (1131, 'A motorcycle racer is producing sparks by leaning during a turn', 'auto');
INSERT INTO Words ( sentence_id,word_ID ,word,pos)VALUES (1131, 1, 'A', 'DT'), (1131, 2, 'motorcycle', 'NN'), (1131, 3, 'racer', 'NN'), (1131, 4, 'is', 'VBZ'), (1131, 5, 'producing', 'VBG'), (1131, 6, 'sparks', 'NNP'), (1131, 7, 'by', 'IN'), (1131, 8, 'leaning', 'VBG'), (1131, 9, 'during', 'IN'), (1131, 10, 'a', 'DT'), (1131, 11, 'turn', 'NN');
INSERT INTO triples (sentence_id, predicate_id,relation,arg_start_id,arg_end_id,triple_type)VALUES (1131, 2, 'Location',11, 11, 'auto'), (1131, 3, 'Property',1, 2, 'auto'), (1131, 5, 'Agent',3, 3, 'auto'), (1131, 5, 'Patient',6, 6, 'auto'), (1131, 5, 'Instrument',7, 8, 'auto'), (1131, 5, 'Location',9, 11, 'auto'), (1131, 8, 'Agent',3, 3, 'auto'), (1131, 8, 'Location',9, 11, 'auto');
INSERT INTO Sentences (sentence_id, sentence, sentence_type)VALUES (1132, 'A motorcyclist is turning a sharp corner on his red motorbike and is scraping it on the road', 'auto');
INSERT INTO Words ( sentence_id,word_ID ,word,pos)VALUES (1132, 1, 'A', 'DT'), (1132, 2, 'motorcyclist', 'NN'), (1132, 3, 'is', 'VBZ'), (1132, 4, 'turning', 'VBG'), (1132, 5, 'a', 'DT'), (1132, 6, 'sharp', 'JJ'), (1132, 7, 'corner', 'NN'), (1132, 8, 'on', 'IN'), (1132, 9, 'his', 'PRP$'), (1132, 10, 'red', 'JJ'), (1132, 11, 'motorbike', 'NN'), (1132, 12, 'and', 'CC'), (1132, 13, 'is', 'VBZ'), (1132, 14, 'scraping', 'VBG'), (1132, 15, 'it', 'PRP'), (1132, 16, 'on', 'IN'), (1132, 17, 'the', 'DT'), (1132, 18, 'road', 'NN');
INSERT INTO triples (sentence_id, predicate_id,relation,arg_start_id,arg_end_id,triple_type)VALUES (1132, 2, 'Property',8, 11, 'auto'), (1132, 2, 'Location',16, 18, 'auto'), (1132, 4, 'Agent',2, 2, 'auto'), (1132, 4, 'Patient',5, 7, 'auto'), (1132, 4, 'Recipient',12, 12, 'auto'), (1132, 4, 'Location',16, 18, 'auto'), (1132, 14, 'Agent',2, 2, 'auto'), (1132, 14, 'Patient',15, 15, 'auto'), (1132, 14, 'Destination',18, 18, 'auto');
INSERT INTO Sentences (sentence_id, sentence, sentence_type)VALUES (1133, 'A motorcyclist making a sharp turn', 'auto');
INSERT INTO Words ( sentence_id,word_ID ,word,pos)VALUES (1133, 1, 'A', 'DT'), (1133, 2, 'motorcyclist', 'NN'), (1133, 3, 'making', 'VBG'), (1133, 4, 'a', 'DT'), (1133, 5, 'sharp', 'JJ'), (1133, 6, 'turn', 'NN');
INSERT INTO triples (sentence_id, predicate_id,relation,arg_start_id,arg_end_id,triple_type)VALUES (1133, 2, 'Property',4, 6, 'auto'), (1133, 3, 'Agent',2, 2, 'auto'), (1133, 3, 'Patient',4, 6, 'auto');
INSERT INTO Sentences (sentence_id, sentence, sentence_type)VALUES (1134, 'The motorcycle rider makes sparks as he leans in for a turn', 'auto');
INSERT INTO Words ( sentence_id,word_ID ,word,pos)VALUES (1134, 1, 'The', 'DT'), (1134, 2, 'motorcycle', 'NN'), (1134, 3, 'rider', 'NN'), (1134, 4, 'makes', 'VBZ'), (1134, 5, 'sparks', 'NNS'), (1134, 6, 'as', 'IN'), (1134, 7, 'he', 'PRP'), (1134, 8, 'leans', 'VBZ'), (1134, 9, 'in', 'IN'), (1134, 10, 'for', 'IN'), (1134, 11, 'a', 'DT'), (1134, 12, 'turn', 'NN');
INSERT INTO triples (sentence_id, predicate_id,relation,arg_start_id,arg_end_id,triple_type)VALUES (1134, 2, 'Location',12, 12, 'auto'), (1134, 3, 'Property',1, 2, 'auto'), (1134, 3, 'Location',12, 12, 'auto'), (1134, 4, 'Patient',2, 2, 'auto'), (1134, 4, 'Agent',3, 3, 'auto'), (1134, 4, 'Patient',5, 5, 'auto'), (1134, 8, 'Agent',7, 7, 'auto'), (1134, 8, 'Destination',12, 12, 'auto');
INSERT INTO Sentences (sentence_id, sentence, sentence_type)VALUES (1135, 'A man in blue and black surfs on a huge white wave', 'auto');
INSERT INTO Words ( sentence_id,word_ID ,word,pos)VALUES (1135, 1, 'A', 'DT'), (1135, 2, 'man', 'NN'), (1135, 3, 'in', 'IN'), (1135, 4, 'blue', 'JJ'), (1135, 5, 'and', 'CC'), (1135, 6, 'black', 'JJ'), (1135, 7, 'surfs', 'VBZ'), (1135, 8, 'on', 'IN'), (1135, 9, 'a', 'DT'), (1135, 10, 'huge', 'JJ'), (1135, 11, 'white', 'JJ'), (1135, 12, 'wave', 'NN');
INSERT INTO triples (sentence_id, predicate_id,relation,arg_start_id,arg_end_id,triple_type)VALUES (1135, 2, 'Property',3, 8, 'auto'), (1135, 2, 'Location',12, 12, 'auto'), (1135, 7, 'Agent',2, 2, 'auto'), (1135, 7, 'Patient',10, 12, 'auto');
INSERT INTO Sentences (sentence_id, sentence, sentence_type)VALUES (1136, 'A man on a surfboard jumping off the top of a wave', 'auto');
INSERT INTO Words ( sentence_id,word_ID ,word,pos)VALUES (1136, 1, 'A', 'DT'), (1136, 2, 'man', 'NN'), (1136, 3, 'on', 'IN'), (1136, 4, 'a', 'DT'), (1136, 5, 'surfboard', 'NN'), (1136, 6, 'jumping', 'VBG'), (1136, 7, 'off', 'RP'), (1136, 8, 'the', 'DT'), (1136, 9, 'top', 'NN'), (1136, 10, 'of', 'IN'), (1136, 11, 'a', 'DT'), (1136, 12, 'wave', 'NN');
INSERT INTO triples (sentence_id, predicate_id,relation,arg_start_id,arg_end_id,triple_type)VALUES (1136, 2, 'Location',3, 5, 'auto'), (1136, 6, 'Agent',2, 2, 'auto'), (1136, 6, 'Source',7, 9, 'auto'), (1136, 6, 'Location',12, 12, 'auto');
INSERT INTO Sentences (sentence_id, sentence, sentence_type)VALUES (1137, 'a surfer is doing an airborne stunt whilst riding waves', 'auto');
INSERT INTO Words ( sentence_id,word_ID ,word,pos)VALUES (1137, 1, 'a', 'DT'), (1137, 2, 'surfer', 'NN'), (1137, 3, 'is', 'VBZ'), (1137, 4, 'doing', 'VBG'), (1137, 5, 'an', 'DT'), (1137, 6, 'airborne', 'JJ'), (1137, 7, 'stunt', 'NN'), (1137, 8, 'whilst', 'IN'), (1137, 9, 'riding', 'VBG'), (1137, 10, 'waves', 'NNS');
INSERT INTO triples (sentence_id, predicate_id,relation,arg_start_id,arg_end_id,triple_type)VALUES (1137, 2, 'Property',3, 10, 'auto'), (1137, 4, 'Agent',2, 2, 'auto'), (1137, 4, 'Patient',6, 7, 'auto'), (1137, 9, 'Agent',2, 2, 'auto'), (1137, 9, 'Patient',10, 10, 'auto');
INSERT INTO Sentences (sentence_id, sentence, sentence_type)VALUES (1138, 'Man boogie boarding on wave', 'auto');
INSERT INTO Words ( sentence_id,word_ID ,word,pos)VALUES (1138, 1, 'Man', 'NN'), (1138, 2, 'boogie', 'NN'), (1138, 3, 'boarding', 'VBG'), (1138, 4, 'on', 'IN'), (1138, 5, 'wave', 'NN');
INSERT INTO triples (sentence_id, predicate_id,relation,arg_start_id,arg_end_id,triple_type)VALUES (1138, 1, 'Location',4, 5, 'auto'), (1138, 3, 'Agent',1, 1, 'auto'), (1138, 3, 'Location',4, 5, 'auto');
INSERT INTO Sentences (sentence_id, sentence, sentence_type)VALUES (1139, 'man surfing', 'auto');
INSERT INTO Words ( sentence_id,word_ID ,word,pos)VALUES (1139, 1, 'man', 'NN'), (1139, 2, 'surfing', 'VBG');
INSERT INTO triples (sentence_id, predicate_id,relation,arg_start_id,arg_end_id,triple_type)VALUES (1139, 2, 'Agent',1, 1, 'auto');
INSERT INTO Sentences (sentence_id, sentence, sentence_type)VALUES (1140, 'A man surfing a small wave and another man on a surfboard paddling toward it', 'auto');
INSERT INTO Words ( sentence_id,word_ID ,word,pos)VALUES (1140, 1, 'A', 'DT'), (1140, 2, 'man', 'NN'), (1140, 3, 'surfing', 'VBG'), (1140, 4, 'a', 'DT'), (1140, 5, 'small', 'JJ'), (1140, 6, 'wave', 'NN'), (1140, 7, 'and', 'CC'), (1140, 8, 'another', 'DT'), (1140, 9, 'man', 'NN'), (1140, 10, 'on', 'IN'), (1140, 11, 'a', 'DT'), (1140, 12, 'surfboard', 'NN'), (1140, 13, 'paddling', 'VBG'), (1140, 14, 'toward', 'IN'), (1140, 15, 'it', 'PRP');
INSERT INTO triples (sentence_id, predicate_id,relation,arg_start_id,arg_end_id,triple_type)VALUES (1140, 2, 'Location',5, 6, 'auto'), (1140, 3, 'Agent',2, 2, 'auto'), (1140, 3, 'Patient',4, 6, 'auto'), (1140, 9, 'Location',10, 12, 'auto'), (1140, 9, 'Property',13, 15, 'auto'), (1140, 12, 'Location',13, 15, 'auto'), (1140, 13, 'Agent',9, 9, 'auto'), (1140, 13, 'Location',10, 12, 'auto'), (1140, 13, 'Destination',14, 15, 'auto');
INSERT INTO Sentences (sentence_id, sentence, sentence_type)VALUES (1141, 'A surfer jumps a wave as one paddles to the wave', 'auto');
INSERT INTO Words ( sentence_id,word_ID ,word,pos)VALUES (1141, 1, 'A', 'DT'), (1141, 2, 'surfer', 'NN'), (1141, 3, 'jumps', 'VBZ'), (1141, 4, 'a', 'DT'), (1141, 5, 'wave', 'NN'), (1141, 6, 'as', 'IN'), (1141, 7, 'one', 'CD'), (1141, 8, 'paddles', 'VBZ'), (1141, 9, 'to', 'TO'), (1141, 10, 'the', 'DT'), (1141, 11, 'wave', 'NN');
INSERT INTO triples (sentence_id, predicate_id,relation,arg_start_id,arg_end_id,triple_type)VALUES (1141, 2, 'Property',3, 5, 'auto'), (1141, 3, 'Agent',2, 2, 'auto'), (1141, 3, 'Patient',4, 5, 'auto'), (1141, 3, 'Location',11, 11, 'auto'), (1141, 7, 'Location',9, 11, 'auto'), (1141, 8, 'Agent',2, 2, 'auto'), (1141, 8, 'Destination',10, 11, 'auto');
INSERT INTO Sentences (sentence_id, sentence, sentence_type)VALUES (1142, 'A surfer vertical in a wave with another approaching him', 'auto');
INSERT INTO Words ( sentence_id,word_ID ,word,pos)VALUES (1142, 1, 'A', 'DT'), (1142, 2, 'surfer', 'NN'), (1142, 3, 'vertical', 'JJ'), (1142, 4, 'in', 'IN'), (1142, 5, 'a', 'DT'), (1142, 6, 'wave', 'NN'), (1142, 7, 'with', 'IN'), (1142, 8, 'another', 'DT'), (1142, 9, 'approaching', 'VBG'), (1142, 10, 'him', 'PRP');
INSERT INTO triples (sentence_id, predicate_id,relation,arg_start_id,arg_end_id,triple_type)VALUES (1142, 2, 'Location',3, 6, 'auto'), (1142, 9, 'Agent',8, 8, 'auto'), (1142, 9, 'Patient',10, 10, 'auto');
INSERT INTO Sentences (sentence_id, sentence, sentence_type)VALUES (1143, 'Two men are surfing in the ocean on a huge wave', 'auto');
INSERT INTO Words ( sentence_id,word_ID ,word,pos)VALUES (1143, 1, 'Two', 'CD'), (1143, 2, 'men', 'NNS'), (1143, 3, 'are', 'VBP'), (1143, 4, 'surfing', 'VBG'), (1143, 5, 'in', 'IN'), (1143, 6, 'the', 'DT'), (1143, 7, 'ocean', 'NN'), (1143, 8, 'on', 'IN'), (1143, 9, 'a', 'DT'), (1143, 10, 'huge', 'JJ'), (1143, 11, 'wave', 'NN');
INSERT INTO triples (sentence_id, predicate_id,relation,arg_start_id,arg_end_id,triple_type)VALUES (1143, 2, 'Location',6, 11, 'auto'), (1143, 4, 'Agent',2, 2, 'auto'), (1143, 4, 'Location',5, 11, 'auto');
INSERT INTO Sentences (sentence_id, sentence, sentence_type)VALUES (1144, 'Two surfers catch a wave', 'auto');
INSERT INTO Words ( sentence_id,word_ID ,word,pos)VALUES (1144, 1, 'Two', 'CD'), (1144, 2, 'surfers', 'NNS'), (1144, 3, 'catch', 'VB'), (1144, 4, 'a', 'DT'), (1144, 5, 'wave', 'NN');
INSERT INTO Sentences (sentence_id, sentence, sentence_type)VALUES (1145, 'A bicyclist is performing a mid-air stunt', 'auto');
INSERT INTO Words ( sentence_id,word_ID ,word,pos)VALUES (1145, 1, 'A', 'DT'), (1145, 2, 'bicyclist', 'NN'), (1145, 3, 'is', 'VBZ'), (1145, 4, 'performing', 'VBG'), (1145, 5, 'a', 'DT'), (1145, 6, 'mid-air', 'JJ'), (1145, 7, 'stunt', 'NN');
INSERT INTO triples (sentence_id, predicate_id,relation,arg_start_id,arg_end_id,triple_type)VALUES (1145, 4, 'Agent',2, 2, 'auto'), (1145, 4, 'Patient',6, 7, 'auto');
INSERT INTO Sentences (sentence_id, sentence, sentence_type)VALUES (1146, 'A biker wearing a white t-shirt is jumping over dirt hills', 'auto');
INSERT INTO Words ( sentence_id,word_ID ,word,pos)VALUES (1146, 1, 'A', 'DT'), (1146, 2, 'biker', 'NN'), (1146, 3, 'wearing', 'VBG'), (1146, 4, 'a', 'DT'), (1146, 5, 'white', 'JJ'), (1146, 6, 't-shirt', 'NN'), (1146, 7, 'is', 'VBZ'), (1146, 8, 'jumping', 'VBG'), (1146, 9, 'over', 'RP'), (1146, 10, 'dirt', 'NN'), (1146, 11, 'hills', 'NNS');
INSERT INTO triples (sentence_id, predicate_id,relation,arg_start_id,arg_end_id,triple_type)VALUES (1146, 2, 'Property',3, 6, 'auto'), (1146, 3, 'Agent',2, 2, 'auto'), (1146, 3, 'Patient',4, 6, 'auto'), (1146, 8, 'Agent',2, 2, 'auto'), (1146, 8, 'Location',9, 9, 'auto'), (1146, 8, 'Patient',10, 11, 'auto');
INSERT INTO Sentences (sentence_id, sentence, sentence_type)VALUES (1147, 'A bmx rider performs a jump while holding the bike with just his hands', 'auto');
INSERT INTO Words ( sentence_id,word_ID ,word,pos)VALUES (1147, 1, 'A', 'DT'), (1147, 2, 'bmx', 'NN'), (1147, 3, 'rider', 'NN'), (1147, 4, 'performs', 'VBZ'), (1147, 5, 'a', 'DT'), (1147, 6, 'jump', 'NN'), (1147, 7, 'while', 'IN'), (1147, 8, 'holding', 'VBG'), (1147, 9, 'the', 'DT'), (1147, 10, 'bike', 'NN'), (1147, 11, 'with', 'IN'), (1147, 12, 'just', 'RB'), (1147, 13, 'his', 'PRP$'), (1147, 14, 'hands', 'NNS');
INSERT INTO triples (sentence_id, predicate_id,relation,arg_start_id,arg_end_id,triple_type)VALUES (1147, 3, 'Property',1, 2, 'auto'), (1147, 4, 'Agent',3, 3, 'auto'), (1147, 4, 'Patient',5, 6, 'auto'), (1147, 8, 'Agent',3, 3, 'auto'), (1147, 8, 'Patient',9, 10, 'auto'), (1147, 8, 'Instrument',11, 14, 'auto'), (1147, 10, 'Location',5, 6, 'auto'), (1147, 10, 'Property',11, 14, 'auto');
INSERT INTO Sentences (sentence_id, sentence, sentence_type)VALUES (1148, 'a man is airborne behind his bike whilst holding onto the handle bars as he attempting a jumping stunt', 'auto');
INSERT INTO Words ( sentence_id,word_ID ,word,pos)VALUES (1148, 1, 'a', 'DT'), (1148, 2, 'man', 'NN'), (1148, 3, 'is', 'VBZ'), (1148, 4, 'airborne', 'JJ'), (1148, 5, 'behind', 'IN'), (1148, 6, 'his', 'PRP$'), (1148, 7, 'bike', 'NN'), (1148, 8, 'whilst', 'IN'), (1148, 9, 'holding', 'VBG'), (1148, 10, 'onto', 'IN'), (1148, 11, 'the', 'DT'), (1148, 12, 'handle', 'NN'), (1148, 13, 'bars', 'NNS'), (1148, 14, 'as', 'IN'), (1148, 15, 'he', 'PRP'), (1148, 16, 'attempting', 'VBG'), (1148, 17, 'a', 'DT'), (1148, 18, 'jumping', 'JJ'), (1148, 19, 'stunt', 'NN');
INSERT INTO triples (sentence_id, predicate_id,relation,arg_start_id,arg_end_id,triple_type)VALUES (1148, 2, 'Location',5, 7, 'auto'), (1148, 2, 'Property',13, 14, 'auto'), (1148, 3, 'Patient',1, 2, 'auto'), (1148, 3, 'Attribute',4, 4, 'auto'), (1148, 3, 'Location',5, 7, 'auto'), (1148, 7, 'Property',6, 6, 'auto'), (1148, 9, 'Agent',2, 2, 'auto'), (1148, 9, 'Patient',12, 13, 'auto'), (1148, 16, 'Agent',15, 15, 'auto'), (1148, 16, 'Patient',17, 19, 'auto');
INSERT INTO Sentences (sentence_id, sentence, sentence_type)VALUES (1149, 'A person performing a bodyless bicycle jump over dirt ramps', 'auto');
INSERT INTO Words ( sentence_id,word_ID ,word,pos)VALUES (1149, 1, 'A', 'DT'), (1149, 2, 'person', 'NN'), (1149, 3, 'performing', 'VBG'), (1149, 4, 'a', 'DT'), (1149, 5, 'bodyless', 'JJ'), (1149, 6, 'bicycle', 'NN'), (1149, 7, 'jump', 'NN'), (1149, 8, 'over', 'IN'), (1149, 9, 'dirt', 'NN'), (1149, 10, 'ramps', 'NNS');
INSERT INTO triples (sentence_id, predicate_id,relation,arg_start_id,arg_end_id,triple_type)VALUES (1149, 2, 'Location',8, 10, 'auto'), (1149, 3, 'Agent',2, 2, 'auto'), (1149, 3, 'Patient',4, 7, 'auto'), (1149, 3, 'Location',8, 10, 'auto'), (1149, 6, 'Location',8, 10, 'auto');
INSERT INTO Sentences (sentence_id, sentence, sentence_type)VALUES (1150, 'A man doing a wheelie on a motorcycle', 'auto');
INSERT INTO Words ( sentence_id,word_ID ,word,pos)VALUES (1150, 1, 'A', 'DT'), (1150, 2, 'man', 'NN'), (1150, 3, 'doing', 'VBG'), (1150, 4, 'a', 'DT'), (1150, 5, 'wheelie', 'NN'), (1150, 6, 'on', 'IN'), (1150, 7, 'a', 'DT'), (1150, 8, 'motorcycle', 'NN');
INSERT INTO triples (sentence_id, predicate_id,relation,arg_start_id,arg_end_id,triple_type)VALUES (1150, 2, 'Location',6, 8, 'auto'), (1150, 3, 'Agent',2, 2, 'auto'), (1150, 3, 'Patient',4, 5, 'auto'), (1150, 3, 'Location',6, 8, 'auto');
INSERT INTO Sentences (sentence_id, sentence, sentence_type)VALUES (1151, 'A motorcyclist is pulling a wheelie on a motocross bike as he rides it up a dirt track', 'auto');
INSERT INTO Words ( sentence_id,word_ID ,word,pos)VALUES (1151, 1, 'A', 'DT'), (1151, 2, 'motorcyclist', 'NN'), (1151, 3, 'is', 'VBZ'), (1151, 4, 'pulling', 'VBG'), (1151, 5, 'a', 'DT'), (1151, 6, 'wheelie', 'NN'), (1151, 7, 'on', 'IN'), (1151, 8, 'a', 'DT'), (1151, 9, 'motocross', 'NN'), (1151, 10, 'bike', 'NN'), (1151, 11, 'as', 'IN'), (1151, 12, 'he', 'PRP'), (1151, 13, 'rides', 'VBZ'), (1151, 14, 'it', 'PRP'), (1151, 15, 'up', 'RP'), (1151, 16, 'a', 'DT'), (1151, 17, 'dirt', 'NN'), (1151, 18, 'track', 'NN');
INSERT INTO triples (sentence_id, predicate_id,relation,arg_start_id,arg_end_id,triple_type)VALUES (1151, 2, 'Property',11, 15, 'auto'), (1151, 2, 'Location',16, 18, 'auto'), (1151, 4, 'Agent',2, 2, 'auto'), (1151, 4, 'Patient',5, 6, 'auto'), (1151, 4, 'Instrument',7, 10, 'auto'), (1151, 10, 'Property',11, 15, 'auto'), (1151, 10, 'Location',16, 18, 'auto'), (1151, 13, 'Agent',12, 12, 'auto'), (1151, 13, 'Patient',14, 14, 'auto'), (1151, 13, 'Location',17, 18, 'auto');
INSERT INTO Sentences (sentence_id, sentence, sentence_type)VALUES (1152, 'a motorcyclist wearing a red and white jacket popping a wheelie on his motorcycle', 'auto');
INSERT INTO Words ( sentence_id,word_ID ,word,pos)VALUES (1152, 1, 'a', 'DT'), (1152, 2, 'motorcyclist', 'NN'), (1152, 3, 'wearing', 'VBG'), (1152, 4, 'a', 'DT'), (1152, 5, 'red', 'JJ'), (1152, 6, 'and', 'CC'), (1152, 7, 'white', 'JJ'), (1152, 8, 'jacket', 'NN'), (1152, 9, 'popping', 'VBG'), (1152, 10, 'a', 'DT'), (1152, 11, 'wheelie', 'NN'), (1152, 12, 'on', 'IN'), (1152, 13, 'his', 'PRP$'), (1152, 14, 'motorcycle', 'NN');
INSERT INTO triples (sentence_id, predicate_id,relation,arg_start_id,arg_end_id,triple_type)VALUES (1152, 2, 'Property',3, 8, 'auto'), (1152, 3, 'Agent',2, 2, 'auto'), (1152, 3, 'Patient',4, 8, 'auto'), (1152, 9, 'Patient',10, 11, 'auto'), (1152, 9, 'Instrument',12, 14, 'auto'), (1152, 14, 'Property',11, 11, 'auto');
INSERT INTO Sentences (sentence_id, sentence, sentence_type)VALUES (1153, 'Person popping a wheelie on a dirt road', 'auto');
INSERT INTO Words ( sentence_id,word_ID ,word,pos)VALUES (1153, 1, 'Person', 'NN'), (1153, 2, 'popping', 'VBG'), (1153, 3, 'a', 'DT'), (1153, 4, 'wheelie', 'NN'), (1153, 5, 'on', 'IN'), (1153, 6, 'a', 'DT'), (1153, 7, 'dirt', 'NN'), (1153, 8, 'road', 'NN');
INSERT INTO triples (sentence_id, predicate_id,relation,arg_start_id,arg_end_id,triple_type)VALUES (1153, 1, 'Location',7, 8, 'auto'), (1153, 2, 'Agent',1, 1, 'auto'), (1153, 2, 'Patient',3, 4, 'auto'), (1153, 2, 'Location',8, 8, 'auto');
INSERT INTO Sentences (sentence_id, sentence, sentence_type)VALUES (1154, 'The man is walking towards a group of people on a long dirt road', 'auto');
INSERT INTO Words ( sentence_id,word_ID ,word,pos)VALUES (1154, 1, 'The', 'DT'), (1154, 2, 'man', 'NN'), (1154, 3, 'is', 'VBZ'), (1154, 4, 'walking', 'VBG'), (1154, 5, 'towards', 'IN'), (1154, 6, 'a', 'DT'), (1154, 7, 'group', 'NN'), (1154, 8, 'of', 'IN'), (1154, 9, 'people', 'NNS'), (1154, 10, 'on', 'IN'), (1154, 11, 'a', 'DT'), (1154, 12, 'long', 'JJ'), (1154, 13, 'dirt', 'NN'), (1154, 14, 'road', 'NN');
INSERT INTO triples (sentence_id, predicate_id,relation,arg_start_id,arg_end_id,triple_type)VALUES (1154, 2, 'Location',11, 14, 'auto'), (1154, 4, 'Agent',2, 2, 'auto'), (1154, 4, 'Location',5, 14, 'auto'), (1154, 9, 'Location',10, 14, 'auto');
INSERT INTO Sentences (sentence_id, sentence, sentence_type)VALUES (1155, 'a football player wearing an orange jersey holding a football', 'auto');
INSERT INTO Words ( sentence_id,word_ID ,word,pos)VALUES (1155, 1, 'a', 'DT'), (1155, 2, 'football', 'NN'), (1155, 3, 'player', 'NN'), (1155, 4, 'wearing', 'VBG'), (1155, 5, 'an', 'DT'), (1155, 6, 'orange', 'JJ'), (1155, 7, 'jersey', 'NN'), (1155, 8, 'holding', 'VBG'), (1155, 9, 'a', 'DT'), (1155, 10, 'football', 'NN');
INSERT INTO triples (sentence_id, predicate_id,relation,arg_start_id,arg_end_id,triple_type)VALUES (1155, 3, 'Property',2, 2, 'auto'), (1155, 4, 'Agent',3, 3, 'auto'), (1155, 4, 'Patient',5, 7, 'auto'), (1155, 8, 'Agent',3, 3, 'auto'), (1155, 8, 'Patient',9, 10, 'auto');
INSERT INTO Sentences (sentence_id, sentence, sentence_type)VALUES (1156, 'A football player wearing an orange uniform smiling and holding the football', 'auto');
INSERT INTO Words ( sentence_id,word_ID ,word,pos)VALUES (1156, 1, 'A', 'DT'), (1156, 2, 'football', 'NN'), (1156, 3, 'player', 'NN'), (1156, 4, 'wearing', 'VBG'), (1156, 5, 'an', 'DT'), (1156, 6, 'orange', 'JJ'), (1156, 7, 'uniform', 'JJ'), (1156, 8, 'smiling', 'VBG'), (1156, 9, 'and', 'CC'), (1156, 10, 'holding', 'VBG'), (1156, 11, 'the', 'DT'), (1156, 12, 'football', 'NN');
INSERT INTO triples (sentence_id, predicate_id,relation,arg_start_id,arg_end_id,triple_type)VALUES (1156, 3, 'Property',2, 2, 'auto'), (1156, 4, 'Agent',3, 3, 'auto'), (1156, 4, 'Patient',5, 7, 'auto'), (1156, 8, 'Agent',3, 3, 'auto'), (1156, 10, 'Agent',3, 3, 'auto'), (1156, 10, 'Patient',11, 12, 'auto');
INSERT INTO Sentences (sentence_id, sentence, sentence_type)VALUES (1157, 'A man in an orange jersey with the letter ( 12 ) on it plays football', 'auto');
INSERT INTO Words ( sentence_id,word_ID ,word,pos)VALUES (1157, 1, 'A', 'DT'), (1157, 2, 'man', 'NN'), (1157, 3, 'in', 'IN'), (1157, 4, 'an', 'DT'), (1157, 5, 'orange', 'JJ'), (1157, 6, 'jersey', 'NN'), (1157, 7, 'with', 'IN'), (1157, 8, 'the', 'DT'), (1157, 9, 'letter', 'NN'), (1157, 10, '(', '('), (1157, 11, '12', 'CD'), (1157, 12, ')', ')'), (1157, 13, 'on', 'IN'), (1157, 14, 'it', 'PRP'), (1157, 15, 'plays', 'VBZ'), (1157, 16, 'football', 'NN');
INSERT INTO triples (sentence_id, predicate_id,relation,arg_start_id,arg_end_id,triple_type)VALUES (1157, 2, 'Property',3, 14, 'auto'), (1157, 15, 'Agent',2, 2, 'auto'), (1157, 15, 'Patient',16, 16, 'auto');
INSERT INTO Sentences (sentence_id, sentence, sentence_type)VALUES (1158, 'A University of Miami player holds a football', 'auto');
INSERT INTO Words ( sentence_id,word_ID ,word,pos)VALUES (1158, 1, 'A', 'DT'), (1158, 2, 'University', 'NNP'), (1158, 3, 'of', 'IN'), (1158, 4, 'Miami', 'NNP'), (1158, 5, 'player', 'NN'), (1158, 6, 'holds', 'VBZ'), (1158, 7, 'a', 'DT'), (1158, 8, 'football', 'NN');
INSERT INTO triples (sentence_id, predicate_id,relation,arg_start_id,arg_end_id,triple_type)VALUES (1158, 5, 'Property',2, 4, 'auto'), (1158, 6, 'Agent',5, 5, 'auto'), (1158, 6, 'Patient',7, 8, 'auto');
INSERT INTO Sentences (sentence_id, sentence, sentence_type)VALUES (1159, 'Number 12 in orange gets ready to throw the football', 'auto');
INSERT INTO Words ( sentence_id,word_ID ,word,pos)VALUES (1159, 1, 'Number', 'NN'), (1159, 2, '12', 'CD'), (1159, 3, 'in', 'IN'), (1159, 4, 'orange', 'JJ'), (1159, 5, 'gets', 'VBZ'), (1159, 6, 'ready', 'JJ'), (1159, 7, 'to', 'TO'), (1159, 8, 'throw', 'VB'), (1159, 9, 'the', 'DT'), (1159, 10, 'football', 'NN');
INSERT INTO triples (sentence_id, predicate_id,relation,arg_start_id,arg_end_id,triple_type)VALUES (1159, 5, 'Agent',1, 4, 'auto'), (1159, 5, 'Patient',6, 6, 'auto'), (1159, 5, 'Beneficiary',7, 8, 'auto'), (1159, 8, 'Agent',1, 4, 'auto'), (1159, 8, 'Patient',9, 10, 'auto');
INSERT INTO Sentences (sentence_id, sentence, sentence_type)VALUES (1160, 'football players wearing orange uniforms are tackling a player in a whiteuniform', 'auto');
INSERT INTO Words ( sentence_id,word_ID ,word,pos)VALUES (1160, 1, 'football', 'NN'), (1160, 2, 'players', 'NNS'), (1160, 3, 'wearing', 'VBG'), (1160, 4, 'orange', 'JJ'), (1160, 5, 'uniforms', 'NNS'), (1160, 6, 'are', 'VBP'), (1160, 7, 'tackling', 'VBG'), (1160, 8, 'a', 'DT'), (1160, 9, 'player', 'NN'), (1160, 10, 'in', 'IN'), (1160, 11, 'a', 'DT'), (1160, 12, 'whiteuniform', 'NN');
INSERT INTO triples (sentence_id, predicate_id,relation,arg_start_id,arg_end_id,triple_type)VALUES (1160, 2, 'Property',3, 5, 'auto'), (1160, 3, 'Agent',2, 2, 'auto'), (1160, 3, 'Patient',4, 5, 'auto'), (1160, 7, 'Agent',2, 2, 'auto'), (1160, 7, 'Patient',8, 12, 'auto'), (1160, 9, 'Property',10, 12, 'auto');
INSERT INTO Sentences (sentence_id, sentence, sentence_type)VALUES (1161, 'A tackle in a football game', 'auto');
INSERT INTO Words ( sentence_id,word_ID ,word,pos)VALUES (1161, 1, 'A', 'DT'), (1161, 2, 'tackle', 'NN'), (1161, 3, 'in', 'IN'), (1161, 4, 'a', 'DT'), (1161, 5, 'football', 'NN'), (1161, 6, 'game', 'NN');
INSERT INTO triples (sentence_id, predicate_id,relation,arg_start_id,arg_end_id,triple_type)VALUES (1161, 2, 'Location',3, 6, 'auto');
INSERT INTO Sentences (sentence_id, sentence, sentence_type)VALUES (1162, 'Three footballers in a tackle', 'auto');
INSERT INTO Words ( sentence_id,word_ID ,word,pos)VALUES (1162, 1, 'Three', 'CD'), (1162, 2, 'footballers', 'NNS'), (1162, 3, 'in', 'IN'), (1162, 4, 'a', 'DT'), (1162, 5, 'tackle', 'NN');
INSERT INTO triples (sentence_id, predicate_id,relation,arg_start_id,arg_end_id,triple_type)VALUES (1162, 2, 'Property',1, 1, 'auto'), (1162, 2, 'Location',3, 5, 'auto');
INSERT INTO Sentences (sentence_id, sentence, sentence_type)VALUES (1163, 'Three men are involved in a football game are tackling each other', 'auto');
INSERT INTO Words ( sentence_id,word_ID ,word,pos)VALUES (1163, 1, 'Three', 'CD'), (1163, 2, 'men', 'NNS'), (1163, 3, 'are', 'VBP'), (1163, 4, 'involved', 'VBN'), (1163, 5, 'in', 'IN'), (1163, 6, 'a', 'DT'), (1163, 7, 'football', 'NN'), (1163, 8, 'game', 'NN'), (1163, 9, 'are', 'VBP'), (1163, 10, 'tackling', 'VBG'), (1163, 11, 'each', 'DT'), (1163, 12, 'other', 'JJ');
INSERT INTO triples (sentence_id, predicate_id,relation,arg_start_id,arg_end_id,triple_type)VALUES (1163, 2, 'Property',1, 1, 'auto'), (1163, 2, 'Location',4, 8, 'auto'), (1163, 4, 'Patient',1, 2, 'auto'), (1163, 4, 'Location',5, 8, 'auto'), (1163, 10, 'Agent',2, 2, 'auto'), (1163, 10, 'Patient',11, 12, 'auto');
INSERT INTO Sentences (sentence_id, sentence, sentence_type)VALUES (1164, 'two players take down the player with the ball in a football game', 'auto');
INSERT INTO Words ( sentence_id,word_ID ,word,pos)VALUES (1164, 1, 'two', 'CD'), (1164, 2, 'players', 'NNS'), (1164, 3, 'take', 'VBP'), (1164, 4, 'down', 'RP'), (1164, 5, 'the', 'DT'), (1164, 6, 'player', 'NN'), (1164, 7, 'with', 'IN'), (1164, 8, 'the', 'DT'), (1164, 9, 'ball', 'NN'), (1164, 10, 'in', 'IN'), (1164, 11, 'a', 'DT'), (1164, 12, 'football', 'NN'), (1164, 13, 'game', 'NN');
INSERT INTO triples (sentence_id, predicate_id,relation,arg_start_id,arg_end_id,triple_type)VALUES (1164, 2, 'Property',1, 1, 'auto'), (1164, 3, 'Agent',2, 2, 'auto'), (1164, 3, 'Destination',4, 4, 'auto'), (1164, 3, 'Patient',5, 6, 'auto'), (1164, 3, 'Location',12, 13, 'auto'), (1164, 6, 'Property',7, 9, 'auto'), (1164, 6, 'Location',12, 13, 'auto'), (1164, 9, 'Location',10, 13, 'auto');
INSERT INTO Sentences (sentence_id, sentence, sentence_type)VALUES (1165, 'A group of downhill skateboards going down a hill', 'auto');
INSERT INTO Words ( sentence_id,word_ID ,word,pos)VALUES (1165, 1, 'A', 'DT'), (1165, 2, 'group', 'NN'), (1165, 3, 'of', 'IN'), (1165, 4, 'downhill', 'RB'), (1165, 5, 'skateboards', 'NNS'), (1165, 6, 'going', 'VBG'), (1165, 7, 'down', 'RP'), (1165, 8, 'a', 'DT'), (1165, 9, 'hill', 'NN');
INSERT INTO triples (sentence_id, predicate_id,relation,arg_start_id,arg_end_id,triple_type)VALUES (1165, 6, 'Agent',2, 5, 'auto'), (1165, 6, 'Destination',7, 7, 'auto'), (1165, 6, 'Patient',8, 9, 'auto');
INSERT INTO Sentences (sentence_id, sentence, sentence_type)VALUES (1166, 'A man in a white helmet crouches while he skateboards', 'auto');
INSERT INTO Words ( sentence_id,word_ID ,word,pos)VALUES (1166, 1, 'A', 'DT'), (1166, 2, 'man', 'NN'), (1166, 3, 'in', 'IN'), (1166, 4, 'a', 'DT'), (1166, 5, 'white', 'JJ'), (1166, 6, 'helmet', 'NN'), (1166, 7, 'crouches', 'VBZ'), (1166, 8, 'while', 'IN'), (1166, 9, 'he', 'PRP'), (1166, 10, 'skateboards', 'VBZ');
INSERT INTO triples (sentence_id, predicate_id,relation,arg_start_id,arg_end_id,triple_type)VALUES (1166, 2, 'Property',3, 6, 'auto'), (1166, 7, 'Agent',2, 2, 'auto'), (1166, 10, 'Agent',9, 9, 'auto');
INSERT INTO Sentences (sentence_id, sentence, sentence_type)VALUES (1167, 'Two downhill skateboarders round a curve while others watch', 'auto');
INSERT INTO Words ( sentence_id,word_ID ,word,pos)VALUES (1167, 1, 'Two', 'CD'), (1167, 2, 'downhill', 'RB'), (1167, 3, 'skateboarders', 'NNS'), (1167, 4, 'round', 'VBP'), (1167, 5, 'a', 'DT'), (1167, 6, 'curve', 'NN'), (1167, 7, 'while', 'IN'), (1167, 8, 'others', 'NNS'), (1167, 9, 'watch', 'VBP');
INSERT INTO triples (sentence_id, predicate_id,relation,arg_start_id,arg_end_id,triple_type)VALUES (1167, 4, 'Agent',3, 3, 'auto'), (1167, 4, 'Patient',5, 6, 'auto'), (1167, 6, 'Location',1, 4, 'auto'), (1167, 9, 'Patient',1, 7, 'auto'), (1167, 9, 'Agent',8, 8, 'auto');
INSERT INTO Sentences (sentence_id, sentence, sentence_type)VALUES (1168, 'Two skate boarders wearing helmets are going around a turn', 'auto');
INSERT INTO Words ( sentence_id,word_ID ,word,pos)VALUES (1168, 1, 'Two', 'CD'), (1168, 2, 'skate', 'VBP'), (1168, 3, 'boarders', 'NNS'), (1168, 4, 'wearing', 'VBG'), (1168, 5, 'helmets', 'NNS'), (1168, 6, 'are', 'VBP'), (1168, 7, 'going', 'VBG'), (1168, 8, 'around', 'IN'), (1168, 9, 'a', 'DT'), (1168, 10, 'turn', 'NN');
INSERT INTO triples (sentence_id, predicate_id,relation,arg_start_id,arg_end_id,triple_type)VALUES (1168, 2, 'Patient',3, 7, 'auto'), (1168, 2, 'Location',8, 10, 'auto'), (1168, 4, 'Source',1, 1, 'auto'), (1168, 4, 'Patient',5, 10, 'auto'), (1168, 7, 'Agent',3, 3, 'auto'), (1168, 7, 'Patient',4, 5, 'auto'), (1168, 7, 'Location',8, 10, 'auto');
INSERT INTO Sentences (sentence_id, sentence, sentence_type)VALUES (1169, 'two skateboarders wearing their helmets riding down a street', 'auto');
INSERT INTO Words ( sentence_id,word_ID ,word,pos)VALUES (1169, 1, 'two', 'CD'), (1169, 2, 'skateboarders', 'NNS'), (1169, 3, 'wearing', 'VBG'), (1169, 4, 'their', 'PRP$'), (1169, 5, 'helmets', 'NNS'), (1169, 6, 'riding', 'VBG'), (1169, 7, 'down', 'RP'), (1169, 8, 'a', 'DT'), (1169, 9, 'street', 'NN');
INSERT INTO triples (sentence_id, predicate_id,relation,arg_start_id,arg_end_id,triple_type)VALUES (1169, 3, 'Agent',2, 2, 'auto'), (1169, 3, 'Patient',4, 5, 'auto'), (1169, 6, 'Time',1, 1, 'auto'), (1169, 6, 'Destination',7, 7, 'auto'), (1169, 6, 'Location',8, 9, 'auto');
INSERT INTO Sentences (sentence_id, sentence, sentence_type)VALUES (1170, 'A biker rides on a dirt road', 'auto');
INSERT INTO Words ( sentence_id,word_ID ,word,pos)VALUES (1170, 1, 'A', 'DT'), (1170, 2, 'biker', 'NN'), (1170, 3, 'rides', 'VBZ'), (1170, 4, 'on', 'IN'), (1170, 5, 'a', 'DT'), (1170, 6, 'dirt', 'NN'), (1170, 7, 'road', 'NN');
INSERT INTO triples (sentence_id, predicate_id,relation,arg_start_id,arg_end_id,triple_type)VALUES (1170, 2, 'Property',3, 7, 'auto'), (1170, 3, 'Agent',2, 2, 'auto'), (1170, 3, 'Location',4, 7, 'auto');
INSERT INTO Sentences (sentence_id, sentence, sentence_type)VALUES (1171, 'A LONE MOUNTAIN BIKER RIDING ON A MOUTNAIN TRAIL WEARING A HELMENT', 'auto');
INSERT INTO Words ( sentence_id,word_ID ,word,pos)VALUES (1171, 1, 'A', 'DT'), (1171, 2, 'LONE', 'JJ'), (1171, 3, 'MOUNTAIN', 'NNP'), (1171, 4, 'BIKER', 'NNP'), (1171, 5, 'RIDING', 'VBG'), (1171, 6, 'ON', 'IN'), (1171, 7, 'A', 'DT'), (1171, 8, 'MOUTNAIN', 'JJ'), (1171, 9, 'TRAIL', 'NN'), (1171, 10, 'WEARING', 'VBG'), (1171, 11, 'A', 'DT'), (1171, 12, 'HELMENT', 'NN');
INSERT INTO triples (sentence_id, predicate_id,relation,arg_start_id,arg_end_id,triple_type)VALUES (1171, 4, 'Property',1, 3, 'auto'), (1171, 5, 'Agent',1, 4, 'auto'), (1171, 5, 'Location',7, 9, 'auto'), (1171, 10, 'Patient',11, 12, 'auto');
INSERT INTO Sentences (sentence_id, sentence, sentence_type)VALUES (1172, 'A person on a bmx bike', 'auto');
INSERT INTO Words ( sentence_id,word_ID ,word,pos)VALUES (1172, 1, 'A', 'DT'), (1172, 2, 'person', 'NN'), (1172, 3, 'on', 'IN'), (1172, 4, 'a', 'DT'), (1172, 5, 'bmx', 'NN'), (1172, 6, 'bike', 'NN');
INSERT INTO Sentences (sentence_id, sentence, sentence_type)VALUES (1173, 'A person on a BMX bike is riding on an outdoor course', 'auto');
INSERT INTO Words ( sentence_id,word_ID ,word,pos)VALUES (1173, 1, 'A', 'DT'), (1173, 2, 'person', 'NN'), (1173, 3, 'on', 'IN'), (1173, 4, 'a', 'DT'), (1173, 5, 'BMX', 'NNP'), (1173, 6, 'bike', 'NN'), (1173, 7, 'is', 'VBZ'), (1173, 8, 'riding', 'VBG'), (1173, 9, 'on', 'IN'), (1173, 10, 'an', 'DT'), (1173, 11, 'outdoor', 'JJ'), (1173, 12, 'course', 'NN');
INSERT INTO triples (sentence_id, predicate_id,relation,arg_start_id,arg_end_id,triple_type)VALUES (1173, 2, 'Property',6, 6, 'auto'), (1173, 2, 'Location',9, 12, 'auto'), (1173, 6, 'Property',5, 5, 'auto'), (1173, 6, 'Location',9, 12, 'auto'), (1173, 8, 'Agent',2, 2, 'auto'), (1173, 8, 'Location',9, 12, 'auto');
INSERT INTO Sentences (sentence_id, sentence, sentence_type)VALUES (1174, 'Dirt bike rider jumping down the hill', 'auto');
INSERT INTO Words ( sentence_id,word_ID ,word,pos)VALUES (1174, 1, 'Dirt', 'NN'), (1174, 2, 'bike', 'NN'), (1174, 3, 'rider', 'NN'), (1174, 4, 'jumping', 'VBG'), (1174, 5, 'down', 'RP'), (1174, 6, 'the', 'DT'), (1174, 7, 'hill', 'NN');
INSERT INTO triples (sentence_id, predicate_id,relation,arg_start_id,arg_end_id,triple_type)VALUES (1174, 2, 'Property',1, 1, 'auto'), (1174, 2, 'Location',7, 7, 'auto'), (1174, 3, 'Property',1, 2, 'auto'), (1174, 4, 'Patient',1, 2, 'auto'), (1174, 4, 'Agent',3, 3, 'auto'), (1174, 4, 'Destination',5, 5, 'auto'), (1174, 4, 'Location',7, 7, 'auto');
INSERT INTO Sentences (sentence_id, sentence, sentence_type)VALUES (1175, 'A boxer is being examined in his corner by a member of his support team', 'auto');
INSERT INTO Words ( sentence_id,word_ID ,word,pos)VALUES (1175, 1, 'A', 'DT'), (1175, 2, 'boxer', 'NN'), (1175, 3, 'is', 'VBZ'), (1175, 4, 'being', 'VBG'), (1175, 5, 'examined', 'VBN'), (1175, 6, 'in', 'IN'), (1175, 7, 'his', 'PRP$'), (1175, 8, 'corner', 'NN'), (1175, 9, 'by', 'IN'), (1175, 10, 'a', 'DT'), (1175, 11, 'member', 'NN'), (1175, 12, 'of', 'IN'), (1175, 13, 'his', 'PRP$'), (1175, 14, 'support', 'NN'), (1175, 15, 'team', 'NN');
INSERT INTO triples (sentence_id, predicate_id,relation,arg_start_id,arg_end_id,triple_type)VALUES (1175, 5, 'Patient',1, 2, 'auto'), (1175, 5, 'Location',6, 8, 'auto'), (1175, 5, 'Agent',10, 11, 'auto');
INSERT INTO Sentences (sentence_id, sentence, sentence_type)VALUES (1176, 'A boxer with a red helmet has water sprayed into his mouth by his coach in the boxing ring', 'auto');
INSERT INTO Words ( sentence_id,word_ID ,word,pos)VALUES (1176, 1, 'A', 'DT'), (1176, 2, 'boxer', 'NN'), (1176, 3, 'with', 'IN'), (1176, 4, 'a', 'DT'), (1176, 5, 'red', 'JJ'), (1176, 6, 'helmet', 'NN'), (1176, 7, 'has', 'VBZ'), (1176, 8, 'water', 'NN'), (1176, 9, 'sprayed', 'VBN'), (1176, 10, 'into', 'IN'), (1176, 11, 'his', 'PRP$'), (1176, 12, 'mouth', 'NN'), (1176, 13, 'by', 'IN'), (1176, 14, 'his', 'PRP$'), (1176, 15, 'coach', 'NN'), (1176, 16, 'in', 'IN'), (1176, 17, 'the', 'DT'), (1176, 18, 'boxing', 'NN'), (1176, 19, 'ring', 'NN');
INSERT INTO triples (sentence_id, predicate_id,relation,arg_start_id,arg_end_id,triple_type)VALUES (1176, 2, 'Property',3, 6, 'auto'), (1176, 7, 'Agent',2, 2, 'auto'), (1176, 7, 'Patient',8, 15, 'auto'), (1176, 7, 'Location',18, 19, 'auto'), (1176, 8, 'Property',10, 15, 'auto'), (1176, 8, 'Location',16, 19, 'auto'), (1176, 9, 'Patient',8, 8, 'auto'), (1176, 9, 'Destination',10, 12, 'auto'), (1176, 9, 'Agent',13, 15, 'auto'), (1176, 9, 'Location',16, 19, 'auto');
INSERT INTO Sentences (sentence_id, sentence, sentence_type)VALUES (1177, 'A man in a red helmet has water squirted in his mouth by another man in a boxing ring', 'auto');
INSERT INTO Words ( sentence_id,word_ID ,word,pos)VALUES (1177, 1, 'A', 'DT'), (1177, 2, 'man', 'NN'), (1177, 3, 'in', 'IN'), (1177, 4, 'a', 'DT'), (1177, 5, 'red', 'JJ'), (1177, 6, 'helmet', 'NN'), (1177, 7, 'has', 'VBZ'), (1177, 8, 'water', 'NN'), (1177, 9, 'squirted', 'VBN'), (1177, 10, 'in', 'IN'), (1177, 11, 'his', 'PRP$'), (1177, 12, 'mouth', 'NN'), (1177, 13, 'by', 'IN'), (1177, 14, 'another', 'DT'), (1177, 15, 'man', 'NN'), (1177, 16, 'in', 'IN'), (1177, 17, 'a', 'DT'), (1177, 18, 'boxing', 'NN'), (1177, 19, 'ring', 'NN');
INSERT INTO triples (sentence_id, predicate_id,relation,arg_start_id,arg_end_id,triple_type)VALUES (1177, 2, 'Property',3, 6, 'auto'), (1177, 7, 'Agent',2, 2, 'auto'), (1177, 7, 'Patient',8, 12, 'auto'), (1177, 7, 'Location',18, 19, 'auto'), (1177, 8, 'Location',13, 19, 'auto'), (1177, 9, 'Patient',8, 8, 'auto'), (1177, 9, 'Destination',12, 12, 'auto'), (1177, 9, 'Agent',13, 15, 'auto'), (1177, 9, 'Location',18, 19, 'auto'), (1177, 15, 'Location',18, 19, 'auto');
INSERT INTO Sentences (sentence_id, sentence, sentence_type)VALUES (1178, 'A trainer giving water to a boxer in the corner', 'auto');
INSERT INTO Words ( sentence_id,word_ID ,word,pos)VALUES (1178, 1, 'A', 'DT'), (1178, 2, 'trainer', 'NN'), (1178, 3, 'giving', 'VBG'), (1178, 4, 'water', 'NN'), (1178, 5, 'to', 'TO'), (1178, 6, 'a', 'DT'), (1178, 7, 'boxer', 'NN'), (1178, 8, 'in', 'IN'), (1178, 9, 'the', 'DT'), (1178, 10, 'corner', 'NN');
INSERT INTO Sentences (sentence_id, sentence, sentence_type)VALUES (1179, 'Man spraying water into boxer \'s mouth', 'auto');
INSERT INTO Words ( sentence_id,word_ID ,word,pos)VALUES (1179, 1, 'Man', 'NN'), (1179, 2, 'spraying', 'VBG'), (1179, 3, 'water', 'NN'), (1179, 4, 'into', 'IN'), (1179, 5, 'boxer', 'NN'), (1179, 6, '\'s', 'POS'), (1179, 7, 'mouth', 'NN');
INSERT INTO triples (sentence_id, predicate_id,relation,arg_start_id,arg_end_id,triple_type)VALUES (1179, 1, 'Property',2, 7, 'auto'), (1179, 2, 'Agent',1, 1, 'auto'), (1179, 2, 'Patient',3, 3, 'auto'), (1179, 2, 'Destination',7, 7, 'auto'), (1179, 3, 'Location',7, 7, 'auto');
INSERT INTO Sentences (sentence_id, sentence, sentence_type)VALUES (1180, 'A big , black dog with a red collar runs in the water', 'auto');
INSERT INTO Words ( sentence_id,word_ID ,word,pos)VALUES (1180, 1, 'A', 'DT'), (1180, 2, 'big', 'JJ'), (1180, 3, ',', ','), (1180, 4, 'black', 'JJ'), (1180, 5, 'dog', 'NN'), (1180, 6, 'with', 'IN'), (1180, 7, 'a', 'DT'), (1180, 8, 'red', 'JJ'), (1180, 9, 'collar', 'NN'), (1180, 10, 'runs', 'VBZ'), (1180, 11, 'in', 'IN'), (1180, 12, 'the', 'DT'), (1180, 13, 'water', 'NN');
INSERT INTO triples (sentence_id, predicate_id,relation,arg_start_id,arg_end_id,triple_type)VALUES (1180, 5, 'Property',6, 9, 'auto'), (1180, 5, 'Location',13, 13, 'auto'), (1180, 10, 'Agent',5, 5, 'auto'), (1180, 10, 'Destination',13, 13, 'auto');
INSERT INTO Sentences (sentence_id, sentence, sentence_type)VALUES (1181, 'A black dog in a red collar splashing through the water', 'auto');
INSERT INTO Words ( sentence_id,word_ID ,word,pos)VALUES (1181, 1, 'A', 'DT'), (1181, 2, 'black', 'JJ'), (1181, 3, 'dog', 'NN'), (1181, 4, 'in', 'IN'), (1181, 5, 'a', 'DT'), (1181, 6, 'red', 'JJ'), (1181, 7, 'collar', 'NN'), (1181, 8, 'splashing', 'VBG'), (1181, 9, 'through', 'IN'), (1181, 10, 'the', 'DT'), (1181, 11, 'water', 'NN');
INSERT INTO triples (sentence_id, predicate_id,relation,arg_start_id,arg_end_id,triple_type)VALUES (1181, 3, 'Property',4, 8, 'auto'), (1181, 3, 'Location',11, 11, 'auto'), (1181, 8, 'Agent',3, 3, 'auto'), (1181, 8, 'Location',9, 11, 'auto');
INSERT INTO Sentences (sentence_id, sentence, sentence_type)VALUES (1182, 'A black dog is running through some water', 'auto');
INSERT INTO Words ( sentence_id,word_ID ,word,pos)VALUES (1182, 1, 'A', 'DT'), (1182, 2, 'black', 'JJ'), (1182, 3, 'dog', 'NN'), (1182, 4, 'is', 'VBZ'), (1182, 5, 'running', 'VBG'), (1182, 6, 'through', 'IN'), (1182, 7, 'some', 'DT'), (1182, 8, 'water', 'NN');
INSERT INTO triples (sentence_id, predicate_id,relation,arg_start_id,arg_end_id,triple_type)VALUES (1182, 3, 'Property',1, 2, 'auto'), (1182, 3, 'Location',7, 8, 'auto'), (1182, 5, 'Agent',3, 3, 'auto'), (1182, 5, 'Location',6, 8, 'auto');
INSERT INTO Sentences (sentence_id, sentence, sentence_type)VALUES (1183, 'A black dog splashes in the water', 'auto');
INSERT INTO Words ( sentence_id,word_ID ,word,pos)VALUES (1183, 1, 'A', 'DT'), (1183, 2, 'black', 'JJ'), (1183, 3, 'dog', 'NN'), (1183, 4, 'splashes', 'VBZ'), (1183, 5, 'in', 'IN'), (1183, 6, 'the', 'DT'), (1183, 7, 'water', 'NN');
INSERT INTO triples (sentence_id, predicate_id,relation,arg_start_id,arg_end_id,triple_type)VALUES (1183, 3, 'Property',1, 2, 'auto'), (1183, 3, 'Location',5, 7, 'auto'), (1183, 4, 'Patient',1, 2, 'auto'), (1183, 4, 'Agent',3, 3, 'auto'), (1183, 4, 'Location',5, 6, 'auto'), (1183, 4, 'Destination',7, 7, 'auto'), (1183, 7, 'Property',4, 4, 'auto'), (1183, 7, 'Location',5, 6, 'auto');
INSERT INTO Sentences (sentence_id, sentence, sentence_type)VALUES (1184, 'A black dog with a red collar is walking through water', 'auto');
INSERT INTO Words ( sentence_id,word_ID ,word,pos)VALUES (1184, 1, 'A', 'DT'), (1184, 2, 'black', 'JJ'), (1184, 3, 'dog', 'NN'), (1184, 4, 'with', 'IN'), (1184, 5, 'a', 'DT'), (1184, 6, 'red', 'JJ'), (1184, 7, 'collar', 'NN'), (1184, 8, 'is', 'VBZ'), (1184, 9, 'walking', 'VBG'), (1184, 10, 'through', 'IN'), (1184, 11, 'water', 'NN');
INSERT INTO triples (sentence_id, predicate_id,relation,arg_start_id,arg_end_id,triple_type)VALUES (1184, 3, 'Property',4, 8, 'auto'), (1184, 9, 'Agent',3, 3, 'auto'), (1184, 9, 'Location',10, 11, 'auto');
INSERT INTO Sentences (sentence_id, sentence, sentence_type)VALUES (1185, 'A man loses control of his water craft', 'auto');
INSERT INTO Words ( sentence_id,word_ID ,word,pos)VALUES (1185, 1, 'A', 'DT'), (1185, 2, 'man', 'NN'), (1185, 3, 'loses', 'VBZ'), (1185, 4, 'control', 'NN'), (1185, 5, 'of', 'IN'), (1185, 6, 'his', 'PRP$'), (1185, 7, 'water', 'NN'), (1185, 8, 'craft', 'NN');
INSERT INTO triples (sentence_id, predicate_id,relation,arg_start_id,arg_end_id,triple_type)VALUES (1185, 2, 'Property',6, 8, 'auto'), (1185, 3, 'Agent',2, 2, 'auto'), (1185, 3, 'Attribute',4, 4, 'auto'), (1185, 3, 'Patient',6, 8, 'auto'), (1185, 8, 'Property',6, 7, 'auto');
INSERT INTO Sentences (sentence_id, sentence, sentence_type)VALUES (1186, 'A man parasails on the water', 'auto');
INSERT INTO Words ( sentence_id,word_ID ,word,pos)VALUES (1186, 1, 'A', 'DT'), (1186, 2, 'man', 'NN'), (1186, 3, 'parasails', 'VBZ'), (1186, 4, 'on', 'IN'), (1186, 5, 'the', 'DT'), (1186, 6, 'water', 'NN');
INSERT INTO triples (sentence_id, predicate_id,relation,arg_start_id,arg_end_id,triple_type)VALUES (1186, 2, 'Property',3, 3, 'auto'), (1186, 2, 'Location',4, 6, 'auto'), (1186, 3, 'Agent',2, 2, 'auto'), (1186, 3, 'Location',4, 6, 'auto');
INSERT INTO Sentences (sentence_id, sentence, sentence_type)VALUES (1187, 'A wind surfer falls off his boat in the ocean', 'auto');
INSERT INTO Words ( sentence_id,word_ID ,word,pos)VALUES (1187, 1, 'A', 'DT'), (1187, 2, 'wind', 'NN'), (1187, 3, 'surfer', 'NN'), (1187, 4, 'falls', 'VBZ'), (1187, 5, 'off', 'RP'), (1187, 6, 'his', 'PRP$'), (1187, 7, 'boat', 'NN'), (1187, 8, 'in', 'IN'), (1187, 9, 'the', 'DT'), (1187, 10, 'ocean', 'NN');
INSERT INTO triples (sentence_id, predicate_id,relation,arg_start_id,arg_end_id,triple_type)VALUES (1187, 3, 'Property',1, 2, 'auto'), (1187, 4, 'Agent',3, 3, 'auto'), (1187, 4, 'Source',5, 7, 'auto'), (1187, 4, 'Destination',10, 10, 'auto'), (1187, 7, 'Property',6, 6, 'auto'), (1187, 7, 'Location',9, 10, 'auto');
INSERT INTO Sentences (sentence_id, sentence, sentence_type)VALUES (1188, 'The man was sailing in the ocean and fell off his boat', 'auto');
INSERT INTO Words ( sentence_id,word_ID ,word,pos)VALUES (1188, 1, 'The', 'DT'), (1188, 2, 'man', 'NN'), (1188, 3, 'was', 'VBD'), (1188, 4, 'sailing', 'VBG'), (1188, 5, 'in', 'IN'), (1188, 6, 'the', 'DT'), (1188, 7, 'ocean', 'NN'), (1188, 8, 'and', 'CC'), (1188, 9, 'fell', 'VBD'), (1188, 10, 'off', 'RP'), (1188, 11, 'his', 'PRP$'), (1188, 12, 'boat', 'NN');
INSERT INTO triples (sentence_id, predicate_id,relation,arg_start_id,arg_end_id,triple_type)VALUES (1188, 2, 'Location',3, 7, 'auto'), (1188, 2, 'Property',8, 12, 'auto'), (1188, 4, 'Agent',2, 2, 'auto'), (1188, 4, 'Location',5, 8, 'auto'), (1188, 4, 'Patient',11, 12, 'auto'), (1188, 9, 'Agent',2, 2, 'auto'), (1188, 9, 'Source',11, 12, 'auto'), (1188, 12, 'Location',7, 7, 'auto');
INSERT INTO Sentences (sentence_id, sentence, sentence_type)VALUES (1189, 'The sailboarder is falling in the water', 'auto');
INSERT INTO Words ( sentence_id,word_ID ,word,pos)VALUES (1189, 1, 'The', 'DT'), (1189, 2, 'sailboarder', 'NN'), (1189, 3, 'is', 'VBZ'), (1189, 4, 'falling', 'VBG'), (1189, 5, 'in', 'IN'), (1189, 6, 'the', 'DT'), (1189, 7, 'water', 'NN');
INSERT INTO triples (sentence_id, predicate_id,relation,arg_start_id,arg_end_id,triple_type)VALUES (1189, 4, 'Agent',2, 2, 'auto'), (1189, 4, 'Destination',7, 7, 'auto');
INSERT INTO Sentences (sentence_id, sentence, sentence_type)VALUES (1190, 'A person is on a ramp on a skateboard', 'auto');
INSERT INTO Words ( sentence_id,word_ID ,word,pos)VALUES (1190, 1, 'A', 'DT'), (1190, 2, 'person', 'NN'), (1190, 3, 'is', 'VBZ'), (1190, 4, 'on', 'IN'), (1190, 5, 'a', 'DT'), (1190, 6, 'ramp', 'NN'), (1190, 7, 'on', 'IN'), (1190, 8, 'a', 'DT'), (1190, 9, 'skateboard', 'NN');
INSERT INTO triples (sentence_id, predicate_id,relation,arg_start_id,arg_end_id,triple_type)VALUES (1190, 2, 'Location',4, 9, 'auto'), (1190, 3, 'Patient',2, 2, 'auto'), (1190, 3, 'Location',7, 9, 'auto'), (1190, 6, 'Location',7, 9, 'auto');
INSERT INTO Sentences (sentence_id, sentence, sentence_type)VALUES (1191, 'A person on skies is up in the air over snow', 'auto');
INSERT INTO Words ( sentence_id,word_ID ,word,pos)VALUES (1191, 1, 'A', 'DT'), (1191, 2, 'person', 'NN'), (1191, 3, 'on', 'IN'), (1191, 4, 'skies', 'NNS'), (1191, 5, 'is', 'VBZ'), (1191, 6, 'up', 'RB'), (1191, 7, 'in', 'IN'), (1191, 8, 'the', 'DT'), (1191, 9, 'air', 'NN'), (1191, 10, 'over', 'IN'), (1191, 11, 'snow', 'NN');
INSERT INTO triples (sentence_id, predicate_id,relation,arg_start_id,arg_end_id,triple_type)VALUES (1191, 2, 'Property',4, 4, 'auto'), (1191, 2, 'Location',7, 11, 'auto'), (1191, 5, 'Agent',2, 2, 'auto'), (1191, 5, 'Location',6, 11, 'auto');
INSERT INTO Sentences (sentence_id, sentence, sentence_type)VALUES (1192, 'A person performs a snowboarding trick on a rail as a man crouches down to get a better view', 'auto');
INSERT INTO Words ( sentence_id,word_ID ,word,pos)VALUES (1192, 1, 'A', 'DT'), (1192, 2, 'person', 'NN'), (1192, 3, 'performs', 'VBZ'), (1192, 4, 'a', 'DT'), (1192, 5, 'snowboarding', 'VBG'), (1192, 6, 'trick', 'NN'), (1192, 7, 'on', 'IN'), (1192, 8, 'a', 'DT'), (1192, 9, 'rail', 'NN'), (1192, 10, 'as', 'IN'), (1192, 11, 'a', 'DT'), (1192, 12, 'man', 'NN'), (1192, 13, 'crouches', 'VBZ'), (1192, 14, 'down', 'RP'), (1192, 15, 'to', 'TO'), (1192, 16, 'get', 'VB'), (1192, 17, 'a', 'DT'), (1192, 18, 'better', 'JJR'), (1192, 19, 'view', 'NN');
INSERT INTO triples (sentence_id, predicate_id,relation,arg_start_id,arg_end_id,triple_type)VALUES (1192, 2, 'Location',7, 9, 'auto'), (1192, 3, 'Agent',2, 2, 'auto'), (1192, 3, 'Patient',4, 6, 'auto'), (1192, 3, 'Location',7, 9, 'auto'), (1192, 12, 'Location',14, 14, 'auto'), (1192, 13, 'Agent',12, 12, 'auto'), (1192, 13, 'Destination',14, 14, 'auto'), (1192, 13, 'Beneficiary',15, 19, 'auto'), (1192, 16, 'Agent',12, 12, 'auto'), (1192, 16, 'Patient',17, 19, 'auto');
INSERT INTO Sentences (sentence_id, sentence, sentence_type)VALUES (1193, 'person on snowboard in the air doing a jump', 'auto');
INSERT INTO Words ( sentence_id,word_ID ,word,pos)VALUES (1193, 1, 'person', 'NN'), (1193, 2, 'on', 'IN'), (1193, 3, 'snowboard', 'NN'), (1193, 4, 'in', 'IN'), (1193, 5, 'the', 'DT'), (1193, 6, 'air', 'NN'), (1193, 7, 'doing', 'VBG'), (1193, 8, 'a', 'DT'), (1193, 9, 'jump', 'NN');
INSERT INTO triples (sentence_id, predicate_id,relation,arg_start_id,arg_end_id,triple_type)VALUES (1193, 1, 'Location',2, 6, 'auto'), (1193, 7, 'Agent',1, 1, 'auto'), (1193, 7, 'Location',4, 6, 'auto'), (1193, 7, 'Patient',9, 9, 'auto');
INSERT INTO Sentences (sentence_id, sentence, sentence_type)VALUES (1194, 'Someone in white is performing a skateboard trick at night while a kneeling person watches', 'auto');
INSERT INTO Words ( sentence_id,word_ID ,word,pos)VALUES (1194, 1, 'Someone', 'NN'), (1194, 2, 'in', 'IN'), (1194, 3, 'white', 'JJ'), (1194, 4, 'is', 'VBZ'), (1194, 5, 'performing', 'VBG'), (1194, 6, 'a', 'DT'), (1194, 7, 'skateboard', 'NN'), (1194, 8, 'trick', 'NN'), (1194, 9, 'at', 'IN'), (1194, 10, 'night', 'NN'), (1194, 11, 'while', 'IN'), (1194, 12, 'a', 'DT'), (1194, 13, 'kneeling', 'JJ'), (1194, 14, 'person', 'NN'), (1194, 15, 'watches', 'VBZ');
INSERT INTO triples (sentence_id, predicate_id,relation,arg_start_id,arg_end_id,triple_type)VALUES (1194, 1, 'Property',2, 8, 'auto'), (1194, 5, 'Agent',1, 1, 'auto'), (1194, 5, 'Patient',7, 8, 'auto'), (1194, 5, 'Time',9, 10, 'auto'), (1194, 14, 'Property',13, 13, 'auto'), (1194, 15, 'Agent',14, 14, 'auto');
INSERT INTO Sentences (sentence_id, sentence, sentence_type)VALUES (1195, 'A guy on a water skiing board is doing a stunt', 'auto');
INSERT INTO Words ( sentence_id,word_ID ,word,pos)VALUES (1195, 1, 'A', 'DT'), (1195, 2, 'guy', 'NN'), (1195, 3, 'on', 'IN'), (1195, 4, 'a', 'DT'), (1195, 5, 'water', 'NN'), (1195, 6, 'skiing', 'NN'), (1195, 7, 'board', 'NN'), (1195, 8, 'is', 'VBZ'), (1195, 9, 'doing', 'VBG'), (1195, 10, 'a', 'DT'), (1195, 11, 'stunt', 'NN');
INSERT INTO triples (sentence_id, predicate_id,relation,arg_start_id,arg_end_id,triple_type)VALUES (1195, 2, 'Property',5, 7, 'auto'), (1195, 5, 'Agent',2, 2, 'auto'), (1195, 5, 'Location',3, 7, 'auto'), (1195, 5, 'Patient',11, 11, 'auto');
INSERT INTO Sentences (sentence_id, sentence, sentence_type)VALUES (1196, 'A man on a wakeboard is jumping over the wake and trying to grab the board with one hand', 'auto');
INSERT INTO Words ( sentence_id,word_ID ,word,pos)VALUES (1196, 1, 'A', 'DT'), (1196, 2, 'man', 'NN'), (1196, 3, 'on', 'IN'), (1196, 4, 'a', 'DT'), (1196, 5, 'wakeboard', 'NN'), (1196, 6, 'is', 'VBZ'), (1196, 7, 'jumping', 'VBG'), (1196, 8, 'over', 'RP'), (1196, 9, 'the', 'DT'), (1196, 10, 'wake', 'NN'), (1196, 11, 'and', 'CC'), (1196, 12, 'trying', 'VBG'), (1196, 13, 'to', 'TO'), (1196, 14, 'grab', 'VB'), (1196, 15, 'the', 'DT'), (1196, 16, 'board', 'NN'), (1196, 17, 'with', 'IN'), (1196, 18, 'one', 'CD'), (1196, 19, 'hand', 'NN');
INSERT INTO triples (sentence_id, predicate_id,relation,arg_start_id,arg_end_id,triple_type)VALUES (1196, 2, 'Location',3, 10, 'auto'), (1196, 2, 'Property',17, 19, 'auto'), (1196, 7, 'Agent',2, 2, 'auto'), (1196, 7, 'Location',8, 8, 'auto'), (1196, 7, 'Destination',10, 10, 'auto'), (1196, 7, 'Beneficiary',13, 14, 'auto'), (1196, 12, 'Beneficiary',13, 14, 'auto'), (1196, 14, 'Patient',15, 16, 'auto'), (1196, 14, 'Instrument',17, 19, 'auto');
INSERT INTO Sentences (sentence_id, sentence, sentence_type)VALUES (1197, 'A man performs a wakeboarding trick', 'auto');
INSERT INTO Words ( sentence_id,word_ID ,word,pos)VALUES (1197, 1, 'A', 'DT'), (1197, 2, 'man', 'NN'), (1197, 3, 'performs', 'VBZ'), (1197, 4, 'a', 'DT'), (1197, 5, 'wakeboarding', 'VBG'), (1197, 6, 'trick', 'NN');
INSERT INTO triples (sentence_id, predicate_id,relation,arg_start_id,arg_end_id,triple_type)VALUES (1197, 2, 'Location',3, 5, 'auto'), (1197, 2, 'Property',6, 6, 'auto'), (1197, 3, 'Agent',2, 2, 'auto'), (1197, 3, 'Patient',4, 6, 'auto');
INSERT INTO Sentences (sentence_id, sentence, sentence_type)VALUES (1198, 'a water skier flying slighty in the air over a wave', 'auto');
INSERT INTO Words ( sentence_id,word_ID ,word,pos)VALUES (1198, 1, 'a', 'DT'), (1198, 2, 'water', 'NN'), (1198, 3, 'skier', 'NN'), (1198, 4, 'flying', 'VBG'), (1198, 5, 'slighty', 'NN'), (1198, 6, 'in', 'IN'), (1198, 7, 'the', 'DT'), (1198, 8, 'air', 'NN'), (1198, 9, 'over', 'IN'), (1198, 10, 'a', 'DT'), (1198, 11, 'wave', 'NN');
INSERT INTO triples (sentence_id, predicate_id,relation,arg_start_id,arg_end_id,triple_type)VALUES (1198, 3, 'Property',2, 2, 'auto'), (1198, 3, 'Location',5, 11, 'auto'), (1198, 4, 'Agent',3, 3, 'auto'), (1198, 4, 'Destination',8, 8, 'auto'), (1198, 4, 'Location',9, 11, 'auto');
INSERT INTO Sentences (sentence_id, sentence, sentence_type)VALUES (1199, 'A water skier flies into the air', 'auto');
INSERT INTO Words ( sentence_id,word_ID ,word,pos)VALUES (1199, 1, 'A', 'DT'), (1199, 2, 'water', 'NN'), (1199, 3, 'skier', 'NN'), (1199, 4, 'flies', 'VBZ'), (1199, 5, 'into', 'IN'), (1199, 6, 'the', 'DT'), (1199, 7, 'air', 'NN');
INSERT INTO triples (sentence_id, predicate_id,relation,arg_start_id,arg_end_id,triple_type)VALUES (1199, 3, 'Property',2, 2, 'auto'), (1199, 3, 'Location',5, 7, 'auto'), (1199, 4, 'Location',2, 2, 'auto'), (1199, 4, 'Agent',3, 3, 'auto'), (1199, 4, 'Destination',7, 7, 'auto');
INSERT INTO Sentences (sentence_id, sentence, sentence_type)VALUES (1200, 'An elderly man sitting on a bench', 'auto');
INSERT INTO Words ( sentence_id,word_ID ,word,pos)VALUES (1200, 1, 'An', 'DT'), (1200, 2, 'elderly', 'JJ'), (1200, 3, 'man', 'NN'), (1200, 4, 'sitting', 'VBG'), (1200, 5, 'on', 'IN'), (1200, 6, 'a', 'DT'), (1200, 7, 'bench', 'NN');
INSERT INTO triples (sentence_id, predicate_id,relation,arg_start_id,arg_end_id,triple_type)VALUES (1200, 3, 'Property',1, 2, 'auto'), (1200, 3, 'Location',5, 7, 'auto'), (1200, 4, 'Agent',3, 3, 'auto'), (1200, 4, 'Location',5, 7, 'auto');
INSERT INTO Sentences (sentence_id, sentence, sentence_type)VALUES (1201, 'An old asian woman is sitting in front of a subway train and passengers are walking by her', 'auto');
INSERT INTO Words ( sentence_id,word_ID ,word,pos)VALUES (1201, 1, 'An', 'DT'), (1201, 2, 'old', 'JJ'), (1201, 3, 'asian', 'JJ'), (1201, 4, 'woman', 'NN'), (1201, 5, 'is', 'VBZ'), (1201, 6, 'sitting', 'VBG'), (1201, 7, 'in', 'IN'), (1201, 8, 'front', 'NN'), (1201, 9, 'of', 'IN'), (1201, 10, 'a', 'DT'), (1201, 11, 'subway', 'NN'), (1201, 12, 'train', 'NN'), (1201, 13, 'and', 'CC'), (1201, 14, 'passengers', 'NNS'), (1201, 15, 'are', 'VBP'), (1201, 16, 'walking', 'VBG'), (1201, 17, 'by', 'IN'), (1201, 18, 'her', 'PRP');
INSERT INTO triples (sentence_id, predicate_id,relation,arg_start_id,arg_end_id,triple_type)VALUES (1201, 4, 'Property',1, 3, 'auto'), (1201, 4, 'Location',7, 12, 'auto'), (1201, 6, 'Agent',4, 4, 'auto'), (1201, 6, 'Location',7, 12, 'auto'), (1201, 16, 'Agent',14, 14, 'auto'), (1201, 16, 'Location',17, 18, 'auto');
INSERT INTO Sentences (sentence_id, sentence, sentence_type)VALUES (1202, 'An old woman sitting on a bench , with people around', 'auto');
INSERT INTO Words ( sentence_id,word_ID ,word,pos)VALUES (1202, 1, 'An', 'DT'), (1202, 2, 'old', 'JJ'), (1202, 3, 'woman', 'NN'), (1202, 4, 'sitting', 'VBG'), (1202, 5, 'on', 'IN'), (1202, 6, 'a', 'DT'), (1202, 7, 'bench', 'NN'), (1202, 8, ',', ','), (1202, 9, 'with', 'IN'), (1202, 10, 'people', 'NNS'), (1202, 11, 'around', 'IN');
INSERT INTO triples (sentence_id, predicate_id,relation,arg_start_id,arg_end_id,triple_type)VALUES (1202, 3, 'Property',1, 2, 'auto'), (1202, 3, 'Location',5, 7, 'auto'), (1202, 4, 'Agent',3, 3, 'auto'), (1202, 4, 'Location',5, 7, 'auto'), (1202, 4, 'Patient',8, 8, 'auto'), (1202, 10, 'Location',11, 11, 'auto');
INSERT INTO Sentences (sentence_id, sentence, sentence_type)VALUES (1203, 'Older asian woman sitting down while two people walk by her', 'auto');
INSERT INTO Words ( sentence_id,word_ID ,word,pos)VALUES (1203, 1, 'Older', 'JJR'), (1203, 2, 'asian', 'JJ'), (1203, 3, 'woman', 'NN'), (1203, 4, 'sitting', 'VBG'), (1203, 5, 'down', 'RP'), (1203, 6, 'while', 'IN'), (1203, 7, 'two', 'CD'), (1203, 8, 'people', 'NNS'), (1203, 9, 'walk', 'VBP'), (1203, 10, 'by', 'IN'), (1203, 11, 'her', 'PRP');
INSERT INTO triples (sentence_id, predicate_id,relation,arg_start_id,arg_end_id,triple_type)VALUES (1203, 3, 'Property',1, 2, 'auto'), (1203, 4, 'Agent',3, 3, 'auto'), (1203, 4, 'Destination',5, 5, 'auto'), (1203, 8, 'Property',7, 7, 'auto'), (1203, 8, 'Location',9, 11, 'auto'), (1203, 9, 'Agent',8, 8, 'auto'), (1203, 9, 'Location',10, 11, 'auto');
INSERT INTO Sentences (sentence_id, sentence, sentence_type)VALUES (1204, 'Older woman setting on a bench with people walking past her she is wearing a gray jacket and black pants', 'auto');
INSERT INTO Words ( sentence_id,word_ID ,word,pos)VALUES (1204, 1, 'Older', 'JJR'), (1204, 2, 'woman', 'NN'), (1204, 3, 'setting', 'VBG'), (1204, 4, 'on', 'IN'), (1204, 5, 'a', 'DT'), (1204, 6, 'bench', 'NN'), (1204, 7, 'with', 'IN'), (1204, 8, 'people', 'NNS'), (1204, 9, 'walking', 'VBG'), (1204, 10, 'past', 'IN'), (1204, 11, 'her', 'PRP$'), (1204, 12, 'she', 'PRP'), (1204, 13, 'is', 'VBZ'), (1204, 14, 'wearing', 'VBG'), (1204, 15, 'a', 'DT'), (1204, 16, 'gray', 'JJ'), (1204, 17, 'jacket', 'NN'), (1204, 18, 'and', 'CC'), (1204, 19, 'black', 'JJ'), (1204, 20, 'pants', 'NNS');
INSERT INTO triples (sentence_id, predicate_id,relation,arg_start_id,arg_end_id,triple_type)VALUES (1204, 2, 'Location',4, 6, 'auto'), (1204, 2, 'Property',12, 20, 'auto'), (1204, 3, 'Location',6, 6, 'auto'), (1204, 8, 'Location',4, 7, 'auto'), (1204, 9, 'Agent',8, 8, 'auto'), (1204, 9, 'Location',10, 11, 'auto'), (1204, 14, 'Agent',12, 12, 'auto'), (1204, 14, 'Patient',15, 20, 'auto');
INSERT INTO Sentences (sentence_id, sentence, sentence_type)VALUES (1205, 'A man in a red uniform jumps towards a soccer ball', 'auto');
INSERT INTO Words ( sentence_id,word_ID ,word,pos)VALUES (1205, 1, 'A', 'DT'), (1205, 2, 'man', 'NN'), (1205, 3, 'in', 'IN'), (1205, 4, 'a', 'DT'), (1205, 5, 'red', 'JJ'), (1205, 6, 'uniform', 'NN'), (1205, 7, 'jumps', 'VBZ'), (1205, 8, 'towards', 'IN'), (1205, 9, 'a', 'DT'), (1205, 10, 'soccer', 'NN'), (1205, 11, 'ball', 'NN');
INSERT INTO triples (sentence_id, predicate_id,relation,arg_start_id,arg_end_id,triple_type)VALUES (1205, 2, 'Property',3, 7, 'auto'), (1205, 7, 'Agent',2, 2, 'auto'), (1205, 7, 'Destination',8, 10, 'auto'), (1205, 7, 'Beneficiary',11, 11, 'auto');
INSERT INTO Sentences (sentence_id, sentence, sentence_type)VALUES (1206, 'A soccer participant is trying to hit a ball while an opposing team member runs behind him', 'auto');
INSERT INTO Words ( sentence_id,word_ID ,word,pos)VALUES (1206, 1, 'A', 'DT'), (1206, 2, 'soccer', 'NN'), (1206, 3, 'participant', 'NN'), (1206, 4, 'is', 'VBZ'), (1206, 5, 'trying', 'VBG'), (1206, 6, 'to', 'TO'), (1206, 7, 'hit', 'VB'), (1206, 8, 'a', 'DT'), (1206, 9, 'ball', 'NN'), (1206, 10, 'while', 'IN'), (1206, 11, 'an', 'DT'), (1206, 12, 'opposing', 'JJ'), (1206, 13, 'team', 'NN'), (1206, 14, 'member', 'NN'), (1206, 15, 'runs', 'VBZ'), (1206, 16, 'behind', 'IN'), (1206, 17, 'him', 'PRP');
INSERT INTO triples (sentence_id, predicate_id,relation,arg_start_id,arg_end_id,triple_type)VALUES (1206, 5, 'Agent',3, 3, 'auto'), (1206, 5, 'Beneficiary',6, 9, 'auto'), (1206, 7, 'Agent',3, 3, 'auto'), (1206, 7, 'Patient',8, 9, 'auto'), (1206, 15, 'Agent',14, 14, 'auto'), (1206, 15, 'Location',16, 17, 'auto');
INSERT INTO Sentences (sentence_id, sentence, sentence_type)VALUES (1207, 'A soccer player hitting the ball with his head', 'auto');
INSERT INTO Words ( sentence_id,word_ID ,word,pos)VALUES (1207, 1, 'A', 'DT'), (1207, 2, 'soccer', 'NN'), (1207, 3, 'player', 'NN'), (1207, 4, 'hitting', 'VBG'), (1207, 5, 'the', 'DT'), (1207, 6, 'ball', 'NN'), (1207, 7, 'with', 'IN'), (1207, 8, 'his', 'PRP$'), (1207, 9, 'head', 'NN');
INSERT INTO triples (sentence_id, predicate_id,relation,arg_start_id,arg_end_id,triple_type)VALUES (1207, 3, 'Property',2, 2, 'auto'), (1207, 4, 'Agent',3, 3, 'auto'), (1207, 4, 'Patient',5, 9, 'auto'), (1207, 6, 'Location',7, 9, 'auto');
INSERT INTO Sentences (sentence_id, sentence, sentence_type)VALUES (1208, 'Soccer player in red dives toward ball , blocking player in blue', 'auto');
INSERT INTO Words ( sentence_id,word_ID ,word,pos)VALUES (1208, 1, 'Soccer', 'NN'), (1208, 2, 'player', 'NN'), (1208, 3, 'in', 'IN'), (1208, 4, 'red', 'JJ'), (1208, 5, 'dives', 'NNS'), (1208, 6, 'toward', 'IN'), (1208, 7, 'ball', 'NN'), (1208, 8, ',', ','), (1208, 9, 'blocking', 'VBG'), (1208, 10, 'player', 'NN'), (1208, 11, 'in', 'IN'), (1208, 12, 'blue', 'JJ');
INSERT INTO triples (sentence_id, predicate_id,relation,arg_start_id,arg_end_id,triple_type)VALUES (1208, 2, 'Property',3, 7, 'auto'), (1208, 9, 'Agent',2, 2, 'auto'), (1208, 9, 'Location',7, 7, 'auto'), (1208, 9, 'Patient',10, 12, 'auto'), (1208, 10, 'Property',11, 12, 'auto');
INSERT INTO Sentences (sentence_id, sentence, sentence_type)VALUES (1209, 'Two soccer players coliding as one tries to get the ball in front of the other player', 'auto');
INSERT INTO Words ( sentence_id,word_ID ,word,pos)VALUES (1209, 1, 'Two', 'CD'), (1209, 2, 'soccer', 'NN'), (1209, 3, 'players', 'NNS'), (1209, 4, 'coliding', 'VBG'), (1209, 5, 'as', 'IN'), (1209, 6, 'one', 'CD'), (1209, 7, 'tries', 'VBZ'), (1209, 8, 'to', 'TO'), (1209, 9, 'get', 'VB'), (1209, 10, 'the', 'DT'), (1209, 11, 'ball', 'NN'), (1209, 12, 'in', 'IN'), (1209, 13, 'front', 'NN'), (1209, 14, 'of', 'IN'), (1209, 15, 'the', 'DT'), (1209, 16, 'other', 'JJ'), (1209, 17, 'player', 'NN');
INSERT INTO triples (sentence_id, predicate_id,relation,arg_start_id,arg_end_id,triple_type)VALUES (1209, 3, 'Property',1, 2, 'auto'), (1209, 6, 'Location',12, 17, 'auto'), (1209, 7, 'Agent',3, 3, 'auto'), (1209, 7, 'Beneficiary',8, 11, 'auto'), (1209, 9, 'Agent',3, 3, 'auto'), (1209, 9, 'Patient',10, 11, 'auto'), (1209, 11, 'Location',12, 17, 'auto');
INSERT INTO Sentences (sentence_id, sentence, sentence_type)VALUES (1210, 'A cyclist is laying on his motorbike while in the air', 'auto');
INSERT INTO Words ( sentence_id,word_ID ,word,pos)VALUES (1210, 1, 'A', 'DT'), (1210, 2, 'cyclist', 'NN'), (1210, 3, 'is', 'VBZ'), (1210, 4, 'laying', 'VBG'), (1210, 5, 'on', 'IN'), (1210, 6, 'his', 'PRP$'), (1210, 7, 'motorbike', 'NN'), (1210, 8, 'while', 'IN'), (1210, 9, 'in', 'IN'), (1210, 10, 'the', 'DT'), (1210, 11, 'air', 'NN');
INSERT INTO Sentences (sentence_id, sentence, sentence_type)VALUES (1211, 'A guy on a motorcycle lays back with his feet up over the handlebars , high in the grey sky', 'auto');
INSERT INTO Words ( sentence_id,word_ID ,word,pos)VALUES (1211, 1, 'A', 'DT'), (1211, 2, 'guy', 'NN'), (1211, 3, 'on', 'IN'), (1211, 4, 'a', 'DT'), (1211, 5, 'motorcycle', 'NN'), (1211, 6, 'lays', 'VBZ'), (1211, 7, 'back', 'RP'), (1211, 8, 'with', 'IN'), (1211, 9, 'his', 'PRP$'), (1211, 10, 'feet', 'NNS'), (1211, 11, 'up', 'RB'), (1211, 12, 'over', 'IN'), (1211, 13, 'the', 'DT'), (1211, 14, 'handlebars', 'NNS'), (1211, 15, ',', ','), (1211, 16, 'high', 'JJ'), (1211, 17, 'in', 'IN'), (1211, 18, 'the', 'DT'), (1211, 19, 'grey', 'JJ'), (1211, 20, 'sky', 'NN');
INSERT INTO triples (sentence_id, predicate_id,relation,arg_start_id,arg_end_id,triple_type)VALUES (1211, 2, 'Location',4, 5, 'auto'), (1211, 2, 'Property',6, 20, 'auto'), (1211, 5, 'Location',19, 20, 'auto'), (1211, 6, 'Agent',2, 2, 'auto'), (1211, 6, 'Location',19, 20, 'auto'), (1211, 20, 'Property',18, 19, 'auto');
INSERT INTO Sentences (sentence_id, sentence, sentence_type)VALUES (1212, 'A motorcyclist is performing a trick in mid-air', 'auto');
INSERT INTO Words ( sentence_id,word_ID ,word,pos)VALUES (1212, 1, 'A', 'DT'), (1212, 2, 'motorcyclist', 'NN'), (1212, 3, 'is', 'VBZ'), (1212, 4, 'performing', 'VBG'), (1212, 5, 'a', 'DT'), (1212, 6, 'trick', 'NN'), (1212, 7, 'in', 'IN'), (1212, 8, 'mid-air', 'NN');
INSERT INTO triples (sentence_id, predicate_id,relation,arg_start_id,arg_end_id,triple_type)VALUES (1212, 2, 'Location',7, 8, 'auto'), (1212, 4, 'Agent',2, 2, 'auto'), (1212, 4, 'Patient',6, 6, 'auto'), (1212, 4, 'Location',7, 8, 'auto');
INSERT INTO Sentences (sentence_id, sentence, sentence_type)VALUES (1213, 'A motorcyclist doing a trick while in the air', 'auto');
INSERT INTO Words ( sentence_id,word_ID ,word,pos)VALUES (1213, 1, 'A', 'DT'), (1213, 2, 'motorcyclist', 'NN'), (1213, 3, 'doing', 'VBG'), (1213, 4, 'a', 'DT'), (1213, 5, 'trick', 'NN'), (1213, 6, 'while', 'IN'), (1213, 7, 'in', 'IN'), (1213, 8, 'the', 'DT'), (1213, 9, 'air', 'NN');
INSERT INTO triples (sentence_id, predicate_id,relation,arg_start_id,arg_end_id,triple_type)VALUES (1213, 2, 'Property',3, 4, 'auto'), (1213, 2, 'Location',7, 9, 'auto'), (1213, 3, 'Agent',2, 2, 'auto'), (1213, 3, 'Patient',4, 6, 'auto'), (1213, 3, 'Location',9, 9, 'auto');
INSERT INTO Sentences (sentence_id, sentence, sentence_type)VALUES (1214, 'A person is laying down on his dirt bike while in the air', 'auto');
INSERT INTO Words ( sentence_id,word_ID ,word,pos)VALUES (1214, 1, 'A', 'DT'), (1214, 2, 'person', 'NN'), (1214, 3, 'is', 'VBZ'), (1214, 4, 'laying', 'VBG'), (1214, 5, 'down', 'RP'), (1214, 6, 'on', 'IN'), (1214, 7, 'his', 'PRP$'), (1214, 8, 'dirt', 'NN'), (1214, 9, 'bike', 'NN'), (1214, 10, 'while', 'IN'), (1214, 11, 'in', 'IN'), (1214, 12, 'the', 'DT'), (1214, 13, 'air', 'NN');
INSERT INTO Sentences (sentence_id, sentence, sentence_type)VALUES (1215, 'A mountain biker , wearing a black helmet and shirt , in motion', 'auto');
INSERT INTO Words ( sentence_id,word_ID ,word,pos)VALUES (1215, 1, 'A', 'DT'), (1215, 2, 'mountain', 'NN'), (1215, 3, 'biker', 'NN'), (1215, 4, ',', ','), (1215, 5, 'wearing', 'VBG'), (1215, 6, 'a', 'DT'), (1215, 7, 'black', 'JJ'), (1215, 8, 'helmet', 'NN'), (1215, 9, 'and', 'CC'), (1215, 10, 'shirt', 'NN'), (1215, 11, ',', ','), (1215, 12, 'in', 'IN'), (1215, 13, 'motion', 'NN');
INSERT INTO triples (sentence_id, predicate_id,relation,arg_start_id,arg_end_id,triple_type)VALUES (1215, 3, 'Property',1, 2, 'auto'), (1215, 5, 'Agent',3, 3, 'auto'), (1215, 5, 'Patient',6, 10, 'auto');
INSERT INTO Sentences (sentence_id, sentence, sentence_type)VALUES (1216, 'Dirt biker taking a corner', 'auto');
INSERT INTO Words ( sentence_id,word_ID ,word,pos)VALUES (1216, 1, 'Dirt', 'NN'), (1216, 2, 'biker', 'NN'), (1216, 3, 'taking', 'VBG'), (1216, 4, 'a', 'DT'), (1216, 5, 'corner', 'NN');
INSERT INTO triples (sentence_id, predicate_id,relation,arg_start_id,arg_end_id,triple_type)VALUES (1216, 2, 'Property',1, 1, 'auto'), (1216, 3, 'Agent',2, 2, 'auto'), (1216, 3, 'Patient',4, 5, 'auto');
INSERT INTO Sentences (sentence_id, sentence, sentence_type)VALUES (1217, 'One biker wearing a black helmet riding on a dirt hill', 'auto');
INSERT INTO Words ( sentence_id,word_ID ,word,pos)VALUES (1217, 1, 'One', 'CD'), (1217, 2, 'biker', 'NN'), (1217, 3, 'wearing', 'VBG'), (1217, 4, 'a', 'DT'), (1217, 5, 'black', 'JJ'), (1217, 6, 'helmet', 'NN'), (1217, 7, 'riding', 'VBG'), (1217, 8, 'on', 'IN'), (1217, 9, 'a', 'DT'), (1217, 10, 'dirt', 'NN'), (1217, 11, 'hill', 'NN');
INSERT INTO triples (sentence_id, predicate_id,relation,arg_start_id,arg_end_id,triple_type)VALUES (1217, 2, 'Property',3, 11, 'auto'), (1217, 3, 'Agent',2, 2, 'auto'), (1217, 3, 'Patient',4, 6, 'auto'), (1217, 7, 'Agent',2, 2, 'auto'), (1217, 7, 'Location',8, 11, 'auto'), (1217, 11, 'Property',9, 10, 'auto');
INSERT INTO Sentences (sentence_id, sentence, sentence_type)VALUES (1218, 'Person riding bike on dirt track in wooded area', 'auto');
INSERT INTO Words ( sentence_id,word_ID ,word,pos)VALUES (1218, 1, 'Person', 'NN'), (1218, 2, 'riding', 'VBG'), (1218, 3, 'bike', 'NN'), (1218, 4, 'on', 'IN'), (1218, 5, 'dirt', 'NN'), (1218, 6, 'track', 'NN'), (1218, 7, 'in', 'IN'), (1218, 8, 'wooded', 'JJ'), (1218, 9, 'area', 'NN');
INSERT INTO triples (sentence_id, predicate_id,relation,arg_start_id,arg_end_id,triple_type)VALUES (1218, 1, 'Location',2, 6, 'auto'), (1218, 2, 'Agent',1, 1, 'auto'), (1218, 2, 'Patient',3, 3, 'auto'), (1218, 2, 'Location',4, 6, 'auto'), (1218, 3, 'Location',9, 9, 'auto'), (1218, 9, 'Material',8, 8, 'auto');
INSERT INTO Sentences (sentence_id, sentence, sentence_type)VALUES (1219, 'The guy on the BMX bike is taking a sharp turn', 'auto');
INSERT INTO Words ( sentence_id,word_ID ,word,pos)VALUES (1219, 1, 'The', 'DT'), (1219, 2, 'guy', 'NN'), (1219, 3, 'on', 'IN'), (1219, 4, 'the', 'DT'), (1219, 5, 'BMX', 'NNP'), (1219, 6, 'bike', 'NN'), (1219, 7, 'is', 'VBZ'), (1219, 8, 'taking', 'VBG'), (1219, 9, 'a', 'DT'), (1219, 10, 'sharp', 'JJ'), (1219, 11, 'turn', 'NN');
INSERT INTO triples (sentence_id, predicate_id,relation,arg_start_id,arg_end_id,triple_type)VALUES (1219, 2, 'Property',5, 11, 'auto'), (1219, 6, 'Property',4, 5, 'auto'), (1219, 8, 'Agent',2, 2, 'auto'), (1219, 8, 'Patient',10, 11, 'auto');
INSERT INTO Sentences (sentence_id, sentence, sentence_type)VALUES (1220, 'A football player runs with the ball , chased by members of the opposing team', 'auto');
INSERT INTO Words ( sentence_id,word_ID ,word,pos)VALUES (1220, 1, 'A', 'DT'), (1220, 2, 'football', 'NN'), (1220, 3, 'player', 'NN'), (1220, 4, 'runs', 'VBZ'), (1220, 5, 'with', 'IN'), (1220, 6, 'the', 'DT'), (1220, 7, 'ball', 'NN'), (1220, 8, ',', ','), (1220, 9, 'chased', 'VBN'), (1220, 10, 'by', 'IN'), (1220, 11, 'members', 'NNS'), (1220, 12, 'of', 'IN'), (1220, 13, 'the', 'DT'), (1220, 14, 'opposing', 'JJ'), (1220, 15, 'team', 'NN');
INSERT INTO triples (sentence_id, predicate_id,relation,arg_start_id,arg_end_id,triple_type)VALUES (1220, 3, 'Property',2, 2, 'auto'), (1220, 3, 'Location',7, 7, 'auto'), (1220, 4, 'Agent',3, 3, 'auto'), (1220, 4, 'Location',7, 7, 'auto'), (1220, 9, 'Patient',2, 3, 'auto'), (1220, 9, 'Agent',11, 15, 'auto'), (1220, 11, 'Property',12, 15, 'auto');
INSERT INTO Sentences (sentence_id, sentence, sentence_type)VALUES (1221, 'A running back running with the football', 'auto');
INSERT INTO Words ( sentence_id,word_ID ,word,pos)VALUES (1221, 1, 'A', 'DT'), (1221, 2, 'running', 'JJ'), (1221, 3, 'back', 'RB'), (1221, 4, 'running', 'VBG'), (1221, 5, 'with', 'IN'), (1221, 6, 'the', 'DT'), (1221, 7, 'football', 'NN');
INSERT INTO triples (sentence_id, predicate_id,relation,arg_start_id,arg_end_id,triple_type)VALUES (1221, -1, 'Agent',2, 3, 'auto'), (1221, -1, 'Location',7, 7, 'auto');
INSERT INTO Sentences (sentence_id, sentence, sentence_type)VALUES (1222, 'Many football players are running on the grassy field', 'auto');
INSERT INTO Words ( sentence_id,word_ID ,word,pos)VALUES (1222, 1, 'Many', 'JJ'), (1222, 2, 'football', 'NN'), (1222, 3, 'players', 'NNS'), (1222, 4, 'are', 'VBP'), (1222, 5, 'running', 'VBG'), (1222, 6, 'on', 'IN'), (1222, 7, 'the', 'DT'), (1222, 8, 'grassy', 'JJ'), (1222, 9, 'field', 'NN');
INSERT INTO triples (sentence_id, predicate_id,relation,arg_start_id,arg_end_id,triple_type)VALUES (1222, 3, 'Property',1, 2, 'auto'), (1222, 5, 'Agent',3, 3, 'auto'), (1222, 5, 'Location',6, 9, 'auto');
INSERT INTO Sentences (sentence_id, sentence, sentence_type)VALUES (1223, 'Men playing football', 'auto');
INSERT INTO Words ( sentence_id,word_ID ,word,pos)VALUES (1223, 1, 'Men', 'NN'), (1223, 2, 'playing', 'VBG'), (1223, 3, 'football', 'NN');
INSERT INTO triples (sentence_id, predicate_id,relation,arg_start_id,arg_end_id,triple_type)VALUES (1223, 1, 'Property',2, 3, 'auto'), (1223, 2, 'Agent',1, 1, 'auto'), (1223, 2, 'Patient',3, 3, 'auto');
INSERT INTO Sentences (sentence_id, sentence, sentence_type)VALUES (1224, 'Two teams compete in football', 'auto');
INSERT INTO Words ( sentence_id,word_ID ,word,pos)VALUES (1224, 1, 'Two', 'CD'), (1224, 2, 'teams', 'NNS'), (1224, 3, 'compete', 'VBP'), (1224, 4, 'in', 'IN'), (1224, 5, 'football', 'NN');
INSERT INTO triples (sentence_id, predicate_id,relation,arg_start_id,arg_end_id,triple_type)VALUES (1224, 3, 'Agent',2, 2, 'auto'), (1224, 3, 'Location',4, 5, 'auto');
INSERT INTO Sentences (sentence_id, sentence, sentence_type)VALUES (1225, 'a football player catching the football', 'auto');
INSERT INTO Words ( sentence_id,word_ID ,word,pos)VALUES (1225, 1, 'a', 'DT'), (1225, 2, 'football', 'NN'), (1225, 3, 'player', 'NN'), (1225, 4, 'catching', 'VBG'), (1225, 5, 'the', 'DT'), (1225, 6, 'football', 'NN');
INSERT INTO triples (sentence_id, predicate_id,relation,arg_start_id,arg_end_id,triple_type)VALUES (1225, 3, 'Property',2, 2, 'auto'), (1225, 4, 'Agent',3, 3, 'auto'), (1225, 4, 'Patient',5, 6, 'auto');
INSERT INTO Sentences (sentence_id, sentence, sentence_type)VALUES (1226, 'a football player in a brown jersey jumping up to catch a football', 'auto');
INSERT INTO Words ( sentence_id,word_ID ,word,pos)VALUES (1226, 1, 'a', 'DT'), (1226, 2, 'football', 'NN'), (1226, 3, 'player', 'NN'), (1226, 4, 'in', 'IN'), (1226, 5, 'a', 'DT'), (1226, 6, 'brown', 'JJ'), (1226, 7, 'jersey', 'NN'), (1226, 8, 'jumping', 'VBG'), (1226, 9, 'up', 'RP'), (1226, 10, 'to', 'TO'), (1226, 11, 'catch', 'VB'), (1226, 12, 'a', 'DT'), (1226, 13, 'football', 'NN');
INSERT INTO triples (sentence_id, predicate_id,relation,arg_start_id,arg_end_id,triple_type)VALUES (1226, 3, 'Property',4, 13, 'auto'), (1226, 8, 'Agent',3, 3, 'auto'), (1226, 8, 'Destination',9, 9, 'auto'), (1226, 8, 'Beneficiary',10, 13, 'auto'), (1226, 11, 'Agent',3, 3, 'auto'), (1226, 11, 'Patient',12, 13, 'auto');
INSERT INTO Sentences (sentence_id, sentence, sentence_type)VALUES (1227, 'A football player jumps up to catch the ball while others run towards him', 'auto');
INSERT INTO Words ( sentence_id,word_ID ,word,pos)VALUES (1227, 1, 'A', 'DT'), (1227, 2, 'football', 'NN'), (1227, 3, 'player', 'NN'), (1227, 4, 'jumps', 'VBZ'), (1227, 5, 'up', 'RP'), (1227, 6, 'to', 'TO'), (1227, 7, 'catch', 'VB'), (1227, 8, 'the', 'DT'), (1227, 9, 'ball', 'NN'), (1227, 10, 'while', 'IN'), (1227, 11, 'others', 'NNS'), (1227, 12, 'run', 'VBP'), (1227, 13, 'towards', 'IN'), (1227, 14, 'him', 'PRP');
INSERT INTO triples (sentence_id, predicate_id,relation,arg_start_id,arg_end_id,triple_type)VALUES (1227, 3, 'Property',2, 2, 'auto'), (1227, 4, 'Agent',2, 3, 'auto'), (1227, 4, 'Destination',5, 5, 'auto'), (1227, 4, 'Beneficiary',6, 9, 'auto'), (1227, 7, 'Agent',3, 3, 'auto'), (1227, 7, 'Patient',8, 10, 'auto'), (1227, 12, 'Agent',11, 11, 'auto'), (1227, 12, 'Destination',13, 14, 'auto');
INSERT INTO Sentences (sentence_id, sentence, sentence_type)VALUES (1228, 'Football players playing football', 'auto');
INSERT INTO Words ( sentence_id,word_ID ,word,pos)VALUES (1228, 1, 'Football', 'NN'), (1228, 2, 'players', 'NNS'), (1228, 3, 'playing', 'VBG'), (1228, 4, 'football', 'NN');
INSERT INTO triples (sentence_id, predicate_id,relation,arg_start_id,arg_end_id,triple_type)VALUES (1228, 2, 'Property',1, 1, 'auto'), (1228, 3, 'Agent',2, 2, 'auto'), (1228, 3, 'Patient',4, 4, 'auto');
INSERT INTO Sentences (sentence_id, sentence, sentence_type)VALUES (1229, 'The football player jumps into the air to catch a football', 'auto');
INSERT INTO Words ( sentence_id,word_ID ,word,pos)VALUES (1229, 1, 'The', 'DT'), (1229, 2, 'football', 'NN'), (1229, 3, 'player', 'NN'), (1229, 4, 'jumps', 'VBZ'), (1229, 5, 'into', 'IN'), (1229, 6, 'the', 'DT'), (1229, 7, 'air', 'NN'), (1229, 8, 'to', 'TO'), (1229, 9, 'catch', 'VB'), (1229, 10, 'a', 'DT'), (1229, 11, 'football', 'NN');
INSERT INTO triples (sentence_id, predicate_id,relation,arg_start_id,arg_end_id,triple_type)VALUES (1229, 3, 'Property',1, 2, 'auto'), (1229, 3, 'Location',7, 7, 'auto'), (1229, 4, 'Agent',3, 3, 'auto'), (1229, 4, 'Destination',7, 7, 'auto'), (1229, 4, 'Beneficiary',8, 11, 'auto'), (1229, 9, 'Agent',3, 3, 'auto'), (1229, 9, 'Location',7, 7, 'auto'), (1229, 9, 'Patient',10, 11, 'auto');
INSERT INTO Sentences (sentence_id, sentence, sentence_type)VALUES (1230, 'a football running back getting tackled', 'auto');
INSERT INTO Words ( sentence_id,word_ID ,word,pos)VALUES (1230, 1, 'a', 'DT'), (1230, 2, 'football', 'NN'), (1230, 3, 'running', 'VBG'), (1230, 4, 'back', 'RB'), (1230, 5, 'getting', 'VBG'), (1230, 6, 'tackled', 'VBN');
INSERT INTO triples (sentence_id, predicate_id,relation,arg_start_id,arg_end_id,triple_type)VALUES (1230, 3, 'Agent',2, 2, 'auto'), (1230, 6, 'Patient',2, 2, 'auto');
INSERT INTO Sentences (sentence_id, sentence, sentence_type)VALUES (1231, 'Football player tackles a player who has the ball , as a third player watches', 'auto');
INSERT INTO Words ( sentence_id,word_ID ,word,pos)VALUES (1231, 1, 'Football', 'NN'), (1231, 2, 'player', 'NN'), (1231, 3, 'tackles', 'VBZ'), (1231, 4, 'a', 'DT'), (1231, 5, 'player', 'NN'), (1231, 6, 'who', 'WP'), (1231, 7, 'has', 'VBZ'), (1231, 8, 'the', 'DT'), (1231, 9, 'ball', 'NN'), (1231, 10, ',', ','), (1231, 11, 'as', 'IN'), (1231, 12, 'a', 'DT'), (1231, 13, 'third', 'JJ'), (1231, 14, 'player', 'NN'), (1231, 15, 'watches', 'VBZ');
INSERT INTO triples (sentence_id, predicate_id,relation,arg_start_id,arg_end_id,triple_type)VALUES (1231, 2, 'Property',1, 1, 'auto'), (1231, 3, 'Agent',2, 2, 'auto'), (1231, 3, 'Patient',4, 9, 'auto'), (1231, 5, 'Property',1, 1, 'auto'), (1231, 5, 'Property',7, 9, 'auto'), (1231, 7, 'Agent',2, 2, 'auto'), (1231, 7, 'Patient',8, 9, 'auto'), (1231, 15, 'Agent',13, 14, 'auto');
INSERT INTO Sentences (sentence_id, sentence, sentence_type)VALUES (1232, 'One football player attempts to get the ball from another football player who is running', 'auto');
INSERT INTO Words ( sentence_id,word_ID ,word,pos)VALUES (1232, 1, 'One', 'CD'), (1232, 2, 'football', 'NN'), (1232, 3, 'player', 'NN'), (1232, 4, 'attempts', 'VBZ'), (1232, 5, 'to', 'TO'), (1232, 6, 'get', 'VB'), (1232, 7, 'the', 'DT'), (1232, 8, 'ball', 'NN'), (1232, 9, 'from', 'IN'), (1232, 10, 'another', 'DT'), (1232, 11, 'football', 'NN'), (1232, 12, 'player', 'NN'), (1232, 13, 'who', 'WP'), (1232, 14, 'is', 'VBZ'), (1232, 15, 'running', 'VBG');
INSERT INTO triples (sentence_id, predicate_id,relation,arg_start_id,arg_end_id,triple_type)VALUES (1232, 3, 'Property',1, 2, 'auto'), (1232, 4, 'Agent',3, 3, 'auto'), (1232, 4, 'Beneficiary',5, 8, 'auto'), (1232, 6, 'Agent',3, 3, 'auto'), (1232, 6, 'Patient',7, 8, 'auto'), (1232, 6, 'Source',9, 12, 'auto'), (1232, 8, 'Location',9, 15, 'auto'), (1232, 12, 'Property',10, 11, 'auto'), (1232, 15, 'Agent',12, 12, 'auto');
INSERT INTO Sentences (sentence_id, sentence, sentence_type)VALUES (1233, 'The American footballer in brown is tackling the player in whit who is running with the ball', 'auto');
INSERT INTO Words ( sentence_id,word_ID ,word,pos)VALUES (1233, 1, 'The', 'DT'), (1233, 2, 'American', 'JJ'), (1233, 3, 'footballer', 'NN'), (1233, 4, 'in', 'IN'), (1233, 5, 'brown', 'JJ'), (1233, 6, 'is', 'VBZ'), (1233, 7, 'tackling', 'VBG'), (1233, 8, 'the', 'DT'), (1233, 9, 'player', 'NN'), (1233, 10, 'in', 'IN'), (1233, 11, 'whit', 'NN'), (1233, 12, 'who', 'WP'), (1233, 13, 'is', 'VBZ'), (1233, 14, 'running', 'VBG'), (1233, 15, 'with', 'IN'), (1233, 16, 'the', 'DT'), (1233, 17, 'ball', 'NN');
INSERT INTO triples (sentence_id, predicate_id,relation,arg_start_id,arg_end_id,triple_type)VALUES (1233, 7, 'Agent',3, 3, 'auto'), (1233, 7, 'Patient',10, 17, 'auto'), (1233, 9, 'Property',11, 11, 'auto'), (1233, 14, 'Agent',9, 11, 'auto'), (1233, 14, 'Location',17, 17, 'auto');
INSERT INTO Sentences (sentence_id, sentence, sentence_type)VALUES (1234, 'This is a football game in progress', 'auto');
INSERT INTO Words ( sentence_id,word_ID ,word,pos)VALUES (1234, 1, 'This', 'DT'), (1234, 2, 'is', 'VBZ'), (1234, 3, 'a', 'DT'), (1234, 4, 'football', 'NN'), (1234, 5, 'game', 'NN'), (1234, 6, 'in', 'IN'), (1234, 7, 'progress', 'NN');
INSERT INTO triples (sentence_id, predicate_id,relation,arg_start_id,arg_end_id,triple_type)VALUES (1234, 2, 'Patient',3, 7, 'auto');
INSERT INTO Sentences (sentence_id, sentence, sentence_type)VALUES (1235, 'A male bike rider wearing a helmet is on his bike and pointing at the camera', 'auto');
INSERT INTO Words ( sentence_id,word_ID ,word,pos)VALUES (1235, 1, 'A', 'DT'), (1235, 2, 'male', 'JJ'), (1235, 3, 'bike', 'NN'), (1235, 4, 'rider', 'NN'), (1235, 5, 'wearing', 'VBG'), (1235, 6, 'a', 'DT'), (1235, 7, 'helmet', 'NN'), (1235, 8, 'is', 'VBZ'), (1235, 9, 'on', 'IN'), (1235, 10, 'his', 'PRP$'), (1235, 11, 'bike', 'NN'), (1235, 12, 'and', 'CC'), (1235, 13, 'pointing', 'VBG'), (1235, 14, 'at', 'IN'), (1235, 15, 'the', 'DT'), (1235, 16, 'camera', 'NN');
INSERT INTO triples (sentence_id, predicate_id,relation,arg_start_id,arg_end_id,triple_type)VALUES (1235, 3, 'Property',1, 2, 'auto'), (1235, 4, 'Property',1, 3, 'auto'), (1235, 5, 'Agent',4, 4, 'auto'), (1235, 5, 'Patient',6, 7, 'auto'), (1235, 8, 'Patient',7, 7, 'auto'), (1235, 8, 'Location',14, 16, 'auto'), (1235, 13, 'Agent',3, 4, 'auto'), (1235, 13, 'Destination',14, 16, 'auto');
INSERT INTO Sentences (sentence_id, sentence, sentence_type)VALUES (1236, 'A man in a red shirt sits on his dirt bike and points at the camera', 'auto');
INSERT INTO Words ( sentence_id,word_ID ,word,pos)VALUES (1236, 1, 'A', 'DT'), (1236, 2, 'man', 'NN'), (1236, 3, 'in', 'IN'), (1236, 4, 'a', 'DT'), (1236, 5, 'red', 'JJ'), (1236, 6, 'shirt', 'NN'), (1236, 7, 'sits', 'VBZ'), (1236, 8, 'on', 'IN'), (1236, 9, 'his', 'PRP$'), (1236, 10, 'dirt', 'NN'), (1236, 11, 'bike', 'NN'), (1236, 12, 'and', 'CC'), (1236, 13, 'points', 'NNS'), (1236, 14, 'at', 'IN'), (1236, 15, 'the', 'DT'), (1236, 16, 'camera', 'NN');
INSERT INTO triples (sentence_id, predicate_id,relation,arg_start_id,arg_end_id,triple_type)VALUES (1236, 2, 'Property',3, 11, 'auto'), (1236, 7, 'Agent',2, 2, 'auto'), (1236, 7, 'Patient',9, 11, 'auto'), (1236, 7, 'Location',14, 16, 'auto'), (1236, 11, 'Property',9, 10, 'auto'), (1236, 11, 'Location',16, 16, 'auto');
INSERT INTO Sentences (sentence_id, sentence, sentence_type)VALUES (1237, 'A man is sitting on a motocross bike pointing his finger forwards', 'auto');
INSERT INTO Words ( sentence_id,word_ID ,word,pos)VALUES (1237, 1, 'A', 'DT'), (1237, 2, 'man', 'NN'), (1237, 3, 'is', 'VBZ'), (1237, 4, 'sitting', 'VBG'), (1237, 5, 'on', 'IN'), (1237, 6, 'a', 'DT'), (1237, 7, 'motocross', 'NN'), (1237, 8, 'bike', 'NN'), (1237, 9, 'pointing', 'VBG'), (1237, 10, 'his', 'PRP$'), (1237, 11, 'finger', 'NN'), (1237, 12, 'forwards', 'RB');
INSERT INTO triples (sentence_id, predicate_id,relation,arg_start_id,arg_end_id,triple_type)VALUES (1237, 2, 'Location',3, 8, 'auto'), (1237, 2, 'Property',9, 12, 'auto'), (1237, 4, 'Agent',2, 2, 'auto'), (1237, 4, 'Location',5, 8, 'auto'), (1237, 4, 'Patient',9, 11, 'auto'), (1237, 9, 'Agent',2, 2, 'auto'), (1237, 9, 'Patient',11, 11, 'auto'), (1237, 9, 'Destination',12, 12, 'auto');
INSERT INTO Sentences (sentence_id, sentence, sentence_type)VALUES (1238, 'A man on a bike is wearing a helmet , logo shirt , and is pointing at you', 'auto');
INSERT INTO Words ( sentence_id,word_ID ,word,pos)VALUES (1238, 1, 'A', 'DT'), (1238, 2, 'man', 'NN'), (1238, 3, 'on', 'IN'), (1238, 4, 'a', 'DT'), (1238, 5, 'bike', 'NN'), (1238, 6, 'is', 'VBZ'), (1238, 7, 'wearing', 'VBG'), (1238, 8, 'a', 'DT'), (1238, 9, 'helmet', 'NN'), (1238, 10, ',', ','), (1238, 11, 'logo', 'NN'), (1238, 12, 'shirt', 'NN'), (1238, 13, ',', ','), (1238, 14, 'and', 'CC'), (1238, 15, 'is', 'VBZ'), (1238, 16, 'pointing', 'VBG'), (1238, 17, 'at', 'IN'), (1238, 18, 'you', 'PRP');
INSERT INTO triples (sentence_id, predicate_id,relation,arg_start_id,arg_end_id,triple_type)VALUES (1238, 2, 'Location',3, 5, 'auto'), (1238, 2, 'Property',6, 17, 'auto'), (1238, 7, 'Agent',2, 2, 'auto'), (1238, 7, 'Patient',8, 12, 'auto'), (1238, 16, 'Agent',2, 2, 'auto'), (1238, 16, 'Recipient',18, 18, 'auto');
INSERT INTO Sentences (sentence_id, sentence, sentence_type)VALUES (1239, 'A man wearing a helmet points at the camera', 'auto');
INSERT INTO Words ( sentence_id,word_ID ,word,pos)VALUES (1239, 1, 'A', 'DT'), (1239, 2, 'man', 'NN'), (1239, 3, 'wearing', 'VBG'), (1239, 4, 'a', 'DT'), (1239, 5, 'helmet', 'NN'), (1239, 6, 'points', 'VBZ'), (1239, 7, 'at', 'IN'), (1239, 8, 'the', 'DT'), (1239, 9, 'camera', 'NN');
INSERT INTO triples (sentence_id, predicate_id,relation,arg_start_id,arg_end_id,triple_type)VALUES (1239, 2, 'Property',4, 5, 'auto'), (1239, 3, 'Agent',2, 2, 'auto'), (1239, 3, 'Patient',4, 5, 'auto'), (1239, 6, 'Agent',2, 2, 'auto'), (1239, 6, 'Patient',7, 9, 'auto');
INSERT INTO Sentences (sentence_id, sentence, sentence_type)VALUES (1240, 'A disabled athlete is competing with his sponsored gear along a street lined with spectators', 'auto');
INSERT INTO Words ( sentence_id,word_ID ,word,pos)VALUES (1240, 1, 'A', 'DT'), (1240, 2, 'disabled', 'JJ'), (1240, 3, 'athlete', 'NN'), (1240, 4, 'is', 'VBZ'), (1240, 5, 'competing', 'VBG'), (1240, 6, 'with', 'IN'), (1240, 7, 'his', 'PRP$'), (1240, 8, 'sponsored', 'JJ'), (1240, 9, 'gear', 'NN'), (1240, 10, 'along', 'IN'), (1240, 11, 'a', 'DT'), (1240, 12, 'street', 'NN'), (1240, 13, 'lined', 'VBD'), (1240, 14, 'with', 'IN'), (1240, 15, 'spectators', 'NNS');
INSERT INTO triples (sentence_id, predicate_id,relation,arg_start_id,arg_end_id,triple_type)VALUES (1240, 5, 'Agent',3, 4, 'auto'), (1240, 5, 'Location',9, 12, 'auto');
INSERT INTO Sentences (sentence_id, sentence, sentence_type)VALUES (1241, 'A man riding on a three-wheeled wheelchair', 'auto');
INSERT INTO Words ( sentence_id,word_ID ,word,pos)VALUES (1241, 1, 'A', 'DT'), (1241, 2, 'man', 'NN'), (1241, 3, 'riding', 'VBG'), (1241, 4, 'on', 'IN'), (1241, 5, 'a', 'DT'), (1241, 6, 'three-wheeled', 'JJ'), (1241, 7, 'wheelchair', 'NN');
INSERT INTO triples (sentence_id, predicate_id,relation,arg_start_id,arg_end_id,triple_type)VALUES (1241, 2, 'Location',3, 7, 'auto'), (1241, 3, 'Agent',2, 2, 'auto'), (1241, 3, 'Location',4, 7, 'auto');
INSERT INTO Sentences (sentence_id, sentence, sentence_type)VALUES (1242, 'A man with a helmet is racing a three wheeled bicycle', 'auto');
INSERT INTO Words ( sentence_id,word_ID ,word,pos)VALUES (1242, 1, 'A', 'DT'), (1242, 2, 'man', 'NN'), (1242, 3, 'with', 'IN'), (1242, 4, 'a', 'DT'), (1242, 5, 'helmet', 'NN'), (1242, 6, 'is', 'VBZ'), (1242, 7, 'racing', 'VBG'), (1242, 8, 'a', 'DT'), (1242, 9, 'three', 'CD'), (1242, 10, 'wheeled', 'VBD'), (1242, 11, 'bicycle', 'NN');
INSERT INTO Sentences (sentence_id, sentence, sentence_type)VALUES (1243, 'A man with no legs is in a race with his wheel chair', 'auto');
INSERT INTO Words ( sentence_id,word_ID ,word,pos)VALUES (1243, 1, 'A', 'DT'), (1243, 2, 'man', 'NN'), (1243, 3, 'with', 'IN'), (1243, 4, 'no', 'DT'), (1243, 5, 'legs', 'NNS'), (1243, 6, 'is', 'VBZ'), (1243, 7, 'in', 'IN'), (1243, 8, 'a', 'DT'), (1243, 9, 'race', 'NN'), (1243, 10, 'with', 'IN'), (1243, 11, 'his', 'PRP$'), (1243, 12, 'wheel', 'NN'), (1243, 13, 'chair', 'NN');
INSERT INTO triples (sentence_id, predicate_id,relation,arg_start_id,arg_end_id,triple_type)VALUES (1243, 2, 'Property',3, 9, 'auto'), (1243, 6, 'Patient',1, 2, 'auto'), (1243, 6, 'Location',9, 9, 'auto'), (1243, 13, 'Property',11, 12, 'auto');
INSERT INTO Sentences (sentence_id, sentence, sentence_type)VALUES (1244, 'The handicapped biker uses his arms to move his yellow sports bike', 'auto');
INSERT INTO Words ( sentence_id,word_ID ,word,pos)VALUES (1244, 1, 'The', 'DT'), (1244, 2, 'handicapped', 'JJ'), (1244, 3, 'biker', 'NN'), (1244, 4, 'uses', 'VBZ'), (1244, 5, 'his', 'PRP$'), (1244, 6, 'arms', 'NNS'), (1244, 7, 'to', 'TO'), (1244, 8, 'move', 'VB'), (1244, 9, 'his', 'PRP$'), (1244, 10, 'yellow', 'JJ'), (1244, 11, 'sports', 'NNS'), (1244, 12, 'bike', 'NN');
INSERT INTO triples (sentence_id, predicate_id,relation,arg_start_id,arg_end_id,triple_type)VALUES (1244, 3, 'Property',1, 2, 'auto'), (1244, 4, 'Agent',3, 3, 'auto'), (1244, 4, 'Patient',5, 6, 'auto'), (1244, 4, 'Beneficiary',7, 12, 'auto'), (1244, 8, 'Agent',3, 3, 'auto'), (1244, 8, 'Patient',12, 12, 'auto');
INSERT INTO Sentences (sentence_id, sentence, sentence_type)VALUES (1245, 'A blue buggy is driving across the sand dunes', 'auto');
INSERT INTO Words ( sentence_id,word_ID ,word,pos)VALUES (1245, 1, 'A', 'DT'), (1245, 2, 'blue', 'JJ'), (1245, 3, 'buggy', 'NN'), (1245, 4, 'is', 'VBZ'), (1245, 5, 'driving', 'VBG'), (1245, 6, 'across', 'IN'), (1245, 7, 'the', 'DT'), (1245, 8, 'sand', 'NN'), (1245, 9, 'dunes', 'NNS');
INSERT INTO triples (sentence_id, predicate_id,relation,arg_start_id,arg_end_id,triple_type)VALUES (1245, 5, 'Agent',3, 3, 'auto'), (1245, 5, 'Location',6, 9, 'auto');
INSERT INTO Sentences (sentence_id, sentence, sentence_type)VALUES (1246, 'A blue go cart in the dirt pointing downhill', 'auto');
INSERT INTO Words ( sentence_id,word_ID ,word,pos)VALUES (1246, 1, 'A', 'DT'), (1246, 2, 'blue', 'JJ'), (1246, 3, 'go', 'NN'), (1246, 4, 'cart', 'NN'), (1246, 5, 'in', 'IN'), (1246, 6, 'the', 'DT'), (1246, 7, 'dirt', 'NN'), (1246, 8, 'pointing', 'JJ'), (1246, 9, 'downhill', 'RB');
INSERT INTO triples (sentence_id, predicate_id,relation,arg_start_id,arg_end_id,triple_type)VALUES (1246, 4, 'Location',5, 9, 'auto');
INSERT INTO Sentences (sentence_id, sentence, sentence_type)VALUES (1247, 'A dune buggy goes down a hill', 'auto');
INSERT INTO Words ( sentence_id,word_ID ,word,pos)VALUES (1247, 1, 'A', 'DT'), (1247, 2, 'dune', 'NN'), (1247, 3, 'buggy', 'NN'), (1247, 4, 'goes', 'VBZ'), (1247, 5, 'down', 'RP'), (1247, 6, 'a', 'DT'), (1247, 7, 'hill', 'NN');
INSERT INTO triples (sentence_id, predicate_id,relation,arg_start_id,arg_end_id,triple_type)VALUES (1247, 4, 'Agent',3, 3, 'auto'), (1247, 4, 'Destination',7, 7, 'auto');
INSERT INTO Sentences (sentence_id, sentence, sentence_type)VALUES (1248, 'A dune buggy going down a sandy hill', 'auto');
INSERT INTO Words ( sentence_id,word_ID ,word,pos)VALUES (1248, 1, 'A', 'DT'), (1248, 2, 'dune', 'NN'), (1248, 3, 'buggy', 'NN'), (1248, 4, 'going', 'VBG'), (1248, 5, 'down', 'RP'), (1248, 6, 'a', 'DT'), (1248, 7, 'sandy', 'JJ'), (1248, 8, 'hill', 'NN');
INSERT INTO triples (sentence_id, predicate_id,relation,arg_start_id,arg_end_id,triple_type)VALUES (1248, 4, 'Agent',3, 3, 'auto'), (1248, 4, 'Destination',5, 5, 'auto'), (1248, 4, 'Patient',6, 8, 'auto'), (1248, 8, 'Material',7, 7, 'auto');
INSERT INTO Sentences (sentence_id, sentence, sentence_type)VALUES (1249, 'A dune buggy traveling on sand', 'auto');
INSERT INTO Words ( sentence_id,word_ID ,word,pos)VALUES (1249, 1, 'A', 'DT'), (1249, 2, 'dune', 'NN'), (1249, 3, 'buggy', 'NN'), (1249, 4, 'traveling', 'VBG'), (1249, 5, 'on', 'IN'), (1249, 6, 'sand', 'NN');
INSERT INTO triples (sentence_id, predicate_id,relation,arg_start_id,arg_end_id,triple_type)VALUES (1249, 4, 'Agent',3, 3, 'auto'), (1249, 4, 'Location',5, 6, 'auto');
INSERT INTO Sentences (sentence_id, sentence, sentence_type)VALUES (1250, 'Two children are on a fairground ride', 'auto');
INSERT INTO Words ( sentence_id,word_ID ,word,pos)VALUES (1250, 1, 'Two', 'CD'), (1250, 2, 'children', 'NNS'), (1250, 3, 'are', 'VBP'), (1250, 4, 'on', 'IN'), (1250, 5, 'a', 'DT'), (1250, 6, 'fairground', 'NN'), (1250, 7, 'ride', 'NN');
INSERT INTO triples (sentence_id, predicate_id,relation,arg_start_id,arg_end_id,triple_type)VALUES (1250, 3, 'Patient',1, 2, 'auto'), (1250, 3, 'Location',4, 6, 'auto');
INSERT INTO Sentences (sentence_id, sentence, sentence_type)VALUES (1251, 'two girls on a carnival ride Two girls on an amusement park ride', 'auto');
INSERT INTO Words ( sentence_id,word_ID ,word,pos)VALUES (1251, 1, 'two', 'CD'), (1251, 2, 'girls', 'NNS'), (1251, 3, 'on', 'IN'), (1251, 4, 'a', 'DT'), (1251, 5, 'carnival', 'NN'), (1251, 6, 'ride', 'NN'), (1251, 7, 'Two', 'CD'), (1251, 8, 'girls', 'NNS'), (1251, 9, 'on', 'IN'), (1251, 10, 'an', 'DT'), (1251, 11, 'amusement', 'NN'), (1251, 12, 'park', 'NN'), (1251, 13, 'ride', 'NN');
INSERT INTO Sentences (sentence_id, sentence, sentence_type)VALUES (1252, 'Two girls on an amusement park ride smiling and laughing', 'auto');
INSERT INTO Words ( sentence_id,word_ID ,word,pos)VALUES (1252, 1, 'Two', 'CD'), (1252, 2, 'girls', 'NNS'), (1252, 3, 'on', 'IN'), (1252, 4, 'an', 'DT'), (1252, 5, 'amusement', 'NN'), (1252, 6, 'park', 'NN'), (1252, 7, 'ride', 'NN'), (1252, 8, 'smiling', 'VBG'), (1252, 9, 'and', 'CC'), (1252, 10, 'laughing', 'VBG');
INSERT INTO triples (sentence_id, predicate_id,relation,arg_start_id,arg_end_id,triple_type)VALUES (1252, 8, 'Agent',2, 2, 'auto'), (1252, 8, 'Location',3, 6, 'auto'), (1252, 10, 'Agent',2, 2, 'auto'), (1252, 10, 'Location',3, 6, 'auto');
INSERT INTO Sentences (sentence_id, sentence, sentence_type)VALUES (1253, 'Two girls riding on an amusement part ride', 'auto');
INSERT INTO Words ( sentence_id,word_ID ,word,pos)VALUES (1253, 1, 'Two', 'CD'), (1253, 2, 'girls', 'NNS'), (1253, 3, 'riding', 'VBG'), (1253, 4, 'on', 'IN'), (1253, 5, 'an', 'DT'), (1253, 6, 'amusement', 'NN'), (1253, 7, 'part', 'NN'), (1253, 8, 'ride', 'NN');
INSERT INTO triples (sentence_id, predicate_id,relation,arg_start_id,arg_end_id,triple_type)VALUES (1253, 3, 'Agent',2, 2, 'auto'), (1253, 3, 'Location',4, 8, 'auto');
INSERT INTO Sentences (sentence_id, sentence, sentence_type)VALUES (1254, 'A black Mitsubishi is driving through a muddy puddle and spraying water', 'auto');
INSERT INTO Words ( sentence_id,word_ID ,word,pos)VALUES (1254, 1, 'A', 'DT'), (1254, 2, 'black', 'JJ'), (1254, 3, 'Mitsubishi', 'NNP'), (1254, 4, 'is', 'VBZ'), (1254, 5, 'driving', 'VBG'), (1254, 6, 'through', 'IN'), (1254, 7, 'a', 'DT'), (1254, 8, 'muddy', 'JJ'), (1254, 9, 'puddle', 'NN'), (1254, 10, 'and', 'CC'), (1254, 11, 'spraying', 'VBG'), (1254, 12, 'water', 'NN');
INSERT INTO triples (sentence_id, predicate_id,relation,arg_start_id,arg_end_id,triple_type)VALUES (1254, 5, 'Agent',3, 3, 'auto'), (1254, 5, 'Location',6, 9, 'auto'), (1254, 9, 'Agent',3, 3, 'auto'), (1254, 9, 'Destination',8, 9, 'auto'), (1254, 9, 'Patient',12, 12, 'auto');
INSERT INTO Sentences (sentence_id, sentence, sentence_type)VALUES (1255, 'A blue car splashes mud on a dirt road while driving through a puddle', 'auto');
INSERT INTO Words ( sentence_id,word_ID ,word,pos)VALUES (1255, 1, 'A', 'DT'), (1255, 2, 'blue', 'JJ'), (1255, 3, 'car', 'NN'), (1255, 4, 'splashes', 'VBZ'), (1255, 5, 'mud', 'NN'), (1255, 6, 'on', 'IN'), (1255, 7, 'a', 'DT'), (1255, 8, 'dirt', 'NN'), (1255, 9, 'road', 'NN'), (1255, 10, 'while', 'IN'), (1255, 11, 'driving', 'VBG'), (1255, 12, 'through', 'IN'), (1255, 13, 'a', 'DT'), (1255, 14, 'puddle', 'NN');
INSERT INTO triples (sentence_id, predicate_id,relation,arg_start_id,arg_end_id,triple_type)VALUES (1255, 3, 'Property',2, 2, 'auto'), (1255, 3, 'Location',13, 14, 'auto'), (1255, 4, 'Agent',3, 3, 'auto'), (1255, 4, 'Patient',5, 5, 'auto'), (1255, 4, 'Destination',8, 9, 'auto'), (1255, 4, 'Time',10, 12, 'auto'), (1255, 11, 'Agent',3, 3, 'auto'), (1255, 11, 'Location',12, 14, 'auto');
INSERT INTO Sentences (sentence_id, sentence, sentence_type)VALUES (1256, 'A blueish green car on a dirt road splashing water on the left', 'auto');
INSERT INTO Words ( sentence_id,word_ID ,word,pos)VALUES (1256, 1, 'A', 'DT'), (1256, 2, 'blueish', 'JJ'), (1256, 3, 'green', 'JJ'), (1256, 4, 'car', 'NN'), (1256, 5, 'on', 'IN'), (1256, 6, 'a', 'DT'), (1256, 7, 'dirt', 'NN'), (1256, 8, 'road', 'NN'), (1256, 9, 'splashing', 'VBG'), (1256, 10, 'water', 'NN'), (1256, 11, 'on', 'IN'), (1256, 12, 'the', 'DT'), (1256, 13, 'left', 'NN');
INSERT INTO triples (sentence_id, predicate_id,relation,arg_start_id,arg_end_id,triple_type)VALUES (1256, 4, 'Property',2, 3, 'auto'), (1256, 4, 'Location',6, 8, 'auto'), (1256, 9, 'Agent',4, 4, 'auto'), (1256, 9, 'Patient',10, 10, 'auto'), (1256, 9, 'Destination',11, 13, 'auto'), (1256, 10, 'Location',11, 13, 'auto');
INSERT INTO Sentences (sentence_id, sentence, sentence_type)VALUES (1257, 'A dark blue car going through a muddy road and sprinkling some to the side', 'auto');
INSERT INTO Words ( sentence_id,word_ID ,word,pos)VALUES (1257, 1, 'A', 'DT'), (1257, 2, 'dark', 'JJ'), (1257, 3, 'blue', 'JJ'), (1257, 4, 'car', 'NN'), (1257, 5, 'going', 'VBG'), (1257, 6, 'through', 'IN'), (1257, 7, 'a', 'DT'), (1257, 8, 'muddy', 'JJ'), (1257, 9, 'road', 'NN'), (1257, 10, 'and', 'CC'), (1257, 11, 'sprinkling', 'VBG'), (1257, 12, 'some', 'DT'), (1257, 13, 'to', 'TO'), (1257, 14, 'the', 'DT'), (1257, 15, 'side', 'NN');
INSERT INTO triples (sentence_id, predicate_id,relation,arg_start_id,arg_end_id,triple_type)VALUES (1257, 4, 'Property',2, 3, 'auto'), (1257, 4, 'Location',6, 9, 'auto'), (1257, 5, 'Agent',4, 4, 'auto'), (1257, 5, 'Location',6, 9, 'auto'), (1257, 11, 'Agent',4, 4, 'auto'), (1257, 11, 'Patient',12, 12, 'auto'), (1257, 11, 'Destination',14, 15, 'auto');
INSERT INTO Sentences (sentence_id, sentence, sentence_type)VALUES (1258, 'There is a blue car on a road in the roads splashing through a puddle', 'auto');
INSERT INTO Words ( sentence_id,word_ID ,word,pos)VALUES (1258, 1, 'There', 'EX'), (1258, 2, 'is', 'VBZ'), (1258, 3, 'a', 'DT'), (1258, 4, 'blue', 'JJ'), (1258, 5, 'car', 'NN'), (1258, 6, 'on', 'IN'), (1258, 7, 'a', 'DT'), (1258, 8, 'road', 'NN'), (1258, 9, 'in', 'IN'), (1258, 10, 'the', 'DT'), (1258, 11, 'roads', 'NNS'), (1258, 12, 'splashing', 'VBG'), (1258, 13, 'through', 'IN'), (1258, 14, 'a', 'DT'), (1258, 15, 'puddle', 'NN');
INSERT INTO triples (sentence_id, predicate_id,relation,arg_start_id,arg_end_id,triple_type)VALUES (1258, 2, 'Patient',5, 5, 'auto'), (1258, 2, 'Location',7, 8, 'auto'), (1258, 5, 'Property',4, 4, 'auto'), (1258, 5, 'Location',6, 11, 'auto'), (1258, 12, 'Agent',5, 5, 'auto'), (1258, 12, 'Location',13, 15, 'auto');
INSERT INTO Sentences (sentence_id, sentence, sentence_type)VALUES (1259, 'a dirt biker stands in the sunset', 'auto');
INSERT INTO Words ( sentence_id,word_ID ,word,pos)VALUES (1259, 1, 'a', 'DT'), (1259, 2, 'dirt', 'NN'), (1259, 3, 'biker', 'NN'), (1259, 4, 'stands', 'VBZ'), (1259, 5, 'in', 'IN'), (1259, 6, 'the', 'DT'), (1259, 7, 'sunset', 'NN');
INSERT INTO triples (sentence_id, predicate_id,relation,arg_start_id,arg_end_id,triple_type)VALUES (1259, 3, 'Property',1, 2, 'auto'), (1259, 4, 'Agent',3, 3, 'auto'), (1259, 4, 'Location',5, 7, 'auto');
INSERT INTO Sentences (sentence_id, sentence, sentence_type)VALUES (1260, 'A man on a motorcycle is silhouetted by the sun set', 'auto');
INSERT INTO Words ( sentence_id,word_ID ,word,pos)VALUES (1260, 1, 'A', 'DT'), (1260, 2, 'man', 'NN'), (1260, 3, 'on', 'IN'), (1260, 4, 'a', 'DT'), (1260, 5, 'motorcycle', 'NN'), (1260, 6, 'is', 'VBZ'), (1260, 7, 'silhouetted', 'VBN'), (1260, 8, 'by', 'IN'), (1260, 9, 'the', 'DT'), (1260, 10, 'sun', 'NN'), (1260, 11, 'set', 'NN');
INSERT INTO triples (sentence_id, predicate_id,relation,arg_start_id,arg_end_id,triple_type)VALUES (1260, 2, 'Location',3, 5, 'auto'), (1260, 5, 'Location',10, 11, 'auto');
INSERT INTO Sentences (sentence_id, sentence, sentence_type)VALUES (1261, 'a man sitting on a motorcycle with a sunset directly behind him', 'auto');
INSERT INTO Words ( sentence_id,word_ID ,word,pos)VALUES (1261, 1, 'a', 'DT'), (1261, 2, 'man', 'NN'), (1261, 3, 'sitting', 'VBG'), (1261, 4, 'on', 'IN'), (1261, 5, 'a', 'DT'), (1261, 6, 'motorcycle', 'NN'), (1261, 7, 'with', 'IN'), (1261, 8, 'a', 'DT'), (1261, 9, 'sunset', 'NN'), (1261, 10, 'directly', 'RB'), (1261, 11, 'behind', 'IN'), (1261, 12, 'him', 'PRP');
INSERT INTO triples (sentence_id, predicate_id,relation,arg_start_id,arg_end_id,triple_type)VALUES (1261, 2, 'Location',3, 6, 'auto'), (1261, 3, 'Agent',2, 2, 'auto'), (1261, 3, 'Location',4, 9, 'auto'), (1261, 6, 'Location',9, 12, 'auto');
INSERT INTO Sentences (sentence_id, sentence, sentence_type)VALUES (1262, 'The man is on a bike and sitting in front of the sunset', 'auto');
INSERT INTO Words ( sentence_id,word_ID ,word,pos)VALUES (1262, 1, 'The', 'DT'), (1262, 2, 'man', 'NN'), (1262, 3, 'is', 'VBZ'), (1262, 4, 'on', 'IN'), (1262, 5, 'a', 'DT'), (1262, 6, 'bike', 'NN'), (1262, 7, 'and', 'CC'), (1262, 8, 'sitting', 'VBG'), (1262, 9, 'in', 'IN'), (1262, 10, 'front', 'NN'), (1262, 11, 'of', 'IN'), (1262, 12, 'the', 'DT'), (1262, 13, 'sunset', 'NN');
INSERT INTO triples (sentence_id, predicate_id,relation,arg_start_id,arg_end_id,triple_type)VALUES (1262, 2, 'Property',7, 8, 'auto'), (1262, 2, 'Location',9, 13, 'auto'), (1262, 3, 'Patient',1, 2, 'auto'), (1262, 3, 'Location',9, 11, 'auto'), (1262, 3, 'Time',12, 13, 'auto'), (1262, 6, 'Location',12, 13, 'auto'), (1262, 8, 'Agent',2, 2, 'auto'), (1262, 8, 'Location',9, 11, 'auto'), (1262, 8, 'Time',12, 13, 'auto');
INSERT INTO Sentences (sentence_id, sentence, sentence_type)VALUES (1263, 'The man sat on the dirt bike as the sun set in the distance', 'auto');
INSERT INTO Words ( sentence_id,word_ID ,word,pos)VALUES (1263, 1, 'The', 'DT'), (1263, 2, 'man', 'NN'), (1263, 3, 'sat', 'VBD'), (1263, 4, 'on', 'IN'), (1263, 5, 'the', 'DT'), (1263, 6, 'dirt', 'NN'), (1263, 7, 'bike', 'NN'), (1263, 8, 'as', 'IN'), (1263, 9, 'the', 'DT'), (1263, 10, 'sun', 'NN'), (1263, 11, 'set', 'VBN'), (1263, 12, 'in', 'IN'), (1263, 13, 'the', 'DT'), (1263, 14, 'distance', 'NN');
INSERT INTO triples (sentence_id, predicate_id,relation,arg_start_id,arg_end_id,triple_type)VALUES (1263, 2, 'Location',6, 7, 'auto'), (1263, 3, 'Patient',2, 2, 'auto'), (1263, 3, 'Location',4, 7, 'auto'), (1263, 7, 'Property',6, 6, 'auto'), (1263, 11, 'Agent',10, 10, 'auto'), (1263, 11, 'Destination',14, 14, 'auto');
INSERT INTO Sentences (sentence_id, sentence, sentence_type)VALUES (1264, 'A black and white motorcycle is being ridden around a race track', 'auto');
INSERT INTO Words ( sentence_id,word_ID ,word,pos)VALUES (1264, 1, 'A', 'DT'), (1264, 2, 'black', 'JJ'), (1264, 3, 'and', 'CC'), (1264, 4, 'white', 'JJ'), (1264, 5, 'motorcycle', 'NN'), (1264, 6, 'is', 'VBZ'), (1264, 7, 'being', 'VBG'), (1264, 8, 'ridden', 'VBN'), (1264, 9, 'around', 'IN'), (1264, 10, 'a', 'DT'), (1264, 11, 'race', 'NN'), (1264, 12, 'track', 'NN');
INSERT INTO triples (sentence_id, predicate_id,relation,arg_start_id,arg_end_id,triple_type)VALUES (1264, 5, 'Property',1, 4, 'auto'), (1264, 5, 'Location',11, 12, 'auto'), (1264, 8, 'Patient',1, 5, 'auto'), (1264, 8, 'Location',9, 12, 'auto');
INSERT INTO Sentences (sentence_id, sentence, sentence_type)VALUES (1265, 'A man on a motorcycle is racing on a track', 'auto');
INSERT INTO Words ( sentence_id,word_ID ,word,pos)VALUES (1265, 1, 'A', 'DT'), (1265, 2, 'man', 'NN'), (1265, 3, 'on', 'IN'), (1265, 4, 'a', 'DT'), (1265, 5, 'motorcycle', 'NN'), (1265, 6, 'is', 'VBZ'), (1265, 7, 'racing', 'VBG'), (1265, 8, 'on', 'IN'), (1265, 9, 'a', 'DT'), (1265, 10, 'track', 'NN');
INSERT INTO triples (sentence_id, predicate_id,relation,arg_start_id,arg_end_id,triple_type)VALUES (1265, 2, 'Location',3, 10, 'auto'), (1265, 5, 'Location',8, 10, 'auto'), (1265, 7, 'Agent',2, 2, 'auto'), (1265, 7, 'Location',8, 10, 'auto');
INSERT INTO Sentences (sentence_id, sentence, sentence_type)VALUES (1266, 'A motorcycle racer speeds down a track', 'auto');
INSERT INTO Words ( sentence_id,word_ID ,word,pos)VALUES (1266, 1, 'A', 'DT'), (1266, 2, 'motorcycle', 'NN'), (1266, 3, 'racer', 'NN'), (1266, 4, 'speeds', 'VBZ'), (1266, 5, 'down', 'IN'), (1266, 6, 'a', 'DT'), (1266, 7, 'track', 'NN');
INSERT INTO triples (sentence_id, predicate_id,relation,arg_start_id,arg_end_id,triple_type)VALUES (1266, 2, 'Location',6, 7, 'auto'), (1266, 3, 'Property',1, 2, 'auto'), (1266, 4, 'Patient',1, 2, 'auto'), (1266, 4, 'Agent',3, 3, 'auto'), (1266, 4, 'Location',5, 7, 'auto');
INSERT INTO Sentences (sentence_id, sentence, sentence_type)VALUES (1267, 'A orange , white , and black motorcyclist racing', 'auto');
INSERT INTO Words ( sentence_id,word_ID ,word,pos)VALUES (1267, 1, 'A', 'DT'), (1267, 2, 'orange', 'NN'), (1267, 3, ',', ','), (1267, 4, 'white', 'JJ'), (1267, 5, ',', ','), (1267, 6, 'and', 'CC'), (1267, 7, 'black', 'JJ'), (1267, 8, 'motorcyclist', 'NN'), (1267, 9, 'racing', 'VBG');
INSERT INTO triples (sentence_id, predicate_id,relation,arg_start_id,arg_end_id,triple_type)VALUES (1267, 8, 'Property',2, 7, 'auto');
INSERT INTO Sentences (sentence_id, sentence, sentence_type)VALUES (1268, 'A professional motor racer in motion', 'auto');
INSERT INTO Words ( sentence_id,word_ID ,word,pos)VALUES (1268, 1, 'A', 'DT'), (1268, 2, 'professional', 'JJ'), (1268, 3, 'motor', 'NN'), (1268, 4, 'racer', 'NN'), (1268, 5, 'in', 'IN'), (1268, 6, 'motion', 'NN');
INSERT INTO triples (sentence_id, predicate_id,relation,arg_start_id,arg_end_id,triple_type)VALUES (1268, 4, 'Property',2, 3, 'auto'), (1268, 4, 'Location',5, 6, 'auto');
INSERT INTO Sentences (sentence_id, sentence, sentence_type)VALUES (1269, 'A BMX biker flies in the air off of a ramp', 'auto');
INSERT INTO Words ( sentence_id,word_ID ,word,pos)VALUES (1269, 1, 'A', 'DT'), (1269, 2, 'BMX', 'NNP'), (1269, 3, 'biker', 'NN'), (1269, 4, 'flies', 'VBZ'), (1269, 5, 'in', 'IN'), (1269, 6, 'the', 'DT'), (1269, 7, 'air', 'NN'), (1269, 8, 'off', 'IN'), (1269, 9, 'of', 'IN'), (1269, 10, 'a', 'DT'), (1269, 11, 'ramp', 'NN');
INSERT INTO triples (sentence_id, predicate_id,relation,arg_start_id,arg_end_id,triple_type)VALUES (1269, 3, 'Property',1, 2, 'auto'), (1269, 4, 'Patient',1, 2, 'auto'), (1269, 4, 'Agent',3, 3, 'auto'), (1269, 4, 'Destination',7, 7, 'auto'), (1269, 4, 'Source',8, 11, 'auto');
INSERT INTO Sentences (sentence_id, sentence, sentence_type)VALUES (1270, 'A bmx rider rides up a jump and into the air', 'auto');
INSERT INTO Words ( sentence_id,word_ID ,word,pos)VALUES (1270, 1, 'A', 'DT'), (1270, 2, 'bmx', 'NN'), (1270, 3, 'rider', 'NN'), (1270, 4, 'rides', 'VBZ'), (1270, 5, 'up', 'IN'), (1270, 6, 'a', 'DT'), (1270, 7, 'jump', 'NN'), (1270, 8, 'and', 'CC'), (1270, 9, 'into', 'IN'), (1270, 10, 'the', 'DT'), (1270, 11, 'air', 'NN');
INSERT INTO triples (sentence_id, predicate_id,relation,arg_start_id,arg_end_id,triple_type)VALUES (1270, 3, 'Property',1, 2, 'auto'), (1270, 3, 'Location',10, 11, 'auto'), (1270, 4, 'Patient',1, 2, 'auto'), (1270, 4, 'Agent',3, 3, 'auto'), (1270, 4, 'Location',5, 7, 'auto');
INSERT INTO Sentences (sentence_id, sentence, sentence_type)VALUES (1271, 'A boy on a bike descends a half pipe', 'auto');
INSERT INTO Words ( sentence_id,word_ID ,word,pos)VALUES (1271, 1, 'A', 'DT'), (1271, 2, 'boy', 'NN'), (1271, 3, 'on', 'IN'), (1271, 4, 'a', 'DT'), (1271, 5, 'bike', 'NN'), (1271, 6, 'descends', 'VBZ'), (1271, 7, 'a', 'DT'), (1271, 8, 'half', 'NN'), (1271, 9, 'pipe', 'NN');
INSERT INTO triples (sentence_id, predicate_id,relation,arg_start_id,arg_end_id,triple_type)VALUES (1271, 2, 'Location',3, 9, 'auto'), (1271, 5, 'Location',6, 9, 'auto'), (1271, 6, 'Location',4, 4, 'auto'), (1271, 6, 'Patient',7, 9, 'auto');
INSERT INTO Sentences (sentence_id, sentence, sentence_type)VALUES (1272, 'A man is riding his bicycle up in the air off of a ramp', 'auto');
INSERT INTO Words ( sentence_id,word_ID ,word,pos)VALUES (1272, 1, 'A', 'DT'), (1272, 2, 'man', 'NN'), (1272, 3, 'is', 'VBZ'), (1272, 4, 'riding', 'VBG'), (1272, 5, 'his', 'PRP$'), (1272, 6, 'bicycle', 'NN'), (1272, 7, 'up', 'RP'), (1272, 8, 'in', 'IN'), (1272, 9, 'the', 'DT'), (1272, 10, 'air', 'NN'), (1272, 11, 'off', 'IN'), (1272, 12, 'of', 'IN'), (1272, 13, 'a', 'DT'), (1272, 14, 'ramp', 'NN');
INSERT INTO triples (sentence_id, predicate_id,relation,arg_start_id,arg_end_id,triple_type)VALUES (1272, 2, 'Property',5, 6, 'auto'), (1272, 2, 'Location',13, 14, 'auto'), (1272, 4, 'Agent',2, 2, 'auto'), (1272, 4, 'Patient',5, 6, 'auto'), (1272, 4, 'Destination',7, 10, 'auto'), (1272, 4, 'Location',13, 14, 'auto'), (1272, 6, 'Location',13, 14, 'auto');
INSERT INTO Sentences (sentence_id, sentence, sentence_type)VALUES (1273, 'Bicycle rider airborne on a ramp', 'auto');
INSERT INTO Words ( sentence_id,word_ID ,word,pos)VALUES (1273, 1, 'Bicycle', 'NNP'), (1273, 2, 'rider', 'NN'), (1273, 3, 'airborne', 'JJ'), (1273, 4, 'on', 'IN'), (1273, 5, 'a', 'DT'), (1273, 6, 'ramp', 'NN');
INSERT INTO triples (sentence_id, predicate_id,relation,arg_start_id,arg_end_id,triple_type)VALUES (1273, 2, 'Property',1, 1, 'auto'), (1273, 2, 'Location',4, 6, 'auto');
INSERT INTO Sentences (sentence_id, sentence, sentence_type)VALUES (1274, 'A man going skating down a slide while two kids look on', 'auto');
INSERT INTO Words ( sentence_id,word_ID ,word,pos)VALUES (1274, 1, 'A', 'DT'), (1274, 2, 'man', 'NN'), (1274, 3, 'going', 'VBG'), (1274, 4, 'skating', 'VBG'), (1274, 5, 'down', 'RP'), (1274, 6, 'a', 'DT'), (1274, 7, 'slide', 'NN'), (1274, 8, 'while', 'IN'), (1274, 9, 'two', 'CD'), (1274, 10, 'kids', 'NNS'), (1274, 11, 'look', 'VBP'), (1274, 12, 'on', 'IN');
INSERT INTO triples (sentence_id, predicate_id,relation,arg_start_id,arg_end_id,triple_type)VALUES (1274, 2, 'Location',6, 7, 'auto'), (1274, 3, 'Agent',2, 2, 'auto'), (1274, 3, 'Destination',5, 5, 'auto'), (1274, 3, 'Patient',7, 7, 'auto'), (1274, 3, 'Time',8, 12, 'auto'), (1274, 4, 'Agent',2, 2, 'auto'), (1274, 4, 'Patient',6, 7, 'auto'), (1274, 11, 'Agent',9, 10, 'auto');
INSERT INTO Sentences (sentence_id, sentence, sentence_type)VALUES (1275, 'A skateboarder in the air at a big , outdoor ramp', 'auto');
INSERT INTO Words ( sentence_id,word_ID ,word,pos)VALUES (1275, 1, 'A', 'DT'), (1275, 2, 'skateboarder', 'NN'), (1275, 3, 'in', 'IN'), (1275, 4, 'the', 'DT'), (1275, 5, 'air', 'NN'), (1275, 6, 'at', 'IN'), (1275, 7, 'a', 'DT'), (1275, 8, 'big', 'JJ'), (1275, 9, ',', ','), (1275, 10, 'outdoor', 'JJ'), (1275, 11, 'ramp', 'NN');
INSERT INTO triples (sentence_id, predicate_id,relation,arg_start_id,arg_end_id,triple_type)VALUES (1275, 2, 'Location',3, 11, 'auto');
INSERT INTO Sentences (sentence_id, sentence, sentence_type)VALUES (1276, 'A skateboarder is skating down a very steep ramp in a skate park', 'auto');
INSERT INTO Words ( sentence_id,word_ID ,word,pos)VALUES (1276, 1, 'A', 'DT'), (1276, 2, 'skateboarder', 'NN'), (1276, 3, 'is', 'VBZ'), (1276, 4, 'skating', 'VBG'), (1276, 5, 'down', 'RP'), (1276, 6, 'a', 'DT'), (1276, 7, 'very', 'RB'), (1276, 8, 'steep', 'JJ'), (1276, 9, 'ramp', 'NN'), (1276, 10, 'in', 'IN'), (1276, 11, 'a', 'DT'), (1276, 12, 'skate', 'NN'), (1276, 13, 'park', 'NN');
INSERT INTO triples (sentence_id, predicate_id,relation,arg_start_id,arg_end_id,triple_type)VALUES (1276, 2, 'Location',6, 13, 'auto'), (1276, 4, 'Agent',2, 2, 'auto'), (1276, 4, 'Patient',7, 9, 'auto'), (1276, 4, 'Location',10, 13, 'auto'), (1276, 9, 'Location',10, 13, 'auto');
INSERT INTO Sentences (sentence_id, sentence, sentence_type)VALUES (1277, 'Kids play on a skateboarding ramp in front of some trees', 'auto');
INSERT INTO Words ( sentence_id,word_ID ,word,pos)VALUES (1277, 1, 'Kids', 'NNS'), (1277, 2, 'play', 'VBP'), (1277, 3, 'on', 'IN'), (1277, 4, 'a', 'DT'), (1277, 5, 'skateboarding', 'NNP'), (1277, 6, 'ramp', 'NN'), (1277, 7, 'in', 'IN'), (1277, 8, 'front', 'NN'), (1277, 9, 'of', 'IN'), (1277, 10, 'some', 'DT'), (1277, 11, 'trees', 'NNS');
INSERT INTO triples (sentence_id, predicate_id,relation,arg_start_id,arg_end_id,triple_type)VALUES (1277, 2, 'Agent',1, 1, 'auto'), (1277, 2, 'Location',3, 8, 'auto'), (1277, 6, 'Location',7, 11, 'auto');
INSERT INTO Sentences (sentence_id, sentence, sentence_type)VALUES (1278, 'Two young males watch another male skateboarding at a skate park', 'auto');
INSERT INTO Words ( sentence_id,word_ID ,word,pos)VALUES (1278, 1, 'Two', 'CD'), (1278, 2, 'young', 'JJ'), (1278, 3, 'males', 'NNS'), (1278, 4, 'watch', 'VBP'), (1278, 5, 'another', 'DT'), (1278, 6, 'male', 'NN'), (1278, 7, 'skateboarding', 'VBG'), (1278, 8, 'at', 'IN'), (1278, 9, 'a', 'DT'), (1278, 10, 'skate', 'NN'), (1278, 11, 'park', 'NN');
INSERT INTO triples (sentence_id, predicate_id,relation,arg_start_id,arg_end_id,triple_type)VALUES (1278, 4, 'Agent',3, 3, 'auto'), (1278, 4, 'Patient',5, 7, 'auto'), (1278, 4, 'Location',11, 11, 'auto'), (1278, 7, 'Agent',5, 6, 'auto'), (1278, 7, 'Location',8, 11, 'auto');
INSERT INTO Sentences (sentence_id, sentence, sentence_type)VALUES (1279, 'A girl in a blue and white uniform tags someone in a black and red uniform', 'auto');
INSERT INTO Words ( sentence_id,word_ID ,word,pos)VALUES (1279, 1, 'A', 'DT'), (1279, 2, 'girl', 'NN'), (1279, 3, 'in', 'IN'), (1279, 4, 'a', 'DT'), (1279, 5, 'blue', 'JJ'), (1279, 6, 'and', 'CC'), (1279, 7, 'white', 'JJ'), (1279, 8, 'uniform', 'JJ'), (1279, 9, 'tags', 'VBZ'), (1279, 10, 'someone', 'NN'), (1279, 11, 'in', 'IN'), (1279, 12, 'a', 'DT'), (1279, 13, 'black', 'JJ'), (1279, 14, 'and', 'CC'), (1279, 15, 'red', 'JJ'), (1279, 16, 'uniform', 'NN');
INSERT INTO triples (sentence_id, predicate_id,relation,arg_start_id,arg_end_id,triple_type)VALUES (1279, 9, 'Agent',2, 2, 'auto'), (1279, 9, 'Patient',10, 16, 'auto'), (1279, 10, 'Property',11, 16, 'auto');
INSERT INTO Sentences (sentence_id, sentence, sentence_type)VALUES (1280, 'A girl is catching a baseball before an opponent touches base', 'auto');
INSERT INTO Words ( sentence_id,word_ID ,word,pos)VALUES (1280, 1, 'A', 'DT'), (1280, 2, 'girl', 'NN'), (1280, 3, 'is', 'VBZ'), (1280, 4, 'catching', 'VBG'), (1280, 5, 'a', 'DT'), (1280, 6, 'baseball', 'NN'), (1280, 7, 'before', 'IN'), (1280, 8, 'an', 'DT'), (1280, 9, 'opponent', 'NN'), (1280, 10, 'touches', 'NNS'), (1280, 11, 'base', 'NN');
INSERT INTO triples (sentence_id, predicate_id,relation,arg_start_id,arg_end_id,triple_type)VALUES (1280, 4, 'Agent',2, 2, 'auto'), (1280, 4, 'Patient',5, 6, 'auto');
INSERT INTO Sentences (sentence_id, sentence, sentence_type)VALUES (1281, 'A woman in blue has a yellow ball in her mitt', 'auto');
INSERT INTO Words ( sentence_id,word_ID ,word,pos)VALUES (1281, 1, 'A', 'DT'), (1281, 2, 'woman', 'NN'), (1281, 3, 'in', 'IN'), (1281, 4, 'blue', 'NN'), (1281, 5, 'has', 'VBZ'), (1281, 6, 'a', 'DT'), (1281, 7, 'yellow', 'JJ'), (1281, 8, 'ball', 'NN'), (1281, 9, 'in', 'IN'), (1281, 10, 'her', 'PRP$'), (1281, 11, 'mitt', 'NN');
INSERT INTO triples (sentence_id, predicate_id,relation,arg_start_id,arg_end_id,triple_type)VALUES (1281, 2, 'Property',3, 11, 'auto'), (1281, 5, 'Agent',2, 2, 'auto'), (1281, 5, 'Patient',6, 11, 'auto'), (1281, 8, 'Location',9, 11, 'auto');
INSERT INTO Sentences (sentence_id, sentence, sentence_type)VALUES (1282, 'Girl in blue tries to get a base runner number 11 out during softball game', 'auto');
INSERT INTO Words ( sentence_id,word_ID ,word,pos)VALUES (1282, 1, 'Girl', 'NNP'), (1282, 2, 'in', 'IN'), (1282, 3, 'blue', 'JJ'), (1282, 4, 'tries', 'NNS'), (1282, 5, 'to', 'TO'), (1282, 6, 'get', 'VB'), (1282, 7, 'a', 'DT'), (1282, 8, 'base', 'NN'), (1282, 9, 'runner', 'NN'), (1282, 10, 'number', 'NN'), (1282, 11, '11', 'CD'), (1282, 12, 'out', 'RP'), (1282, 13, 'during', 'IN'), (1282, 14, 'softball', 'NN'), (1282, 15, 'game', 'NN');
INSERT INTO triples (sentence_id, predicate_id,relation,arg_start_id,arg_end_id,triple_type)VALUES (1282, 1, 'Property',2, 3, 'auto'), (1282, 4, 'Agent',1, 1, 'auto'), (1282, 4, 'Beneficiary',5, 8, 'auto'), (1282, 6, 'Patient',7, 12, 'auto'), (1282, 6, 'Time',13, 15, 'auto');
INSERT INTO Sentences (sentence_id, sentence, sentence_type)VALUES (1283, 'Two people playing ball on a field', 'auto');
INSERT INTO Words ( sentence_id,word_ID ,word,pos)VALUES (1283, 1, 'Two', 'CD'), (1283, 2, 'people', 'NNS'), (1283, 3, 'playing', 'VBG'), (1283, 4, 'ball', 'NN'), (1283, 5, 'on', 'IN'), (1283, 6, 'a', 'DT'), (1283, 7, 'field', 'NN');
INSERT INTO Sentences (sentence_id, sentence, sentence_type)VALUES (1284, 'A man in a blue shirt is running in a stadium field', 'auto');
INSERT INTO Words ( sentence_id,word_ID ,word,pos)VALUES (1284, 1, 'A', 'DT'), (1284, 2, 'man', 'NN'), (1284, 3, 'in', 'IN'), (1284, 4, 'a', 'DT'), (1284, 5, 'blue', 'JJ'), (1284, 6, 'shirt', 'NN'), (1284, 7, 'is', 'VBZ'), (1284, 8, 'running', 'VBG'), (1284, 9, 'in', 'IN'), (1284, 10, 'a', 'DT'), (1284, 11, 'stadium', 'NN'), (1284, 12, 'field', 'NN');
INSERT INTO triples (sentence_id, predicate_id,relation,arg_start_id,arg_end_id,triple_type)VALUES (1284, 2, 'Property',3, 6, 'auto'), (1284, 2, 'Location',11, 12, 'auto'), (1284, 8, 'Agent',2, 2, 'auto'), (1284, 8, 'Location',10, 12, 'auto');
INSERT INTO Sentences (sentence_id, sentence, sentence_type)VALUES (1285, 'a soccer player in blue , runs', 'auto');
INSERT INTO Words ( sentence_id,word_ID ,word,pos)VALUES (1285, 1, 'a', 'DT'), (1285, 2, 'soccer', 'NN'), (1285, 3, 'player', 'NN'), (1285, 4, 'in', 'IN'), (1285, 5, 'blue', 'JJ'), (1285, 6, ',', ','), (1285, 7, 'runs', 'VBZ');
INSERT INTO triples (sentence_id, predicate_id,relation,arg_start_id,arg_end_id,triple_type)VALUES (1285, 3, 'Property',4, 7, 'auto'), (1285, 7, 'Destination',2, 2, 'auto'), (1285, 7, 'Agent',3, 3, 'auto'), (1285, 7, 'Location',4, 5, 'auto'), (1285, 7, 'Beneficiary',6, 6, 'auto');
INSERT INTO Sentences (sentence_id, sentence, sentence_type)VALUES (1286, 'Man in blue and white shorts playing a sport', 'auto');
INSERT INTO Words ( sentence_id,word_ID ,word,pos)VALUES (1286, 1, 'Man', 'NN'), (1286, 2, 'in', 'IN'), (1286, 3, 'blue', 'JJ'), (1286, 4, 'and', 'CC'), (1286, 5, 'white', 'JJ'), (1286, 6, 'shorts', 'NNS'), (1286, 7, 'playing', 'VBG'), (1286, 8, 'a', 'DT'), (1286, 9, 'sport', 'NN');
INSERT INTO triples (sentence_id, predicate_id,relation,arg_start_id,arg_end_id,triple_type)VALUES (1286, 1, 'Property',2, 7, 'auto'), (1286, 1, 'Location',8, 9, 'auto'), (1286, 7, 'Agent',1, 1, 'auto'), (1286, 7, 'Patient',8, 9, 'auto');
INSERT INTO Sentences (sentence_id, sentence, sentence_type)VALUES (1287, 'Soccer player in blue is wiping his mouth with his shirt', 'auto');
INSERT INTO Words ( sentence_id,word_ID ,word,pos)VALUES (1287, 1, 'Soccer', 'NN'), (1287, 2, 'player', 'NN'), (1287, 3, 'in', 'IN'), (1287, 4, 'blue', 'JJ'), (1287, 5, 'is', 'VBZ'), (1287, 6, 'wiping', 'VBG'), (1287, 7, 'his', 'PRP$'), (1287, 8, 'mouth', 'NN'), (1287, 9, 'with', 'IN'), (1287, 10, 'his', 'PRP$'), (1287, 11, 'shirt', 'NN');
INSERT INTO triples (sentence_id, predicate_id,relation,arg_start_id,arg_end_id,triple_type)VALUES (1287, 2, 'Property',3, 4, 'auto'), (1287, 6, 'Agent',2, 2, 'auto'), (1287, 6, 'Patient',7, 8, 'auto'), (1287, 6, 'Instrument',9, 11, 'auto');
INSERT INTO Sentences (sentence_id, sentence, sentence_type)VALUES (1288, 'Soccer player wipes face with blue jersey', 'auto');
INSERT INTO Words ( sentence_id,word_ID ,word,pos)VALUES (1288, 1, 'Soccer', 'NN'), (1288, 2, 'player', 'NN'), (1288, 3, 'wipes', 'VBZ'), (1288, 4, 'face', 'NN'), (1288, 5, 'with', 'IN'), (1288, 6, 'blue', 'JJ'), (1288, 7, 'jersey', 'NN');
INSERT INTO triples (sentence_id, predicate_id,relation,arg_start_id,arg_end_id,triple_type)VALUES (1288, 2, 'Property',1, 1, 'auto'), (1288, 3, 'Agent',2, 2, 'auto'), (1288, 3, 'Patient',4, 4, 'auto'), (1288, 3, 'Instrument',5, 7, 'auto');
INSERT INTO Sentences (sentence_id, sentence, sentence_type)VALUES (1289, 'A boy holding a ball falls down in front of another boy who has his arms reaching out while an older man in a green shirt smiles and watches', 'auto');
INSERT INTO Words ( sentence_id,word_ID ,word,pos)VALUES (1289, 1, 'A', 'DT'), (1289, 2, 'boy', 'NN'), (1289, 3, 'holding', 'VBG'), (1289, 4, 'a', 'DT'), (1289, 5, 'ball', 'NN'), (1289, 6, 'falls', 'VBZ'), (1289, 7, 'down', 'RP'), (1289, 8, 'in', 'IN'), (1289, 9, 'front', 'NN'), (1289, 10, 'of', 'IN'), (1289, 11, 'another', 'DT'), (1289, 12, 'boy', 'NN'), (1289, 13, 'who', 'WP'), (1289, 14, 'has', 'VBZ'), (1289, 15, 'his', 'PRP$'), (1289, 16, 'arms', 'NNS'), (1289, 17, 'reaching', 'VBG'), (1289, 18, 'out', 'RP'), (1289, 19, 'while', 'IN'), (1289, 20, 'an', 'DT'), (1289, 21, 'older', 'JJR'), (1289, 22, 'man', 'NN'), (1289, 23, 'in', 'IN'), (1289, 24, 'a', 'DT'), (1289, 25, 'green', 'JJ'), (1289, 26, 'shirt', 'NN'), (1289, 27, 'smiles', 'VBZ'), (1289, 28, 'and', 'CC'), (1289, 29, 'watches', 'VBZ');
INSERT INTO triples (sentence_id, predicate_id,relation,arg_start_id,arg_end_id,triple_type)VALUES (1289, 2, 'Property',3, 5, 'auto'), (1289, 3, 'Agent',2, 2, 'auto'), (1289, 3, 'Patient',4, 5, 'auto'), (1289, 6, 'Agent',2, 2, 'auto'), (1289, 6, 'Destination',7, 7, 'auto'), (1289, 6, 'Location',8, 12, 'auto'), (1289, 12, 'Patient',13, 18, 'auto'), (1289, 14, 'Agent',11, 12, 'auto'), (1289, 14, 'Patient',15, 18, 'auto'), (1289, 17, 'Beneficiary',5, 6, 'auto'), (1289, 17, 'Agent',15, 16, 'auto'), (1289, 17, 'Destination',18, 18, 'auto'), (1289, 22, 'Property',23, 29, 'auto'), (1289, 27, 'Agent',21, 22, 'auto'), (1289, 29, 'Agent',21, 22, 'auto');
INSERT INTO Sentences (sentence_id, sentence, sentence_type)VALUES (1290, 'A soccer player just caught the ball in front of the goal', 'auto');
INSERT INTO Words ( sentence_id,word_ID ,word,pos)VALUES (1290, 1, 'A', 'DT'), (1290, 2, 'soccer', 'NN'), (1290, 3, 'player', 'NN'), (1290, 4, 'just', 'RB'), (1290, 5, 'caught', 'VBD'), (1290, 6, 'the', 'DT'), (1290, 7, 'ball', 'NN'), (1290, 8, 'in', 'IN'), (1290, 9, 'front', 'NN'), (1290, 10, 'of', 'IN'), (1290, 11, 'the', 'DT'), (1290, 12, 'goal', 'NN');
INSERT INTO triples (sentence_id, predicate_id,relation,arg_start_id,arg_end_id,triple_type)VALUES (1290, 3, 'Property',1, 2, 'auto'), (1290, 3, 'Location',8, 12, 'auto'), (1290, 5, 'Agent',3, 3, 'auto'), (1290, 5, 'Patient',7, 9, 'auto'), (1290, 7, 'Location',8, 12, 'auto');
INSERT INTO Sentences (sentence_id, sentence, sentence_type)VALUES (1291, 'Boys playing ball on grass while man in green shirt watches', 'auto');
INSERT INTO Words ( sentence_id,word_ID ,word,pos)VALUES (1291, 1, 'Boys', 'NNS'), (1291, 2, 'playing', 'VBG'), (1291, 3, 'ball', 'NN'), (1291, 4, 'on', 'IN'), (1291, 5, 'grass', 'NN'), (1291, 6, 'while', 'IN'), (1291, 7, 'man', 'NN'), (1291, 8, 'in', 'IN'), (1291, 9, 'green', 'JJ'), (1291, 10, 'shirt', 'NN'), (1291, 11, 'watches', 'VBZ');
INSERT INTO triples (sentence_id, predicate_id,relation,arg_start_id,arg_end_id,triple_type)VALUES (1291, 2, 'Agent',1, 1, 'auto'), (1291, 2, 'Patient',3, 3, 'auto'), (1291, 2, 'Location',4, 7, 'auto'), (1291, 3, 'Location',4, 5, 'auto'), (1291, 7, 'Property',8, 10, 'auto'), (1291, 11, 'Agent',7, 7, 'auto');
INSERT INTO Sentences (sentence_id, sentence, sentence_type)VALUES (1292, 'Three men laugh as one falls to the ground holding a white ball', 'auto');
INSERT INTO Words ( sentence_id,word_ID ,word,pos)VALUES (1292, 1, 'Three', 'CD'), (1292, 2, 'men', 'NNS'), (1292, 3, 'laugh', 'VBP'), (1292, 4, 'as', 'IN'), (1292, 5, 'one', 'CD'), (1292, 6, 'falls', 'VBZ'), (1292, 7, 'to', 'TO'), (1292, 8, 'the', 'DT'), (1292, 9, 'ground', 'NN'), (1292, 10, 'holding', 'VBG'), (1292, 11, 'a', 'DT'), (1292, 12, 'white', 'JJ'), (1292, 13, 'ball', 'NN');
INSERT INTO triples (sentence_id, predicate_id,relation,arg_start_id,arg_end_id,triple_type)VALUES (1292, 2, 'Property',1, 1, 'auto'), (1292, 3, 'Agent',2, 2, 'auto'), (1292, 5, 'Location',6, 13, 'auto'), (1292, 6, 'Agent',5, 5, 'auto'), (1292, 6, 'Destination',9, 9, 'auto'), (1292, 10, 'Agent',5, 5, 'auto'), (1292, 10, 'Patient',11, 13, 'auto');
INSERT INTO Sentences (sentence_id, sentence, sentence_type)VALUES (1293, 'Two adolescents play football in a residential yard while an older man watches', 'auto');
INSERT INTO Words ( sentence_id,word_ID ,word,pos)VALUES (1293, 1, 'Two', 'CD'), (1293, 2, 'adolescents', 'NNS'), (1293, 3, 'play', 'VBP'), (1293, 4, 'football', 'NN'), (1293, 5, 'in', 'IN'), (1293, 6, 'a', 'DT'), (1293, 7, 'residential', 'JJ'), (1293, 8, 'yard', 'NN'), (1293, 9, 'while', 'IN'), (1293, 10, 'an', 'DT'), (1293, 11, 'older', 'JJR'), (1293, 12, 'man', 'NN'), (1293, 13, 'watches', 'VBZ');
INSERT INTO triples (sentence_id, predicate_id,relation,arg_start_id,arg_end_id,triple_type)VALUES (1293, 3, 'Agent',2, 2, 'auto'), (1293, 3, 'Patient',4, 4, 'auto'), (1293, 3, 'Location',6, 8, 'auto'), (1293, 12, 'Property',10, 11, 'auto'), (1293, 13, 'Agent',12, 12, 'auto');
INSERT INTO Sentences (sentence_id, sentence, sentence_type)VALUES (1294, 'A man surfing on a big green wave', 'auto');
INSERT INTO Words ( sentence_id,word_ID ,word,pos)VALUES (1294, 1, 'A', 'DT'), (1294, 2, 'man', 'NN'), (1294, 3, 'surfing', 'VBG'), (1294, 4, 'on', 'IN'), (1294, 5, 'a', 'DT'), (1294, 6, 'big', 'JJ'), (1294, 7, 'green', 'JJ'), (1294, 8, 'wave', 'NN');
INSERT INTO triples (sentence_id, predicate_id,relation,arg_start_id,arg_end_id,triple_type)VALUES (1294, 2, 'Location',8, 8, 'auto'), (1294, 3, 'Agent',2, 2, 'auto'), (1294, 3, 'Location',4, 8, 'auto');
INSERT INTO Sentences (sentence_id, sentence, sentence_type)VALUES (1295, 'A person is surfing a big wave', 'auto');
INSERT INTO Words ( sentence_id,word_ID ,word,pos)VALUES (1295, 1, 'A', 'DT'), (1295, 2, 'person', 'NN'), (1295, 3, 'is', 'VBZ'), (1295, 4, 'surfing', 'VBG'), (1295, 5, 'a', 'DT'), (1295, 6, 'big', 'JJ'), (1295, 7, 'wave', 'NN');
INSERT INTO triples (sentence_id, predicate_id,relation,arg_start_id,arg_end_id,triple_type)VALUES (1295, 2, 'Location',5, 7, 'auto'), (1295, 4, 'Agent',2, 2, 'auto'), (1295, 4, 'Patient',5, 7, 'auto');
INSERT INTO Sentences (sentence_id, sentence, sentence_type)VALUES (1296, 'A surfer is riding on a breaking wave', 'auto');
INSERT INTO Words ( sentence_id,word_ID ,word,pos)VALUES (1296, 1, 'A', 'DT'), (1296, 2, 'surfer', 'NN'), (1296, 3, 'is', 'VBZ'), (1296, 4, 'riding', 'VBG'), (1296, 5, 'on', 'IN'), (1296, 6, 'a', 'DT'), (1296, 7, 'breaking', 'JJ'), (1296, 8, 'wave', 'NN');
INSERT INTO triples (sentence_id, predicate_id,relation,arg_start_id,arg_end_id,triple_type)VALUES (1296, 2, 'Location',5, 8, 'auto'), (1296, 4, 'Agent',2, 2, 'auto'), (1296, 4, 'Location',5, 8, 'auto');
INSERT INTO Sentences (sentence_id, sentence, sentence_type)VALUES (1297, 'A surfer rides a green wave', 'auto');
INSERT INTO Words ( sentence_id,word_ID ,word,pos)VALUES (1297, 1, 'A', 'DT'), (1297, 2, 'surfer', 'NN'), (1297, 3, 'rides', 'VBZ'), (1297, 4, 'a', 'DT'), (1297, 5, 'green', 'JJ'), (1297, 6, 'wave', 'NN');
INSERT INTO triples (sentence_id, predicate_id,relation,arg_start_id,arg_end_id,triple_type)VALUES (1297, 2, 'Property',3, 6, 'auto'), (1297, 3, 'Agent',2, 2, 'auto'), (1297, 3, 'Patient',4, 6, 'auto');
INSERT INTO Sentences (sentence_id, sentence, sentence_type)VALUES (1298, 'A surfer rides out the green and white waves', 'auto');
INSERT INTO Words ( sentence_id,word_ID ,word,pos)VALUES (1298, 1, 'A', 'DT'), (1298, 2, 'surfer', 'NN'), (1298, 3, 'rides', 'VBZ'), (1298, 4, 'out', 'IN'), (1298, 5, 'the', 'DT'), (1298, 6, 'green', 'JJ'), (1298, 7, 'and', 'CC'), (1298, 8, 'white', 'JJ'), (1298, 9, 'waves', 'NNS');
INSERT INTO triples (sentence_id, predicate_id,relation,arg_start_id,arg_end_id,triple_type)VALUES (1298, 2, 'Property',3, 9, 'auto'), (1298, 3, 'Agent',2, 2, 'auto'), (1298, 3, 'Location',4, 4, 'auto'), (1298, 3, 'Patient',6, 9, 'auto');
INSERT INTO Sentences (sentence_id, sentence, sentence_type)VALUES (1299, 'A football game is played', 'auto');
INSERT INTO Words ( sentence_id,word_ID ,word,pos)VALUES (1299, 1, 'A', 'DT'), (1299, 2, 'football', 'NN'), (1299, 3, 'game', 'NN'), (1299, 4, 'is', 'VBZ'), (1299, 5, 'played', 'VBN');
INSERT INTO triples (sentence_id, predicate_id,relation,arg_start_id,arg_end_id,triple_type)VALUES (1299, 5, 'Patient',1, 3, 'auto');
INSERT INTO Sentences (sentence_id, sentence, sentence_type)VALUES (1300, 'Two football teams play a game', 'auto');
INSERT INTO Words ( sentence_id,word_ID ,word,pos)VALUES (1300, 1, 'Two', 'CD'), (1300, 2, 'football', 'NN'), (1300, 3, 'teams', 'NNS'), (1300, 4, 'play', 'VBP'), (1300, 5, 'a', 'DT'), (1300, 6, 'game', 'NN');
INSERT INTO triples (sentence_id, predicate_id,relation,arg_start_id,arg_end_id,triple_type)VALUES (1300, 4, 'Agent',3, 3, 'auto'), (1300, 4, 'Patient',5, 6, 'auto');
INSERT INTO Sentences (sentence_id, sentence, sentence_type)VALUES (1301, 'Two football teams playing a game', 'auto');
INSERT INTO Words ( sentence_id,word_ID ,word,pos)VALUES (1301, 1, 'Two', 'CD'), (1301, 2, 'football', 'NN'), (1301, 3, 'teams', 'NNS'), (1301, 4, 'playing', 'VBG'), (1301, 5, 'a', 'DT'), (1301, 6, 'game', 'NN');
INSERT INTO triples (sentence_id, predicate_id,relation,arg_start_id,arg_end_id,triple_type)VALUES (1301, 4, 'Agent',3, 3, 'auto'), (1301, 4, 'Patient',5, 6, 'auto');
INSERT INTO Sentences (sentence_id, sentence, sentence_type)VALUES (1302, 'Two football teams play on the field', 'auto');
INSERT INTO Words ( sentence_id,word_ID ,word,pos)VALUES (1302, 1, 'Two', 'CD'), (1302, 2, 'football', 'NN'), (1302, 3, 'teams', 'NNS'), (1302, 4, 'play', 'VBP'), (1302, 5, 'on', 'IN'), (1302, 6, 'the', 'DT'), (1302, 7, 'field', 'NN');
INSERT INTO triples (sentence_id, predicate_id,relation,arg_start_id,arg_end_id,triple_type)VALUES (1302, 4, 'Agent',3, 3, 'auto'), (1302, 4, 'Location',5, 7, 'auto');
INSERT INTO Sentences (sentence_id, sentence, sentence_type)VALUES (1303, 'Two teams of football players about to start a game', 'auto');
INSERT INTO Words ( sentence_id,word_ID ,word,pos)VALUES (1303, 1, 'Two', 'CD'), (1303, 2, 'teams', 'NNS'), (1303, 3, 'of', 'IN'), (1303, 4, 'football', 'NN'), (1303, 5, 'players', 'NNS'), (1303, 6, 'about', 'IN'), (1303, 7, 'to', 'TO'), (1303, 8, 'start', 'VB'), (1303, 9, 'a', 'DT'), (1303, 10, 'game', 'NN');
INSERT INTO triples (sentence_id, predicate_id,relation,arg_start_id,arg_end_id,triple_type)VALUES (1303, 5, 'Property',1, 4, 'auto'), (1303, 8, 'Patient',9, 10, 'auto');
INSERT INTO Sentences (sentence_id, sentence, sentence_type)VALUES (1304, 'A BMX biker performing a wall-ride on a ramp', 'auto');
INSERT INTO Words ( sentence_id,word_ID ,word,pos)VALUES (1304, 1, 'A', 'DT'), (1304, 2, 'BMX', 'NNP'), (1304, 3, 'biker', 'NN'), (1304, 4, 'performing', 'VBG'), (1304, 5, 'a', 'DT'), (1304, 6, 'wall-ride', 'NN'), (1304, 7, 'on', 'IN'), (1304, 8, 'a', 'DT'), (1304, 9, 'ramp', 'NN');
INSERT INTO triples (sentence_id, predicate_id,relation,arg_start_id,arg_end_id,triple_type)VALUES (1304, 3, 'Property',1, 2, 'auto'), (1304, 4, 'Agent',3, 3, 'auto'), (1304, 4, 'Patient',5, 6, 'auto'), (1304, 4, 'Location',7, 9, 'auto');
INSERT INTO Sentences (sentence_id, sentence, sentence_type)VALUES (1305, 'a bmx rider rides the ramp', 'auto');
INSERT INTO Words ( sentence_id,word_ID ,word,pos)VALUES (1305, 1, 'a', 'DT'), (1305, 2, 'bmx', 'NN'), (1305, 3, 'rider', 'NN'), (1305, 4, 'rides', 'VBZ'), (1305, 5, 'the', 'DT'), (1305, 6, 'ramp', 'NN');
INSERT INTO triples (sentence_id, predicate_id,relation,arg_start_id,arg_end_id,triple_type)VALUES (1305, 3, 'Property',1, 2, 'auto'), (1305, 4, 'Agent',3, 3, 'auto'), (1305, 4, 'Patient',5, 6, 'auto');
INSERT INTO Sentences (sentence_id, sentence, sentence_type)VALUES (1306, 'A man is doing tricks with a bicycle at a skate park', 'auto');
INSERT INTO Words ( sentence_id,word_ID ,word,pos)VALUES (1306, 1, 'A', 'DT'), (1306, 2, 'man', 'NN'), (1306, 3, 'is', 'VBZ'), (1306, 4, 'doing', 'VBG'), (1306, 5, 'tricks', 'NNS'), (1306, 6, 'with', 'IN'), (1306, 7, 'a', 'DT'), (1306, 8, 'bicycle', 'NN'), (1306, 9, 'at', 'IN'), (1306, 10, 'a', 'DT'), (1306, 11, 'skate', 'NN'), (1306, 12, 'park', 'NN');
INSERT INTO triples (sentence_id, predicate_id,relation,arg_start_id,arg_end_id,triple_type)VALUES (1306, 2, 'Property',4, 8, 'auto'), (1306, 2, 'Location',9, 12, 'auto'), (1306, 4, 'Agent',2, 2, 'auto'), (1306, 4, 'Patient',5, 5, 'auto'), (1306, 4, 'Instrument',6, 8, 'auto'), (1306, 4, 'Location',9, 12, 'auto'), (1306, 8, 'Location',9, 12, 'auto');
INSERT INTO Sentences (sentence_id, sentence, sentence_type)VALUES (1307, 'A young man does tricks with his bike on a course', 'auto');
INSERT INTO Words ( sentence_id,word_ID ,word,pos)VALUES (1307, 1, 'A', 'DT'), (1307, 2, 'young', 'JJ'), (1307, 3, 'man', 'NN'), (1307, 4, 'does', 'VBZ'), (1307, 5, 'tricks', 'NNS'), (1307, 6, 'with', 'IN'), (1307, 7, 'his', 'PRP$'), (1307, 8, 'bike', 'NN'), (1307, 9, 'on', 'IN'), (1307, 10, 'a', 'DT'), (1307, 11, 'course', 'NN');
INSERT INTO triples (sentence_id, predicate_id,relation,arg_start_id,arg_end_id,triple_type)VALUES (1307, 3, 'Property',2, 2, 'auto'), (1307, 3, 'Location',8, 11, 'auto'), (1307, 4, 'Agent',3, 3, 'auto'), (1307, 4, 'Patient',5, 5, 'auto'), (1307, 4, 'Instrument',6, 8, 'auto'), (1307, 4, 'Location',9, 11, 'auto'), (1307, 8, 'Location',9, 11, 'auto');
INSERT INTO Sentences (sentence_id, sentence, sentence_type)VALUES (1308, 'Man on bicycle is doing tricks in an old building', 'auto');
INSERT INTO Words ( sentence_id,word_ID ,word,pos)VALUES (1308, 1, 'Man', 'NN'), (1308, 2, 'on', 'IN'), (1308, 3, 'bicycle', 'NN'), (1308, 4, 'is', 'VBZ'), (1308, 5, 'doing', 'VBG'), (1308, 6, 'tricks', 'NNS'), (1308, 7, 'in', 'IN'), (1308, 8, 'an', 'DT'), (1308, 9, 'old', 'JJ'), (1308, 10, 'building', 'NN');
INSERT INTO triples (sentence_id, predicate_id,relation,arg_start_id,arg_end_id,triple_type)VALUES (1308, 1, 'Property',2, 6, 'auto'), (1308, 1, 'Location',9, 10, 'auto'), (1308, 3, 'Location',7, 10, 'auto'), (1308, 5, 'Agent',1, 1, 'auto'), (1308, 5, 'Patient',6, 6, 'auto'), (1308, 5, 'Location',7, 10, 'auto');
INSERT INTO Sentences (sentence_id, sentence, sentence_type)VALUES (1309, 'A breakdancer is standing on one hand with a look of excitement', 'auto');
INSERT INTO Words ( sentence_id,word_ID ,word,pos)VALUES (1309, 1, 'A', 'DT'), (1309, 2, 'breakdancer', 'NN'), (1309, 3, 'is', 'VBZ'), (1309, 4, 'standing', 'VBG'), (1309, 5, 'on', 'IN'), (1309, 6, 'one', 'CD'), (1309, 7, 'hand', 'NN'), (1309, 8, 'with', 'IN'), (1309, 9, 'a', 'DT'), (1309, 10, 'look', 'NN'), (1309, 11, 'of', 'IN'), (1309, 12, 'excitement', 'NN');
INSERT INTO triples (sentence_id, predicate_id,relation,arg_start_id,arg_end_id,triple_type)VALUES (1309, 4, 'Agent',2, 2, 'auto'), (1309, 4, 'Instrument',6, 7, 'auto');
INSERT INTO Sentences (sentence_id, sentence, sentence_type)VALUES (1310, 'A man doing a hand stand outside of a garage', 'auto');
INSERT INTO Words ( sentence_id,word_ID ,word,pos)VALUES (1310, 1, 'A', 'DT'), (1310, 2, 'man', 'NN'), (1310, 3, 'doing', 'VBG'), (1310, 4, 'a', 'DT'), (1310, 5, 'hand', 'NN'), (1310, 6, 'stand', 'VB'), (1310, 7, 'outside', 'IN'), (1310, 8, 'of', 'IN'), (1310, 9, 'a', 'DT'), (1310, 10, 'garage', 'NN');
INSERT INTO triples (sentence_id, predicate_id,relation,arg_start_id,arg_end_id,triple_type)VALUES (1310, 2, 'Location',7, 10, 'auto'), (1310, 3, 'Agent',2, 2, 'auto'), (1310, 3, 'Patient',4, 6, 'auto'), (1310, 3, 'Location',7, 10, 'auto');
INSERT INTO Sentences (sentence_id, sentence, sentence_type)VALUES (1311, 'A person balances on one hand', 'auto');
INSERT INTO Words ( sentence_id,word_ID ,word,pos)VALUES (1311, 1, 'A', 'DT'), (1311, 2, 'person', 'NN'), (1311, 3, 'balances', 'VBZ'), (1311, 4, 'on', 'IN'), (1311, 5, 'one', 'CD'), (1311, 6, 'hand', 'NN');
INSERT INTO triples (sentence_id, predicate_id,relation,arg_start_id,arg_end_id,triple_type)VALUES (1311, 2, 'Property',3, 3, 'auto'), (1311, 2, 'Location',4, 6, 'auto'), (1311, 3, 'Agent',2, 2, 'auto'), (1311, 3, 'Instrument',4, 6, 'auto');
INSERT INTO Sentences (sentence_id, sentence, sentence_type)VALUES (1312, 'The boy in the black hat balanced his body on one hand', 'auto');
INSERT INTO Words ( sentence_id,word_ID ,word,pos)VALUES (1312, 1, 'The', 'DT'), (1312, 2, 'boy', 'NN'), (1312, 3, 'in', 'IN'), (1312, 4, 'the', 'DT'), (1312, 5, 'black', 'JJ'), (1312, 6, 'hat', 'NN'), (1312, 7, 'balanced', 'VBD'), (1312, 8, 'his', 'PRP$'), (1312, 9, 'body', 'NN'), (1312, 10, 'on', 'IN'), (1312, 11, 'one', 'CD'), (1312, 12, 'hand', 'NN');
INSERT INTO triples (sentence_id, predicate_id,relation,arg_start_id,arg_end_id,triple_type)VALUES (1312, 2, 'Property',3, 7, 'auto'), (1312, 7, 'Agent',2, 2, 'auto'), (1312, 7, 'Patient',8, 9, 'auto'), (1312, 7, 'Instrument',10, 12, 'auto');
INSERT INTO Sentences (sentence_id, sentence, sentence_type)VALUES (1313, 'The man is attempting a one-handed handstand in front of a building', 'auto');
INSERT INTO Words ( sentence_id,word_ID ,word,pos)VALUES (1313, 1, 'The', 'DT'), (1313, 2, 'man', 'NN'), (1313, 3, 'is', 'VBZ'), (1313, 4, 'attempting', 'VBG'), (1313, 5, 'a', 'DT'), (1313, 6, 'one-handed', 'JJ'), (1313, 7, 'handstand', 'NN'), (1313, 8, 'in', 'IN'), (1313, 9, 'front', 'NN'), (1313, 10, 'of', 'IN'), (1313, 11, 'a', 'DT'), (1313, 12, 'building', 'NN');
INSERT INTO triples (sentence_id, predicate_id,relation,arg_start_id,arg_end_id,triple_type)VALUES (1313, 2, 'Location',8, 12, 'auto'), (1313, 4, 'Agent',2, 2, 'auto'), (1313, 4, 'Patient',5, 7, 'auto'), (1313, 4, 'Location',8, 12, 'auto');
INSERT INTO Sentences (sentence_id, sentence, sentence_type)VALUES (1314, 'A jockey on a black horse jumps over a hurdle', 'auto');
INSERT INTO Words ( sentence_id,word_ID ,word,pos)VALUES (1314, 1, 'A', 'DT'), (1314, 2, 'jockey', 'NN'), (1314, 3, 'on', 'IN'), (1314, 4, 'a', 'DT'), (1314, 5, 'black', 'JJ'), (1314, 6, 'horse', 'NN'), (1314, 7, 'jumps', 'VBZ'), (1314, 8, 'over', 'IN'), (1314, 9, 'a', 'DT'), (1314, 10, 'hurdle', 'NN');
INSERT INTO triples (sentence_id, predicate_id,relation,arg_start_id,arg_end_id,triple_type)VALUES (1314, 6, 'Location',7, 10, 'auto'), (1314, 7, 'Agent',2, 2, 'auto'), (1314, 7, 'Location',8, 10, 'auto');
INSERT INTO Sentences (sentence_id, sentence, sentence_type)VALUES (1315, 'An equestrian and a horse are jumping over an obstacle', 'auto');
INSERT INTO Words ( sentence_id,word_ID ,word,pos)VALUES (1315, 1, 'An', 'DT'), (1315, 2, 'equestrian', 'NN'), (1315, 3, 'and', 'CC'), (1315, 4, 'a', 'DT'), (1315, 5, 'horse', 'NN'), (1315, 6, 'are', 'VBP'), (1315, 7, 'jumping', 'VBG'), (1315, 8, 'over', 'RP'), (1315, 9, 'an', 'DT'), (1315, 10, 'obstacle', 'NN');
INSERT INTO Sentences (sentence_id, sentence, sentence_type)VALUES (1316, 'A person wearing a navy jacket and black hat jumping over a small partition on a horse', 'auto');
INSERT INTO Words ( sentence_id,word_ID ,word,pos)VALUES (1316, 1, 'A', 'DT'), (1316, 2, 'person', 'NN'), (1316, 3, 'wearing', 'VBG'), (1316, 4, 'a', 'DT'), (1316, 5, 'navy', 'NN'), (1316, 6, 'jacket', 'NN'), (1316, 7, 'and', 'CC'), (1316, 8, 'black', 'JJ'), (1316, 9, 'hat', 'NN'), (1316, 10, 'jumping', 'VBG'), (1316, 11, 'over', 'RP'), (1316, 12, 'a', 'DT'), (1316, 13, 'small', 'JJ'), (1316, 14, 'partition', 'NN'), (1316, 15, 'on', 'IN'), (1316, 16, 'a', 'DT'), (1316, 17, 'horse', 'NN');
INSERT INTO triples (sentence_id, predicate_id,relation,arg_start_id,arg_end_id,triple_type)VALUES (1316, 2, 'Property',6, 10, 'auto'), (1316, 2, 'Location',11, 17, 'auto'), (1316, 3, 'Agent',2, 2, 'auto'), (1316, 3, 'Patient',4, 9, 'auto'), (1316, 3, 'Location',11, 17, 'auto'), (1316, 10, 'Agent',2, 2, 'auto'), (1316, 10, 'Destination',14, 14, 'auto'), (1316, 10, 'Instrument',16, 17, 'auto');
INSERT INTO Sentences (sentence_id, sentence, sentence_type)VALUES (1317, 'A show jumper is making a brown horse jump over a white fence', 'auto');
INSERT INTO Words ( sentence_id,word_ID ,word,pos)VALUES (1317, 1, 'A', 'DT'), (1317, 2, 'show', 'NN'), (1317, 3, 'jumper', 'NN'), (1317, 4, 'is', 'VBZ'), (1317, 5, 'making', 'VBG'), (1317, 6, 'a', 'DT'), (1317, 7, 'brown', 'JJ'), (1317, 8, 'horse', 'NN'), (1317, 9, 'jump', 'NN'), (1317, 10, 'over', 'IN'), (1317, 11, 'a', 'DT'), (1317, 12, 'white', 'JJ'), (1317, 13, 'fence', 'NN');
INSERT INTO triples (sentence_id, predicate_id,relation,arg_start_id,arg_end_id,triple_type)VALUES (1317, 5, 'Agent',3, 3, 'auto'), (1317, 5, 'Patient',6, 9, 'auto'), (1317, 5, 'Location',10, 13, 'auto'), (1317, 8, 'Location',9, 13, 'auto');
INSERT INTO Sentences (sentence_id, sentence, sentence_type)VALUES (1318, 'A woman on a horse jumps an obstacle', 'auto');
INSERT INTO Words ( sentence_id,word_ID ,word,pos)VALUES (1318, 1, 'A', 'DT'), (1318, 2, 'woman', 'NN'), (1318, 3, 'on', 'IN'), (1318, 4, 'a', 'DT'), (1318, 5, 'horse', 'NN'), (1318, 6, 'jumps', 'VBZ'), (1318, 7, 'an', 'DT'), (1318, 8, 'obstacle', 'NN');
INSERT INTO triples (sentence_id, predicate_id,relation,arg_start_id,arg_end_id,triple_type)VALUES (1318, 2, 'Location',3, 5, 'auto'), (1318, 6, 'Agent',2, 2, 'auto'), (1318, 6, 'Location',4, 5, 'auto'), (1318, 6, 'Patient',7, 8, 'auto');
INSERT INTO Sentences (sentence_id, sentence, sentence_type)VALUES (1319, 'A man floating in the ocean', 'auto');
INSERT INTO Words ( sentence_id,word_ID ,word,pos)VALUES (1319, 1, 'A', 'DT'), (1319, 2, 'man', 'NN'), (1319, 3, 'floating', 'VBG'), (1319, 4, 'in', 'IN'), (1319, 5, 'the', 'DT'), (1319, 6, 'ocean', 'NN');
INSERT INTO triples (sentence_id, predicate_id,relation,arg_start_id,arg_end_id,triple_type)VALUES (1319, 2, 'Location',3, 6, 'auto'), (1319, 3, 'Agent',2, 2, 'auto'), (1319, 3, 'Location',4, 6, 'auto');
INSERT INTO Sentences (sentence_id, sentence, sentence_type)VALUES (1320, 'A man has jumped from a surf board up into the air', 'auto');
INSERT INTO Words ( sentence_id,word_ID ,word,pos)VALUES (1320, 1, 'A', 'DT'), (1320, 2, 'man', 'NN'), (1320, 3, 'has', 'VBZ'), (1320, 4, 'jumped', 'VBN'), (1320, 5, 'from', 'IN'), (1320, 6, 'a', 'DT'), (1320, 7, 'surf', 'NN'), (1320, 8, 'board', 'NN'), (1320, 9, 'up', 'RB'), (1320, 10, 'into', 'IN'), (1320, 11, 'the', 'DT'), (1320, 12, 'air', 'NN');
INSERT INTO triples (sentence_id, predicate_id,relation,arg_start_id,arg_end_id,triple_type)VALUES (1320, 2, 'Location',6, 12, 'auto'), (1320, 4, 'Patient',2, 3, 'auto'), (1320, 4, 'Source',5, 8, 'auto'), (1320, 4, 'Destination',10, 12, 'auto');
INSERT INTO Sentences (sentence_id, sentence, sentence_type)VALUES (1321, 'A person above their surfboard on the water', 'auto');
INSERT INTO Words ( sentence_id,word_ID ,word,pos)VALUES (1321, 1, 'A', 'DT'), (1321, 2, 'person', 'NN'), (1321, 3, 'above', 'IN'), (1321, 4, 'their', 'PRP$'), (1321, 5, 'surfboard', 'NN'), (1321, 6, 'on', 'IN'), (1321, 7, 'the', 'DT'), (1321, 8, 'water', 'NN');
INSERT INTO triples (sentence_id, predicate_id,relation,arg_start_id,arg_end_id,triple_type)VALUES (1321, 2, 'Location',3, 8, 'auto'), (1321, 5, 'Location',6, 8, 'auto');
INSERT INTO Sentences (sentence_id, sentence, sentence_type)VALUES (1322, 'A person is out in the water at the beach while the sun sets', 'auto');
INSERT INTO Words ( sentence_id,word_ID ,word,pos)VALUES (1322, 1, 'A', 'DT'), (1322, 2, 'person', 'NN'), (1322, 3, 'is', 'VBZ'), (1322, 4, 'out', 'RP'), (1322, 5, 'in', 'IN'), (1322, 6, 'the', 'DT'), (1322, 7, 'water', 'NN'), (1322, 8, 'at', 'IN'), (1322, 9, 'the', 'DT'), (1322, 10, 'beach', 'NN'), (1322, 11, 'while', 'IN'), (1322, 12, 'the', 'DT'), (1322, 13, 'sun', 'NN'), (1322, 14, 'sets', 'NNS');
INSERT INTO triples (sentence_id, predicate_id,relation,arg_start_id,arg_end_id,triple_type)VALUES (1322, 2, 'Location',5, 14, 'auto'), (1322, 3, 'Patient',1, 2, 'auto'), (1322, 3, 'Location',8, 14, 'auto'), (1322, 7, 'Location',8, 10, 'auto');
INSERT INTO Sentences (sentence_id, sentence, sentence_type)VALUES (1323, 'The surfer lost his board and is about to fall into the sea', 'auto');
INSERT INTO Words ( sentence_id,word_ID ,word,pos)VALUES (1323, 1, 'The', 'DT'), (1323, 2, 'surfer', 'NN'), (1323, 3, 'lost', 'VBD'), (1323, 4, 'his', 'PRP$'), (1323, 5, 'board', 'NN'), (1323, 6, 'and', 'CC'), (1323, 7, 'is', 'VBZ'), (1323, 8, 'about', 'RB'), (1323, 9, 'to', 'TO'), (1323, 10, 'fall', 'VB'), (1323, 11, 'into', 'IN'), (1323, 12, 'the', 'DT'), (1323, 13, 'sea', 'NN');
INSERT INTO triples (sentence_id, predicate_id,relation,arg_start_id,arg_end_id,triple_type)VALUES (1323, 3, 'Agent',2, 2, 'auto'), (1323, 3, 'Patient',4, 5, 'auto'), (1323, 7, 'Patient',2, 2, 'auto'), (1323, 7, 'Attribute',8, 10, 'auto'), (1323, 7, 'Location',13, 13, 'auto'), (1323, 10, 'Agent',2, 2, 'auto'), (1323, 10, 'Destination',13, 13, 'auto');
INSERT INTO Sentences (sentence_id, sentence, sentence_type)VALUES (1324, 'A female tennis player swings for the ball', 'auto');
INSERT INTO Words ( sentence_id,word_ID ,word,pos)VALUES (1324, 1, 'A', 'DT'), (1324, 2, 'female', 'JJ'), (1324, 3, 'tennis', 'NN'), (1324, 4, 'player', 'NN'), (1324, 5, 'swings', 'VBZ'), (1324, 6, 'for', 'IN'), (1324, 7, 'the', 'DT'), (1324, 8, 'ball', 'NN');
INSERT INTO triples (sentence_id, predicate_id,relation,arg_start_id,arg_end_id,triple_type)VALUES (1324, 4, 'Property',1, 3, 'auto'), (1324, 5, 'Agent',4, 4, 'auto'), (1324, 5, 'Beneficiary',6, 8, 'auto');
INSERT INTO Sentences (sentence_id, sentence, sentence_type)VALUES (1325, 'A woman intensely playing tennis in an all-white outfit', 'auto');
INSERT INTO Words ( sentence_id,word_ID ,word,pos)VALUES (1325, 1, 'A', 'DT'), (1325, 2, 'woman', 'NN'), (1325, 3, 'intensely', 'RB'), (1325, 4, 'playing', 'VBG'), (1325, 5, 'tennis', 'NN'), (1325, 6, 'in', 'IN'), (1325, 7, 'an', 'DT'), (1325, 8, 'all-white', 'JJ'), (1325, 9, 'outfit', 'NN');
INSERT INTO triples (sentence_id, predicate_id,relation,arg_start_id,arg_end_id,triple_type)VALUES (1325, 2, 'Location',9, 9, 'auto'), (1325, 4, 'Agent',2, 2, 'auto'), (1325, 4, 'Patient',5, 5, 'auto'), (1325, 4, 'Location',6, 9, 'auto');
INSERT INTO Sentences (sentence_id, sentence, sentence_type)VALUES (1326, 'A woman swinging a tennis racket on the court', 'auto');
INSERT INTO Words ( sentence_id,word_ID ,word,pos)VALUES (1326, 1, 'A', 'DT'), (1326, 2, 'woman', 'NN'), (1326, 3, 'swinging', 'VBG'), (1326, 4, 'a', 'DT'), (1326, 5, 'tennis', 'NN'), (1326, 6, 'racket', 'NN'), (1326, 7, 'on', 'IN'), (1326, 8, 'the', 'DT'), (1326, 9, 'court', 'NN');
INSERT INTO triples (sentence_id, predicate_id,relation,arg_start_id,arg_end_id,triple_type)VALUES (1326, 2, 'Property',3, 6, 'auto'), (1326, 2, 'Location',7, 9, 'auto'), (1326, 3, 'Agent',2, 2, 'auto'), (1326, 3, 'Patient',4, 6, 'auto'), (1326, 3, 'Location',7, 9, 'auto');
INSERT INTO Sentences (sentence_id, sentence, sentence_type)VALUES (1327, 'The tennis player dressed in white swings the racket', 'auto');
INSERT INTO Words ( sentence_id,word_ID ,word,pos)VALUES (1327, 1, 'The', 'DT'), (1327, 2, 'tennis', 'NN'), (1327, 3, 'player', 'NN'), (1327, 4, 'dressed', 'VBN'), (1327, 5, 'in', 'IN'), (1327, 6, 'white', 'JJ'), (1327, 7, 'swings', 'VBZ'), (1327, 8, 'the', 'DT'), (1327, 9, 'racket', 'NN');
INSERT INTO triples (sentence_id, predicate_id,relation,arg_start_id,arg_end_id,triple_type)VALUES (1327, 3, 'Property',1, 2, 'auto'), (1327, 4, 'Agent',3, 3, 'auto'), (1327, 4, 'Patient',6, 6, 'auto'), (1327, 7, 'Agent',3, 3, 'auto'), (1327, 7, 'Patient',8, 9, 'auto');
INSERT INTO Sentences (sentence_id, sentence, sentence_type)VALUES (1328, 'The woman is dressed in all white swinging a tennis racket', 'auto');
INSERT INTO Words ( sentence_id,word_ID ,word,pos)VALUES (1328, 1, 'The', 'DT'), (1328, 2, 'woman', 'NN'), (1328, 3, 'is', 'VBZ'), (1328, 4, 'dressed', 'VBN'), (1328, 5, 'in', 'IN'), (1328, 6, 'all', 'DT'), (1328, 7, 'white', 'JJ'), (1328, 8, 'swinging', 'VBG'), (1328, 9, 'a', 'DT'), (1328, 10, 'tennis', 'NN'), (1328, 11, 'racket', 'NN');
INSERT INTO triples (sentence_id, predicate_id,relation,arg_start_id,arg_end_id,triple_type)VALUES (1328, 2, 'Property',4, 7, 'auto'), (1328, 4, 'Agent',2, 2, 'auto'), (1328, 4, 'Patient',5, 7, 'auto'), (1328, 8, 'Agent',2, 2, 'auto'), (1328, 8, 'Location',7, 7, 'auto'), (1328, 8, 'Patient',9, 11, 'auto');
INSERT INTO Sentences (sentence_id, sentence, sentence_type)VALUES (1329, 'A boy is walking on a floor covered in graffiti', 'auto');
INSERT INTO Words ( sentence_id,word_ID ,word,pos)VALUES (1329, 1, 'A', 'DT'), (1329, 2, 'boy', 'NN'), (1329, 3, 'is', 'VBZ'), (1329, 4, 'walking', 'VBG'), (1329, 5, 'on', 'IN'), (1329, 6, 'a', 'DT'), (1329, 7, 'floor', 'NN'), (1329, 8, 'covered', 'VBN'), (1329, 9, 'in', 'IN'), (1329, 10, 'graffiti', 'NN');
INSERT INTO triples (sentence_id, predicate_id,relation,arg_start_id,arg_end_id,triple_type)VALUES (1329, 2, 'Location',3, 7, 'auto'), (1329, 2, 'Property',8, 8, 'auto'), (1329, 4, 'Agent',2, 2, 'auto'), (1329, 4, 'Location',5, 7, 'auto'), (1329, 8, 'Patient',7, 7, 'auto'), (1329, 8, 'Instrument',9, 10, 'auto');
INSERT INTO Sentences (sentence_id, sentence, sentence_type)VALUES (1330, 'A male walks on the graffiti wall', 'auto');
INSERT INTO Words ( sentence_id,word_ID ,word,pos)VALUES (1330, 1, 'A', 'DT'), (1330, 2, 'male', 'JJ'), (1330, 3, 'walks', 'VBZ'), (1330, 4, 'on', 'IN'), (1330, 5, 'the', 'DT'), (1330, 6, 'graffiti', 'NN'), (1330, 7, 'wall', 'NN');
INSERT INTO triples (sentence_id, predicate_id,relation,arg_start_id,arg_end_id,triple_type)VALUES (1330, 3, 'Agent',2, 2, 'auto'), (1330, 3, 'Location',4, 7, 'auto'), (1330, 7, 'Property',5, 6, 'auto');
INSERT INTO Sentences (sentence_id, sentence, sentence_type)VALUES (1331, 'A man dances on a colorful wall', 'auto');
INSERT INTO Words ( sentence_id,word_ID ,word,pos)VALUES (1331, 1, 'A', 'DT'), (1331, 2, 'man', 'NN'), (1331, 3, 'dances', 'VBZ'), (1331, 4, 'on', 'IN'), (1331, 5, 'a', 'DT'), (1331, 6, 'colorful', 'JJ'), (1331, 7, 'wall', 'NN');
INSERT INTO triples (sentence_id, predicate_id,relation,arg_start_id,arg_end_id,triple_type)VALUES (1331, 2, 'Property',3, 3, 'auto'), (1331, 2, 'Location',4, 7, 'auto'), (1331, 3, 'Agent',2, 2, 'auto'), (1331, 3, 'Location',4, 7, 'auto'), (1331, 7, 'Property',5, 6, 'auto');
INSERT INTO Sentences (sentence_id, sentence, sentence_type)VALUES (1332, 'a man in a white T shirt and cap is skating along a graffiti covered wall', 'auto');
INSERT INTO Words ( sentence_id,word_ID ,word,pos)VALUES (1332, 1, 'a', 'DT'), (1332, 2, 'man', 'NN'), (1332, 3, 'in', 'IN'), (1332, 4, 'a', 'DT'), (1332, 5, 'white', 'JJ'), (1332, 6, 'T', 'NN'), (1332, 7, 'shirt', 'NN'), (1332, 8, 'and', 'CC'), (1332, 9, 'cap', 'NN'), (1332, 10, 'is', 'VBZ'), (1332, 11, 'skating', 'VBG'), (1332, 12, 'along', 'IN'), (1332, 13, 'a', 'DT'), (1332, 14, 'graffiti', 'NN'), (1332, 15, 'covered', 'VBD'), (1332, 16, 'wall', 'NN');
INSERT INTO triples (sentence_id, predicate_id,relation,arg_start_id,arg_end_id,triple_type)VALUES (1332, 2, 'Property',3, 9, 'auto'), (1332, 2, 'Location',13, 14, 'auto'), (1332, 11, 'Agent',2, 2, 'auto'), (1332, 11, 'Location',12, 16, 'auto'), (1332, 15, 'Material',14, 14, 'auto'), (1332, 15, 'Patient',16, 16, 'auto'), (1332, 16, 'Property',13, 14, 'auto');
INSERT INTO Sentences (sentence_id, sentence, sentence_type)VALUES (1333, 'A man wearing a hat is dancing around an area filled with light and graffiti', 'auto');
INSERT INTO Words ( sentence_id,word_ID ,word,pos)VALUES (1333, 1, 'A', 'DT'), (1333, 2, 'man', 'NN'), (1333, 3, 'wearing', 'VBG'), (1333, 4, 'a', 'DT'), (1333, 5, 'hat', 'NN'), (1333, 6, 'is', 'VBZ'), (1333, 7, 'dancing', 'VBG'), (1333, 8, 'around', 'RP'), (1333, 9, 'an', 'DT'), (1333, 10, 'area', 'NN'), (1333, 11, 'filled', 'VBN'), (1333, 12, 'with', 'IN'), (1333, 13, 'light', 'NN'), (1333, 14, 'and', 'CC'), (1333, 15, 'graffiti', 'NN');
INSERT INTO triples (sentence_id, predicate_id,relation,arg_start_id,arg_end_id,triple_type)VALUES (1333, 2, 'Property',5, 5, 'auto'), (1333, 2, 'Location',6, 10, 'auto'), (1333, 3, 'Agent',2, 2, 'auto'), (1333, 3, 'Patient',4, 5, 'auto'), (1333, 7, 'Agent',2, 2, 'auto'), (1333, 7, 'Location',8, 10, 'auto'), (1333, 11, 'Patient',10, 10, 'auto'), (1333, 11, 'Instrument',12, 15, 'auto');
INSERT INTO Sentences (sentence_id, sentence, sentence_type)VALUES (1334, 'a couple of rugby players jumping in the air to get the ball', 'auto');
INSERT INTO Words ( sentence_id,word_ID ,word,pos)VALUES (1334, 1, 'a', 'DT'), (1334, 2, 'couple', 'NN'), (1334, 3, 'of', 'IN'), (1334, 4, 'rugby', 'JJ'), (1334, 5, 'players', 'NNS'), (1334, 6, 'jumping', 'VBG'), (1334, 7, 'in', 'IN'), (1334, 8, 'the', 'DT'), (1334, 9, 'air', 'NN'), (1334, 10, 'to', 'TO'), (1334, 11, 'get', 'VB'), (1334, 12, 'the', 'DT'), (1334, 13, 'ball', 'NN');
INSERT INTO triples (sentence_id, predicate_id,relation,arg_start_id,arg_end_id,triple_type)VALUES (1334, 5, 'Property',1, 4, 'auto'), (1334, 6, 'Agent',2, 2, 'auto'), (1334, 6, 'Destination',9, 9, 'auto'), (1334, 6, 'Beneficiary',10, 13, 'auto'), (1334, 11, 'Agent',2, 2, 'auto'), (1334, 11, 'Patient',12, 13, 'auto');
INSERT INTO Sentences (sentence_id, sentence, sentence_type)VALUES (1335, 'A group of men jumping for a ball', 'auto');
INSERT INTO Words ( sentence_id,word_ID ,word,pos)VALUES (1335, 1, 'A', 'DT'), (1335, 2, 'group', 'NN'), (1335, 3, 'of', 'IN'), (1335, 4, 'men', 'NNS'), (1335, 5, 'jumping', 'VBG'), (1335, 6, 'for', 'IN'), (1335, 7, 'a', 'DT'), (1335, 8, 'ball', 'NN');
INSERT INTO triples (sentence_id, predicate_id,relation,arg_start_id,arg_end_id,triple_type)VALUES (1335, 4, 'Location',5, 8, 'auto'), (1335, 5, 'Agent',4, 4, 'auto'), (1335, 5, 'Beneficiary',6, 8, 'auto');
INSERT INTO Sentences (sentence_id, sentence, sentence_type)VALUES (1336, 'The rugby players are competing for the ball with onlookers nearby', 'auto');
INSERT INTO Words ( sentence_id,word_ID ,word,pos)VALUES (1336, 1, 'The', 'DT'), (1336, 2, 'rugby', 'JJ'), (1336, 3, 'players', 'NNS'), (1336, 4, 'are', 'VBP'), (1336, 5, 'competing', 'VBG'), (1336, 6, 'for', 'IN'), (1336, 7, 'the', 'DT'), (1336, 8, 'ball', 'NN'), (1336, 9, 'with', 'IN'), (1336, 10, 'onlookers', 'NNS'), (1336, 11, 'nearby', 'RB');
INSERT INTO triples (sentence_id, predicate_id,relation,arg_start_id,arg_end_id,triple_type)VALUES (1336, 3, 'Property',1, 2, 'auto'), (1336, 5, 'Agent',3, 3, 'auto'), (1336, 5, 'Beneficiary',6, 8, 'auto'), (1336, 8, 'Location',9, 11, 'auto'), (1336, 10, 'Location',11, 11, 'auto');
INSERT INTO Sentences (sentence_id, sentence, sentence_type)VALUES (1337, 'Three different men grabbing at one soccer ball during a game', 'auto');
INSERT INTO Words ( sentence_id,word_ID ,word,pos)VALUES (1337, 1, 'Three', 'CD'), (1337, 2, 'different', 'JJ'), (1337, 3, 'men', 'NNS'), (1337, 4, 'grabbing', 'VBG'), (1337, 5, 'at', 'IN'), (1337, 6, 'one', 'CD'), (1337, 7, 'soccer', 'NN'), (1337, 8, 'ball', 'NN'), (1337, 9, 'during', 'IN'), (1337, 10, 'a', 'DT'), (1337, 11, 'game', 'NN');
INSERT INTO triples (sentence_id, predicate_id,relation,arg_start_id,arg_end_id,triple_type)VALUES (1337, 3, 'Property',1, 2, 'auto'), (1337, 3, 'Location',10, 11, 'auto'), (1337, 4, 'Agent',3, 3, 'auto'), (1337, 4, 'Beneficiary',5, 7, 'auto'), (1337, 4, 'Time',10, 11, 'auto'), (1337, 8, 'Location',9, 11, 'auto');
INSERT INTO Sentences (sentence_id, sentence, sentence_type)VALUES (1338, 'Three men jump up for the ball in a sporting event as a crowd watches', 'auto');
INSERT INTO Words ( sentence_id,word_ID ,word,pos)VALUES (1338, 1, 'Three', 'CD'), (1338, 2, 'men', 'NNS'), (1338, 3, 'jump', 'VB'), (1338, 4, 'up', 'RP'), (1338, 5, 'for', 'IN'), (1338, 6, 'the', 'DT'), (1338, 7, 'ball', 'NN'), (1338, 8, 'in', 'IN'), (1338, 9, 'a', 'DT'), (1338, 10, 'sporting', 'VBG'), (1338, 11, 'event', 'NN'), (1338, 12, 'as', 'IN'), (1338, 13, 'a', 'DT'), (1338, 14, 'crowd', 'NN'), (1338, 15, 'watches', 'VBZ');
INSERT INTO triples (sentence_id, predicate_id,relation,arg_start_id,arg_end_id,triple_type)VALUES (1338, 2, 'Property',1, 1, 'auto'), (1338, 2, 'Location',3, 15, 'auto'), (1338, 3, 'Agent',2, 2, 'auto'), (1338, 3, 'Destination',4, 4, 'auto'), (1338, 3, 'Beneficiary',7, 7, 'auto'), (1338, 3, 'Location',11, 11, 'auto'), (1338, 7, 'Location',8, 15, 'auto'), (1338, 15, 'Agent',14, 14, 'auto');
INSERT INTO Sentences (sentence_id, sentence, sentence_type)VALUES (1339, 'A group of men struggle to catch the ball in the air', 'auto');
INSERT INTO Words ( sentence_id,word_ID ,word,pos)VALUES (1339, 1, 'A', 'DT'), (1339, 2, 'group', 'NN'), (1339, 3, 'of', 'IN'), (1339, 4, 'men', 'NNS'), (1339, 5, 'struggle', 'VBP'), (1339, 6, 'to', 'TO'), (1339, 7, 'catch', 'VB'), (1339, 8, 'the', 'DT'), (1339, 9, 'ball', 'NN'), (1339, 10, 'in', 'IN'), (1339, 11, 'the', 'DT'), (1339, 12, 'air', 'NN');
INSERT INTO triples (sentence_id, predicate_id,relation,arg_start_id,arg_end_id,triple_type)VALUES (1339, 4, 'Location',7, 12, 'auto'), (1339, 5, 'Patient',1, 4, 'auto'), (1339, 7, 'Agent',1, 4, 'auto'), (1339, 7, 'Patient',8, 9, 'auto'), (1339, 7, 'Location',12, 12, 'auto'), (1339, 9, 'Location',10, 12, 'auto');
INSERT INTO Sentences (sentence_id, sentence, sentence_type)VALUES (1340, 'Three men react as a football flies overhead', 'auto');
INSERT INTO Words ( sentence_id,word_ID ,word,pos)VALUES (1340, 1, 'Three', 'CD'), (1340, 2, 'men', 'NNS'), (1340, 3, 'react', 'VBP'), (1340, 4, 'as', 'IN'), (1340, 5, 'a', 'DT'), (1340, 6, 'football', 'NN'), (1340, 7, 'flies', 'VBZ'), (1340, 8, 'overhead', 'NN');
INSERT INTO triples (sentence_id, predicate_id,relation,arg_start_id,arg_end_id,triple_type)VALUES (1340, 2, 'Property',1, 1, 'auto'), (1340, 2, 'Location',5, 6, 'auto'), (1340, 3, 'Agent',2, 2, 'auto'), (1340, 7, 'Agent',6, 6, 'auto'), (1340, 7, 'Location',8, 8, 'auto');
INSERT INTO Sentences (sentence_id, sentence, sentence_type)VALUES (1341, 'three men with football in air', 'auto');
INSERT INTO Words ( sentence_id,word_ID ,word,pos)VALUES (1341, 1, 'three', 'CD'), (1341, 2, 'men', 'NNS'), (1341, 3, 'with', 'IN'), (1341, 4, 'football', 'NN'), (1341, 5, 'in', 'IN'), (1341, 6, 'air', 'NN');
INSERT INTO triples (sentence_id, predicate_id,relation,arg_start_id,arg_end_id,triple_type)VALUES (1341, 2, 'Property',1, 1, 'auto'), (1341, 2, 'Location',6, 6, 'auto');
INSERT INTO Sentences (sentence_id, sentence, sentence_type)VALUES (1342, 'Three men wrestle for a soccer ball', 'auto');
INSERT INTO Words ( sentence_id,word_ID ,word,pos)VALUES (1342, 1, 'Three', 'CD'), (1342, 2, 'men', 'NNS'), (1342, 3, 'wrestle', 'VBP'), (1342, 4, 'for', 'IN'), (1342, 5, 'a', 'DT'), (1342, 6, 'soccer', 'NN'), (1342, 7, 'ball', 'NN');
INSERT INTO triples (sentence_id, predicate_id,relation,arg_start_id,arg_end_id,triple_type)VALUES (1342, 2, 'Location',4, 7, 'auto'), (1342, 3, 'Agent',2, 2, 'auto'), (1342, 3, 'Beneficiary',4, 7, 'auto');
INSERT INTO Sentences (sentence_id, sentence, sentence_type)VALUES (1343, 'Three rugby players grab for the ball', 'auto');
INSERT INTO Words ( sentence_id,word_ID ,word,pos)VALUES (1343, 1, 'Three', 'CD'), (1343, 2, 'rugby', 'JJ'), (1343, 3, 'players', 'NNS'), (1343, 4, 'grab', 'VB'), (1343, 5, 'for', 'IN'), (1343, 6, 'the', 'DT'), (1343, 7, 'ball', 'NN');
INSERT INTO triples (sentence_id, predicate_id,relation,arg_start_id,arg_end_id,triple_type)VALUES (1343, 3, 'Property',1, 2, 'auto'), (1343, 4, 'Agent',3, 3, 'auto'), (1343, 4, 'Beneficiary',5, 6, 'auto'), (1343, 4, 'Patient',7, 7, 'auto');
INSERT INTO Sentences (sentence_id, sentence, sentence_type)VALUES (1344, 'A car with white smoke trailing behind it on a black topped surface', 'auto');
INSERT INTO Words ( sentence_id,word_ID ,word,pos)VALUES (1344, 1, 'A', 'DT'), (1344, 2, 'car', 'NN'), (1344, 3, 'with', 'IN'), (1344, 4, 'white', 'JJ'), (1344, 5, 'smoke', 'NN'), (1344, 6, 'trailing', 'VBG'), (1344, 7, 'behind', 'IN'), (1344, 8, 'it', 'PRP'), (1344, 9, 'on', 'IN'), (1344, 10, 'a', 'DT'), (1344, 11, 'black', 'JJ'), (1344, 12, 'topped', 'VBD'), (1344, 13, 'surface', 'NN');
INSERT INTO triples (sentence_id, predicate_id,relation,arg_start_id,arg_end_id,triple_type)VALUES (1344, 2, 'Property',3, 8, 'auto'), (1344, 2, 'Location',9, 12, 'auto'), (1344, 5, 'Location',6, 13, 'auto'), (1344, 6, 'Patient',5, 5, 'auto'), (1344, 6, 'Location',7, 8, 'auto'), (1344, 12, 'Material',11, 11, 'auto'), (1344, 12, 'Patient',13, 13, 'auto');
INSERT INTO Sentences (sentence_id, sentence, sentence_type)VALUES (1345, 'A silver car being driven in a parking lot , while crowds watch', 'auto');
INSERT INTO Words ( sentence_id,word_ID ,word,pos)VALUES (1345, 1, 'A', 'DT'), (1345, 2, 'silver', 'NN'), (1345, 3, 'car', 'NN'), (1345, 4, 'being', 'VBG'), (1345, 5, 'driven', 'VBN'), (1345, 6, 'in', 'IN'), (1345, 7, 'a', 'DT'), (1345, 8, 'parking', 'NN'), (1345, 9, 'lot', 'NN'), (1345, 10, ',', ','), (1345, 11, 'while', 'IN'), (1345, 12, 'crowds', 'NNS'), (1345, 13, 'watch', 'VBP');
INSERT INTO triples (sentence_id, predicate_id,relation,arg_start_id,arg_end_id,triple_type)VALUES (1345, 3, 'Property',1, 2, 'auto'), (1345, 3, 'Location',8, 9, 'auto'), (1345, 5, 'Patient',1, 4, 'auto'), (1345, 5, 'Location',9, 9, 'auto'), (1345, 13, 'Patient',1, 5, 'auto'), (1345, 13, 'Location',8, 8, 'auto'), (1345, 13, 'Agent',12, 12, 'auto');
INSERT INTO Sentences (sentence_id, sentence, sentence_type)VALUES (1346, 'A white sports car drives in a paved lot', 'auto');
INSERT INTO Words ( sentence_id,word_ID ,word,pos)VALUES (1346, 1, 'A', 'DT'), (1346, 2, 'white', 'JJ'), (1346, 3, 'sports', 'NNS'), (1346, 4, 'car', 'NN'), (1346, 5, 'drives', 'VBZ'), (1346, 6, 'in', 'IN'), (1346, 7, 'a', 'DT'), (1346, 8, 'paved', 'JJ'), (1346, 9, 'lot', 'NN');
INSERT INTO triples (sentence_id, predicate_id,relation,arg_start_id,arg_end_id,triple_type)VALUES (1346, 4, 'Property',2, 3, 'auto'), (1346, 4, 'Location',9, 9, 'auto'), (1346, 5, 'Agent',4, 4, 'auto'), (1346, 5, 'Location',6, 8, 'auto'), (1346, 5, 'Destination',9, 9, 'auto');
INSERT INTO Sentences (sentence_id, sentence, sentence_type)VALUES (1347, 'This white car is driving on a course with orange cones', 'auto');
INSERT INTO Words ( sentence_id,word_ID ,word,pos)VALUES (1347, 1, 'This', 'DT'), (1347, 2, 'white', 'JJ'), (1347, 3, 'car', 'NN'), (1347, 4, 'is', 'VBZ'), (1347, 5, 'driving', 'VBG'), (1347, 6, 'on', 'IN'), (1347, 7, 'a', 'DT'), (1347, 8, 'course', 'NN'), (1347, 9, 'with', 'IN'), (1347, 10, 'orange', 'JJ'), (1347, 11, 'cones', 'NNS');
INSERT INTO Sentences (sentence_id, sentence, sentence_type)VALUES (1348, 'White car driving in an empty parking lot', 'auto');
INSERT INTO Words ( sentence_id,word_ID ,word,pos)VALUES (1348, 1, 'White', 'NNP'), (1348, 2, 'car', 'NN'), (1348, 3, 'driving', 'VBG'), (1348, 4, 'in', 'IN'), (1348, 5, 'an', 'DT'), (1348, 6, 'empty', 'JJ'), (1348, 7, 'parking', 'NN'), (1348, 8, 'lot', 'NN');
INSERT INTO triples (sentence_id, predicate_id,relation,arg_start_id,arg_end_id,triple_type)VALUES (1348, 2, 'Property',1, 1, 'auto'), (1348, 2, 'Location',8, 8, 'auto'), (1348, 3, 'Agent',2, 2, 'auto'), (1348, 3, 'Location',7, 8, 'auto');
INSERT INTO Sentences (sentence_id, sentence, sentence_type)VALUES (1349, 'A black car on the street behind wire mesh', 'auto');
INSERT INTO Words ( sentence_id,word_ID ,word,pos)VALUES (1349, 1, 'A', 'DT'), (1349, 2, 'black', 'JJ'), (1349, 3, 'car', 'NN'), (1349, 4, 'on', 'IN'), (1349, 5, 'the', 'DT'), (1349, 6, 'street', 'NN'), (1349, 7, 'behind', 'IN'), (1349, 8, 'wire', 'NN'), (1349, 9, 'mesh', 'NN');
INSERT INTO triples (sentence_id, predicate_id,relation,arg_start_id,arg_end_id,triple_type)VALUES (1349, 3, 'Property',1, 2, 'auto'), (1349, 3, 'Location',4, 6, 'auto'), (1349, 6, 'Property',8, 9, 'auto');
INSERT INTO Sentences (sentence_id, sentence, sentence_type)VALUES (1350, 'A drag racer speeds down a city street in a black race car', 'auto');
INSERT INTO Words ( sentence_id,word_ID ,word,pos)VALUES (1350, 1, 'A', 'DT'), (1350, 2, 'drag', 'NN'), (1350, 3, 'racer', 'NN'), (1350, 4, 'speeds', 'VBZ'), (1350, 5, 'down', 'IN'), (1350, 6, 'a', 'DT'), (1350, 7, 'city', 'NN'), (1350, 8, 'street', 'NN'), (1350, 9, 'in', 'IN'), (1350, 10, 'a', 'DT'), (1350, 11, 'black', 'JJ'), (1350, 12, 'race', 'NN'), (1350, 13, 'car', 'NN');
INSERT INTO triples (sentence_id, predicate_id,relation,arg_start_id,arg_end_id,triple_type)VALUES (1350, 3, 'Property',1, 2, 'auto'), (1350, 4, 'Agent',3, 3, 'auto'), (1350, 4, 'Location',5, 9, 'auto'), (1350, 4, 'Instrument',11, 13, 'auto'), (1350, 8, 'Property',6, 7, 'auto'), (1350, 13, 'Location',7, 9, 'auto'), (1350, 13, 'Property',10, 12, 'auto');
INSERT INTO Sentences (sentence_id, sentence, sentence_type)VALUES (1351, 'A man wearing a helmet driving a black race car down the street', 'auto');
INSERT INTO Words ( sentence_id,word_ID ,word,pos)VALUES (1351, 1, 'A', 'DT'), (1351, 2, 'man', 'NN'), (1351, 3, 'wearing', 'VBG'), (1351, 4, 'a', 'DT'), (1351, 5, 'helmet', 'NN'), (1351, 6, 'driving', 'VBG'), (1351, 7, 'a', 'DT'), (1351, 8, 'black', 'JJ'), (1351, 9, 'race', 'NN'), (1351, 10, 'car', 'NN'), (1351, 11, 'down', 'IN'), (1351, 12, 'the', 'DT'), (1351, 13, 'street', 'NN');
INSERT INTO triples (sentence_id, predicate_id,relation,arg_start_id,arg_end_id,triple_type)VALUES (1351, 2, 'Property',5, 10, 'auto'), (1351, 2, 'Location',11, 13, 'auto'), (1351, 3, 'Agent',2, 2, 'auto'), (1351, 3, 'Patient',4, 5, 'auto'), (1351, 6, 'Patient',7, 10, 'auto'), (1351, 6, 'Location',13, 13, 'auto'), (1351, 10, 'Property',7, 9, 'auto'), (1351, 10, 'Location',13, 13, 'auto');
INSERT INTO Sentences (sentence_id, sentence, sentence_type)VALUES (1352, 'A person wearing a white helmet races in a black race car', 'auto');
INSERT INTO Words ( sentence_id,word_ID ,word,pos)VALUES (1352, 1, 'A', 'DT'), (1352, 2, 'person', 'NN'), (1352, 3, 'wearing', 'VBG'), (1352, 4, 'a', 'DT'), (1352, 5, 'white', 'JJ'), (1352, 6, 'helmet', 'NN'), (1352, 7, 'races', 'VBZ'), (1352, 8, 'in', 'IN'), (1352, 9, 'a', 'DT'), (1352, 10, 'black', 'JJ'), (1352, 11, 'race', 'NN'), (1352, 12, 'car', 'NN');
INSERT INTO triples (sentence_id, predicate_id,relation,arg_start_id,arg_end_id,triple_type)VALUES (1352, 2, 'Property',5, 6, 'auto'), (1352, 2, 'Location',8, 12, 'auto'), (1352, 3, 'Agent',2, 2, 'auto'), (1352, 3, 'Patient',4, 6, 'auto'), (1352, 7, 'Agent',2, 2, 'auto'), (1352, 7, 'Patient',9, 12, 'auto'), (1352, 12, 'Property',9, 11, 'auto');
INSERT INTO Sentences (sentence_id, sentence, sentence_type)VALUES (1353, 'Someone drives a fast car past old buildings', 'auto');
INSERT INTO Words ( sentence_id,word_ID ,word,pos)VALUES (1353, 1, 'Someone', 'NN'), (1353, 2, 'drives', 'VBZ'), (1353, 3, 'a', 'DT'), (1353, 4, 'fast', 'JJ'), (1353, 5, 'car', 'NN'), (1353, 6, 'past', 'IN'), (1353, 7, 'old', 'JJ'), (1353, 8, 'buildings', 'NNS');
INSERT INTO triples (sentence_id, predicate_id,relation,arg_start_id,arg_end_id,triple_type)VALUES (1353, 1, 'Property',2, 5, 'auto'), (1353, 1, 'Location',6, 8, 'auto'), (1353, 2, 'Agent',1, 1, 'auto'), (1353, 2, 'Patient',3, 5, 'auto'), (1353, 2, 'Location',6, 8, 'auto'), (1353, 5, 'Property',3, 4, 'auto'), (1353, 5, 'Location',6, 8, 'auto');
INSERT INTO Sentences (sentence_id, sentence, sentence_type)VALUES (1354, 'A bicycle gets airborne', 'auto');
INSERT INTO Words ( sentence_id,word_ID ,word,pos)VALUES (1354, 1, 'A', 'DT'), (1354, 2, 'bicycle', 'NN'), (1354, 3, 'gets', 'VBZ'), (1354, 4, 'airborne', 'JJ');
INSERT INTO triples (sentence_id, predicate_id,relation,arg_start_id,arg_end_id,triple_type)VALUES (1354, 2, 'Property',4, 4, 'auto'), (1354, 3, 'Agent',2, 2, 'auto'), (1354, 3, 'Location',4, 4, 'auto');
INSERT INTO Sentences (sentence_id, sentence, sentence_type)VALUES (1355, 'a bicyclists jumping a trick on a bike', 'auto');
INSERT INTO Words ( sentence_id,word_ID ,word,pos)VALUES (1355, 1, 'a', 'DT'), (1355, 2, 'bicyclists', 'NNS'), (1355, 3, 'jumping', 'VBG'), (1355, 4, 'a', 'DT'), (1355, 5, 'trick', 'NN'), (1355, 6, 'on', 'IN'), (1355, 7, 'a', 'DT'), (1355, 8, 'bike', 'NN');
INSERT INTO triples (sentence_id, predicate_id,relation,arg_start_id,arg_end_id,triple_type)VALUES (1355, 3, 'Agent',2, 2, 'auto'), (1355, 3, 'Patient',4, 5, 'auto'), (1355, 3, 'Location',7, 8, 'auto');
INSERT INTO Sentences (sentence_id, sentence, sentence_type)VALUES (1356, 'A guy is sitting on his bike with one wheel in the air', 'auto');
INSERT INTO Words ( sentence_id,word_ID ,word,pos)VALUES (1356, 1, 'A', 'DT'), (1356, 2, 'guy', 'NN'), (1356, 3, 'is', 'VBZ'), (1356, 4, 'sitting', 'VBG'), (1356, 5, 'on', 'IN'), (1356, 6, 'his', 'PRP$'), (1356, 7, 'bike', 'NN'), (1356, 8, 'with', 'IN'), (1356, 9, 'one', 'CD'), (1356, 10, 'wheel', 'NN'), (1356, 11, 'in', 'IN'), (1356, 12, 'the', 'DT'), (1356, 13, 'air', 'NN');
INSERT INTO triples (sentence_id, predicate_id,relation,arg_start_id,arg_end_id,triple_type)VALUES (1356, 2, 'Property',3, 7, 'auto'), (1356, 2, 'Location',11, 13, 'auto'), (1356, 4, 'Agent',2, 2, 'auto'), (1356, 4, 'Location',5, 7, 'auto'), (1356, 4, 'Instrument',8, 10, 'auto'), (1356, 7, 'Property',5, 6, 'auto'), (1356, 7, 'Location',11, 13, 'auto'), (1356, 10, 'Location',11, 13, 'auto');
INSERT INTO Sentences (sentence_id, sentence, sentence_type)VALUES (1357, 'This person is doing a stunt on a bicycle , with one wheel on a ledge and one in the air', 'auto');
INSERT INTO Words ( sentence_id,word_ID ,word,pos)VALUES (1357, 1, 'This', 'DT'), (1357, 2, 'person', 'NN'), (1357, 3, 'is', 'VBZ'), (1357, 4, 'doing', 'VBG'), (1357, 5, 'a', 'DT'), (1357, 6, 'stunt', 'NN'), (1357, 7, 'on', 'IN'), (1357, 8, 'a', 'DT'), (1357, 9, 'bicycle', 'NN'), (1357, 10, ',', ','), (1357, 11, 'with', 'IN'), (1357, 12, 'one', 'CD'), (1357, 13, 'wheel', 'NN'), (1357, 14, 'on', 'IN'), (1357, 15, 'a', 'DT'), (1357, 16, 'ledge', 'NN'), (1357, 17, 'and', 'CC'), (1357, 18, 'one', 'CD'), (1357, 19, 'in', 'IN'), (1357, 20, 'the', 'DT'), (1357, 21, 'air', 'NN');
INSERT INTO triples (sentence_id, predicate_id,relation,arg_start_id,arg_end_id,triple_type)VALUES (1357, 2, 'Property',7, 9, 'auto'), (1357, 2, 'Location',19, 21, 'auto'), (1357, 4, 'Agent',2, 2, 'auto'), (1357, 4, 'Patient',6, 6, 'auto'), (1357, 4, 'Instrument',7, 9, 'auto'), (1357, 4, 'Location',13, 16, 'auto'), (1357, 9, 'Property',11, 13, 'auto'), (1357, 9, 'Location',19, 21, 'auto'), (1357, 13, 'Location',14, 21, 'auto'), (1357, 18, 'Location',19, 21, 'auto');
INSERT INTO Sentences (sentence_id, sentence, sentence_type)VALUES (1358, 'Young man performing bicycle trick on loading dock near dumpsters', 'auto');
INSERT INTO Words ( sentence_id,word_ID ,word,pos)VALUES (1358, 1, 'Young', 'JJ'), (1358, 2, 'man', 'NN'), (1358, 3, 'performing', 'VBG'), (1358, 4, 'bicycle', 'NN'), (1358, 5, 'trick', 'NN'), (1358, 6, 'on', 'IN'), (1358, 7, 'loading', 'JJ'), (1358, 8, 'dock', 'NN'), (1358, 9, 'near', 'IN'), (1358, 10, 'dumpsters', 'NNS');
INSERT INTO triples (sentence_id, predicate_id,relation,arg_start_id,arg_end_id,triple_type)VALUES (1358, 2, 'Property',3, 8, 'auto'), (1358, 2, 'Location',9, 10, 'auto'), (1358, 3, 'Agent',2, 2, 'auto'), (1358, 3, 'Patient',4, 5, 'auto'), (1358, 3, 'Instrument',7, 8, 'auto'), (1358, 3, 'Location',9, 10, 'auto'), (1358, -1, 'Property',7, 7, 'auto'), (1358, -1, 'Location',9, 10, 'auto');
INSERT INTO Sentences (sentence_id, sentence, sentence_type)VALUES (1359, 'a man dives headfirst into the water', 'auto');
INSERT INTO Words ( sentence_id,word_ID ,word,pos)VALUES (1359, 1, 'a', 'DT'), (1359, 2, 'man', 'NN'), (1359, 3, 'dives', 'VBZ'), (1359, 4, 'headfirst', 'RB'), (1359, 5, 'into', 'IN'), (1359, 6, 'the', 'DT'), (1359, 7, 'water', 'NN');
INSERT INTO triples (sentence_id, predicate_id,relation,arg_start_id,arg_end_id,triple_type)VALUES (1359, 2, 'Location',5, 7, 'auto'), (1359, 3, 'Agent',2, 2, 'auto'), (1359, 3, 'Patient',4, 4, 'auto'), (1359, 3, 'Location',5, 7, 'auto');
INSERT INTO Sentences (sentence_id, sentence, sentence_type)VALUES (1360, 'A man in a green swimsuit entering the water head first after jumping off a rock', 'auto');
INSERT INTO Words ( sentence_id,word_ID ,word,pos)VALUES (1360, 1, 'A', 'DT'), (1360, 2, 'man', 'NN'), (1360, 3, 'in', 'IN'), (1360, 4, 'a', 'DT'), (1360, 5, 'green', 'JJ'), (1360, 6, 'swimsuit', 'NN'), (1360, 7, 'entering', 'VBG'), (1360, 8, 'the', 'DT'), (1360, 9, 'water', 'NN'), (1360, 10, 'head', 'NN'), (1360, 11, 'first', 'RB'), (1360, 12, 'after', 'IN'), (1360, 13, 'jumping', 'VBG'), (1360, 14, 'off', 'RP'), (1360, 15, 'a', 'DT'), (1360, 16, 'rock', 'NN');
INSERT INTO triples (sentence_id, predicate_id,relation,arg_start_id,arg_end_id,triple_type)VALUES (1360, 2, 'Property',3, 6, 'auto'), (1360, 2, 'Location',16, 16, 'auto'), (1360, 7, 'Agent',2, 2, 'auto'), (1360, 7, 'Patient',8, 16, 'auto'), (1360, 13, 'Agent',2, 2, 'auto'), (1360, 13, 'Destination',9, 9, 'auto'), (1360, 13, 'Patient',10, 10, 'auto'), (1360, 13, 'Source',14, 16, 'auto');
INSERT INTO Sentences (sentence_id, sentence, sentence_type)VALUES (1361, 'A man jumps off some rocks into the water', 'auto');
INSERT INTO Words ( sentence_id,word_ID ,word,pos)VALUES (1361, 1, 'A', 'DT'), (1361, 2, 'man', 'NN'), (1361, 3, 'jumps', 'VBZ'), (1361, 4, 'off', 'RP'), (1361, 5, 'some', 'DT'), (1361, 6, 'rocks', 'NNS'), (1361, 7, 'into', 'IN'), (1361, 8, 'the', 'DT'), (1361, 9, 'water', 'NN');
INSERT INTO triples (sentence_id, predicate_id,relation,arg_start_id,arg_end_id,triple_type)VALUES (1361, 2, 'Property',3, 4, 'auto'), (1361, 2, 'Location',7, 9, 'auto'), (1361, 3, 'Agent',2, 2, 'auto'), (1361, 3, 'Source',4, 6, 'auto'), (1361, 3, 'Destination',9, 9, 'auto');
INSERT INTO Sentences (sentence_id, sentence, sentence_type)VALUES (1362, 'A person falls into the water near some rocks', 'auto');
INSERT INTO Words ( sentence_id,word_ID ,word,pos)VALUES (1362, 1, 'A', 'DT'), (1362, 2, 'person', 'NN'), (1362, 3, 'falls', 'VBZ'), (1362, 4, 'into', 'IN'), (1362, 5, 'the', 'DT'), (1362, 6, 'water', 'NN'), (1362, 7, 'near', 'IN'), (1362, 8, 'some', 'DT'), (1362, 9, 'rocks', 'NNS');
INSERT INTO triples (sentence_id, predicate_id,relation,arg_start_id,arg_end_id,triple_type)VALUES (1362, 2, 'Property',3, 3, 'auto'), (1362, 2, 'Location',4, 9, 'auto'), (1362, 3, 'Agent',2, 2, 'auto'), (1362, 3, 'Destination',6, 6, 'auto'), (1362, 3, 'Patient',7, 9, 'auto'), (1362, 6, 'Location',7, 9, 'auto');
INSERT INTO Sentences (sentence_id, sentence, sentence_type)VALUES (1363, 'A person is diving into blue water on a rocky shore', 'auto');
INSERT INTO Words ( sentence_id,word_ID ,word,pos)VALUES (1363, 1, 'A', 'DT'), (1363, 2, 'person', 'NN'), (1363, 3, 'is', 'VBZ'), (1363, 4, 'diving', 'JJ'), (1363, 5, 'into', 'IN'), (1363, 6, 'blue', 'JJ'), (1363, 7, 'water', 'NN'), (1363, 8, 'on', 'IN'), (1363, 9, 'a', 'DT'), (1363, 10, 'rocky', 'JJ'), (1363, 11, 'shore', 'NN');
INSERT INTO triples (sentence_id, predicate_id,relation,arg_start_id,arg_end_id,triple_type)VALUES (1363, 2, 'Location',7, 11, 'auto'), (1363, 3, 'Patient',1, 2, 'auto'), (1363, 3, 'Location',6, 11, 'auto'), (1363, 7, 'Property',6, 6, 'auto'), (1363, 7, 'Location',8, 11, 'auto');
INSERT INTO Sentences (sentence_id, sentence, sentence_type)VALUES (1364, 'The men are playing soccer while people in the stands watch', 'auto');
INSERT INTO Words ( sentence_id,word_ID ,word,pos)VALUES (1364, 1, 'The', 'DT'), (1364, 2, 'men', 'NNS'), (1364, 3, 'are', 'VBP'), (1364, 4, 'playing', 'VBG'), (1364, 5, 'soccer', 'NN'), (1364, 6, 'while', 'IN'), (1364, 7, 'people', 'NNS'), (1364, 8, 'in', 'IN'), (1364, 9, 'the', 'DT'), (1364, 10, 'stands', 'NNS'), (1364, 11, 'watch', 'VBP');
INSERT INTO triples (sentence_id, predicate_id,relation,arg_start_id,arg_end_id,triple_type)VALUES (1364, 4, 'Agent',2, 2, 'auto'), (1364, 4, 'Patient',5, 5, 'auto'), (1364, 4, 'Location',8, 10, 'auto'), (1364, 7, 'Location',8, 10, 'auto'), (1364, 11, 'Patient',1, 6, 'auto'), (1364, 11, 'Agent',7, 7, 'auto'), (1364, 11, 'Location',8, 10, 'auto');
INSERT INTO Sentences (sentence_id, sentence, sentence_type)VALUES (1365, 'Three men , from two teams , are in the air colliding and there is a soccer ball above them', 'auto');
INSERT INTO Words ( sentence_id,word_ID ,word,pos)VALUES (1365, 1, 'Three', 'CD'), (1365, 2, 'men', 'NNS'), (1365, 3, ',', ','), (1365, 4, 'from', 'IN'), (1365, 5, 'two', 'CD'), (1365, 6, 'teams', 'NNS'), (1365, 7, ',', ','), (1365, 8, 'are', 'VBP'), (1365, 9, 'in', 'IN'), (1365, 10, 'the', 'DT'), (1365, 11, 'air', 'NN'), (1365, 12, 'colliding', 'VBG'), (1365, 13, 'and', 'CC'), (1365, 14, 'there', 'EX'), (1365, 15, 'is', 'VBZ'), (1365, 16, 'a', 'DT'), (1365, 17, 'soccer', 'NN'), (1365, 18, 'ball', 'NN'), (1365, 19, 'above', 'IN'), (1365, 20, 'them', 'PRP');
INSERT INTO triples (sentence_id, predicate_id,relation,arg_start_id,arg_end_id,triple_type)VALUES (1365, 2, 'Property',3, 5, 'auto'), (1365, 2, 'Location',9, 12, 'auto'), (1365, 12, 'Agent',1, 5, 'auto'), (1365, 12, 'Location',9, 11, 'auto'), (1365, 15, 'Location',11, 11, 'auto'), (1365, 15, 'Patient',16, 18, 'auto'), (1365, 18, 'Location',19, 20, 'auto');
INSERT INTO Sentences (sentence_id, sentence, sentence_type)VALUES (1366, 'Three soccer players collide in a rush for the ball', 'auto');
INSERT INTO Words ( sentence_id,word_ID ,word,pos)VALUES (1366, 1, 'Three', 'CD'), (1366, 2, 'soccer', 'NN'), (1366, 3, 'players', 'NNS'), (1366, 4, 'collide', 'VBP'), (1366, 5, 'in', 'IN'), (1366, 6, 'a', 'DT'), (1366, 7, 'rush', 'NN'), (1366, 8, 'for', 'IN'), (1366, 9, 'the', 'DT'), (1366, 10, 'ball', 'NN');
INSERT INTO triples (sentence_id, predicate_id,relation,arg_start_id,arg_end_id,triple_type)VALUES (1366, 3, 'Property',1, 2, 'auto'), (1366, 4, 'Agent',3, 3, 'auto'), (1366, 4, 'Location',5, 7, 'auto'), (1366, 4, 'Beneficiary',8, 10, 'auto');
INSERT INTO Sentences (sentence_id, sentence, sentence_type)VALUES (1367, 'Two soccer teams compete', 'auto');
INSERT INTO Words ( sentence_id,word_ID ,word,pos)VALUES (1367, 1, 'Two', 'CD'), (1367, 2, 'soccer', 'NN'), (1367, 3, 'teams', 'NNS'), (1367, 4, 'compete', 'VBP');
INSERT INTO triples (sentence_id, predicate_id,relation,arg_start_id,arg_end_id,triple_type)VALUES (1367, 4, 'Agent',3, 3, 'auto');
INSERT INTO Sentences (sentence_id, sentence, sentence_type)VALUES (1368, 'two trams of soccer players playing a game on the field', 'auto');
INSERT INTO Words ( sentence_id,word_ID ,word,pos)VALUES (1368, 1, 'two', 'CD'), (1368, 2, 'trams', 'NNS'), (1368, 3, 'of', 'IN'), (1368, 4, 'soccer', 'NN'), (1368, 5, 'players', 'NNS'), (1368, 6, 'playing', 'VBG'), (1368, 7, 'a', 'DT'), (1368, 8, 'game', 'NN'), (1368, 9, 'on', 'IN'), (1368, 10, 'the', 'DT'), (1368, 11, 'field', 'NN');
INSERT INTO triples (sentence_id, predicate_id,relation,arg_start_id,arg_end_id,triple_type)VALUES (1368, 5, 'Property',1, 4, 'auto'), (1368, 6, 'Agent',2, 2, 'auto'), (1368, 6, 'Patient',7, 8, 'auto'), (1368, 6, 'Location',9, 11, 'auto');
INSERT INTO Sentences (sentence_id, sentence, sentence_type)VALUES (1369, 'A group of hockey players slide along the ice during a game', 'auto');
INSERT INTO Words ( sentence_id,word_ID ,word,pos)VALUES (1369, 1, 'A', 'DT'), (1369, 2, 'group', 'NN'), (1369, 3, 'of', 'IN'), (1369, 4, 'hockey', 'NN'), (1369, 5, 'players', 'NNS'), (1369, 6, 'slide', 'VBP'), (1369, 7, 'along', 'IN'), (1369, 8, 'the', 'DT'), (1369, 9, 'ice', 'NN'), (1369, 10, 'during', 'IN'), (1369, 11, 'a', 'DT'), (1369, 12, 'game', 'NN');
INSERT INTO triples (sentence_id, predicate_id,relation,arg_start_id,arg_end_id,triple_type)VALUES (1369, 5, 'Property',1, 4, 'auto'), (1369, 6, 'Agent',2, 2, 'auto'), (1369, 6, 'Location',7, 12, 'auto');
INSERT INTO Sentences (sentence_id, sentence, sentence_type)VALUES (1370, 'A group of men playing hockey', 'auto');
INSERT INTO Words ( sentence_id,word_ID ,word,pos)VALUES (1370, 1, 'A', 'DT'), (1370, 2, 'group', 'NN'), (1370, 3, 'of', 'IN'), (1370, 4, 'men', 'NNS'), (1370, 5, 'playing', 'VBG'), (1370, 6, 'hockey', 'NN');
INSERT INTO triples (sentence_id, predicate_id,relation,arg_start_id,arg_end_id,triple_type)VALUES (1370, 4, 'Location',1, 3, 'auto'), (1370, 4, 'Property',6, 6, 'auto'), (1370, 5, 'Beneficiary',1, 1, 'auto'), (1370, 5, 'Agent',2, 4, 'auto'), (1370, 5, 'Patient',6, 6, 'auto');
INSERT INTO Sentences (sentence_id, sentence, sentence_type)VALUES (1371, 'A hockey game is being played', 'auto');
INSERT INTO Words ( sentence_id,word_ID ,word,pos)VALUES (1371, 1, 'A', 'DT'), (1371, 2, 'hockey', 'NN'), (1371, 3, 'game', 'NN'), (1371, 4, 'is', 'VBZ'), (1371, 5, 'being', 'VBG'), (1371, 6, 'played', 'VBN');
INSERT INTO triples (sentence_id, predicate_id,relation,arg_start_id,arg_end_id,triple_type)VALUES (1371, 6, 'Patient',1, 5, 'auto');
INSERT INTO Sentences (sentence_id, sentence, sentence_type)VALUES (1372, 'A hockey goalie lays on the ice and other players skate past him', 'auto');
INSERT INTO Words ( sentence_id,word_ID ,word,pos)VALUES (1372, 1, 'A', 'DT'), (1372, 2, 'hockey', 'NN'), (1372, 3, 'goalie', 'NN'), (1372, 4, 'lays', 'VBZ'), (1372, 5, 'on', 'IN'), (1372, 6, 'the', 'DT'), (1372, 7, 'ice', 'NN'), (1372, 8, 'and', 'CC'), (1372, 9, 'other', 'JJ'), (1372, 10, 'players', 'NNS'), (1372, 11, 'skate', 'VBP'), (1372, 12, 'past', 'JJ'), (1372, 13, 'him', 'PRP');
INSERT INTO triples (sentence_id, predicate_id,relation,arg_start_id,arg_end_id,triple_type)VALUES (1372, 4, 'Agent',3, 3, 'auto'), (1372, 4, 'Destination',7, 7, 'auto'), (1372, 10, 'Location',12, 13, 'auto'), (1372, 11, 'Location',5, 7, 'auto'), (1372, 11, 'Agent',10, 10, 'auto'), (1372, 11, 'Patient',12, 13, 'auto');
INSERT INTO Sentences (sentence_id, sentence, sentence_type)VALUES (1373, 'two hockey player teams playing a game on the ice', 'auto');
INSERT INTO Words ( sentence_id,word_ID ,word,pos)VALUES (1373, 1, 'two', 'CD'), (1373, 2, 'hockey', 'NN'), (1373, 3, 'player', 'NN'), (1373, 4, 'teams', 'NNS'), (1373, 5, 'playing', 'VBG'), (1373, 6, 'a', 'DT'), (1373, 7, 'game', 'NN'), (1373, 8, 'on', 'IN'), (1373, 9, 'the', 'DT'), (1373, 10, 'ice', 'NN');
INSERT INTO triples (sentence_id, predicate_id,relation,arg_start_id,arg_end_id,triple_type)VALUES (1373, 3, 'Property',1, 2, 'auto'), (1373, 3, 'Time',5, 7, 'auto'), (1373, 3, 'Location',8, 10, 'auto'), (1373, 5, 'Agent',4, 4, 'auto'), (1373, 5, 'Patient',6, 7, 'auto'), (1373, 5, 'Location',8, 10, 'auto');
INSERT INTO Sentences (sentence_id, sentence, sentence_type)VALUES (1374, 'Men on horses in the rodeo try to rope in a bull', 'auto');
INSERT INTO Words ( sentence_id,word_ID ,word,pos)VALUES (1374, 1, 'Men', 'NN'), (1374, 2, 'on', 'IN'), (1374, 3, 'horses', 'NNS'), (1374, 4, 'in', 'IN'), (1374, 5, 'the', 'DT'), (1374, 6, 'rodeo', 'NN'), (1374, 7, 'try', 'VB'), (1374, 8, 'to', 'TO'), (1374, 9, 'rope', 'NN'), (1374, 10, 'in', 'IN'), (1374, 11, 'a', 'DT'), (1374, 12, 'bull', 'NN');
INSERT INTO triples (sentence_id, predicate_id,relation,arg_start_id,arg_end_id,triple_type)VALUES (1374, 1, 'Property',2, 3, 'auto'), (1374, 1, 'Location',4, 6, 'auto'), (1374, 3, 'Location',4, 6, 'auto'), (1374, 7, 'Agent',1, 1, 'auto'), (1374, 7, 'Beneficiary',8, 9, 'auto'), (1374, 9, 'Agent',1, 1, 'auto'), (1374, 9, 'Destination',10, 12, 'auto');
INSERT INTO Sentences (sentence_id, sentence, sentence_type)VALUES (1375, 'There is a cowboy in a rodeo trying to lasso a calf', 'auto');
INSERT INTO Words ( sentence_id,word_ID ,word,pos)VALUES (1375, 1, 'There', 'EX'), (1375, 2, 'is', 'VBZ'), (1375, 3, 'a', 'DT'), (1375, 4, 'cowboy', 'NN'), (1375, 5, 'in', 'IN'), (1375, 6, 'a', 'DT'), (1375, 7, 'rodeo', 'NN'), (1375, 8, 'trying', 'VBG'), (1375, 9, 'to', 'TO'), (1375, 10, 'lasso', 'VB'), (1375, 11, 'a', 'DT'), (1375, 12, 'calf', 'NN');
INSERT INTO triples (sentence_id, predicate_id,relation,arg_start_id,arg_end_id,triple_type)VALUES (1375, 2, 'Patient',4, 4, 'auto'), (1375, 2, 'Location',5, 7, 'auto'), (1375, 4, 'Property',5, 12, 'auto'), (1375, 8, 'Agent',4, 4, 'auto'), (1375, 8, 'Beneficiary',9, 12, 'auto'), (1375, 10, 'Agent',4, 4, 'auto'), (1375, 10, 'Patient',11, 12, 'auto');
INSERT INTO Sentences (sentence_id, sentence, sentence_type)VALUES (1376, 'Two cowboys on horses chase a young cow with lassos \'', 'auto');
INSERT INTO Words ( sentence_id,word_ID ,word,pos)VALUES (1376, 1, 'Two', 'CD'), (1376, 2, 'cowboys', 'NNS'), (1376, 3, 'on', 'IN'), (1376, 4, 'horses', 'NNS'), (1376, 5, 'chase', 'VBP'), (1376, 6, 'a', 'DT'), (1376, 7, 'young', 'JJ'), (1376, 8, 'cow', 'NN'), (1376, 9, 'with', 'IN'), (1376, 10, 'lassos', 'NNS'), (1376, 11, '\'', 'POS');
INSERT INTO triples (sentence_id, predicate_id,relation,arg_start_id,arg_end_id,triple_type)VALUES (1376, 2, 'Location',3, 4, 'auto'), (1376, 5, 'Agent',2, 2, 'auto'), (1376, 5, 'Patient',6, 8, 'auto'), (1376, 5, 'Instrument',9, 10, 'auto');
INSERT INTO Sentences (sentence_id, sentence, sentence_type)VALUES (1377, 'Two cowboys riding horses attempt to rope a small cow', 'auto');
INSERT INTO Words ( sentence_id,word_ID ,word,pos)VALUES (1377, 1, 'Two', 'CD'), (1377, 2, 'cowboys', 'NNS'), (1377, 3, 'riding', 'VBG'), (1377, 4, 'horses', 'NNS'), (1377, 5, 'attempt', 'NN'), (1377, 6, 'to', 'TO'), (1377, 7, 'rope', 'VB'), (1377, 8, 'a', 'DT'), (1377, 9, 'small', 'JJ'), (1377, 10, 'cow', 'NN');
INSERT INTO triples (sentence_id, predicate_id,relation,arg_start_id,arg_end_id,triple_type)VALUES (1377, 3, 'Agent',2, 2, 'auto'), (1377, 3, 'Patient',4, 4, 'auto'), (1377, 5, 'Agent',2, 2, 'auto'), (1377, 5, 'Beneficiary',6, 10, 'auto'), (1377, 7, 'Agent',2, 2, 'auto'), (1377, 7, 'Patient',8, 10, 'auto');
INSERT INTO Sentences (sentence_id, sentence, sentence_type)VALUES (1378, 'Two men on horses are trying to lasso a bull', 'auto');
INSERT INTO Words ( sentence_id,word_ID ,word,pos)VALUES (1378, 1, 'Two', 'CD'), (1378, 2, 'men', 'NNS'), (1378, 3, 'on', 'IN'), (1378, 4, 'horses', 'NNS'), (1378, 5, 'are', 'VBP'), (1378, 6, 'trying', 'VBG'), (1378, 7, 'to', 'TO'), (1378, 8, 'lasso', 'VB'), (1378, 9, 'a', 'DT'), (1378, 10, 'bull', 'NN');
INSERT INTO triples (sentence_id, predicate_id,relation,arg_start_id,arg_end_id,triple_type)VALUES (1378, 2, 'Location',3, 4, 'auto'), (1378, 2, 'Property',7, 8, 'auto'), (1378, 4, 'Location',1, 3, 'auto'), (1378, 6, 'Agent',2, 2, 'auto'), (1378, 6, 'Beneficiary',7, 10, 'auto'), (1378, 8, 'Agent',2, 2, 'auto'), (1378, 8, 'Instrument',4, 4, 'auto'), (1378, 8, 'Patient',9, 10, 'auto');
INSERT INTO Sentences (sentence_id, sentence, sentence_type)VALUES (1379, 'A man in a white shirt and blue shorts and a man in a red shirt and white shorts playing soccer', 'auto');
INSERT INTO Words ( sentence_id,word_ID ,word,pos)VALUES (1379, 1, 'A', 'DT'), (1379, 2, 'man', 'NN'), (1379, 3, 'in', 'IN'), (1379, 4, 'a', 'DT'), (1379, 5, 'white', 'JJ'), (1379, 6, 'shirt', 'NN'), (1379, 7, 'and', 'CC'), (1379, 8, 'blue', 'JJ'), (1379, 9, 'shorts', 'NNS'), (1379, 10, 'and', 'CC'), (1379, 11, 'a', 'DT'), (1379, 12, 'man', 'NN'), (1379, 13, 'in', 'IN'), (1379, 14, 'a', 'DT'), (1379, 15, 'red', 'JJ'), (1379, 16, 'shirt', 'NN'), (1379, 17, 'and', 'CC'), (1379, 18, 'white', 'JJ'), (1379, 19, 'shorts', 'NNS'), (1379, 20, 'playing', 'VBG'), (1379, 21, 'soccer', 'NN');
INSERT INTO triples (sentence_id, predicate_id,relation,arg_start_id,arg_end_id,triple_type)VALUES (1379, 2, 'Property',3, 9, 'auto'), (1379, 12, 'Property',15, 21, 'auto'), (1379, 20, 'Agent',2, 2, 'auto'), (1379, 20, 'Patient',21, 21, 'auto');
INSERT INTO Sentences (sentence_id, sentence, sentence_type)VALUES (1380, 'Two men fighting for control of a soccer ball as fans watch', 'auto');
INSERT INTO Words ( sentence_id,word_ID ,word,pos)VALUES (1380, 1, 'Two', 'CD'), (1380, 2, 'men', 'NNS'), (1380, 3, 'fighting', 'VBG'), (1380, 4, 'for', 'IN'), (1380, 5, 'control', 'NN'), (1380, 6, 'of', 'IN'), (1380, 7, 'a', 'DT'), (1380, 8, 'soccer', 'NN'), (1380, 9, 'ball', 'NN'), (1380, 10, 'as', 'IN'), (1380, 11, 'fans', 'NNS'), (1380, 12, 'watch', 'VBP');
INSERT INTO Sentences (sentence_id, sentence, sentence_type)VALUES (1381, 'Two players hustle during a soccer game', 'auto');
INSERT INTO Words ( sentence_id,word_ID ,word,pos)VALUES (1381, 1, 'Two', 'CD'), (1381, 2, 'players', 'NNS'), (1381, 3, 'hustle', 'VBP'), (1381, 4, 'during', 'IN'), (1381, 5, 'a', 'DT'), (1381, 6, 'soccer', 'NN'), (1381, 7, 'game', 'NN');
INSERT INTO triples (sentence_id, predicate_id,relation,arg_start_id,arg_end_id,triple_type)VALUES (1381, 2, 'Property',3, 7, 'auto'), (1381, 3, 'Agent',2, 2, 'auto'), (1381, 3, 'Time',4, 7, 'auto');
INSERT INTO Sentences (sentence_id, sentence, sentence_type)VALUES (1382, 'Two soccer players fighting for the ball', 'auto');
INSERT INTO Words ( sentence_id,word_ID ,word,pos)VALUES (1382, 1, 'Two', 'CD'), (1382, 2, 'soccer', 'NN'), (1382, 3, 'players', 'NNS'), (1382, 4, 'fighting', 'VBG'), (1382, 5, 'for', 'IN'), (1382, 6, 'the', 'DT'), (1382, 7, 'ball', 'NN');
INSERT INTO triples (sentence_id, predicate_id,relation,arg_start_id,arg_end_id,triple_type)VALUES (1382, 3, 'Property',1, 2, 'auto'), (1382, 4, 'Agent',3, 3, 'auto'), (1382, 4, 'Beneficiary',5, 7, 'auto');
INSERT INTO Sentences (sentence_id, sentence, sentence_type)VALUES (1383, 'Two soccer players rush to kick the ball', 'auto');
INSERT INTO Words ( sentence_id,word_ID ,word,pos)VALUES (1383, 1, 'Two', 'CD'), (1383, 2, 'soccer', 'NN'), (1383, 3, 'players', 'NNS'), (1383, 4, 'rush', 'VBP'), (1383, 5, 'to', 'TO'), (1383, 6, 'kick', 'VB'), (1383, 7, 'the', 'DT'), (1383, 8, 'ball', 'NN');
INSERT INTO triples (sentence_id, predicate_id,relation,arg_start_id,arg_end_id,triple_type)VALUES (1383, 3, 'Property',1, 2, 'auto'), (1383, 4, 'Agent',3, 3, 'auto'), (1383, 4, 'Patient',5, 8, 'auto'), (1383, 6, 'Agent',3, 3, 'auto'), (1383, 6, 'Patient',7, 8, 'auto');
INSERT INTO Sentences (sentence_id, sentence, sentence_type)VALUES (1384, 'A biker jumps an obstacles', 'auto');
INSERT INTO Words ( sentence_id,word_ID ,word,pos)VALUES (1384, 1, 'A', 'DT'), (1384, 2, 'biker', 'NN'), (1384, 3, 'jumps', 'VBZ'), (1384, 4, 'an', 'DT'), (1384, 5, 'obstacles', 'NNS');
INSERT INTO triples (sentence_id, predicate_id,relation,arg_start_id,arg_end_id,triple_type)VALUES (1384, 2, 'Property',3, 5, 'auto'), (1384, 3, 'Agent',2, 2, 'auto'), (1384, 3, 'Patient',4, 5, 'auto');
INSERT INTO Sentences (sentence_id, sentence, sentence_type)VALUES (1385, 'A man is jumping over a low wall holding a bicycle', 'auto');
INSERT INTO Words ( sentence_id,word_ID ,word,pos)VALUES (1385, 1, 'A', 'DT'), (1385, 2, 'man', 'NN'), (1385, 3, 'is', 'VBZ'), (1385, 4, 'jumping', 'VBG'), (1385, 5, 'over', 'RP'), (1385, 6, 'a', 'DT'), (1385, 7, 'low', 'JJ'), (1385, 8, 'wall', 'NN'), (1385, 9, 'holding', 'VBG'), (1385, 10, 'a', 'DT'), (1385, 11, 'bicycle', 'NN');
INSERT INTO triples (sentence_id, predicate_id,relation,arg_start_id,arg_end_id,triple_type)VALUES (1385, 2, 'Property',4, 4, 'auto'), (1385, 2, 'Location',5, 8, 'auto'), (1385, 4, 'Agent',2, 2, 'auto'), (1385, 4, 'Destination',7, 8, 'auto'), (1385, 9, 'Agent',2, 2, 'auto'), (1385, 9, 'Location',6, 8, 'auto'), (1385, 9, 'Patient',10, 11, 'auto');
INSERT INTO Sentences (sentence_id, sentence, sentence_type)VALUES (1386, 'A man walks over a small sign carrying his bicycle', 'auto');
INSERT INTO Words ( sentence_id,word_ID ,word,pos)VALUES (1386, 1, 'A', 'DT'), (1386, 2, 'man', 'NN'), (1386, 3, 'walks', 'VBZ'), (1386, 4, 'over', 'IN'), (1386, 5, 'a', 'DT'), (1386, 6, 'small', 'JJ'), (1386, 7, 'sign', 'NN'), (1386, 8, 'carrying', 'VBG'), (1386, 9, 'his', 'PRP$'), (1386, 10, 'bicycle', 'NN');
INSERT INTO triples (sentence_id, predicate_id,relation,arg_start_id,arg_end_id,triple_type)VALUES (1386, 2, 'Location',4, 7, 'auto'), (1386, 2, 'Property',8, 10, 'auto'), (1386, 3, 'Agent',2, 2, 'auto'), (1386, 3, 'Location',4, 7, 'auto'), (1386, 8, 'Agent',2, 2, 'auto'), (1386, 8, 'Location',5, 7, 'auto'), (1386, 8, 'Patient',9, 10, 'auto'), (1386, 10, 'Property',8, 9, 'auto');
INSERT INTO Sentences (sentence_id, sentence, sentence_type)VALUES (1387, 'Man carries bike over obstacle', 'auto');
INSERT INTO Words ( sentence_id,word_ID ,word,pos)VALUES (1387, 1, 'Man', 'NN'), (1387, 2, 'carries', 'VBZ'), (1387, 3, 'bike', 'NN'), (1387, 4, 'over', 'IN'), (1387, 5, 'obstacle', 'NN');
INSERT INTO triples (sentence_id, predicate_id,relation,arg_start_id,arg_end_id,triple_type)VALUES (1387, 1, 'Location',4, 5, 'auto'), (1387, 2, 'Agent',1, 1, 'auto'), (1387, 2, 'Patient',3, 3, 'auto'), (1387, 2, 'Location',5, 5, 'auto'), (1387, 3, 'Property',1, 2, 'auto'), (1387, 3, 'Location',4, 5, 'auto');
INSERT INTO Sentences (sentence_id, sentence, sentence_type)VALUES (1388, 'The biker carries his bike over the obstacle', 'auto');
INSERT INTO Words ( sentence_id,word_ID ,word,pos)VALUES (1388, 1, 'The', 'DT'), (1388, 2, 'biker', 'NN'), (1388, 3, 'carries', 'VBZ'), (1388, 4, 'his', 'PRP$'), (1388, 5, 'bike', 'NN'), (1388, 6, 'over', 'IN'), (1388, 7, 'the', 'DT'), (1388, 8, 'obstacle', 'NN');
INSERT INTO triples (sentence_id, predicate_id,relation,arg_start_id,arg_end_id,triple_type)VALUES (1388, 2, 'Property',3, 5, 'auto'), (1388, 2, 'Location',6, 8, 'auto'), (1388, 3, 'Agent',2, 2, 'auto'), (1388, 3, 'Patient',4, 5, 'auto'), (1388, 3, 'Location',6, 8, 'auto'), (1388, 5, 'Property',3, 4, 'auto'), (1388, 5, 'Location',6, 8, 'auto');
INSERT INTO Sentences (sentence_id, sentence, sentence_type)VALUES (1389, 'A group of men play croquet', 'auto');
INSERT INTO Words ( sentence_id,word_ID ,word,pos)VALUES (1389, 1, 'A', 'DT'), (1389, 2, 'group', 'NN'), (1389, 3, 'of', 'IN'), (1389, 4, 'men', 'NNS'), (1389, 5, 'play', 'VBP'), (1389, 6, 'croquet', 'NNP');
INSERT INTO triples (sentence_id, predicate_id,relation,arg_start_id,arg_end_id,triple_type)VALUES (1389, 4, 'Property',6, 6, 'auto'), (1389, 5, 'Agent',2, 2, 'auto'), (1389, 5, 'Patient',6, 6, 'auto');
INSERT INTO Sentences (sentence_id, sentence, sentence_type)VALUES (1390, 'These people are in uniform at a lacrosse type game', 'auto');
INSERT INTO Words ( sentence_id,word_ID ,word,pos)VALUES (1390, 1, 'These', 'DT'), (1390, 2, 'people', 'NNS'), (1390, 3, 'are', 'VBP'), (1390, 4, 'in', 'IN'), (1390, 5, 'uniform', 'NN'), (1390, 6, 'at', 'IN'), (1390, 7, 'a', 'DT'), (1390, 8, 'lacrosse', 'NN'), (1390, 9, 'type', 'NN'), (1390, 10, 'game', 'NN');
INSERT INTO triples (sentence_id, predicate_id,relation,arg_start_id,arg_end_id,triple_type)VALUES (1390, 2, 'Property',4, 5, 'auto'), (1390, 2, 'Location',6, 10, 'auto'), (1390, 3, 'Patient',1, 2, 'auto'), (1390, 3, 'Location',6, 10, 'auto');
INSERT INTO Sentences (sentence_id, sentence, sentence_type)VALUES (1391, 'Three men in white wait to swing at a ball', 'auto');
INSERT INTO Words ( sentence_id,word_ID ,word,pos)VALUES (1391, 1, 'Three', 'CD'), (1391, 2, 'men', 'NNS'), (1391, 3, 'in', 'IN'), (1391, 4, 'white', 'JJ'), (1391, 5, 'wait', 'VBP'), (1391, 6, 'to', 'TO'), (1391, 7, 'swing', 'VB'), (1391, 8, 'at', 'IN'), (1391, 9, 'a', 'DT'), (1391, 10, 'ball', 'NN');
INSERT INTO triples (sentence_id, predicate_id,relation,arg_start_id,arg_end_id,triple_type)VALUES (1391, 2, 'Property',3, 4, 'auto'), (1391, 2, 'Location',9, 10, 'auto'), (1391, 5, 'Agent',2, 2, 'auto'), (1391, 5, 'Beneficiary',6, 7, 'auto'), (1391, 5, 'Location',8, 10, 'auto'), (1391, 7, 'Agent',1, 4, 'auto'), (1391, 7, 'Patient',9, 10, 'auto');
INSERT INTO Sentences (sentence_id, sentence, sentence_type)VALUES (1392, 'Two men dressed in white hit a ball while a third man walks up', 'auto');
INSERT INTO Words ( sentence_id,word_ID ,word,pos)VALUES (1392, 1, 'Two', 'CD'), (1392, 2, 'men', 'NNS'), (1392, 3, 'dressed', 'VBN'), (1392, 4, 'in', 'IN'), (1392, 5, 'white', 'JJ'), (1392, 6, 'hit', 'VBP'), (1392, 7, 'a', 'DT'), (1392, 8, 'ball', 'NN'), (1392, 9, 'while', 'IN'), (1392, 10, 'a', 'DT'), (1392, 11, 'third', 'JJ'), (1392, 12, 'man', 'NN'), (1392, 13, 'walks', 'VBZ'), (1392, 14, 'up', 'RP');
INSERT INTO triples (sentence_id, predicate_id,relation,arg_start_id,arg_end_id,triple_type)VALUES (1392, 2, 'Property',3, 5, 'auto'), (1392, 3, 'Agent',1, 2, 'auto'), (1392, 3, 'Patient',4, 5, 'auto'), (1392, 6, 'Agent',1, 2, 'auto'), (1392, 6, 'Patient',7, 8, 'auto'), (1392, 12, 'Property',10, 11, 'auto'), (1392, 13, 'Agent',11, 12, 'auto'), (1392, 13, 'Location',14, 14, 'auto');
INSERT INTO Sentences (sentence_id, sentence, sentence_type)VALUES (1393, 'Two men in white are playing a game while a man behind them walks towards them', 'auto');
INSERT INTO Words ( sentence_id,word_ID ,word,pos)VALUES (1393, 1, 'Two', 'CD'), (1393, 2, 'men', 'NNS'), (1393, 3, 'in', 'IN'), (1393, 4, 'white', 'JJ'), (1393, 5, 'are', 'VBP'), (1393, 6, 'playing', 'VBG'), (1393, 7, 'a', 'DT'), (1393, 8, 'game', 'NN'), (1393, 9, 'while', 'IN'), (1393, 10, 'a', 'DT'), (1393, 11, 'man', 'NN'), (1393, 12, 'behind', 'IN'), (1393, 13, 'them', 'PRP'), (1393, 14, 'walks', 'VBZ'), (1393, 15, 'towards', 'IN'), (1393, 16, 'them', 'PRP');
INSERT INTO triples (sentence_id, predicate_id,relation,arg_start_id,arg_end_id,triple_type)VALUES (1393, 2, 'Property',3, 4, 'auto'), (1393, 6, 'Agent',2, 2, 'auto'), (1393, 6, 'Patient',7, 8, 'auto'), (1393, 11, 'Location',12, 13, 'auto'), (1393, 14, 'Agent',11, 11, 'auto'), (1393, 14, 'Destination',15, 16, 'auto');
INSERT INTO Sentences (sentence_id, sentence, sentence_type)VALUES (1394, 'A boy in a white t-shirt does skateboard tricks', 'auto');
INSERT INTO Words ( sentence_id,word_ID ,word,pos)VALUES (1394, 1, 'A', 'DT'), (1394, 2, 'boy', 'NN'), (1394, 3, 'in', 'IN'), (1394, 4, 'a', 'DT'), (1394, 5, 'white', 'JJ'), (1394, 6, 't-shirt', 'NN'), (1394, 7, 'does', 'VBZ'), (1394, 8, 'skateboard', 'NN'), (1394, 9, 'tricks', 'NNS');
INSERT INTO triples (sentence_id, predicate_id,relation,arg_start_id,arg_end_id,triple_type)VALUES (1394, 2, 'Property',5, 9, 'auto'), (1394, 7, 'Agent',2, 2, 'auto'), (1394, 7, 'Patient',8, 9, 'auto');
INSERT INTO Sentences (sentence_id, sentence, sentence_type)VALUES (1395, 'A boy in t-shirt , jeans and knit cap jumps up with his skating board , arms flung out', 'auto');
INSERT INTO Words ( sentence_id,word_ID ,word,pos)VALUES (1395, 1, 'A', 'DT'), (1395, 2, 'boy', 'NN'), (1395, 3, 'in', 'IN'), (1395, 4, 't-shirt', 'NN'), (1395, 5, ',', ','), (1395, 6, 'jeans', 'NNS'), (1395, 7, 'and', 'CC'), (1395, 8, 'knit', 'NN'), (1395, 9, 'cap', 'NN'), (1395, 10, 'jumps', 'VBZ'), (1395, 11, 'up', 'RP'), (1395, 12, 'with', 'IN'), (1395, 13, 'his', 'PRP$'), (1395, 14, 'skating', 'NN'), (1395, 15, 'board', 'NN'), (1395, 16, ',', ','), (1395, 17, 'arms', 'NNS'), (1395, 18, 'flung', 'VBD'), (1395, 19, 'out', 'RP');
INSERT INTO triples (sentence_id, predicate_id,relation,arg_start_id,arg_end_id,triple_type)VALUES (1395, 2, 'Property',3, 9, 'auto'), (1395, 10, 'Agent',2, 2, 'auto'), (1395, 10, 'Destination',11, 11, 'auto'), (1395, 10, 'Instrument',12, 15, 'auto'), (1395, 18, 'Patient',17, 17, 'auto'), (1395, 18, 'Destination',19, 19, 'auto');
INSERT INTO Sentences (sentence_id, sentence, sentence_type)VALUES (1396, 'A man performs a skateboarding trick on a cement monument in a city park', 'auto');
INSERT INTO Words ( sentence_id,word_ID ,word,pos)VALUES (1396, 1, 'A', 'DT'), (1396, 2, 'man', 'NN'), (1396, 3, 'performs', 'VBZ'), (1396, 4, 'a', 'DT'), (1396, 5, 'skateboarding', 'NNP'), (1396, 6, 'trick', 'NN'), (1396, 7, 'on', 'IN'), (1396, 8, 'a', 'DT'), (1396, 9, 'cement', 'NN'), (1396, 10, 'monument', 'NN'), (1396, 11, 'in', 'IN'), (1396, 12, 'a', 'DT'), (1396, 13, 'city', 'NN'), (1396, 14, 'park', 'NN');
INSERT INTO triples (sentence_id, predicate_id,relation,arg_start_id,arg_end_id,triple_type)VALUES (1396, 2, 'Property',6, 6, 'auto'), (1396, 2, 'Location',7, 14, 'auto'), (1396, 3, 'Agent',2, 2, 'auto'), (1396, 3, 'Patient',4, 6, 'auto'), (1396, 3, 'Location',10, 10, 'auto');
INSERT INTO Sentences (sentence_id, sentence, sentence_type)VALUES (1397, 'A skateboarder is airborne in a city green space', 'auto');
INSERT INTO Words ( sentence_id,word_ID ,word,pos)VALUES (1397, 1, 'A', 'DT'), (1397, 2, 'skateboarder', 'NN'), (1397, 3, 'is', 'VBZ'), (1397, 4, 'airborne', 'JJ'), (1397, 5, 'in', 'IN'), (1397, 6, 'a', 'DT'), (1397, 7, 'city', 'NN'), (1397, 8, 'green', 'JJ'), (1397, 9, 'space', 'NN');
INSERT INTO triples (sentence_id, predicate_id,relation,arg_start_id,arg_end_id,triple_type)VALUES (1397, 2, 'Location',3, 9, 'auto'), (1397, 3, 'Patient',1, 2, 'auto'), (1397, 3, 'Attribute',4, 4, 'auto'), (1397, 3, 'Location',8, 9, 'auto');
INSERT INTO Sentences (sentence_id, sentence, sentence_type)VALUES (1398, 'Young skateboarder doing a trick in the park', 'auto');
INSERT INTO Words ( sentence_id,word_ID ,word,pos)VALUES (1398, 1, 'Young', 'NNP'), (1398, 2, 'skateboarder', 'NN'), (1398, 3, 'doing', 'VBG'), (1398, 4, 'a', 'DT'), (1398, 5, 'trick', 'NN'), (1398, 6, 'in', 'IN'), (1398, 7, 'the', 'DT'), (1398, 8, 'park', 'NN');
INSERT INTO triples (sentence_id, predicate_id,relation,arg_start_id,arg_end_id,triple_type)VALUES (1398, 2, 'Location',6, 8, 'auto'), (1398, 3, 'Agent',2, 2, 'auto'), (1398, 3, 'Patient',4, 5, 'auto'), (1398, 3, 'Location',6, 8, 'auto');
INSERT INTO Sentences (sentence_id, sentence, sentence_type)VALUES (1399, 'A biker patiently waits as his friend bikes ahead of him', 'auto');
INSERT INTO Words ( sentence_id,word_ID ,word,pos)VALUES (1399, 1, 'A', 'DT'), (1399, 2, 'biker', 'NN'), (1399, 3, 'patiently', 'RB'), (1399, 4, 'waits', 'VBZ'), (1399, 5, 'as', 'IN'), (1399, 6, 'his', 'PRP$'), (1399, 7, 'friend', 'NN'), (1399, 8, 'bikes', 'VBZ'), (1399, 9, 'ahead', 'RB'), (1399, 10, 'of', 'IN'), (1399, 11, 'him', 'PRP');
INSERT INTO triples (sentence_id, predicate_id,relation,arg_start_id,arg_end_id,triple_type)VALUES (1399, 4, 'Agent',2, 2, 'auto'), (1399, 8, 'Agent',6, 7, 'auto'), (1399, 8, 'Location',9, 11, 'auto');
INSERT INTO Sentences (sentence_id, sentence, sentence_type)VALUES (1400, 'A man in a leather outfit prepares to ride a motorcycle', 'auto');
INSERT INTO Words ( sentence_id,word_ID ,word,pos)VALUES (1400, 1, 'A', 'DT'), (1400, 2, 'man', 'NN'), (1400, 3, 'in', 'IN'), (1400, 4, 'a', 'DT'), (1400, 5, 'leather', 'NN'), (1400, 6, 'outfit', 'NN'), (1400, 7, 'prepares', 'VBZ'), (1400, 8, 'to', 'TO'), (1400, 9, 'ride', 'VB'), (1400, 10, 'a', 'DT'), (1400, 11, 'motorcycle', 'NN');
INSERT INTO triples (sentence_id, predicate_id,relation,arg_start_id,arg_end_id,triple_type)VALUES (1400, 2, 'Property',3, 6, 'auto'), (1400, 7, 'Agent',2, 2, 'auto'), (1400, 7, 'Beneficiary',8, 11, 'auto'), (1400, 9, 'Agent',2, 2, 'auto'), (1400, 9, 'Patient',10, 11, 'auto');
INSERT INTO Sentences (sentence_id, sentence, sentence_type)VALUES (1401, 'One motorcyclist speeds away from a parked motorcyclist along a drag strip', 'auto');
INSERT INTO Words ( sentence_id,word_ID ,word,pos)VALUES (1401, 1, 'One', 'CD'), (1401, 2, 'motorcyclist', 'NN'), (1401, 3, 'speeds', 'VBZ'), (1401, 4, 'away', 'RB'), (1401, 5, 'from', 'IN'), (1401, 6, 'a', 'DT'), (1401, 7, 'parked', 'JJ'), (1401, 8, 'motorcyclist', 'NN'), (1401, 9, 'along', 'IN'), (1401, 10, 'a', 'DT'), (1401, 11, 'drag', 'NN'), (1401, 12, 'strip', 'NN');
INSERT INTO triples (sentence_id, predicate_id,relation,arg_start_id,arg_end_id,triple_type)VALUES (1401, 2, 'Property',1, 1, 'auto'), (1401, 2, 'Location',6, 12, 'auto'), (1401, 3, 'Agent',2, 2, 'auto'), (1401, 3, 'Destination',4, 4, 'auto'), (1401, 3, 'Source',5, 8, 'auto'), (1401, 3, 'Location',9, 12, 'auto');
INSERT INTO Sentences (sentence_id, sentence, sentence_type)VALUES (1402, 'Two men on motorcycles are driving down an empty street', 'auto');
INSERT INTO Words ( sentence_id,word_ID ,word,pos)VALUES (1402, 1, 'Two', 'CD'), (1402, 2, 'men', 'NNS'), (1402, 3, 'on', 'IN'), (1402, 4, 'motorcycles', 'NNS'), (1402, 5, 'are', 'VBP'), (1402, 6, 'driving', 'VBG'), (1402, 7, 'down', 'RP'), (1402, 8, 'an', 'DT'), (1402, 9, 'empty', 'JJ'), (1402, 10, 'street', 'NN');
INSERT INTO triples (sentence_id, predicate_id,relation,arg_start_id,arg_end_id,triple_type)VALUES (1402, 2, 'Location',3, 4, 'auto'), (1402, 6, 'Agent',2, 2, 'auto'), (1402, 6, 'Instrument',3, 4, 'auto'), (1402, 6, 'Destination',7, 7, 'auto'), (1402, 6, 'Patient',9, 10, 'auto'), (1402, 10, 'Property',8, 9, 'auto');
INSERT INTO Sentences (sentence_id, sentence, sentence_type)VALUES (1403, 'Two people in black leather ride motorcycles', 'auto');
INSERT INTO Words ( sentence_id,word_ID ,word,pos)VALUES (1403, 1, 'Two', 'CD'), (1403, 2, 'people', 'NNS'), (1403, 3, 'in', 'IN'), (1403, 4, 'black', 'JJ'), (1403, 5, 'leather', 'NN'), (1403, 6, 'ride', 'VBP'), (1403, 7, 'motorcycles', 'NNS');
INSERT INTO triples (sentence_id, predicate_id,relation,arg_start_id,arg_end_id,triple_type)VALUES (1403, 2, 'Property',3, 7, 'auto'), (1403, 6, 'Agent',2, 2, 'auto'), (1403, 6, 'Patient',7, 7, 'auto');
INSERT INTO Sentences (sentence_id, sentence, sentence_type)VALUES (1404, 'A kid skateboards down railings of a large set of stairs', 'auto');
INSERT INTO Words ( sentence_id,word_ID ,word,pos)VALUES (1404, 1, 'A', 'DT'), (1404, 2, 'kid', 'NN'), (1404, 3, 'skateboards', 'VBZ'), (1404, 4, 'down', 'IN'), (1404, 5, 'railings', 'NNS'), (1404, 6, 'of', 'IN'), (1404, 7, 'a', 'DT'), (1404, 8, 'large', 'JJ'), (1404, 9, 'set', 'NN'), (1404, 10, 'of', 'IN'), (1404, 11, 'stairs', 'NNS');
INSERT INTO triples (sentence_id, predicate_id,relation,arg_start_id,arg_end_id,triple_type)VALUES (1404, 3, 'Agent',2, 2, 'auto'), (1404, 3, 'Destination',4, 4, 'auto'), (1404, 3, 'Attribute',5, 5, 'auto'), (1404, 3, 'Patient',7, 11, 'auto');
INSERT INTO Sentences (sentence_id, sentence, sentence_type)VALUES (1405, 'An inline skater is grinding down a long rail', 'auto');
INSERT INTO Words ( sentence_id,word_ID ,word,pos)VALUES (1405, 1, 'An', 'DT'), (1405, 2, 'inline', 'NN'), (1405, 3, 'skater', 'NN'), (1405, 4, 'is', 'VBZ'), (1405, 5, 'grinding', 'VBG'), (1405, 6, 'down', 'RP'), (1405, 7, 'a', 'DT'), (1405, 8, 'long', 'JJ'), (1405, 9, 'rail', 'NN');
INSERT INTO triples (sentence_id, predicate_id,relation,arg_start_id,arg_end_id,triple_type)VALUES (1405, 5, 'Agent',3, 3, 'auto'), (1405, 5, 'Destination',6, 6, 'auto'), (1405, 5, 'Patient',9, 9, 'auto');
INSERT INTO Sentences (sentence_id, sentence, sentence_type)VALUES (1406, 'A skateboarder in midair above a large staircase and handrail', 'auto');
INSERT INTO Words ( sentence_id,word_ID ,word,pos)VALUES (1406, 1, 'A', 'DT'), (1406, 2, 'skateboarder', 'NN'), (1406, 3, 'in', 'IN'), (1406, 4, 'midair', 'NN'), (1406, 5, 'above', 'IN'), (1406, 6, 'a', 'DT'), (1406, 7, 'large', 'JJ'), (1406, 8, 'staircase', 'NN'), (1406, 9, 'and', 'CC'), (1406, 10, 'handrail', 'NN');
INSERT INTO triples (sentence_id, predicate_id,relation,arg_start_id,arg_end_id,triple_type)VALUES (1406, 2, 'Location',3, 10, 'auto');
INSERT INTO Sentences (sentence_id, sentence, sentence_type)VALUES (1407, 'A teenage boy does tricks jumping across a railing', 'auto');
INSERT INTO Words ( sentence_id,word_ID ,word,pos)VALUES (1407, 1, 'A', 'DT'), (1407, 2, 'teenage', 'JJ'), (1407, 3, 'boy', 'NN'), (1407, 4, 'does', 'VBZ'), (1407, 5, 'tricks', 'NNS'), (1407, 6, 'jumping', 'VBG'), (1407, 7, 'across', 'IN'), (1407, 8, 'a', 'DT'), (1407, 9, 'railing', 'NN');
INSERT INTO triples (sentence_id, predicate_id,relation,arg_start_id,arg_end_id,triple_type)VALUES (1407, 3, 'Property',2, 2, 'auto'), (1407, 3, 'Location',8, 9, 'auto'), (1407, 4, 'Agent',3, 3, 'auto'), (1407, 4, 'Patient',5, 6, 'auto'), (1407, 4, 'Location',7, 9, 'auto'), (1407, 6, 'Agent',3, 3, 'auto'), (1407, 6, 'Destination',7, 9, 'auto');
INSERT INTO Sentences (sentence_id, sentence, sentence_type)VALUES (1408, 'Skater rides skateboard down a long stair railing', 'auto');
INSERT INTO Words ( sentence_id,word_ID ,word,pos)VALUES (1408, 1, 'Skater', 'NN'), (1408, 2, 'rides', 'VBZ'), (1408, 3, 'skateboard', 'NN'), (1408, 4, 'down', 'RP'), (1408, 5, 'a', 'DT'), (1408, 6, 'long', 'JJ'), (1408, 7, 'stair', 'NN'), (1408, 8, 'railing', 'NN');
INSERT INTO triples (sentence_id, predicate_id,relation,arg_start_id,arg_end_id,triple_type)VALUES (1408, 2, 'Agent',1, 1, 'auto'), (1408, 2, 'Patient',3, 3, 'auto'), (1408, 2, 'Destination',4, 4, 'auto'), (1408, 2, 'Location',8, 8, 'auto'), (1408, 3, 'Location',4, 8, 'auto');
INSERT INTO Sentences (sentence_id, sentence, sentence_type)VALUES (1409, 'A few men sprint across the grass in competition with one another', 'auto');
INSERT INTO Words ( sentence_id,word_ID ,word,pos)VALUES (1409, 1, 'A', 'DT'), (1409, 2, 'few', 'JJ'), (1409, 3, 'men', 'NNS'), (1409, 4, 'sprint', 'VBP'), (1409, 5, 'across', 'IN'), (1409, 6, 'the', 'DT'), (1409, 7, 'grass', 'NN'), (1409, 8, 'in', 'IN'), (1409, 9, 'competition', 'NN'), (1409, 10, 'with', 'IN'), (1409, 11, 'one', 'CD'), (1409, 12, 'another', 'DT');
INSERT INTO triples (sentence_id, predicate_id,relation,arg_start_id,arg_end_id,triple_type)VALUES (1409, 3, 'Location',5, 9, 'auto'), (1409, 3, 'Property',10, 12, 'auto'), (1409, 4, 'Agent',3, 3, 'auto'), (1409, 4, 'Location',5, 9, 'auto');
INSERT INTO Sentences (sentence_id, sentence, sentence_type)VALUES (1410, 'A man in a grey shirt is winning a race in the grass', 'auto');
INSERT INTO Words ( sentence_id,word_ID ,word,pos)VALUES (1410, 1, 'A', 'DT'), (1410, 2, 'man', 'NN'), (1410, 3, 'in', 'IN'), (1410, 4, 'a', 'DT'), (1410, 5, 'grey', 'JJ'), (1410, 6, 'shirt', 'NN'), (1410, 7, 'is', 'VBZ'), (1410, 8, 'winning', 'VBG'), (1410, 9, 'a', 'DT'), (1410, 10, 'race', 'NN'), (1410, 11, 'in', 'IN'), (1410, 12, 'the', 'DT'), (1410, 13, 'grass', 'NN');
INSERT INTO triples (sentence_id, predicate_id,relation,arg_start_id,arg_end_id,triple_type)VALUES (1410, 2, 'Property',3, 6, 'auto'), (1410, 2, 'Location',13, 13, 'auto'), (1410, 8, 'Agent',2, 2, 'auto'), (1410, 8, 'Patient',9, 10, 'auto'), (1410, 8, 'Location',11, 13, 'auto');
INSERT INTO Sentences (sentence_id, sentence, sentence_type)VALUES (1411, 'A man leads the way in a race', 'auto');
INSERT INTO Words ( sentence_id,word_ID ,word,pos)VALUES (1411, 1, 'A', 'DT'), (1411, 2, 'man', 'NN'), (1411, 3, 'leads', 'VBZ'), (1411, 4, 'the', 'DT'), (1411, 5, 'way', 'NN'), (1411, 6, 'in', 'IN'), (1411, 7, 'a', 'DT'), (1411, 8, 'race', 'NN');
INSERT INTO triples (sentence_id, predicate_id,relation,arg_start_id,arg_end_id,triple_type)VALUES (1411, 2, 'Location',6, 8, 'auto'), (1411, 3, 'Agent',2, 2, 'auto'), (1411, 3, 'Patient',4, 5, 'auto'), (1411, 3, 'Location',6, 8, 'auto');
INSERT INTO Sentences (sentence_id, sentence, sentence_type)VALUES (1412, 'People running a race and the guy in grey is in the lead', 'auto');
INSERT INTO Words ( sentence_id,word_ID ,word,pos)VALUES (1412, 1, 'People', 'NNS'), (1412, 2, 'running', 'VBG'), (1412, 3, 'a', 'DT'), (1412, 4, 'race', 'NN'), (1412, 5, 'and', 'CC'), (1412, 6, 'the', 'DT'), (1412, 7, 'guy', 'NN'), (1412, 8, 'in', 'IN'), (1412, 9, 'grey', 'JJ'), (1412, 10, 'is', 'VBZ'), (1412, 11, 'in', 'IN'), (1412, 12, 'the', 'DT'), (1412, 13, 'lead', 'NN');
INSERT INTO Sentences (sentence_id, sentence, sentence_type)VALUES (1413, 'Two men running outside in a competition', 'auto');
INSERT INTO Words ( sentence_id,word_ID ,word,pos)VALUES (1413, 1, 'Two', 'CD'), (1413, 2, 'men', 'NNS'), (1413, 3, 'running', 'VBG'), (1413, 4, 'outside', 'RB'), (1413, 5, 'in', 'IN'), (1413, 6, 'a', 'DT'), (1413, 7, 'competition', 'NN');
INSERT INTO triples (sentence_id, predicate_id,relation,arg_start_id,arg_end_id,triple_type)VALUES (1413, 2, 'Location',4, 7, 'auto'), (1413, 3, 'Agent',2, 2, 'auto'), (1413, 3, 'Destination',4, 4, 'auto'), (1413, 3, 'Location',6, 7, 'auto');
INSERT INTO Sentences (sentence_id, sentence, sentence_type)VALUES (1414, 'A person on a bike jumping over a bench in the park', 'auto');
INSERT INTO Words ( sentence_id,word_ID ,word,pos)VALUES (1414, 1, 'A', 'DT'), (1414, 2, 'person', 'NN'), (1414, 3, 'on', 'IN'), (1414, 4, 'a', 'DT'), (1414, 5, 'bike', 'NN'), (1414, 6, 'jumping', 'VBG'), (1414, 7, 'over', 'RP'), (1414, 8, 'a', 'DT'), (1414, 9, 'bench', 'NN'), (1414, 10, 'in', 'IN'), (1414, 11, 'the', 'DT'), (1414, 12, 'park', 'NN');
INSERT INTO triples (sentence_id, predicate_id,relation,arg_start_id,arg_end_id,triple_type)VALUES (1414, 2, 'Location',3, 12, 'auto'), (1414, 5, 'Location',7, 12, 'auto'), (1414, 6, 'Agent',2, 2, 'auto'), (1414, 6, 'Instrument',4, 5, 'auto'), (1414, 6, 'Patient',9, 9, 'auto'), (1414, 6, 'Destination',12, 12, 'auto');
INSERT INTO Sentences (sentence_id, sentence, sentence_type)VALUES (1415, 'A person on a bmx bike , leaping onto a bench', 'auto');
INSERT INTO Words ( sentence_id,word_ID ,word,pos)VALUES (1415, 1, 'A', 'DT'), (1415, 2, 'person', 'NN'), (1415, 3, 'on', 'IN'), (1415, 4, 'a', 'DT'), (1415, 5, 'bmx', 'NN'), (1415, 6, 'bike', 'NN'), (1415, 7, ',', ','), (1415, 8, 'leaping', 'VBG'), (1415, 9, 'onto', 'IN'), (1415, 10, 'a', 'DT'), (1415, 11, 'bench', 'NN');
INSERT INTO triples (sentence_id, predicate_id,relation,arg_start_id,arg_end_id,triple_type)VALUES (1415, 2, 'Property',5, 6, 'auto'), (1415, 2, 'Location',9, 11, 'auto'), (1415, 6, 'Property',7, 8, 'auto'), (1415, 6, 'Location',10, 11, 'auto'), (1415, 8, 'Agent',2, 2, 'auto'), (1415, 8, 'Location',10, 11, 'auto');
INSERT INTO Sentences (sentence_id, sentence, sentence_type)VALUES (1416, 'A person performing tricks on a bicycle in a skate park', 'auto');
INSERT INTO Words ( sentence_id,word_ID ,word,pos)VALUES (1416, 1, 'A', 'DT'), (1416, 2, 'person', 'NN'), (1416, 3, 'performing', 'VBG'), (1416, 4, 'tricks', 'NNS'), (1416, 5, 'on', 'IN'), (1416, 6, 'a', 'DT'), (1416, 7, 'bicycle', 'NN'), (1416, 8, 'in', 'IN'), (1416, 9, 'a', 'DT'), (1416, 10, 'skate', 'NN'), (1416, 11, 'park', 'NN');
INSERT INTO triples (sentence_id, predicate_id,relation,arg_start_id,arg_end_id,triple_type)VALUES (1416, 2, 'Property',4, 4, 'auto'), (1416, 2, 'Location',5, 11, 'auto'), (1416, 3, 'Agent',2, 2, 'auto'), (1416, 3, 'Patient',4, 4, 'auto'), (1416, 3, 'Instrument',5, 7, 'auto'), (1416, 3, 'Location',8, 11, 'auto'), (1416, 7, 'Location',8, 11, 'auto');
INSERT INTO Sentences (sentence_id, sentence, sentence_type)VALUES (1417, 'A person riding a bicycle going over a raised platform', 'auto');
INSERT INTO Words ( sentence_id,word_ID ,word,pos)VALUES (1417, 1, 'A', 'DT'), (1417, 2, 'person', 'NN'), (1417, 3, 'riding', 'VBG'), (1417, 4, 'a', 'DT'), (1417, 5, 'bicycle', 'NN'), (1417, 6, 'going', 'VBG'), (1417, 7, 'over', 'IN'), (1417, 8, 'a', 'DT'), (1417, 9, 'raised', 'JJ'), (1417, 10, 'platform', 'NN');
INSERT INTO triples (sentence_id, predicate_id,relation,arg_start_id,arg_end_id,triple_type)VALUES (1417, 2, 'Property',5, 5, 'auto'), (1417, 2, 'Location',7, 10, 'auto'), (1417, 3, 'Agent',2, 2, 'auto'), (1417, 3, 'Patient',4, 5, 'auto'), (1417, 3, 'Location',10, 10, 'auto'), (1417, 5, 'Location',7, 10, 'auto'), (1417, 6, 'Patient',5, 5, 'auto'), (1417, 6, 'Location',10, 10, 'auto');
INSERT INTO Sentences (sentence_id, sentence, sentence_type)VALUES (1418, 'Jumping a bicycle onto a park bench', 'auto');
INSERT INTO Words ( sentence_id,word_ID ,word,pos)VALUES (1418, 1, 'Jumping', 'VBG'), (1418, 2, 'a', 'DT'), (1418, 3, 'bicycle', 'NN'), (1418, 4, 'onto', 'IN'), (1418, 5, 'a', 'DT'), (1418, 6, 'park', 'NN'), (1418, 7, 'bench', 'NN');
INSERT INTO triples (sentence_id, predicate_id,relation,arg_start_id,arg_end_id,triple_type)VALUES (1418, 1, 'Patient',2, 3, 'auto'), (1418, 1, 'Location',7, 7, 'auto'), (1418, 3, 'Location',4, 7, 'auto');
INSERT INTO Sentences (sentence_id, sentence, sentence_type)VALUES (1419, 'A boy in football gear running with the football', 'auto');
INSERT INTO Words ( sentence_id,word_ID ,word,pos)VALUES (1419, 1, 'A', 'DT'), (1419, 2, 'boy', 'NN'), (1419, 3, 'in', 'IN'), (1419, 4, 'football', 'NN'), (1419, 5, 'gear', 'NN'), (1419, 6, 'running', 'VBG'), (1419, 7, 'with', 'IN'), (1419, 8, 'the', 'DT'), (1419, 9, 'football', 'NN');
INSERT INTO triples (sentence_id, predicate_id,relation,arg_start_id,arg_end_id,triple_type)VALUES (1419, 2, 'Property',3, 5, 'auto'), (1419, 6, 'Agent',2, 2, 'auto'), (1419, 6, 'Instrument',7, 9, 'auto');
INSERT INTO Sentences (sentence_id, sentence, sentence_type)VALUES (1420, 'A child runs with a football', 'auto');
INSERT INTO Words ( sentence_id,word_ID ,word,pos)VALUES (1420, 1, 'A', 'DT'), (1420, 2, 'child', 'NN'), (1420, 3, 'runs', 'VBZ'), (1420, 4, 'with', 'IN'), (1420, 5, 'a', 'DT'), (1420, 6, 'football', 'NN');
INSERT INTO triples (sentence_id, predicate_id,relation,arg_start_id,arg_end_id,triple_type)VALUES (1420, 3, 'Agent',2, 2, 'auto'), (1420, 3, 'Instrument',4, 6, 'auto');
INSERT INTO Sentences (sentence_id, sentence, sentence_type)VALUES (1421, 'Child in football uniform running on grass', 'auto');
INSERT INTO Words ( sentence_id,word_ID ,word,pos)VALUES (1421, 1, 'Child', 'NN'), (1421, 2, 'in', 'IN'), (1421, 3, 'football', 'NN'), (1421, 4, 'uniform', 'NN'), (1421, 5, 'running', 'VBG'), (1421, 6, 'on', 'IN'), (1421, 7, 'grass', 'NN');
INSERT INTO triples (sentence_id, predicate_id,relation,arg_start_id,arg_end_id,triple_type)VALUES (1421, 1, 'Property',2, 4, 'auto'), (1421, 1, 'Location',6, 7, 'auto'), (1421, 5, 'Agent',1, 1, 'auto'), (1421, 5, 'Location',6, 7, 'auto');
INSERT INTO Sentences (sentence_id, sentence, sentence_type)VALUES (1422, 'The boy in the red jersey runs with the football', 'auto');
INSERT INTO Words ( sentence_id,word_ID ,word,pos)VALUES (1422, 1, 'The', 'DT'), (1422, 2, 'boy', 'NN'), (1422, 3, 'in', 'IN'), (1422, 4, 'the', 'DT'), (1422, 5, 'red', 'JJ'), (1422, 6, 'jersey', 'NN'), (1422, 7, 'runs', 'VBZ'), (1422, 8, 'with', 'IN'), (1422, 9, 'the', 'DT'), (1422, 10, 'football', 'NN');
INSERT INTO triples (sentence_id, predicate_id,relation,arg_start_id,arg_end_id,triple_type)VALUES (1422, 2, 'Property',3, 6, 'auto'), (1422, 7, 'Agent',2, 2, 'auto'), (1422, 7, 'Instrument',8, 10, 'auto');
INSERT INTO Sentences (sentence_id, sentence, sentence_type)VALUES (1423, 'The boy is clutching the football and making a run for a touchdown while looking behind him', 'auto');
INSERT INTO Words ( sentence_id,word_ID ,word,pos)VALUES (1423, 1, 'The', 'DT'), (1423, 2, 'boy', 'NN'), (1423, 3, 'is', 'VBZ'), (1423, 4, 'clutching', 'VBG'), (1423, 5, 'the', 'DT'), (1423, 6, 'football', 'NN'), (1423, 7, 'and', 'CC'), (1423, 8, 'making', 'VBG'), (1423, 9, 'a', 'DT'), (1423, 10, 'run', 'NN'), (1423, 11, 'for', 'IN'), (1423, 12, 'a', 'DT'), (1423, 13, 'touchdown', 'NN'), (1423, 14, 'while', 'IN'), (1423, 15, 'looking', 'VBG'), (1423, 16, 'behind', 'IN'), (1423, 17, 'him', 'PRP');
INSERT INTO triples (sentence_id, predicate_id,relation,arg_start_id,arg_end_id,triple_type)VALUES (1423, 4, 'Agent',2, 2, 'auto'), (1423, 4, 'Patient',5, 6, 'auto'), (1423, 8, 'Agent',2, 2, 'auto'), (1423, 8, 'Patient',9, 10, 'auto'), (1423, 8, 'Beneficiary',11, 13, 'auto'), (1423, 15, 'Agent',2, 2, 'auto'), (1423, 15, 'Destination',16, 17, 'auto');
INSERT INTO Sentences (sentence_id, sentence, sentence_type)VALUES (1424, 'A human figure runs past a flower stand', 'auto');
INSERT INTO Words ( sentence_id,word_ID ,word,pos)VALUES (1424, 1, 'A', 'DT'), (1424, 2, 'human', 'JJ'), (1424, 3, 'figure', 'NN'), (1424, 4, 'runs', 'VBZ'), (1424, 5, 'past', 'IN'), (1424, 6, 'a', 'DT'), (1424, 7, 'flower', 'NN'), (1424, 8, 'stand', 'NN');
INSERT INTO triples (sentence_id, predicate_id,relation,arg_start_id,arg_end_id,triple_type)VALUES (1424, 4, 'Agent',3, 3, 'auto'), (1424, 4, 'Location',5, 8, 'auto');
INSERT INTO Sentences (sentence_id, sentence, sentence_type)VALUES (1425, 'A person is running past a large display of plants and flowers', 'auto');
INSERT INTO Words ( sentence_id,word_ID ,word,pos)VALUES (1425, 1, 'A', 'DT'), (1425, 2, 'person', 'NN'), (1425, 3, 'is', 'VBZ'), (1425, 4, 'running', 'VBG'), (1425, 5, 'past', 'IN'), (1425, 6, 'a', 'DT'), (1425, 7, 'large', 'JJ'), (1425, 8, 'display', 'NN'), (1425, 9, 'of', 'IN'), (1425, 10, 'plants', 'NNS'), (1425, 11, 'and', 'CC'), (1425, 12, 'flowers', 'NNS');
INSERT INTO triples (sentence_id, predicate_id,relation,arg_start_id,arg_end_id,triple_type)VALUES (1425, 2, 'Location',5, 8, 'auto'), (1425, 4, 'Agent',2, 2, 'auto'), (1425, 4, 'Location',6, 10, 'auto');
INSERT INTO Sentences (sentence_id, sentence, sentence_type)VALUES (1426, 'A person runs by a flower and plant shop', 'auto');
INSERT INTO Words ( sentence_id,word_ID ,word,pos)VALUES (1426, 1, 'A', 'DT'), (1426, 2, 'person', 'NN'), (1426, 3, 'runs', 'VBZ'), (1426, 4, 'by', 'IN'), (1426, 5, 'a', 'DT'), (1426, 6, 'flower', 'NN'), (1426, 7, 'and', 'CC'), (1426, 8, 'plant', 'NN'), (1426, 9, 'shop', 'NN');
INSERT INTO triples (sentence_id, predicate_id,relation,arg_start_id,arg_end_id,triple_type)VALUES (1426, 2, 'Location',5, 9, 'auto'), (1426, 3, 'Agent',2, 2, 'auto'), (1426, 3, 'Location',5, 9, 'auto');
INSERT INTO Sentences (sentence_id, sentence, sentence_type)VALUES (1427, 'A runner in black is passing an outdoor florist shop', 'auto');
INSERT INTO Words ( sentence_id,word_ID ,word,pos)VALUES (1427, 1, 'A', 'DT'), (1427, 2, 'runner', 'NN'), (1427, 3, 'in', 'IN'), (1427, 4, 'black', 'JJ'), (1427, 5, 'is', 'VBZ'), (1427, 6, 'passing', 'VBG'), (1427, 7, 'an', 'DT'), (1427, 8, 'outdoor', 'JJ'), (1427, 9, 'florist', 'NN'), (1427, 10, 'shop', 'NN');
INSERT INTO triples (sentence_id, predicate_id,relation,arg_start_id,arg_end_id,triple_type)VALUES (1427, 2, 'Property',3, 4, 'auto'), (1427, 6, 'Agent',2, 2, 'auto'), (1427, 6, 'Patient',7, 10, 'auto');
INSERT INTO Sentences (sentence_id, sentence, sentence_type)VALUES (1428, 'A runner is running past an outdoor flower stall', 'auto');
INSERT INTO Words ( sentence_id,word_ID ,word,pos)VALUES (1428, 1, 'A', 'DT'), (1428, 2, 'runner', 'NN'), (1428, 3, 'is', 'VBZ'), (1428, 4, 'running', 'VBG'), (1428, 5, 'past', 'IN'), (1428, 6, 'an', 'DT'), (1428, 7, 'outdoor', 'JJ'), (1428, 8, 'flower', 'NN'), (1428, 9, 'stall', 'VBP');
INSERT INTO triples (sentence_id, predicate_id,relation,arg_start_id,arg_end_id,triple_type)VALUES (1428, 4, 'Agent',2, 2, 'auto'), (1428, 4, 'Location',6, 9, 'auto'), (1428, 9, 'Patient',6, 8, 'auto');
INSERT INTO Sentences (sentence_id, sentence, sentence_type)VALUES (1429, 'A snowboarder is doing a flip over a mound of snow', 'auto');
INSERT INTO Words ( sentence_id,word_ID ,word,pos)VALUES (1429, 1, 'A', 'DT'), (1429, 2, 'snowboarder', 'NN'), (1429, 3, 'is', 'VBZ'), (1429, 4, 'doing', 'VBG'), (1429, 5, 'a', 'DT'), (1429, 6, 'flip', 'JJ'), (1429, 7, 'over', 'IN'), (1429, 8, 'a', 'DT'), (1429, 9, 'mound', 'NN'), (1429, 10, 'of', 'IN'), (1429, 11, 'snow', 'NN');
INSERT INTO triples (sentence_id, predicate_id,relation,arg_start_id,arg_end_id,triple_type)VALUES (1429, 4, 'Agent',2, 2, 'auto'), (1429, 4, 'Patient',6, 6, 'auto'), (1429, 4, 'Location',7, 9, 'auto');
INSERT INTO Sentences (sentence_id, sentence, sentence_type)VALUES (1430, 'A snowboarder is in mid air doing a trick', 'auto');
INSERT INTO Words ( sentence_id,word_ID ,word,pos)VALUES (1430, 1, 'A', 'DT'), (1430, 2, 'snowboarder', 'NN'), (1430, 3, 'is', 'VBZ'), (1430, 4, 'in', 'IN'), (1430, 5, 'mid', 'JJ'), (1430, 6, 'air', 'NN'), (1430, 7, 'doing', 'VBG'), (1430, 8, 'a', 'DT'), (1430, 9, 'trick', 'NN');
INSERT INTO triples (sentence_id, predicate_id,relation,arg_start_id,arg_end_id,triple_type)VALUES (1430, 7, 'Agent',2, 2, 'auto'), (1430, 7, 'Location',6, 6, 'auto'), (1430, 7, 'Patient',8, 9, 'auto');
INSERT INTO Sentences (sentence_id, sentence, sentence_type)VALUES (1431, 'somebody in the air on a board', 'auto');
INSERT INTO Words ( sentence_id,word_ID ,word,pos)VALUES (1431, 1, 'somebody', 'NN'), (1431, 2, 'in', 'IN'), (1431, 3, 'the', 'DT'), (1431, 4, 'air', 'NN'), (1431, 5, 'on', 'IN'), (1431, 6, 'a', 'DT'), (1431, 7, 'board', 'NN');
INSERT INTO Sentences (sentence_id, sentence, sentence_type)VALUES (1432, 'Someone on a rooftop jumping on some sort of a board caught in midair', 'auto');
INSERT INTO Words ( sentence_id,word_ID ,word,pos)VALUES (1432, 1, 'Someone', 'NN'), (1432, 2, 'on', 'IN'), (1432, 3, 'a', 'DT'), (1432, 4, 'rooftop', 'NN'), (1432, 5, 'jumping', 'VBG'), (1432, 6, 'on', 'IN'), (1432, 7, 'some', 'DT'), (1432, 8, 'sort', 'NN'), (1432, 9, 'of', 'IN'), (1432, 10, 'a', 'DT'), (1432, 11, 'board', 'NN'), (1432, 12, 'caught', 'VBN'), (1432, 13, 'in', 'IN'), (1432, 14, 'midair', 'NN');
INSERT INTO triples (sentence_id, predicate_id,relation,arg_start_id,arg_end_id,triple_type)VALUES (1432, 1, 'Property',2, 11, 'auto'), (1432, 1, 'Location',13, 14, 'auto'), (1432, 5, 'Agent',1, 1, 'auto'), (1432, 5, 'Location',6, 11, 'auto'), (1432, 12, 'Patient',1, 1, 'auto'), (1432, 12, 'Location',14, 14, 'auto');
INSERT INTO Sentences (sentence_id, sentence, sentence_type)VALUES (1433, 'There is a person on a snowboard up high in the air', 'auto');
INSERT INTO Words ( sentence_id,word_ID ,word,pos)VALUES (1433, 1, 'There', 'EX'), (1433, 2, 'is', 'VBZ'), (1433, 3, 'a', 'DT'), (1433, 4, 'person', 'NN'), (1433, 5, 'on', 'IN'), (1433, 6, 'a', 'DT'), (1433, 7, 'snowboard', 'NN'), (1433, 8, 'up', 'RB'), (1433, 9, 'high', 'JJ'), (1433, 10, 'in', 'IN'), (1433, 11, 'the', 'DT'), (1433, 12, 'air', 'NN');
INSERT INTO triples (sentence_id, predicate_id,relation,arg_start_id,arg_end_id,triple_type)VALUES (1433, 2, 'Patient',4, 4, 'auto'), (1433, 2, 'Location',7, 7, 'auto'), (1433, 4, 'Location',5, 7, 'auto'), (1433, 4, 'Property',8, 9, 'auto');
INSERT INTO Sentences (sentence_id, sentence, sentence_type)VALUES (1434, 'The boys draw in the sand with sticks', 'auto');
INSERT INTO Words ( sentence_id,word_ID ,word,pos)VALUES (1434, 1, 'The', 'DT'), (1434, 2, 'boys', 'NNS'), (1434, 3, 'draw', 'VB'), (1434, 4, 'in', 'IN'), (1434, 5, 'the', 'DT'), (1434, 6, 'sand', 'NN'), (1434, 7, 'with', 'IN'), (1434, 8, 'sticks', 'NNS');
INSERT INTO triples (sentence_id, predicate_id,relation,arg_start_id,arg_end_id,triple_type)VALUES (1434, 3, 'Agent',2, 2, 'auto'), (1434, 3, 'Destination',6, 6, 'auto'), (1434, 3, 'Instrument',7, 8, 'auto');
INSERT INTO Sentences (sentence_id, sentence, sentence_type)VALUES (1435, 'The children are playing in the sand at a rocky beach', 'auto');
INSERT INTO Words ( sentence_id,word_ID ,word,pos)VALUES (1435, 1, 'The', 'DT'), (1435, 2, 'children', 'NNS'), (1435, 3, 'are', 'VBP'), (1435, 4, 'playing', 'VBG'), (1435, 5, 'in', 'IN'), (1435, 6, 'the', 'DT'), (1435, 7, 'sand', 'NN'), (1435, 8, 'at', 'IN'), (1435, 9, 'a', 'DT'), (1435, 10, 'rocky', 'JJ'), (1435, 11, 'beach', 'NN');
INSERT INTO triples (sentence_id, predicate_id,relation,arg_start_id,arg_end_id,triple_type)VALUES (1435, 4, 'Agent',2, 2, 'auto'), (1435, 4, 'Location',5, 7, 'auto');
INSERT INTO Sentences (sentence_id, sentence, sentence_type)VALUES (1436, 'Two men draw in the wet sand of a beach', 'auto');
INSERT INTO Words ( sentence_id,word_ID ,word,pos)VALUES (1436, 1, 'Two', 'CD'), (1436, 2, 'men', 'NNS'), (1436, 3, 'draw', 'VB'), (1436, 4, 'in', 'IN'), (1436, 5, 'the', 'DT'), (1436, 6, 'wet', 'JJ'), (1436, 7, 'sand', 'NN'), (1436, 8, 'of', 'IN'), (1436, 9, 'a', 'DT'), (1436, 10, 'beach', 'NN');
INSERT INTO triples (sentence_id, predicate_id,relation,arg_start_id,arg_end_id,triple_type)VALUES (1436, 2, 'Location',4, 10, 'auto'), (1436, 3, 'Agent',2, 2, 'auto'), (1436, 3, 'Destination',7, 7, 'auto');
INSERT INTO Sentences (sentence_id, sentence, sentence_type)VALUES (1437, 'Two men in black shorts are in the sand on the shoreline', 'auto');
INSERT INTO Words ( sentence_id,word_ID ,word,pos)VALUES (1437, 1, 'Two', 'CD'), (1437, 2, 'men', 'NNS'), (1437, 3, 'in', 'IN'), (1437, 4, 'black', 'JJ'), (1437, 5, 'shorts', 'NNS'), (1437, 6, 'are', 'VBP'), (1437, 7, 'in', 'IN'), (1437, 8, 'the', 'DT'), (1437, 9, 'sand', 'NN'), (1437, 10, 'on', 'IN'), (1437, 11, 'the', 'DT'), (1437, 12, 'shoreline', 'NN');
INSERT INTO triples (sentence_id, predicate_id,relation,arg_start_id,arg_end_id,triple_type)VALUES (1437, 2, 'Property',3, 5, 'auto'), (1437, 2, 'Location',7, 12, 'auto'), (1437, 6, 'Patient',1, 2, 'auto'), (1437, 6, 'Location',9, 12, 'auto');
INSERT INTO Sentences (sentence_id, sentence, sentence_type)VALUES (1438, 'Two men writing in the sand on a rocky beach', 'auto');
INSERT INTO Words ( sentence_id,word_ID ,word,pos)VALUES (1438, 1, 'Two', 'CD'), (1438, 2, 'men', 'NNS'), (1438, 3, 'writing', 'VBG'), (1438, 4, 'in', 'IN'), (1438, 5, 'the', 'DT'), (1438, 6, 'sand', 'NN'), (1438, 7, 'on', 'IN'), (1438, 8, 'a', 'DT'), (1438, 9, 'rocky', 'JJ'), (1438, 10, 'beach', 'NN');
INSERT INTO triples (sentence_id, predicate_id,relation,arg_start_id,arg_end_id,triple_type)VALUES (1438, 2, 'Location',4, 10, 'auto'), (1438, 3, 'Agent',2, 2, 'auto'), (1438, 3, 'Destination',6, 6, 'auto');
INSERT INTO Sentences (sentence_id, sentence, sentence_type)VALUES (1439, 'A large wild cat is pursuing a horse across a meadow', 'auto');
INSERT INTO Words ( sentence_id,word_ID ,word,pos)VALUES (1439, 1, 'A', 'DT'), (1439, 2, 'large', 'JJ'), (1439, 3, 'wild', 'JJ'), (1439, 4, 'cat', 'NN'), (1439, 5, 'is', 'VBZ'), (1439, 6, 'pursuing', 'VBG'), (1439, 7, 'a', 'DT'), (1439, 8, 'horse', 'NN'), (1439, 9, 'across', 'IN'), (1439, 10, 'a', 'DT'), (1439, 11, 'meadow', 'NN');
INSERT INTO triples (sentence_id, predicate_id,relation,arg_start_id,arg_end_id,triple_type)VALUES (1439, 6, 'Agent',4, 4, 'auto'), (1439, 6, 'Patient',7, 8, 'auto'), (1439, 6, 'Location',10, 11, 'auto'), (1439, 8, 'Location',9, 11, 'auto');
INSERT INTO Sentences (sentence_id, sentence, sentence_type)VALUES (1440, 'A lioness chases a black animal with horns', 'auto');
INSERT INTO Words ( sentence_id,word_ID ,word,pos)VALUES (1440, 1, 'A', 'DT'), (1440, 2, 'lioness', 'NN'), (1440, 3, 'chases', 'VBZ'), (1440, 4, 'a', 'DT'), (1440, 5, 'black', 'JJ'), (1440, 6, 'animal', 'NN'), (1440, 7, 'with', 'IN'), (1440, 8, 'horns', 'NNS');
INSERT INTO triples (sentence_id, predicate_id,relation,arg_start_id,arg_end_id,triple_type)VALUES (1440, 3, 'Agent',2, 2, 'auto'), (1440, 3, 'Patient',4, 6, 'auto'), (1440, 6, 'Property',7, 8, 'auto');
INSERT INTO Sentences (sentence_id, sentence, sentence_type)VALUES (1441, 'A lioness closes in on its prey', 'auto');
INSERT INTO Words ( sentence_id,word_ID ,word,pos)VALUES (1441, 1, 'A', 'DT'), (1441, 2, 'lioness', 'NN'), (1441, 3, 'closes', 'VBZ'), (1441, 4, 'in', 'IN'), (1441, 5, 'on', 'IN'), (1441, 6, 'its', 'PRP$'), (1441, 7, 'prey', 'NN');
INSERT INTO triples (sentence_id, predicate_id,relation,arg_start_id,arg_end_id,triple_type)VALUES (1441, 3, 'Agent',2, 2, 'auto'), (1441, 3, 'Patient',5, 7, 'auto');
INSERT INTO Sentences (sentence_id, sentence, sentence_type)VALUES (1442, 'a lioness is chasing a black bison across a grassy plain', 'auto');
INSERT INTO Words ( sentence_id,word_ID ,word,pos)VALUES (1442, 1, 'a', 'DT'), (1442, 2, 'lioness', 'NN'), (1442, 3, 'is', 'VBZ'), (1442, 4, 'chasing', 'VBG'), (1442, 5, 'a', 'DT'), (1442, 6, 'black', 'JJ'), (1442, 7, 'bison', 'NN'), (1442, 8, 'across', 'IN'), (1442, 9, 'a', 'DT'), (1442, 10, 'grassy', 'JJ'), (1442, 11, 'plain', 'NN');
INSERT INTO triples (sentence_id, predicate_id,relation,arg_start_id,arg_end_id,triple_type)VALUES (1442, 4, 'Agent',2, 2, 'auto'), (1442, 4, 'Patient',5, 7, 'auto'), (1442, 4, 'Location',11, 11, 'auto'), (1442, 11, 'Property',9, 10, 'auto');
INSERT INTO Sentences (sentence_id, sentence, sentence_type)VALUES (1443, 'The lioness attacks a wildebeest on a plain', 'auto');
INSERT INTO Words ( sentence_id,word_ID ,word,pos)VALUES (1443, 1, 'The', 'DT'), (1443, 2, 'lioness', 'NN'), (1443, 3, 'attacks', 'VBZ'), (1443, 4, 'a', 'DT'), (1443, 5, 'wildebeest', 'NN'), (1443, 6, 'on', 'IN'), (1443, 7, 'a', 'DT'), (1443, 8, 'plain', 'NN');
INSERT INTO triples (sentence_id, predicate_id,relation,arg_start_id,arg_end_id,triple_type)VALUES (1443, 3, 'Agent',2, 2, 'auto'), (1443, 3, 'Patient',4, 5, 'auto'), (1443, 3, 'Location',6, 8, 'auto');
INSERT INTO Sentences (sentence_id, sentence, sentence_type)VALUES (1444, 'A football player in a gold helmet is running with a football', 'auto');
INSERT INTO Words ( sentence_id,word_ID ,word,pos)VALUES (1444, 1, 'A', 'DT'), (1444, 2, 'football', 'NN'), (1444, 3, 'player', 'NN'), (1444, 4, 'in', 'IN'), (1444, 5, 'a', 'DT'), (1444, 6, 'gold', 'NN'), (1444, 7, 'helmet', 'NN'), (1444, 8, 'is', 'VBZ'), (1444, 9, 'running', 'VBG'), (1444, 10, 'with', 'IN'), (1444, 11, 'a', 'DT'), (1444, 12, 'football', 'NN');
INSERT INTO triples (sentence_id, predicate_id,relation,arg_start_id,arg_end_id,triple_type)VALUES (1444, 3, 'Property',4, 9, 'auto'), (1444, 9, 'Agent',2, 3, 'auto'), (1444, 9, 'Instrument',10, 12, 'auto');
INSERT INTO Sentences (sentence_id, sentence, sentence_type)VALUES (1445, 'A football player in a purple jersey is running the ball in for a touchdown', 'auto');
INSERT INTO Words ( sentence_id,word_ID ,word,pos)VALUES (1445, 1, 'A', 'DT'), (1445, 2, 'football', 'NN'), (1445, 3, 'player', 'NN'), (1445, 4, 'in', 'IN'), (1445, 5, 'a', 'DT'), (1445, 6, 'purple', 'JJ'), (1445, 7, 'jersey', 'NN'), (1445, 8, 'is', 'VBZ'), (1445, 9, 'running', 'VBG'), (1445, 10, 'the', 'DT'), (1445, 11, 'ball', 'NN'), (1445, 12, 'in', 'IN'), (1445, 13, 'for', 'IN'), (1445, 14, 'a', 'DT'), (1445, 15, 'touchdown', 'NN');
INSERT INTO triples (sentence_id, predicate_id,relation,arg_start_id,arg_end_id,triple_type)VALUES (1445, 3, 'Property',4, 9, 'auto'), (1445, 9, 'Agent',3, 3, 'auto'), (1445, 9, 'Patient',10, 11, 'auto'), (1445, 9, 'Beneficiary',13, 15, 'auto'), (1445, 11, 'Location',12, 15, 'auto');
INSERT INTO Sentences (sentence_id, sentence, sentence_type)VALUES (1446, 'A football player runs across the field as the referee blows his whistle', 'auto');
INSERT INTO Words ( sentence_id,word_ID ,word,pos)VALUES (1446, 1, 'A', 'DT'), (1446, 2, 'football', 'NN'), (1446, 3, 'player', 'NN'), (1446, 4, 'runs', 'VBZ'), (1446, 5, 'across', 'IN'), (1446, 6, 'the', 'DT'), (1446, 7, 'field', 'NN'), (1446, 8, 'as', 'IN'), (1446, 9, 'the', 'DT'), (1446, 10, 'referee', 'NN'), (1446, 11, 'blows', 'VBZ'), (1446, 12, 'his', 'PRP$'), (1446, 13, 'whistle', 'NN');
INSERT INTO triples (sentence_id, predicate_id,relation,arg_start_id,arg_end_id,triple_type)VALUES (1446, 3, 'Property',2, 2, 'auto'), (1446, 3, 'Location',6, 7, 'auto'), (1446, 4, 'Agent',3, 3, 'auto'), (1446, 4, 'Destination',7, 7, 'auto'), (1446, 11, 'Agent',10, 10, 'auto'), (1446, 11, 'Patient',12, 13, 'auto');
INSERT INTO Sentences (sentence_id, sentence, sentence_type)VALUES (1447, 'A football player runs past an official carrying a football', 'auto');
INSERT INTO Words ( sentence_id,word_ID ,word,pos)VALUES (1447, 1, 'A', 'DT'), (1447, 2, 'football', 'NN'), (1447, 3, 'player', 'NN'), (1447, 4, 'runs', 'VBZ'), (1447, 5, 'past', 'IN'), (1447, 6, 'an', 'DT'), (1447, 7, 'official', 'JJ'), (1447, 8, 'carrying', 'VBG'), (1447, 9, 'a', 'DT'), (1447, 10, 'football', 'NN');
INSERT INTO triples (sentence_id, predicate_id,relation,arg_start_id,arg_end_id,triple_type)VALUES (1447, 3, 'Property',2, 2, 'auto'), (1447, 3, 'Location',6, 7, 'auto'), (1447, 4, 'Agent',3, 3, 'auto'), (1447, 4, 'Destination',5, 7, 'auto'), (1447, 8, 'Agent',6, 7, 'auto'), (1447, 8, 'Patient',9, 10, 'auto');
INSERT INTO Sentences (sentence_id, sentence, sentence_type)VALUES (1448, 'The football player runs the ball past the referee', 'auto');
INSERT INTO Words ( sentence_id,word_ID ,word,pos)VALUES (1448, 1, 'The', 'DT'), (1448, 2, 'football', 'NN'), (1448, 3, 'player', 'NN'), (1448, 4, 'runs', 'VBZ'), (1448, 5, 'the', 'DT'), (1448, 6, 'ball', 'NN'), (1448, 7, 'past', 'IN'), (1448, 8, 'the', 'DT'), (1448, 9, 'referee', 'NN');
INSERT INTO triples (sentence_id, predicate_id,relation,arg_start_id,arg_end_id,triple_type)VALUES (1448, 3, 'Property',1, 2, 'auto'), (1448, 3, 'Location',7, 9, 'auto'), (1448, 4, 'Agent',3, 3, 'auto'), (1448, 4, 'Patient',5, 6, 'auto'), (1448, 4, 'Location',7, 9, 'auto'), (1448, 6, 'Location',7, 9, 'auto');
INSERT INTO Sentences (sentence_id, sentence, sentence_type)VALUES (1449, 'A boy does a skateboard trick', 'auto');
INSERT INTO Words ( sentence_id,word_ID ,word,pos)VALUES (1449, 1, 'A', 'DT'), (1449, 2, 'boy', 'NN'), (1449, 3, 'does', 'VBZ'), (1449, 4, 'a', 'DT'), (1449, 5, 'skateboard', 'NN'), (1449, 6, 'trick', 'NN');
INSERT INTO triples (sentence_id, predicate_id,relation,arg_start_id,arg_end_id,triple_type)VALUES (1449, 2, 'Property',4, 6, 'auto'), (1449, 3, 'Agent',2, 2, 'auto'), (1449, 3, 'Patient',4, 6, 'auto');
INSERT INTO Sentences (sentence_id, sentence, sentence_type)VALUES (1450, 'A man jumps in the air on his skateboard', 'auto');
INSERT INTO Words ( sentence_id,word_ID ,word,pos)VALUES (1450, 1, 'A', 'DT'), (1450, 2, 'man', 'NN'), (1450, 3, 'jumps', 'VBZ'), (1450, 4, 'in', 'IN'), (1450, 5, 'the', 'DT'), (1450, 6, 'air', 'NN'), (1450, 7, 'on', 'IN'), (1450, 8, 'his', 'PRP$'), (1450, 9, 'skateboard', 'NN');
INSERT INTO triples (sentence_id, predicate_id,relation,arg_start_id,arg_end_id,triple_type)VALUES (1450, 2, 'Location',4, 6, 'auto'), (1450, 2, 'Property',7, 9, 'auto'), (1450, 3, 'Agent',2, 2, 'auto'), (1450, 3, 'Destination',6, 6, 'auto'), (1450, 3, 'Instrument',9, 9, 'auto');
INSERT INTO Sentences (sentence_id, sentence, sentence_type)VALUES (1451, 'A skateboarder doing a maneuver in the air', 'auto');
INSERT INTO Words ( sentence_id,word_ID ,word,pos)VALUES (1451, 1, 'A', 'DT'), (1451, 2, 'skateboarder', 'NN'), (1451, 3, 'doing', 'VBG'), (1451, 4, 'a', 'DT'), (1451, 5, 'maneuver', 'NN'), (1451, 6, 'in', 'IN'), (1451, 7, 'the', 'DT'), (1451, 8, 'air', 'NN');
INSERT INTO triples (sentence_id, predicate_id,relation,arg_start_id,arg_end_id,triple_type)VALUES (1451, 2, 'Location',6, 8, 'auto'), (1451, 3, 'Agent',2, 2, 'auto'), (1451, 3, 'Patient',4, 5, 'auto'), (1451, 3, 'Location',8, 8, 'auto');
INSERT INTO Sentences (sentence_id, sentence, sentence_type)VALUES (1452, 'the skateboarder jumps into the air', 'auto');
INSERT INTO Words ( sentence_id,word_ID ,word,pos)VALUES (1452, 1, 'the', 'DT'), (1452, 2, 'skateboarder', 'NN'), (1452, 3, 'jumps', 'VBZ'), (1452, 4, 'into', 'IN'), (1452, 5, 'the', 'DT'), (1452, 6, 'air', 'NN');
INSERT INTO triples (sentence_id, predicate_id,relation,arg_start_id,arg_end_id,triple_type)VALUES (1452, 2, 'Location',4, 6, 'auto'), (1452, 3, 'Agent',2, 2, 'auto'), (1452, 3, 'Destination',6, 6, 'auto');
INSERT INTO Sentences (sentence_id, sentence, sentence_type)VALUES (1453, 'The young man catches some air while skateboarding', 'auto');
INSERT INTO Words ( sentence_id,word_ID ,word,pos)VALUES (1453, 1, 'The', 'DT'), (1453, 2, 'young', 'JJ'), (1453, 3, 'man', 'NN'), (1453, 4, 'catches', 'VBZ'), (1453, 5, 'some', 'DT'), (1453, 6, 'air', 'NN'), (1453, 7, 'while', 'IN'), (1453, 8, 'skateboarding', 'NNP');
INSERT INTO triples (sentence_id, predicate_id,relation,arg_start_id,arg_end_id,triple_type)VALUES (1453, 3, 'Property',4, 8, 'auto'), (1453, 4, 'Agent',3, 3, 'auto'), (1453, 4, 'Patient',5, 6, 'auto');
INSERT INTO Sentences (sentence_id, sentence, sentence_type)VALUES (1454, 'A boy does a skateboard jump at a skateboard park', 'auto');
INSERT INTO Words ( sentence_id,word_ID ,word,pos)VALUES (1454, 1, 'A', 'DT'), (1454, 2, 'boy', 'NN'), (1454, 3, 'does', 'VBZ'), (1454, 4, 'a', 'DT'), (1454, 5, 'skateboard', 'NN'), (1454, 6, 'jump', 'NN'), (1454, 7, 'at', 'IN'), (1454, 8, 'a', 'DT'), (1454, 9, 'skateboard', 'NN'), (1454, 10, 'park', 'NN');
INSERT INTO triples (sentence_id, predicate_id,relation,arg_start_id,arg_end_id,triple_type)VALUES (1454, 2, 'Location',7, 10, 'auto'), (1454, 3, 'Agent',2, 2, 'auto'), (1454, 3, 'Patient',4, 6, 'auto'), (1454, 3, 'Location',10, 10, 'auto'), (1454, 10, 'Property',9, 9, 'auto');
INSERT INTO Sentences (sentence_id, sentence, sentence_type)VALUES (1455, 'A kid doing a trick on his skateboard', 'auto');
INSERT INTO Words ( sentence_id,word_ID ,word,pos)VALUES (1455, 1, 'A', 'DT'), (1455, 2, 'kid', 'NN'), (1455, 3, 'doing', 'VBG'), (1455, 4, 'a', 'DT'), (1455, 5, 'trick', 'NN'), (1455, 6, 'on', 'IN'), (1455, 7, 'his', 'PRP$'), (1455, 8, 'skateboard', 'NN');
INSERT INTO triples (sentence_id, predicate_id,relation,arg_start_id,arg_end_id,triple_type)VALUES (1455, 3, 'Agent',2, 2, 'auto'), (1455, 3, 'Patient',4, 5, 'auto'), (1455, 3, 'Instrument',6, 8, 'auto'), (1455, 8, 'Property',7, 7, 'auto');
INSERT INTO Sentences (sentence_id, sentence, sentence_type)VALUES (1456, 'A young boy is performing tricks with a skateboard at a skate park', 'auto');
INSERT INTO Words ( sentence_id,word_ID ,word,pos)VALUES (1456, 1, 'A', 'DT'), (1456, 2, 'young', 'JJ'), (1456, 3, 'boy', 'NN'), (1456, 4, 'is', 'VBZ'), (1456, 5, 'performing', 'VBG'), (1456, 6, 'tricks', 'NNS'), (1456, 7, 'with', 'IN'), (1456, 8, 'a', 'DT'), (1456, 9, 'skateboard', 'NN'), (1456, 10, 'at', 'IN'), (1456, 11, 'a', 'DT'), (1456, 12, 'skate', 'NN'), (1456, 13, 'park', 'NN');
INSERT INTO triples (sentence_id, predicate_id,relation,arg_start_id,arg_end_id,triple_type)VALUES (1456, 3, 'Property',2, 2, 'auto'), (1456, 3, 'Location',12, 13, 'auto'), (1456, 5, 'Agent',3, 3, 'auto'), (1456, 5, 'Patient',6, 6, 'auto'), (1456, 5, 'Instrument',7, 9, 'auto'), (1456, 5, 'Location',10, 13, 'auto'), (1456, 9, 'Location',10, 13, 'auto');
INSERT INTO Sentences (sentence_id, sentence, sentence_type)VALUES (1457, 'A young man rides a yellow and black skateboard at the top of a ramp', 'auto');
INSERT INTO Words ( sentence_id,word_ID ,word,pos)VALUES (1457, 1, 'A', 'DT'), (1457, 2, 'young', 'JJ'), (1457, 3, 'man', 'NN'), (1457, 4, 'rides', 'VBZ'), (1457, 5, 'a', 'DT'), (1457, 6, 'yellow', 'JJ'), (1457, 7, 'and', 'CC'), (1457, 8, 'black', 'JJ'), (1457, 9, 'skateboard', 'NN'), (1457, 10, 'at', 'IN'), (1457, 11, 'the', 'DT'), (1457, 12, 'top', 'NN'), (1457, 13, 'of', 'IN'), (1457, 14, 'a', 'DT'), (1457, 15, 'ramp', 'NN');
INSERT INTO triples (sentence_id, predicate_id,relation,arg_start_id,arg_end_id,triple_type)VALUES (1457, 3, 'Property',6, 9, 'auto'), (1457, 3, 'Location',14, 15, 'auto'), (1457, 4, 'Agent',3, 3, 'auto'), (1457, 4, 'Patient',5, 9, 'auto'), (1457, 4, 'Location',10, 15, 'auto'), (1457, 9, 'Location',10, 15, 'auto');
INSERT INTO Sentences (sentence_id, sentence, sentence_type)VALUES (1458, 'Kid doing skateboard trick with his legs split and board between them', 'auto');
INSERT INTO Words ( sentence_id,word_ID ,word,pos)VALUES (1458, 1, 'Kid', 'NN'), (1458, 2, 'doing', 'VBG'), (1458, 3, 'skateboard', 'NN'), (1458, 4, 'trick', 'NN'), (1458, 5, 'with', 'IN'), (1458, 6, 'his', 'PRP$'), (1458, 7, 'legs', 'NNS'), (1458, 8, 'split', 'NN'), (1458, 9, 'and', 'CC'), (1458, 10, 'board', 'NN'), (1458, 11, 'between', 'IN'), (1458, 12, 'them', 'PRP');
INSERT INTO triples (sentence_id, predicate_id,relation,arg_start_id,arg_end_id,triple_type)VALUES (1458, 2, 'Agent',1, 1, 'auto'), (1458, 2, 'Patient',3, 4, 'auto'), (1458, 2, 'Instrument',5, 7, 'auto');
INSERT INTO Sentences (sentence_id, sentence, sentence_type)VALUES (1459, 'A man is performing a jump on his snowboard', 'auto');
INSERT INTO Words ( sentence_id,word_ID ,word,pos)VALUES (1459, 1, 'A', 'DT'), (1459, 2, 'man', 'NN'), (1459, 3, 'is', 'VBZ'), (1459, 4, 'performing', 'VBG'), (1459, 5, 'a', 'DT'), (1459, 6, 'jump', 'NN'), (1459, 7, 'on', 'IN'), (1459, 8, 'his', 'PRP$'), (1459, 9, 'snowboard', 'NN');
INSERT INTO triples (sentence_id, predicate_id,relation,arg_start_id,arg_end_id,triple_type)VALUES (1459, 2, 'Property',5, 6, 'auto'), (1459, 2, 'Location',9, 9, 'auto'), (1459, 4, 'Agent',2, 2, 'auto'), (1459, 4, 'Patient',6, 6, 'auto'), (1459, 4, 'Location',9, 9, 'auto');
INSERT INTO Sentences (sentence_id, sentence, sentence_type)VALUES (1460, 'A snowboarder glides through the air', 'auto');
INSERT INTO Words ( sentence_id,word_ID ,word,pos)VALUES (1460, 1, 'A', 'DT'), (1460, 2, 'snowboarder', 'NN'), (1460, 3, 'glides', 'VBZ'), (1460, 4, 'through', 'IN'), (1460, 5, 'the', 'DT'), (1460, 6, 'air', 'NN');
INSERT INTO triples (sentence_id, predicate_id,relation,arg_start_id,arg_end_id,triple_type)VALUES (1460, 3, 'Agent',2, 2, 'auto'), (1460, 3, 'Location',4, 6, 'auto');
INSERT INTO Sentences (sentence_id, sentence, sentence_type)VALUES (1461, 'a snowboarder jumps into the air', 'auto');
INSERT INTO Words ( sentence_id,word_ID ,word,pos)VALUES (1461, 1, 'a', 'DT'), (1461, 2, 'snowboarder', 'NN'), (1461, 3, 'jumps', 'VBZ'), (1461, 4, 'into', 'IN'), (1461, 5, 'the', 'DT'), (1461, 6, 'air', 'NN');
INSERT INTO triples (sentence_id, predicate_id,relation,arg_start_id,arg_end_id,triple_type)VALUES (1461, 3, 'Agent',2, 2, 'auto'), (1461, 3, 'Destination',6, 6, 'auto');
INSERT INTO Sentences (sentence_id, sentence, sentence_type)VALUES (1462, 'A snowboarder launches into the air over white snow', 'auto');
INSERT INTO Words ( sentence_id,word_ID ,word,pos)VALUES (1462, 1, 'A', 'DT'), (1462, 2, 'snowboarder', 'NN'), (1462, 3, 'launches', 'VBZ'), (1462, 4, 'into', 'IN'), (1462, 5, 'the', 'DT'), (1462, 6, 'air', 'NN'), (1462, 7, 'over', 'IN'), (1462, 8, 'white', 'JJ'), (1462, 9, 'snow', 'NN');
INSERT INTO triples (sentence_id, predicate_id,relation,arg_start_id,arg_end_id,triple_type)VALUES (1462, 3, 'Agent',2, 2, 'auto'), (1462, 3, 'Destination',6, 6, 'auto'), (1462, 3, 'Location',7, 9, 'auto');
INSERT INTO Sentences (sentence_id, sentence, sentence_type)VALUES (1463, 'A snowboarder suspended in the air', 'auto');
INSERT INTO Words ( sentence_id,word_ID ,word,pos)VALUES (1463, 1, 'A', 'DT'), (1463, 2, 'snowboarder', 'NN'), (1463, 3, 'suspended', 'VBN'), (1463, 4, 'in', 'IN'), (1463, 5, 'the', 'DT'), (1463, 6, 'air', 'NN');
INSERT INTO Sentences (sentence_id, sentence, sentence_type)VALUES (1464, 'A soccer player in red runs in front of one in blue', 'auto');
INSERT INTO Words ( sentence_id,word_ID ,word,pos)VALUES (1464, 1, 'A', 'DT'), (1464, 2, 'soccer', 'NN'), (1464, 3, 'player', 'NN'), (1464, 4, 'in', 'IN'), (1464, 5, 'red', 'JJ'), (1464, 6, 'runs', 'VBZ'), (1464, 7, 'in', 'IN'), (1464, 8, 'front', 'NN'), (1464, 9, 'of', 'IN'), (1464, 10, 'one', 'CD'), (1464, 11, 'in', 'IN'), (1464, 12, 'blue', 'JJ');
INSERT INTO triples (sentence_id, predicate_id,relation,arg_start_id,arg_end_id,triple_type)VALUES (1464, 3, 'Property',4, 5, 'auto'), (1464, 3, 'Location',7, 12, 'auto'), (1464, 6, 'Agent',3, 3, 'auto'), (1464, 6, 'Location',7, 12, 'auto'), (1464, 10, 'Property',11, 12, 'auto');
INSERT INTO Sentences (sentence_id, sentence, sentence_type)VALUES (1465, 'Men play in a soccer game', 'auto');
INSERT INTO Words ( sentence_id,word_ID ,word,pos)VALUES (1465, 1, 'Men', 'NN'), (1465, 2, 'play', 'VB'), (1465, 3, 'in', 'IN'), (1465, 4, 'a', 'DT'), (1465, 5, 'soccer', 'NN'), (1465, 6, 'game', 'NN');
INSERT INTO triples (sentence_id, predicate_id,relation,arg_start_id,arg_end_id,triple_type)VALUES (1465, 1, 'Property',2, 2, 'auto'), (1465, 1, 'Location',3, 6, 'auto'), (1465, 2, 'Location',5, 6, 'auto');
INSERT INTO Sentences (sentence_id, sentence, sentence_type)VALUES (1466, 'One man in a red shirt is falling , while another man in a blue shirt watches during a soccer game', 'auto');
INSERT INTO Words ( sentence_id,word_ID ,word,pos)VALUES (1466, 1, 'One', 'CD'), (1466, 2, 'man', 'NN'), (1466, 3, 'in', 'IN'), (1466, 4, 'a', 'DT'), (1466, 5, 'red', 'JJ'), (1466, 6, 'shirt', 'NN'), (1466, 7, 'is', 'VBZ'), (1466, 8, 'falling', 'VBG'), (1466, 9, ',', ','), (1466, 10, 'while', 'IN'), (1466, 11, 'another', 'DT'), (1466, 12, 'man', 'NN'), (1466, 13, 'in', 'IN'), (1466, 14, 'a', 'DT'), (1466, 15, 'blue', 'JJ'), (1466, 16, 'shirt', 'NN'), (1466, 17, 'watches', 'VBZ'), (1466, 18, 'during', 'IN'), (1466, 19, 'a', 'DT'), (1466, 20, 'soccer', 'NN'), (1466, 21, 'game', 'NN');
INSERT INTO triples (sentence_id, predicate_id,relation,arg_start_id,arg_end_id,triple_type)VALUES (1466, 2, 'Property',3, 6, 'auto'), (1466, 2, 'Location',20, 21, 'auto'), (1466, 8, 'Agent',2, 2, 'auto'), (1466, 8, 'Time',18, 21, 'auto'), (1466, 12, 'Location',7, 7, 'auto'), (1466, 12, 'Property',13, 17, 'auto'), (1466, 17, 'Agent',11, 12, 'auto'), (1466, 17, 'Time',18, 21, 'auto');
INSERT INTO Sentences (sentence_id, sentence, sentence_type)VALUES (1467, 'Two men are playing soccer on a grassy field', 'auto');
INSERT INTO Words ( sentence_id,word_ID ,word,pos)VALUES (1467, 1, 'Two', 'CD'), (1467, 2, 'men', 'NNS'), (1467, 3, 'are', 'VBP'), (1467, 4, 'playing', 'VBG'), (1467, 5, 'soccer', 'NN'), (1467, 6, 'on', 'IN'), (1467, 7, 'a', 'DT'), (1467, 8, 'grassy', 'JJ'), (1467, 9, 'field', 'NN');
INSERT INTO triples (sentence_id, predicate_id,relation,arg_start_id,arg_end_id,triple_type)VALUES (1467, 2, 'Location',6, 9, 'auto'), (1467, 4, 'Agent',2, 2, 'auto'), (1467, 4, 'Patient',5, 5, 'auto'), (1467, 4, 'Location',6, 9, 'auto');
INSERT INTO Sentences (sentence_id, sentence, sentence_type)VALUES (1468, 'Two men playing a game , running on a field', 'auto');
INSERT INTO Words ( sentence_id,word_ID ,word,pos)VALUES (1468, 1, 'Two', 'CD'), (1468, 2, 'men', 'NNS'), (1468, 3, 'playing', 'VBG'), (1468, 4, 'a', 'DT'), (1468, 5, 'game', 'NN'), (1468, 6, ',', ','), (1468, 7, 'running', 'VBG'), (1468, 8, 'on', 'IN'), (1468, 9, 'a', 'DT'), (1468, 10, 'field', 'NN');
INSERT INTO triples (sentence_id, predicate_id,relation,arg_start_id,arg_end_id,triple_type)VALUES (1468, 2, 'Property',6, 7, 'auto'), (1468, 2, 'Location',8, 10, 'auto'), (1468, 3, 'Agent',2, 2, 'auto'), (1468, 3, 'Patient',4, 5, 'auto'), (1468, 3, 'Location',8, 10, 'auto'), (1468, 7, 'Agent',2, 2, 'auto'), (1468, 7, 'Location',8, 10, 'auto');
INSERT INTO Sentences (sentence_id, sentence, sentence_type)VALUES (1469, 'A man dressed as Batman running in a race', 'auto');
INSERT INTO Words ( sentence_id,word_ID ,word,pos)VALUES (1469, 1, 'A', 'DT'), (1469, 2, 'man', 'NN'), (1469, 3, 'dressed', 'VBN'), (1469, 4, 'as', 'IN'), (1469, 5, 'Batman', 'NNP'), (1469, 6, 'running', 'VBG'), (1469, 7, 'in', 'IN'), (1469, 8, 'a', 'DT'), (1469, 9, 'race', 'NN');
INSERT INTO triples (sentence_id, predicate_id,relation,arg_start_id,arg_end_id,triple_type)VALUES (1469, 2, 'Property',3, 5, 'auto'), (1469, 2, 'Location',8, 9, 'auto'), (1469, 3, 'Patient',1, 2, 'auto'), (1469, 3, 'Location',7, 9, 'auto'), (1469, 6, 'Agent',2, 2, 'auto'), (1469, 6, 'Location',9, 9, 'auto');
INSERT INTO Sentences (sentence_id, sentence, sentence_type)VALUES (1470, 'A man in a batman costume and a number on his chest is running with others down a street', 'auto');
INSERT INTO Words ( sentence_id,word_ID ,word,pos)VALUES (1470, 1, 'A', 'DT'), (1470, 2, 'man', 'NN'), (1470, 3, 'in', 'IN'), (1470, 4, 'a', 'DT'), (1470, 5, 'batman', 'NN'), (1470, 6, 'costume', 'NN'), (1470, 7, 'and', 'CC'), (1470, 8, 'a', 'DT'), (1470, 9, 'number', 'NN'), (1470, 10, 'on', 'IN'), (1470, 11, 'his', 'PRP$'), (1470, 12, 'chest', 'NN'), (1470, 13, 'is', 'VBZ'), (1470, 14, 'running', 'VBG'), (1470, 15, 'with', 'IN'), (1470, 16, 'others', 'NNS'), (1470, 17, 'down', 'IN'), (1470, 18, 'a', 'DT'), (1470, 19, 'street', 'NN');
INSERT INTO triples (sentence_id, predicate_id,relation,arg_start_id,arg_end_id,triple_type)VALUES (1470, 2, 'Property',3, 12, 'auto'), (1470, 2, 'Location',19, 19, 'auto'), (1470, 14, 'Agent',2, 2, 'auto'), (1470, 14, 'Location',18, 19, 'auto');
INSERT INTO Sentences (sentence_id, sentence, sentence_type)VALUES (1471, 'A man in a batman costume is running a race', 'auto');
INSERT INTO Words ( sentence_id,word_ID ,word,pos)VALUES (1471, 1, 'A', 'DT'), (1471, 2, 'man', 'NN'), (1471, 3, 'in', 'IN'), (1471, 4, 'a', 'DT'), (1471, 5, 'batman', 'NN'), (1471, 6, 'costume', 'NN'), (1471, 7, 'is', 'VBZ'), (1471, 8, 'running', 'VBG'), (1471, 9, 'a', 'DT'), (1471, 10, 'race', 'NN');
INSERT INTO triples (sentence_id, predicate_id,relation,arg_start_id,arg_end_id,triple_type)VALUES (1471, 2, 'Property',3, 6, 'auto'), (1471, 2, 'Location',10, 10, 'auto'), (1471, 8, 'Agent',2, 2, 'auto'), (1471, 8, 'Patient',9, 10, 'auto');
INSERT INTO Sentences (sentence_id, sentence, sentence_type)VALUES (1472, 'A man in a batman suit running', 'auto');
INSERT INTO Words ( sentence_id,word_ID ,word,pos)VALUES (1472, 1, 'A', 'DT'), (1472, 2, 'man', 'NN'), (1472, 3, 'in', 'IN'), (1472, 4, 'a', 'DT'), (1472, 5, 'batman', 'NN'), (1472, 6, 'suit', 'NN'), (1472, 7, 'running', 'VBG');
INSERT INTO triples (sentence_id, predicate_id,relation,arg_start_id,arg_end_id,triple_type)VALUES (1472, 2, 'Property',3, 6, 'auto'), (1472, 7, 'Agent',2, 2, 'auto');
INSERT INTO Sentences (sentence_id, sentence, sentence_type)VALUES (1473, 'The runner dons a batman uniform for the race', 'auto');
INSERT INTO Words ( sentence_id,word_ID ,word,pos)VALUES (1473, 1, 'The', 'DT'), (1473, 2, 'runner', 'NN'), (1473, 3, 'dons', 'VBZ'), (1473, 4, 'a', 'DT'), (1473, 5, 'batman', 'NN'), (1473, 6, 'uniform', 'NN'), (1473, 7, 'for', 'IN'), (1473, 8, 'the', 'DT'), (1473, 9, 'race', 'NN');
INSERT INTO triples (sentence_id, predicate_id,relation,arg_start_id,arg_end_id,triple_type)VALUES (1473, 3, 'Agent',2, 2, 'auto'), (1473, 3, 'Patient',4, 6, 'auto'), (1473, 3, 'Beneficiary',7, 9, 'auto');
INSERT INTO Sentences (sentence_id, sentence, sentence_type)VALUES (1474, 'A female kicking a soccer ball while in front of a soccer goal', 'auto');
INSERT INTO Words ( sentence_id,word_ID ,word,pos)VALUES (1474, 1, 'A', 'DT'), (1474, 2, 'female', 'JJ'), (1474, 3, 'kicking', 'VBG'), (1474, 4, 'a', 'DT'), (1474, 5, 'soccer', 'NN'), (1474, 6, 'ball', 'NN'), (1474, 7, 'while', 'IN'), (1474, 8, 'in', 'IN'), (1474, 9, 'front', 'NN'), (1474, 10, 'of', 'IN'), (1474, 11, 'a', 'DT'), (1474, 12, 'soccer', 'NN'), (1474, 13, 'goal', 'NN');
INSERT INTO triples (sentence_id, predicate_id,relation,arg_start_id,arg_end_id,triple_type)VALUES (1474, 3, 'Agent',2, 2, 'auto'), (1474, 3, 'Patient',6, 7, 'auto'), (1474, 3, 'Location',8, 13, 'auto'), (1474, 6, 'Location',7, 13, 'auto');
INSERT INTO Sentences (sentence_id, sentence, sentence_type)VALUES (1475, 'A goalie in a red uniform kicks at the soccer ball to protect the goal', 'auto');
INSERT INTO Words ( sentence_id,word_ID ,word,pos)VALUES (1475, 1, 'A', 'DT'), (1475, 2, 'goalie', 'NN'), (1475, 3, 'in', 'IN'), (1475, 4, 'a', 'DT'), (1475, 5, 'red', 'JJ'), (1475, 6, 'uniform', 'NN'), (1475, 7, 'kicks', 'VBZ'), (1475, 8, 'at', 'IN'), (1475, 9, 'the', 'DT'), (1475, 10, 'soccer', 'NN'), (1475, 11, 'ball', 'NN'), (1475, 12, 'to', 'TO'), (1475, 13, 'protect', 'VB'), (1475, 14, 'the', 'DT'), (1475, 15, 'goal', 'NN');
INSERT INTO triples (sentence_id, predicate_id,relation,arg_start_id,arg_end_id,triple_type)VALUES (1475, 2, 'Property',3, 6, 'auto'), (1475, 7, 'Agent',2, 2, 'auto'), (1475, 7, 'Patient',8, 11, 'auto'), (1475, 7, 'Beneficiary',12, 15, 'auto'), (1475, 11, 'Agent',2, 2, 'auto'), (1475, 11, 'Patient',14, 15, 'auto');
INSERT INTO Sentences (sentence_id, sentence, sentence_type)VALUES (1476, 'A soccer player in a red uniform just kicked a ball', 'auto');
INSERT INTO Words ( sentence_id,word_ID ,word,pos)VALUES (1476, 1, 'A', 'DT'), (1476, 2, 'soccer', 'NN'), (1476, 3, 'player', 'NN'), (1476, 4, 'in', 'IN'), (1476, 5, 'a', 'DT'), (1476, 6, 'red', 'JJ'), (1476, 7, 'uniform', 'NN'), (1476, 8, 'just', 'RB'), (1476, 9, 'kicked', 'VBD'), (1476, 10, 'a', 'DT'), (1476, 11, 'ball', 'NN');
INSERT INTO triples (sentence_id, predicate_id,relation,arg_start_id,arg_end_id,triple_type)VALUES (1476, 3, 'Property',4, 11, 'auto'), (1476, 9, 'Agent',3, 3, 'auto'), (1476, 9, 'Patient',10, 11, 'auto');
INSERT INTO Sentences (sentence_id, sentence, sentence_type)VALUES (1477, 'A young woman wearing a red shirt stands in a soccer goal and kicks a ball', 'auto');
INSERT INTO Words ( sentence_id,word_ID ,word,pos)VALUES (1477, 1, 'A', 'DT'), (1477, 2, 'young', 'JJ'), (1477, 3, 'woman', 'NN'), (1477, 4, 'wearing', 'VBG'), (1477, 5, 'a', 'DT'), (1477, 6, 'red', 'JJ'), (1477, 7, 'shirt', 'NN'), (1477, 8, 'stands', 'VBZ'), (1477, 9, 'in', 'IN'), (1477, 10, 'a', 'DT'), (1477, 11, 'soccer', 'NN'), (1477, 12, 'goal', 'NN'), (1477, 13, 'and', 'CC'), (1477, 14, 'kicks', 'VBZ'), (1477, 15, 'a', 'DT'), (1477, 16, 'ball', 'NN');
INSERT INTO triples (sentence_id, predicate_id,relation,arg_start_id,arg_end_id,triple_type)VALUES (1477, 3, 'Property',1, 2, 'auto'), (1477, 3, 'Location',11, 12, 'auto'), (1477, 4, 'Agent',3, 3, 'auto'), (1477, 4, 'Patient',5, 7, 'auto'), (1477, 4, 'Location',11, 12, 'auto'), (1477, 8, 'Agent',3, 3, 'auto'), (1477, 8, 'Location',9, 12, 'auto'), (1477, 14, 'Agent',1, 6, 'auto'), (1477, 14, 'Location',9, 12, 'auto'), (1477, 14, 'Patient',15, 16, 'auto');
INSERT INTO Sentences (sentence_id, sentence, sentence_type)VALUES (1478, 'The young ladie takes a goalie kick during a soccer match', 'auto');
INSERT INTO Words ( sentence_id,word_ID ,word,pos)VALUES (1478, 1, 'The', 'DT'), (1478, 2, 'young', 'JJ'), (1478, 3, 'ladie', 'NN'), (1478, 4, 'takes', 'VBZ'), (1478, 5, 'a', 'DT'), (1478, 6, 'goalie', 'NN'), (1478, 7, 'kick', 'NN'), (1478, 8, 'during', 'IN'), (1478, 9, 'a', 'DT'), (1478, 10, 'soccer', 'NN'), (1478, 11, 'match', 'NN');
INSERT INTO triples (sentence_id, predicate_id,relation,arg_start_id,arg_end_id,triple_type)VALUES (1478, 4, 'Agent',3, 3, 'auto'), (1478, 4, 'Patient',5, 7, 'auto'), (1478, 4, 'Time',8, 11, 'auto');
INSERT INTO Sentences (sentence_id, sentence, sentence_type)VALUES (1479, 'A bicycler jumping over a barrier with his bike', 'auto');
INSERT INTO Words ( sentence_id,word_ID ,word,pos)VALUES (1479, 1, 'A', 'DT'), (1479, 2, 'bicycler', 'NN'), (1479, 3, 'jumping', 'VBG'), (1479, 4, 'over', 'RP'), (1479, 5, 'a', 'DT'), (1479, 6, 'barrier', 'NN'), (1479, 7, 'with', 'IN'), (1479, 8, 'his', 'PRP$'), (1479, 9, 'bike', 'NN');
INSERT INTO triples (sentence_id, predicate_id,relation,arg_start_id,arg_end_id,triple_type)VALUES (1479, 3, 'Agent',2, 2, 'auto'), (1479, 3, 'Patient',6, 6, 'auto'), (1479, 3, 'Instrument',7, 9, 'auto'), (1479, 9, 'Property',8, 8, 'auto');
INSERT INTO Sentences (sentence_id, sentence, sentence_type)VALUES (1480, 'A cyclist carries his bicycle while jumping over a hurdle', 'auto');
INSERT INTO Words ( sentence_id,word_ID ,word,pos)VALUES (1480, 1, 'A', 'DT'), (1480, 2, 'cyclist', 'NN'), (1480, 3, 'carries', 'VBZ'), (1480, 4, 'his', 'PRP$'), (1480, 5, 'bicycle', 'NN'), (1480, 6, 'while', 'IN'), (1480, 7, 'jumping', 'VBG'), (1480, 8, 'over', 'RP'), (1480, 9, 'a', 'DT'), (1480, 10, 'hurdle', 'NN');
INSERT INTO triples (sentence_id, predicate_id,relation,arg_start_id,arg_end_id,triple_type)VALUES (1480, 3, 'Agent',2, 2, 'auto'), (1480, 3, 'Patient',4, 5, 'auto'), (1480, 5, 'Property',3, 4, 'auto'), (1480, 5, 'Location',8, 10, 'auto'), (1480, 7, 'Agent',2, 2, 'auto'), (1480, 7, 'Patient',10, 10, 'auto');
INSERT INTO Sentences (sentence_id, sentence, sentence_type)VALUES (1481, 'A man doing tricks with his bicycle', 'auto');
INSERT INTO Words ( sentence_id,word_ID ,word,pos)VALUES (1481, 1, 'A', 'DT'), (1481, 2, 'man', 'NN'), (1481, 3, 'doing', 'VBG'), (1481, 4, 'tricks', 'NNS'), (1481, 5, 'with', 'IN'), (1481, 6, 'his', 'PRP$'), (1481, 7, 'bicycle', 'NN');
INSERT INTO triples (sentence_id, predicate_id,relation,arg_start_id,arg_end_id,triple_type)VALUES (1481, 2, 'Property',4, 7, 'auto'), (1481, 3, 'Agent',2, 2, 'auto'), (1481, 3, 'Patient',4, 4, 'auto'), (1481, 3, 'Instrument',5, 7, 'auto'), (1481, 7, 'Property',6, 6, 'auto');
INSERT INTO Sentences (sentence_id, sentence, sentence_type)VALUES (1482, 'a man jumps across an obstacle carrying his bike', 'auto');
INSERT INTO Words ( sentence_id,word_ID ,word,pos)VALUES (1482, 1, 'a', 'DT'), (1482, 2, 'man', 'NN'), (1482, 3, 'jumps', 'VBZ'), (1482, 4, 'across', 'IN'), (1482, 5, 'an', 'DT'), (1482, 6, 'obstacle', 'NN'), (1482, 7, 'carrying', 'VBG'), (1482, 8, 'his', 'PRP$'), (1482, 9, 'bike', 'NN');
INSERT INTO triples (sentence_id, predicate_id,relation,arg_start_id,arg_end_id,triple_type)VALUES (1482, 2, 'Location',5, 6, 'auto'), (1482, 2, 'Property',7, 9, 'auto'), (1482, 3, 'Agent',2, 2, 'auto'), (1482, 3, 'Destination',6, 6, 'auto'), (1482, 7, 'Agent',2, 2, 'auto'), (1482, 7, 'Location',5, 6, 'auto'), (1482, 7, 'Patient',8, 9, 'auto'), (1482, 9, 'Property',7, 8, 'auto');
INSERT INTO Sentences (sentence_id, sentence, sentence_type)VALUES (1483, 'The man is jumping through the air , while holding a bicycle', 'auto');
INSERT INTO Words ( sentence_id,word_ID ,word,pos)VALUES (1483, 1, 'The', 'DT'), (1483, 2, 'man', 'NN'), (1483, 3, 'is', 'VBZ'), (1483, 4, 'jumping', 'VBG'), (1483, 5, 'through', 'IN'), (1483, 6, 'the', 'DT'), (1483, 7, 'air', 'NN'), (1483, 8, ',', ','), (1483, 9, 'while', 'IN'), (1483, 10, 'holding', 'VBG'), (1483, 11, 'a', 'DT'), (1483, 12, 'bicycle', 'NN');
INSERT INTO triples (sentence_id, predicate_id,relation,arg_start_id,arg_end_id,triple_type)VALUES (1483, 2, 'Location',5, 8, 'auto'), (1483, 2, 'Property',9, 10, 'auto'), (1483, 4, 'Agent',2, 2, 'auto'), (1483, 4, 'Destination',7, 7, 'auto'), (1483, 10, 'Agent',2, 2, 'auto'), (1483, 10, 'Location',7, 7, 'auto'), (1483, 10, 'Patient',11, 12, 'auto');
INSERT INTO Sentences (sentence_id, sentence, sentence_type)VALUES (1484, 'A hockey player in red untangles from a player in white as he goes for the puck', 'auto');
INSERT INTO Words ( sentence_id,word_ID ,word,pos)VALUES (1484, 1, 'A', 'DT'), (1484, 2, 'hockey', 'NN'), (1484, 3, 'player', 'NN'), (1484, 4, 'in', 'IN'), (1484, 5, 'red', 'JJ'), (1484, 6, 'untangles', 'VBZ'), (1484, 7, 'from', 'IN'), (1484, 8, 'a', 'DT'), (1484, 9, 'player', 'NN'), (1484, 10, 'in', 'IN'), (1484, 11, 'white', 'JJ'), (1484, 12, 'as', 'IN'), (1484, 13, 'he', 'PRP'), (1484, 14, 'goes', 'VBZ'), (1484, 15, 'for', 'IN'), (1484, 16, 'the', 'DT'), (1484, 17, 'puck', 'NN');
INSERT INTO triples (sentence_id, predicate_id,relation,arg_start_id,arg_end_id,triple_type)VALUES (1484, 3, 'Property',4, 6, 'auto'), (1484, 9, 'Property',11, 11, 'auto'), (1484, 14, 'Agent',13, 13, 'auto'), (1484, 14, 'Beneficiary',17, 17, 'auto');
INSERT INTO Sentences (sentence_id, sentence, sentence_type)VALUES (1485, 'Two hockey players almost fall on the ice during a scuffle', 'auto');
INSERT INTO Words ( sentence_id,word_ID ,word,pos)VALUES (1485, 1, 'Two', 'CD'), (1485, 2, 'hockey', 'NN'), (1485, 3, 'players', 'NNS'), (1485, 4, 'almost', 'RB'), (1485, 5, 'fall', 'VBP'), (1485, 6, 'on', 'IN'), (1485, 7, 'the', 'DT'), (1485, 8, 'ice', 'NN'), (1485, 9, 'during', 'IN'), (1485, 10, 'a', 'DT'), (1485, 11, 'scuffle', 'NN');
INSERT INTO triples (sentence_id, predicate_id,relation,arg_start_id,arg_end_id,triple_type)VALUES (1485, 3, 'Property',1, 2, 'auto'), (1485, 5, 'Agent',3, 3, 'auto'), (1485, 5, 'Destination',8, 8, 'auto'), (1485, 5, 'Time',9, 11, 'auto');
INSERT INTO Sentences (sentence_id, sentence, sentence_type)VALUES (1486, 'Two hockey players compete on the ice', 'auto');
INSERT INTO Words ( sentence_id,word_ID ,word,pos)VALUES (1486, 1, 'Two', 'CD'), (1486, 2, 'hockey', 'NN'), (1486, 3, 'players', 'NNS'), (1486, 4, 'compete', 'VBP'), (1486, 5, 'on', 'IN'), (1486, 6, 'the', 'DT'), (1486, 7, 'ice', 'NN');
INSERT INTO triples (sentence_id, predicate_id,relation,arg_start_id,arg_end_id,triple_type)VALUES (1486, 3, 'Property',1, 2, 'auto'), (1486, 4, 'Agent',3, 3, 'auto'), (1486, 4, 'Location',5, 7, 'auto');
INSERT INTO Sentences (sentence_id, sentence, sentence_type)VALUES (1487, 'Two hockey players fighting on the ice', 'auto');
INSERT INTO Words ( sentence_id,word_ID ,word,pos)VALUES (1487, 1, 'Two', 'CD'), (1487, 2, 'hockey', 'NN'), (1487, 3, 'players', 'NNS'), (1487, 4, 'fighting', 'VBG'), (1487, 5, 'on', 'IN'), (1487, 6, 'the', 'DT'), (1487, 7, 'ice', 'NN');
INSERT INTO triples (sentence_id, predicate_id,relation,arg_start_id,arg_end_id,triple_type)VALUES (1487, 3, 'Property',1, 2, 'auto'), (1487, 4, 'Agent',3, 3, 'auto'), (1487, 4, 'Location',5, 7, 'auto');
INSERT INTO Sentences (sentence_id, sentence, sentence_type)VALUES (1488, 'Two hockey players in a struggle on the ice', 'auto');
INSERT INTO Words ( sentence_id,word_ID ,word,pos)VALUES (1488, 1, 'Two', 'CD'), (1488, 2, 'hockey', 'NN'), (1488, 3, 'players', 'NNS'), (1488, 4, 'in', 'IN'), (1488, 5, 'a', 'DT'), (1488, 6, 'struggle', 'NN'), (1488, 7, 'on', 'IN'), (1488, 8, 'the', 'DT'), (1488, 9, 'ice', 'NN');
INSERT INTO triples (sentence_id, predicate_id,relation,arg_start_id,arg_end_id,triple_type)VALUES (1488, 3, 'Property',1, 2, 'auto'), (1488, 3, 'Location',7, 9, 'auto');
INSERT INTO Sentences (sentence_id, sentence, sentence_type)VALUES (1489, 'A group of people surf on a very large wave', 'auto');
INSERT INTO Words ( sentence_id,word_ID ,word,pos)VALUES (1489, 1, 'A', 'DT'), (1489, 2, 'group', 'NN'), (1489, 3, 'of', 'IN'), (1489, 4, 'people', 'NNS'), (1489, 5, 'surf', 'VBP'), (1489, 6, 'on', 'IN'), (1489, 7, 'a', 'DT'), (1489, 8, 'very', 'RB'), (1489, 9, 'large', 'JJ'), (1489, 10, 'wave', 'NN');
INSERT INTO triples (sentence_id, predicate_id,relation,arg_start_id,arg_end_id,triple_type)VALUES (1489, 4, 'Location',6, 10, 'auto'), (1489, 5, 'Agent',4, 4, 'auto'), (1489, 5, 'Location',6, 10, 'auto');
INSERT INTO Sentences (sentence_id, sentence, sentence_type)VALUES (1490, 'a group of surfers catching a wave', 'auto');
INSERT INTO Words ( sentence_id,word_ID ,word,pos)VALUES (1490, 1, 'a', 'DT'), (1490, 2, 'group', 'NN'), (1490, 3, 'of', 'IN'), (1490, 4, 'surfers', 'NNS'), (1490, 5, 'catching', 'VBG'), (1490, 6, 'a', 'DT'), (1490, 7, 'wave', 'NN');
INSERT INTO triples (sentence_id, predicate_id,relation,arg_start_id,arg_end_id,triple_type)VALUES (1490, 5, 'Agent',2, 2, 'auto'), (1490, 5, 'Patient',6, 7, 'auto');
INSERT INTO Sentences (sentence_id, sentence, sentence_type)VALUES (1491, 'People surfing and attempting to surf in the ocean on a big wave', 'auto');
INSERT INTO Words ( sentence_id,word_ID ,word,pos)VALUES (1491, 1, 'People', 'NNS'), (1491, 2, 'surfing', 'VBG'), (1491, 3, 'and', 'CC'), (1491, 4, 'attempting', 'VBG'), (1491, 5, 'to', 'TO'), (1491, 6, 'surf', 'VB'), (1491, 7, 'in', 'IN'), (1491, 8, 'the', 'DT'), (1491, 9, 'ocean', 'NN'), (1491, 10, 'on', 'IN'), (1491, 11, 'a', 'DT'), (1491, 12, 'big', 'JJ'), (1491, 13, 'wave', 'NN');
INSERT INTO triples (sentence_id, predicate_id,relation,arg_start_id,arg_end_id,triple_type)VALUES (1491, 1, 'Property',2, 4, 'auto'), (1491, 1, 'Location',11, 13, 'auto'), (1491, 2, 'Agent',1, 1, 'auto'), (1491, 4, 'Agent',1, 1, 'auto'), (1491, 4, 'Beneficiary',5, 6, 'auto'), (1491, 4, 'Location',11, 13, 'auto'), (1491, 6, 'Agent',1, 1, 'auto'), (1491, 6, 'Destination',9, 9, 'auto');
INSERT INTO Sentences (sentence_id, sentence, sentence_type)VALUES (1492, 'Several people are surfing on a wave in the sea', 'auto');
INSERT INTO Words ( sentence_id,word_ID ,word,pos)VALUES (1492, 1, 'Several', 'JJ'), (1492, 2, 'people', 'NNS'), (1492, 3, 'are', 'VBP'), (1492, 4, 'surfing', 'VBG'), (1492, 5, 'on', 'IN'), (1492, 6, 'a', 'DT'), (1492, 7, 'wave', 'NN'), (1492, 8, 'in', 'IN'), (1492, 9, 'the', 'DT'), (1492, 10, 'sea', 'NN');
INSERT INTO triples (sentence_id, predicate_id,relation,arg_start_id,arg_end_id,triple_type)VALUES (1492, 2, 'Property',1, 1, 'auto'), (1492, 2, 'Location',5, 10, 'auto'), (1492, 4, 'Agent',2, 2, 'auto'), (1492, 4, 'Location',5, 10, 'auto');
INSERT INTO Sentences (sentence_id, sentence, sentence_type)VALUES (1493, 'Surfers on a huge ocean wave at sunset', 'auto');
INSERT INTO Words ( sentence_id,word_ID ,word,pos)VALUES (1493, 1, 'Surfers', 'NNS'), (1493, 2, 'on', 'IN'), (1493, 3, 'a', 'DT'), (1493, 4, 'huge', 'JJ'), (1493, 5, 'ocean', 'NN'), (1493, 6, 'wave', 'NN'), (1493, 7, 'at', 'IN'), (1493, 8, 'sunset', 'NN');
INSERT INTO Sentences (sentence_id, sentence, sentence_type)VALUES (1494, 'A man in a blue bodysuit surfing', 'auto');
INSERT INTO Words ( sentence_id,word_ID ,word,pos)VALUES (1494, 1, 'A', 'DT'), (1494, 2, 'man', 'NN'), (1494, 3, 'in', 'IN'), (1494, 4, 'a', 'DT'), (1494, 5, 'blue', 'JJ'), (1494, 6, 'bodysuit', 'NN'), (1494, 7, 'surfing', 'VBG');
INSERT INTO triples (sentence_id, predicate_id,relation,arg_start_id,arg_end_id,triple_type)VALUES (1494, 2, 'Property',3, 6, 'auto'), (1494, 7, 'Agent',2, 2, 'auto');
INSERT INTO Sentences (sentence_id, sentence, sentence_type)VALUES (1495, 'A man in a blue wet suit rides a wave on a white surfboard', 'auto');
INSERT INTO Words ( sentence_id,word_ID ,word,pos)VALUES (1495, 1, 'A', 'DT'), (1495, 2, 'man', 'NN'), (1495, 3, 'in', 'IN'), (1495, 4, 'a', 'DT'), (1495, 5, 'blue', 'JJ'), (1495, 6, 'wet', 'JJ'), (1495, 7, 'suit', 'NN'), (1495, 8, 'rides', 'VBZ'), (1495, 9, 'a', 'DT'), (1495, 10, 'wave', 'NN'), (1495, 11, 'on', 'IN'), (1495, 12, 'a', 'DT'), (1495, 13, 'white', 'JJ'), (1495, 14, 'surfboard', 'NN');
INSERT INTO triples (sentence_id, predicate_id,relation,arg_start_id,arg_end_id,triple_type)VALUES (1495, 2, 'Property',3, 7, 'auto'), (1495, 2, 'Location',14, 14, 'auto'), (1495, 8, 'Agent',2, 2, 'auto'), (1495, 8, 'Patient',9, 10, 'auto'), (1495, 8, 'Instrument',14, 14, 'auto'), (1495, 14, 'Property',13, 13, 'auto');
INSERT INTO Sentences (sentence_id, sentence, sentence_type)VALUES (1496, 'A man in blue surfs in the ocean', 'auto');
INSERT INTO Words ( sentence_id,word_ID ,word,pos)VALUES (1496, 1, 'A', 'DT'), (1496, 2, 'man', 'NN'), (1496, 3, 'in', 'IN'), (1496, 4, 'blue', 'JJ'), (1496, 5, 'surfs', 'VBZ'), (1496, 6, 'in', 'IN'), (1496, 7, 'the', 'DT'), (1496, 8, 'ocean', 'NN');
INSERT INTO triples (sentence_id, predicate_id,relation,arg_start_id,arg_end_id,triple_type)VALUES (1496, 2, 'Property',3, 5, 'auto'), (1496, 2, 'Location',8, 8, 'auto'), (1496, 5, 'Agent',2, 2, 'auto'), (1496, 5, 'Location',6, 8, 'auto');
INSERT INTO Sentences (sentence_id, sentence, sentence_type)VALUES (1497, 'A surfer tries to stay moving on his white surfboard', 'auto');
INSERT INTO Words ( sentence_id,word_ID ,word,pos)VALUES (1497, 1, 'A', 'DT'), (1497, 2, 'surfer', 'NN'), (1497, 3, 'tries', 'VBZ'), (1497, 4, 'to', 'TO'), (1497, 5, 'stay', 'VB'), (1497, 6, 'moving', 'VBG'), (1497, 7, 'on', 'IN'), (1497, 8, 'his', 'PRP$'), (1497, 9, 'white', 'JJ'), (1497, 10, 'surfboard', 'NN');
INSERT INTO triples (sentence_id, predicate_id,relation,arg_start_id,arg_end_id,triple_type)VALUES (1497, 2, 'Property',3, 6, 'auto'), (1497, 2, 'Location',7, 10, 'auto'), (1497, 3, 'Agent',2, 2, 'auto'), (1497, 3, 'Beneficiary',4, 6, 'auto'), (1497, 5, 'Agent',2, 2, 'auto'), (1497, 5, 'Patient',6, 6, 'auto'), (1497, 5, 'Instrument',10, 10, 'auto'), (1497, 6, 'Agent',2, 2, 'auto'), (1497, 6, 'Instrument',9, 10, 'auto'), (1497, 10, 'Property',9, 9, 'auto');
INSERT INTO Sentences (sentence_id, sentence, sentence_type)VALUES (1498, 'A surfer in a blue swimsuit is riding the waves', 'auto');
INSERT INTO Words ( sentence_id,word_ID ,word,pos)VALUES (1498, 1, 'A', 'DT'), (1498, 2, 'surfer', 'NN'), (1498, 3, 'in', 'IN'), (1498, 4, 'a', 'DT'), (1498, 5, 'blue', 'JJ'), (1498, 6, 'swimsuit', 'NN'), (1498, 7, 'is', 'VBZ'), (1498, 8, 'riding', 'VBG'), (1498, 9, 'the', 'DT'), (1498, 10, 'waves', 'NNS');
INSERT INTO triples (sentence_id, predicate_id,relation,arg_start_id,arg_end_id,triple_type)VALUES (1498, 2, 'Property',3, 6, 'auto'), (1498, 8, 'Agent',2, 2, 'auto'), (1498, 8, 'Patient',9, 10, 'auto');
INSERT INTO Sentences (sentence_id, sentence, sentence_type)VALUES (1499, 'A man surfing a wave', 'auto');
INSERT INTO Words ( sentence_id,word_ID ,word,pos)VALUES (1499, 1, 'A', 'DT'), (1499, 2, 'man', 'NN'), (1499, 3, 'surfing', 'VBG'), (1499, 4, 'a', 'DT'), (1499, 5, 'wave', 'NN');
INSERT INTO triples (sentence_id, predicate_id,relation,arg_start_id,arg_end_id,triple_type)VALUES (1499, 2, 'Location',3, 5, 'auto'), (1499, 3, 'Agent',2, 2, 'auto'), (1499, 3, 'Patient',4, 5, 'auto');
INSERT INTO Sentences (sentence_id, sentence, sentence_type)VALUES (1500, 'A man surfs , the foam right behind him', 'auto');
INSERT INTO Words ( sentence_id,word_ID ,word,pos)VALUES (1500, 1, 'A', 'DT'), (1500, 2, 'man', 'NN'), (1500, 3, 'surfs', 'VBZ'), (1500, 4, ',', ','), (1500, 5, 'the', 'DT'), (1500, 6, 'foam', 'NN'), (1500, 7, 'right', 'NN'), (1500, 8, 'behind', 'IN'), (1500, 9, 'him', 'PRP');
INSERT INTO triples (sentence_id, predicate_id,relation,arg_start_id,arg_end_id,triple_type)VALUES (1500, 2, 'Property',3, 3, 'auto'), (1500, 2, 'Location',5, 9, 'auto'), (1500, 3, 'Agent',2, 2, 'auto');
INSERT INTO Sentences (sentence_id, sentence, sentence_type)VALUES (1501, 'A person in a wet suit surfs a big wave', 'auto');
INSERT INTO Words ( sentence_id,word_ID ,word,pos)VALUES (1501, 1, 'A', 'DT'), (1501, 2, 'person', 'NN'), (1501, 3, 'in', 'IN'), (1501, 4, 'a', 'DT'), (1501, 5, 'wet', 'JJ'), (1501, 6, 'suit', 'NN'), (1501, 7, 'surfs', 'VBZ'), (1501, 8, 'a', 'DT'), (1501, 9, 'big', 'JJ'), (1501, 10, 'wave', 'NN');
INSERT INTO Sentences (sentence_id, sentence, sentence_type)VALUES (1502, 'A surfer rides a large wave on a blue board', 'auto');
INSERT INTO Words ( sentence_id,word_ID ,word,pos)VALUES (1502, 1, 'A', 'DT'), (1502, 2, 'surfer', 'NN'), (1502, 3, 'rides', 'VBZ'), (1502, 4, 'a', 'DT'), (1502, 5, 'large', 'JJ'), (1502, 6, 'wave', 'NN'), (1502, 7, 'on', 'IN'), (1502, 8, 'a', 'DT'), (1502, 9, 'blue', 'JJ'), (1502, 10, 'board', 'NN');
INSERT INTO triples (sentence_id, predicate_id,relation,arg_start_id,arg_end_id,triple_type)VALUES (1502, 2, 'Property',3, 10, 'auto'), (1502, 3, 'Agent',2, 2, 'auto'), (1502, 3, 'Patient',4, 6, 'auto'), (1502, 3, 'Instrument',9, 10, 'auto');
INSERT INTO Sentences (sentence_id, sentence, sentence_type)VALUES (1503, 'The surfer rides a blue board on a bright blue wave', 'auto');
INSERT INTO Words ( sentence_id,word_ID ,word,pos)VALUES (1503, 1, 'The', 'DT'), (1503, 2, 'surfer', 'NN'), (1503, 3, 'rides', 'VBZ'), (1503, 4, 'a', 'DT'), (1503, 5, 'blue', 'JJ'), (1503, 6, 'board', 'NN'), (1503, 7, 'on', 'IN'), (1503, 8, 'a', 'DT'), (1503, 9, 'bright', 'JJ'), (1503, 10, 'blue', 'JJ'), (1503, 11, 'wave', 'NN');
INSERT INTO triples (sentence_id, predicate_id,relation,arg_start_id,arg_end_id,triple_type)VALUES (1503, 2, 'Property',3, 6, 'auto'), (1503, 2, 'Location',7, 11, 'auto'), (1503, 3, 'Agent',2, 2, 'auto'), (1503, 3, 'Patient',4, 6, 'auto'), (1503, 3, 'Location',7, 11, 'auto');
INSERT INTO Sentences (sentence_id, sentence, sentence_type)VALUES (1504, 'A boy makes a jump with a dirt bike with the sun setting behind him', 'auto');
INSERT INTO Words ( sentence_id,word_ID ,word,pos)VALUES (1504, 1, 'A', 'DT'), (1504, 2, 'boy', 'NN'), (1504, 3, 'makes', 'VBZ'), (1504, 4, 'a', 'DT'), (1504, 5, 'jump', 'NN'), (1504, 6, 'with', 'IN'), (1504, 7, 'a', 'DT'), (1504, 8, 'dirt', 'NN'), (1504, 9, 'bike', 'NN'), (1504, 10, 'with', 'IN'), (1504, 11, 'the', 'DT'), (1504, 12, 'sun', 'NN'), (1504, 13, 'setting', 'NN'), (1504, 14, 'behind', 'IN'), (1504, 15, 'him', 'PRP');
INSERT INTO triples (sentence_id, predicate_id,relation,arg_start_id,arg_end_id,triple_type)VALUES (1504, 2, 'Property',3, 9, 'auto'), (1504, 2, 'Location',12, 15, 'auto'), (1504, 3, 'Agent',2, 2, 'auto'), (1504, 3, 'Patient',4, 5, 'auto'), (1504, 3, 'Instrument',6, 9, 'auto'), (1504, 3, 'Location',12, 15, 'auto'), (1504, 9, 'Property',8, 8, 'auto'), (1504, 9, 'Location',12, 15, 'auto');
INSERT INTO Sentences (sentence_id, sentence, sentence_type)VALUES (1505, 'A boy on his bike leaping over a hill with trees in the background', 'auto');
INSERT INTO Words ( sentence_id,word_ID ,word,pos)VALUES (1505, 1, 'A', 'DT'), (1505, 2, 'boy', 'NN'), (1505, 3, 'on', 'IN'), (1505, 4, 'his', 'PRP$'), (1505, 5, 'bike', 'NN'), (1505, 6, 'leaping', 'VBG'), (1505, 7, 'over', 'IN'), (1505, 8, 'a', 'DT'), (1505, 9, 'hill', 'NN'), (1505, 10, 'with', 'IN'), (1505, 11, 'trees', 'NNS'), (1505, 12, 'in', 'IN'), (1505, 13, 'the', 'DT'), (1505, 14, 'background', 'NN');
INSERT INTO triples (sentence_id, predicate_id,relation,arg_start_id,arg_end_id,triple_type)VALUES (1505, 2, 'Property',3, 5, 'auto'), (1505, 2, 'Location',9, 14, 'auto'), (1505, 5, 'Property',3, 4, 'auto'), (1505, 5, 'Location',7, 9, 'auto'), (1505, 6, 'Agent',2, 2, 'auto'), (1505, 6, 'Location',8, 9, 'auto'), (1505, 11, 'Location',12, 14, 'auto');
INSERT INTO Sentences (sentence_id, sentence, sentence_type)VALUES (1506, 'A kid is doing a jump on his bike', 'auto');
INSERT INTO Words ( sentence_id,word_ID ,word,pos)VALUES (1506, 1, 'A', 'DT'), (1506, 2, 'kid', 'NN'), (1506, 3, 'is', 'VBZ'), (1506, 4, 'doing', 'VBG'), (1506, 5, 'a', 'DT'), (1506, 6, 'jump', 'NN'), (1506, 7, 'on', 'IN'), (1506, 8, 'his', 'PRP$'), (1506, 9, 'bike', 'NN');
INSERT INTO triples (sentence_id, predicate_id,relation,arg_start_id,arg_end_id,triple_type)VALUES (1506, 4, 'Agent',2, 2, 'auto'), (1506, 4, 'Patient',6, 6, 'auto'), (1506, 4, 'Instrument',7, 9, 'auto'), (1506, 9, 'Property',8, 8, 'auto');
INSERT INTO Sentences (sentence_id, sentence, sentence_type)VALUES (1507, 'a lone bicyclist jumping over a hill', 'auto');
INSERT INTO Words ( sentence_id,word_ID ,word,pos)VALUES (1507, 1, 'a', 'DT'), (1507, 2, 'lone', 'JJ'), (1507, 3, 'bicyclist', 'NN'), (1507, 4, 'jumping', 'VBG'), (1507, 5, 'over', 'RP'), (1507, 6, 'a', 'DT'), (1507, 7, 'hill', 'NN');
INSERT INTO triples (sentence_id, predicate_id,relation,arg_start_id,arg_end_id,triple_type)VALUES (1507, 4, 'Agent',3, 3, 'auto'), (1507, 4, 'Destination',7, 7, 'auto');
INSERT INTO Sentences (sentence_id, sentence, sentence_type)VALUES (1508, 'A person in the air on a bike', 'auto');
INSERT INTO Words ( sentence_id,word_ID ,word,pos)VALUES (1508, 1, 'A', 'DT'), (1508, 2, 'person', 'NN'), (1508, 3, 'in', 'IN'), (1508, 4, 'the', 'DT'), (1508, 5, 'air', 'NN'), (1508, 6, 'on', 'IN'), (1508, 7, 'a', 'DT'), (1508, 8, 'bike', 'NN');
INSERT INTO triples (sentence_id, predicate_id,relation,arg_start_id,arg_end_id,triple_type)VALUES (1508, 2, 'Location',4, 8, 'auto');
INSERT INTO Sentences (sentence_id, sentence, sentence_type)VALUES (1509, 'A man is doing a jump on bicycle in an indoor skate and bike center', 'auto');
INSERT INTO Words ( sentence_id,word_ID ,word,pos)VALUES (1509, 1, 'A', 'DT'), (1509, 2, 'man', 'NN'), (1509, 3, 'is', 'VBZ'), (1509, 4, 'doing', 'VBG'), (1509, 5, 'a', 'DT'), (1509, 6, 'jump', 'NN'), (1509, 7, 'on', 'IN'), (1509, 8, 'bicycle', 'NN'), (1509, 9, 'in', 'IN'), (1509, 10, 'an', 'DT'), (1509, 11, 'indoor', 'JJ'), (1509, 12, 'skate', 'NN'), (1509, 13, 'and', 'CC'), (1509, 14, 'bike', 'NN'), (1509, 15, 'center', 'NN');
INSERT INTO triples (sentence_id, predicate_id,relation,arg_start_id,arg_end_id,triple_type)VALUES (1509, 2, 'Property',3, 8, 'auto'), (1509, 2, 'Location',9, 14, 'auto'), (1509, 4, 'Agent',2, 2, 'auto'), (1509, 4, 'Patient',6, 6, 'auto'), (1509, 4, 'Instrument',7, 8, 'auto'), (1509, 4, 'Location',9, 14, 'auto'), (1509, 8, 'Location',9, 12, 'auto');
INSERT INTO Sentences (sentence_id, sentence, sentence_type)VALUES (1510, 'A man is doing a trick on a bike in the air over a ramp', 'auto');
INSERT INTO Words ( sentence_id,word_ID ,word,pos)VALUES (1510, 1, 'A', 'DT'), (1510, 2, 'man', 'NN'), (1510, 3, 'is', 'VBZ'), (1510, 4, 'doing', 'VBG'), (1510, 5, 'a', 'DT'), (1510, 6, 'trick', 'NN'), (1510, 7, 'on', 'IN'), (1510, 8, 'a', 'DT'), (1510, 9, 'bike', 'NN'), (1510, 10, 'in', 'IN'), (1510, 11, 'the', 'DT'), (1510, 12, 'air', 'NN'), (1510, 13, 'over', 'IN'), (1510, 14, 'a', 'DT'), (1510, 15, 'ramp', 'NN');
INSERT INTO triples (sentence_id, predicate_id,relation,arg_start_id,arg_end_id,triple_type)VALUES (1510, 2, 'Property',4, 9, 'auto'), (1510, 2, 'Location',10, 15, 'auto'), (1510, 4, 'Agent',2, 2, 'auto'), (1510, 4, 'Patient',6, 6, 'auto'), (1510, 4, 'Instrument',7, 9, 'auto'), (1510, 4, 'Location',10, 15, 'auto'), (1510, 9, 'Location',10, 15, 'auto');
INSERT INTO Sentences (sentence_id, sentence, sentence_type)VALUES (1511, 'A person doing a bicycle trick over a wooden ramp', 'auto');
INSERT INTO Words ( sentence_id,word_ID ,word,pos)VALUES (1511, 1, 'A', 'DT'), (1511, 2, 'person', 'NN'), (1511, 3, 'doing', 'VBG'), (1511, 4, 'a', 'DT'), (1511, 5, 'bicycle', 'NN'), (1511, 6, 'trick', 'NN'), (1511, 7, 'over', 'IN'), (1511, 8, 'a', 'DT'), (1511, 9, 'wooden', 'JJ'), (1511, 10, 'ramp', 'NN');
INSERT INTO triples (sentence_id, predicate_id,relation,arg_start_id,arg_end_id,triple_type)VALUES (1511, 2, 'Property',3, 6, 'auto'), (1511, 2, 'Location',7, 10, 'auto'), (1511, 3, 'Agent',2, 2, 'auto'), (1511, 3, 'Patient',5, 6, 'auto'), (1511, 3, 'Location',10, 10, 'auto'), (1511, 5, 'Location',6, 10, 'auto'), (1511, 10, 'Material',9, 9, 'auto');
INSERT INTO Sentences (sentence_id, sentence, sentence_type)VALUES (1512, 'A person jumping with a bicycle over a ramp', 'auto');
INSERT INTO Words ( sentence_id,word_ID ,word,pos)VALUES (1512, 1, 'A', 'DT'), (1512, 2, 'person', 'NN'), (1512, 3, 'jumping', 'VBG'), (1512, 4, 'with', 'IN'), (1512, 5, 'a', 'DT'), (1512, 6, 'bicycle', 'NN'), (1512, 7, 'over', 'IN'), (1512, 8, 'a', 'DT'), (1512, 9, 'ramp', 'NN');
INSERT INTO triples (sentence_id, predicate_id,relation,arg_start_id,arg_end_id,triple_type)VALUES (1512, 2, 'Property',4, 6, 'auto'), (1512, 2, 'Location',7, 9, 'auto'), (1512, 3, 'Agent',2, 2, 'auto'), (1512, 3, 'Instrument',4, 6, 'auto'), (1512, 3, 'Location',7, 9, 'auto'), (1512, 6, 'Location',7, 9, 'auto');
INSERT INTO Sentences (sentence_id, sentence, sentence_type)VALUES (1513, 'a skateboarding ramp located in a room with multicolored graffti painted on the wall', 'auto');
INSERT INTO Words ( sentence_id,word_ID ,word,pos)VALUES (1513, 1, 'a', 'DT'), (1513, 2, 'skateboarding', 'NNP'), (1513, 3, 'ramp', 'NN'), (1513, 4, 'located', 'JJ'), (1513, 5, 'in', 'IN'), (1513, 6, 'a', 'DT'), (1513, 7, 'room', 'NN'), (1513, 8, 'with', 'IN'), (1513, 9, 'multicolored', 'JJ'), (1513, 10, 'graffti', 'NNS'), (1513, 11, 'painted', 'VBN'), (1513, 12, 'on', 'IN'), (1513, 13, 'the', 'DT'), (1513, 14, 'wall', 'NN');
INSERT INTO triples (sentence_id, predicate_id,relation,arg_start_id,arg_end_id,triple_type)VALUES (1513, 4, 'Patient',2, 3, 'auto'), (1513, 4, 'Location',5, 7, 'auto'), (1513, 11, 'Patient',10, 10, 'auto'), (1513, 11, 'Location',12, 14, 'auto');
INSERT INTO Sentences (sentence_id, sentence, sentence_type)VALUES (1514, 'A football player folding a football during a game in the mud', 'auto');
INSERT INTO Words ( sentence_id,word_ID ,word,pos)VALUES (1514, 1, 'A', 'DT'), (1514, 2, 'football', 'NN'), (1514, 3, 'player', 'NN'), (1514, 4, 'folding', 'VBG'), (1514, 5, 'a', 'DT'), (1514, 6, 'football', 'NN'), (1514, 7, 'during', 'IN'), (1514, 8, 'a', 'DT'), (1514, 9, 'game', 'NN'), (1514, 10, 'in', 'IN'), (1514, 11, 'the', 'DT'), (1514, 12, 'mud', 'NN');
INSERT INTO triples (sentence_id, predicate_id,relation,arg_start_id,arg_end_id,triple_type)VALUES (1514, 3, 'Property',2, 2, 'auto'), (1514, 3, 'Location',12, 12, 'auto'), (1514, 4, 'Agent',3, 3, 'auto'), (1514, 4, 'Patient',6, 6, 'auto'), (1514, 4, 'Time',7, 9, 'auto'), (1514, 4, 'Location',12, 12, 'auto');
INSERT INTO Sentences (sentence_id, sentence, sentence_type)VALUES (1515, 'American footballers in yellow outfits are playing in a very muddy field', 'auto');
INSERT INTO Words ( sentence_id,word_ID ,word,pos)VALUES (1515, 1, 'American', 'JJ'), (1515, 2, 'footballers', 'NNS'), (1515, 3, 'in', 'IN'), (1515, 4, 'yellow', 'JJ'), (1515, 5, 'outfits', 'NNS'), (1515, 6, 'are', 'VBP'), (1515, 7, 'playing', 'VBG'), (1515, 8, 'in', 'IN'), (1515, 9, 'a', 'DT'), (1515, 10, 'very', 'RB'), (1515, 11, 'muddy', 'JJ'), (1515, 12, 'field', 'NN');
INSERT INTO triples (sentence_id, predicate_id,relation,arg_start_id,arg_end_id,triple_type)VALUES (1515, 2, 'Property',3, 5, 'auto'), (1515, 2, 'Location',11, 12, 'auto'), (1515, 7, 'Agent',2, 2, 'auto'), (1515, 7, 'Location',11, 12, 'auto');
INSERT INTO Sentences (sentence_id, sentence, sentence_type)VALUES (1516, 'A young football player in a muddy , yellow and blue uniform carrying a football with other muddy players run behind him', 'auto');
INSERT INTO Words ( sentence_id,word_ID ,word,pos)VALUES (1516, 1, 'A', 'DT'), (1516, 2, 'young', 'JJ'), (1516, 3, 'football', 'NN'), (1516, 4, 'player', 'NN'), (1516, 5, 'in', 'IN'), (1516, 6, 'a', 'DT'), (1516, 7, 'muddy', 'JJ'), (1516, 8, ',', ','), (1516, 9, 'yellow', 'JJ'), (1516, 10, 'and', 'CC'), (1516, 11, 'blue', 'JJ'), (1516, 12, 'uniform', 'JJ'), (1516, 13, 'carrying', 'VBG'), (1516, 14, 'a', 'DT'), (1516, 15, 'football', 'NN'), (1516, 16, 'with', 'IN'), (1516, 17, 'other', 'JJ'), (1516, 18, 'muddy', 'JJ'), (1516, 19, 'players', 'NNS'), (1516, 20, 'run', 'VBP'), (1516, 21, 'behind', 'IN'), (1516, 22, 'him', 'PRP');
INSERT INTO triples (sentence_id, predicate_id,relation,arg_start_id,arg_end_id,triple_type)VALUES (1516, 4, 'Property',5, 15, 'auto'), (1516, 13, 'Agent',4, 4, 'auto'), (1516, 13, 'Patient',14, 15, 'auto'), (1516, 19, 'Property',17, 18, 'auto'), (1516, 20, 'Agent',19, 19, 'auto'), (1516, 20, 'Location',21, 22, 'auto');
INSERT INTO Sentences (sentence_id, sentence, sentence_type)VALUES (1517, 'Football players playing in mud', 'auto');
INSERT INTO Words ( sentence_id,word_ID ,word,pos)VALUES (1517, 1, 'Football', 'NN'), (1517, 2, 'players', 'NNS'), (1517, 3, 'playing', 'VBG'), (1517, 4, 'in', 'IN'), (1517, 5, 'mud', 'NN');
INSERT INTO triples (sentence_id, predicate_id,relation,arg_start_id,arg_end_id,triple_type)VALUES (1517, 2, 'Property',1, 1, 'auto'), (1517, 3, 'Agent',2, 2, 'auto'), (1517, 3, 'Location',5, 5, 'auto');
INSERT INTO Sentences (sentence_id, sentence, sentence_type)VALUES (1518, 'Football players playing in the mud', 'auto');
INSERT INTO Words ( sentence_id,word_ID ,word,pos)VALUES (1518, 1, 'Football', 'NN'), (1518, 2, 'players', 'NNS'), (1518, 3, 'playing', 'VBG'), (1518, 4, 'in', 'IN'), (1518, 5, 'the', 'DT'), (1518, 6, 'mud', 'NN');
INSERT INTO triples (sentence_id, predicate_id,relation,arg_start_id,arg_end_id,triple_type)VALUES (1518, 2, 'Property',1, 1, 'auto'), (1518, 3, 'Patient',1, 1, 'auto'), (1518, 3, 'Agent',2, 2, 'auto'), (1518, 3, 'Location',5, 6, 'auto');
INSERT INTO Sentences (sentence_id, sentence, sentence_type)VALUES (1519, 'A surfer on a blue surf board is falling off of it as he hits a wave', 'auto');
INSERT INTO Words ( sentence_id,word_ID ,word,pos)VALUES (1519, 1, 'A', 'DT'), (1519, 2, 'surfer', 'NN'), (1519, 3, 'on', 'IN'), (1519, 4, 'a', 'DT'), (1519, 5, 'blue', 'JJ'), (1519, 6, 'surf', 'NN'), (1519, 7, 'board', 'NN'), (1519, 8, 'is', 'VBZ'), (1519, 9, 'falling', 'VBG'), (1519, 10, 'off', 'RB'), (1519, 11, 'of', 'IN'), (1519, 12, 'it', 'PRP'), (1519, 13, 'as', 'IN'), (1519, 14, 'he', 'PRP'), (1519, 15, 'hits', 'VBZ'), (1519, 16, 'a', 'DT'), (1519, 17, 'wave', 'NN');
INSERT INTO triples (sentence_id, predicate_id,relation,arg_start_id,arg_end_id,triple_type)VALUES (1519, 2, 'Property',3, 7, 'auto'), (1519, 9, 'Agent',2, 2, 'auto'), (1519, 9, 'Source',10, 12, 'auto'), (1519, 15, 'Agent',14, 14, 'auto'), (1519, 15, 'Patient',16, 17, 'auto');
INSERT INTO Sentences (sentence_id, sentence, sentence_type)VALUES (1520, 'a surfer rides up the wave', 'auto');
INSERT INTO Words ( sentence_id,word_ID ,word,pos)VALUES (1520, 1, 'a', 'DT'), (1520, 2, 'surfer', 'NN'), (1520, 3, 'rides', 'VBZ'), (1520, 4, 'up', 'IN'), (1520, 5, 'the', 'DT'), (1520, 6, 'wave', 'NN');
INSERT INTO triples (sentence_id, predicate_id,relation,arg_start_id,arg_end_id,triple_type)VALUES (1520, 2, 'Property',3, 4, 'auto'), (1520, 2, 'Location',5, 6, 'auto'), (1520, 3, 'Agent',2, 2, 'auto'), (1520, 3, 'Patient',4, 6, 'auto');
INSERT INTO Sentences (sentence_id, sentence, sentence_type)VALUES (1521, 'Man falling off a blue surfboard in the ocean', 'auto');
INSERT INTO Words ( sentence_id,word_ID ,word,pos)VALUES (1521, 1, 'Man', 'NN'), (1521, 2, 'falling', 'VBG'), (1521, 3, 'off', 'RP'), (1521, 4, 'a', 'DT'), (1521, 5, 'blue', 'JJ'), (1521, 6, 'surfboard', 'NN'), (1521, 7, 'in', 'IN'), (1521, 8, 'the', 'DT'), (1521, 9, 'ocean', 'NN');
INSERT INTO triples (sentence_id, predicate_id,relation,arg_start_id,arg_end_id,triple_type)VALUES (1521, 1, 'Location',2, 9, 'auto'), (1521, 2, 'Agent',1, 1, 'auto'), (1521, 2, 'Source',3, 6, 'auto'), (1521, 2, 'Destination',7, 9, 'auto'), (1521, 6, 'Location',7, 9, 'auto');
INSERT INTO Sentences (sentence_id, sentence, sentence_type)VALUES (1522, 'The surfer is in the wave', 'auto');
INSERT INTO Words ( sentence_id,word_ID ,word,pos)VALUES (1522, 1, 'The', 'DT'), (1522, 2, 'surfer', 'NN'), (1522, 3, 'is', 'VBZ'), (1522, 4, 'in', 'IN'), (1522, 5, 'the', 'DT'), (1522, 6, 'wave', 'NN');
INSERT INTO triples (sentence_id, predicate_id,relation,arg_start_id,arg_end_id,triple_type)VALUES (1522, 2, 'Location',4, 6, 'auto'), (1522, 3, 'Patient',1, 2, 'auto'), (1522, 3, 'Location',4, 6, 'auto');
INSERT INTO Sentences (sentence_id, sentence, sentence_type)VALUES (1523, 'The surfer rides a wave on a blue surfboard', 'auto');
INSERT INTO Words ( sentence_id,word_ID ,word,pos)VALUES (1523, 1, 'The', 'DT'), (1523, 2, 'surfer', 'NN'), (1523, 3, 'rides', 'VBZ'), (1523, 4, 'a', 'DT'), (1523, 5, 'wave', 'NN'), (1523, 6, 'on', 'IN'), (1523, 7, 'a', 'DT'), (1523, 8, 'blue', 'JJ'), (1523, 9, 'surfboard', 'NN');
INSERT INTO triples (sentence_id, predicate_id,relation,arg_start_id,arg_end_id,triple_type)VALUES (1523, 2, 'Property',3, 9, 'auto'), (1523, 3, 'Agent',2, 2, 'auto'), (1523, 3, 'Patient',4, 5, 'auto'), (1523, 3, 'Instrument',6, 9, 'auto'), (1523, 9, 'Property',8, 8, 'auto');
INSERT INTO Sentences (sentence_id, sentence, sentence_type)VALUES (1524, 'A man doing a back flip off a box', 'auto');
INSERT INTO Words ( sentence_id,word_ID ,word,pos)VALUES (1524, 1, 'A', 'DT'), (1524, 2, 'man', 'NN'), (1524, 3, 'doing', 'VBG'), (1524, 4, 'a', 'DT'), (1524, 5, 'back', 'RB'), (1524, 6, 'flip', 'VB'), (1524, 7, 'off', 'RP'), (1524, 8, 'a', 'DT'), (1524, 9, 'box', 'NN');
INSERT INTO triples (sentence_id, predicate_id,relation,arg_start_id,arg_end_id,triple_type)VALUES (1524, 2, 'Property',3, 6, 'auto'), (1524, 2, 'Location',7, 9, 'auto'), (1524, 3, 'Agent',2, 2, 'auto'), (1524, 3, 'Patient',5, 6, 'auto'), (1524, 3, 'Source',7, 9, 'auto'), (1524, 6, 'Source',7, 9, 'auto');
INSERT INTO Sentences (sentence_id, sentence, sentence_type)VALUES (1525, 'A man jumps over another man doing a back flip', 'auto');
INSERT INTO Words ( sentence_id,word_ID ,word,pos)VALUES (1525, 1, 'A', 'DT'), (1525, 2, 'man', 'NN'), (1525, 3, 'jumps', 'VBZ'), (1525, 4, 'over', 'IN'), (1525, 5, 'another', 'DT'), (1525, 6, 'man', 'NN'), (1525, 7, 'doing', 'VBG'), (1525, 8, 'a', 'DT'), (1525, 9, 'back', 'RB'), (1525, 10, 'flip', 'JJ');
INSERT INTO triples (sentence_id, predicate_id,relation,arg_start_id,arg_end_id,triple_type)VALUES (1525, 2, 'Location',4, 6, 'auto'), (1525, 2, 'Property',7, 10, 'auto'), (1525, 3, 'Agent',2, 2, 'auto'), (1525, 3, 'Destination',4, 6, 'auto'), (1525, 6, 'Property',7, 10, 'auto'), (1525, 7, 'Agent',5, 6, 'auto'), (1525, 7, 'Patient',9, 10, 'auto');
INSERT INTO Sentences (sentence_id, sentence, sentence_type)VALUES (1526, 'Boys do skateboarding maneuvers with an American flag in the background', 'auto');
INSERT INTO Words ( sentence_id,word_ID ,word,pos)VALUES (1526, 1, 'Boys', 'NNS'), (1526, 2, 'do', 'VBP'), (1526, 3, 'skateboarding', 'NNP'), (1526, 4, 'maneuvers', 'NNS'), (1526, 5, 'with', 'IN'), (1526, 6, 'an', 'DT'), (1526, 7, 'American', 'JJ'), (1526, 8, 'flag', 'NN'), (1526, 9, 'in', 'IN'), (1526, 10, 'the', 'DT'), (1526, 11, 'background', 'NN');
INSERT INTO Sentences (sentence_id, sentence, sentence_type)VALUES (1527, 'One stuntman jumps over another stuntman who is doing a back flip from a wall', 'auto');
INSERT INTO Words ( sentence_id,word_ID ,word,pos)VALUES (1527, 1, 'One', 'CD'), (1527, 2, 'stuntman', 'NN'), (1527, 3, 'jumps', 'VBZ'), (1527, 4, 'over', 'IN'), (1527, 5, 'another', 'DT'), (1527, 6, 'stuntman', 'NN'), (1527, 7, 'who', 'WP'), (1527, 8, 'is', 'VBZ'), (1527, 9, 'doing', 'VBG'), (1527, 10, 'a', 'DT'), (1527, 11, 'back', 'RB'), (1527, 12, 'flip', 'JJ'), (1527, 13, 'from', 'IN'), (1527, 14, 'a', 'DT'), (1527, 15, 'wall', 'NN');
INSERT INTO triples (sentence_id, predicate_id,relation,arg_start_id,arg_end_id,triple_type)VALUES (1527, 3, 'Agent',2, 2, 'auto'), (1527, 3, 'Destination',5, 6, 'auto'), (1527, 9, 'Agent',5, 7, 'auto'), (1527, 9, 'Patient',11, 12, 'auto'), (1527, 9, 'Location',14, 15, 'auto');
INSERT INTO Sentences (sentence_id, sentence, sentence_type)VALUES (1528, 'Two men doing some jumps outside', 'auto');
INSERT INTO Words ( sentence_id,word_ID ,word,pos)VALUES (1528, 1, 'Two', 'CD'), (1528, 2, 'men', 'NNS'), (1528, 3, 'doing', 'VBG'), (1528, 4, 'some', 'DT'), (1528, 5, 'jumps', 'NNS'), (1528, 6, 'outside', 'IN');
INSERT INTO triples (sentence_id, predicate_id,relation,arg_start_id,arg_end_id,triple_type)VALUES (1528, 2, 'Location',6, 6, 'auto'), (1528, 3, 'Agent',2, 2, 'auto'), (1528, 3, 'Patient',4, 5, 'auto'), (1528, 3, 'Location',6, 6, 'auto');
INSERT INTO Sentences (sentence_id, sentence, sentence_type)VALUES (1529, 'Two dirt bike riders in mid-air', 'auto');
INSERT INTO Words ( sentence_id,word_ID ,word,pos)VALUES (1529, 1, 'Two', 'CD'), (1529, 2, 'dirt', 'NN'), (1529, 3, 'bike', 'NN'), (1529, 4, 'riders', 'NNS'), (1529, 5, 'in', 'IN'), (1529, 6, 'mid-air', 'NN');
INSERT INTO triples (sentence_id, predicate_id,relation,arg_start_id,arg_end_id,triple_type)VALUES (1529, 3, 'Property',1, 2, 'auto'), (1529, 3, 'Location',5, 6, 'auto'), (1529, 4, 'Property',1, 2, 'auto'), (1529, 4, 'Location',5, 6, 'auto');
INSERT INTO Sentences (sentence_id, sentence, sentence_type)VALUES (1530, 'Two motocross riders race on a dirt track', 'auto');
INSERT INTO Words ( sentence_id,word_ID ,word,pos)VALUES (1530, 1, 'Two', 'CD'), (1530, 2, 'motocross', 'NN'), (1530, 3, 'riders', 'NNS'), (1530, 4, 'race', 'VBP'), (1530, 5, 'on', 'IN'), (1530, 6, 'a', 'DT'), (1530, 7, 'dirt', 'NN'), (1530, 8, 'track', 'NN');
INSERT INTO triples (sentence_id, predicate_id,relation,arg_start_id,arg_end_id,triple_type)VALUES (1530, 4, 'Agent',3, 3, 'auto'), (1530, 4, 'Location',5, 8, 'auto');
INSERT INTO Sentences (sentence_id, sentence, sentence_type)VALUES (1531, 'Two motorcycles jump over a dirt hill', 'auto');
INSERT INTO Words ( sentence_id,word_ID ,word,pos)VALUES (1531, 1, 'Two', 'CD'), (1531, 2, 'motorcycles', 'NNS'), (1531, 3, 'jump', 'VBP'), (1531, 4, 'over', 'IN'), (1531, 5, 'a', 'DT'), (1531, 6, 'dirt', 'NN'), (1531, 7, 'hill', 'NN');
INSERT INTO triples (sentence_id, predicate_id,relation,arg_start_id,arg_end_id,triple_type)VALUES (1531, 3, 'Agent',2, 2, 'auto'), (1531, 3, 'Location',6, 7, 'auto'), (1531, 7, 'Property',5, 6, 'auto');
INSERT INTO Sentences (sentence_id, sentence, sentence_type)VALUES (1532, 'Two off-road bikers compete on a dirt course on a sunny day', 'auto');
INSERT INTO Words ( sentence_id,word_ID ,word,pos)VALUES (1532, 1, 'Two', 'CD'), (1532, 2, 'off-road', 'JJ'), (1532, 3, 'bikers', 'NNS'), (1532, 4, 'compete', 'VBP'), (1532, 5, 'on', 'IN'), (1532, 6, 'a', 'DT'), (1532, 7, 'dirt', 'NN'), (1532, 8, 'course', 'NN'), (1532, 9, 'on', 'IN'), (1532, 10, 'a', 'DT'), (1532, 11, 'sunny', 'JJ'), (1532, 12, 'day', 'NN');
INSERT INTO triples (sentence_id, predicate_id,relation,arg_start_id,arg_end_id,triple_type)VALUES (1532, 4, 'Agent',3, 3, 'auto'), (1532, 4, 'Location',5, 8, 'auto'), (1532, 4, 'Time',11, 12, 'auto');
INSERT INTO Sentences (sentence_id, sentence, sentence_type)VALUES (1533, 'two riders jumping on dirt bikes', 'auto');
INSERT INTO Words ( sentence_id,word_ID ,word,pos)VALUES (1533, 1, 'two', 'CD'), (1533, 2, 'riders', 'NNS'), (1533, 3, 'jumping', 'VBG'), (1533, 4, 'on', 'IN'), (1533, 5, 'dirt', 'NN'), (1533, 6, 'bikes', 'NNS');
INSERT INTO triples (sentence_id, predicate_id,relation,arg_start_id,arg_end_id,triple_type)VALUES (1533, 3, 'Agent',2, 2, 'auto'), (1533, 3, 'Instrument',4, 6, 'auto');
INSERT INTO Sentences (sentence_id, sentence, sentence_type)VALUES (1534, 'A man in a white sports uniform tries to fend off another player in a black and yellow uniform while the ball floats in mid air', 'auto');
INSERT INTO Words ( sentence_id,word_ID ,word,pos)VALUES (1534, 1, 'A', 'DT'), (1534, 2, 'man', 'NN'), (1534, 3, 'in', 'IN'), (1534, 4, 'a', 'DT'), (1534, 5, 'white', 'JJ'), (1534, 6, 'sports', 'NNS'), (1534, 7, 'uniform', 'JJ'), (1534, 8, 'tries', 'VBZ'), (1534, 9, 'to', 'TO'), (1534, 10, 'fend', 'VB'), (1534, 11, 'off', 'RP'), (1534, 12, 'another', 'DT'), (1534, 13, 'player', 'NN'), (1534, 14, 'in', 'IN'), (1534, 15, 'a', 'DT'), (1534, 16, 'black', 'JJ'), (1534, 17, 'and', 'CC'), (1534, 18, 'yellow', 'JJ'), (1534, 19, 'uniform', 'NN'), (1534, 20, 'while', 'IN'), (1534, 21, 'the', 'DT'), (1534, 22, 'ball', 'NN'), (1534, 23, 'floats', 'VBZ'), (1534, 24, 'in', 'IN'), (1534, 25, 'mid', 'JJ'), (1534, 26, 'air', 'NN');
INSERT INTO triples (sentence_id, predicate_id,relation,arg_start_id,arg_end_id,triple_type)VALUES (1534, 2, 'Property',3, 7, 'auto'), (1534, 8, 'Agent',2, 2, 'auto'), (1534, 8, 'Beneficiary',9, 11, 'auto'), (1534, 10, 'Agent',2, 2, 'auto'), (1534, 10, 'Patient',12, 13, 'auto'), (1534, 13, 'Property',16, 19, 'auto'), (1534, 22, 'Location',24, 26, 'auto'), (1534, 23, 'Patient',22, 22, 'auto'), (1534, 23, 'Location',24, 26, 'auto');
INSERT INTO Sentences (sentence_id, sentence, sentence_type)VALUES (1535, 'Two soccer opponents run and fight for the soocerball on a grassy field', 'auto');
INSERT INTO Words ( sentence_id,word_ID ,word,pos)VALUES (1535, 1, 'Two', 'CD'), (1535, 2, 'soccer', 'NN'), (1535, 3, 'opponents', 'NNS'), (1535, 4, 'run', 'VBP'), (1535, 5, 'and', 'CC'), (1535, 6, 'fight', 'VBP'), (1535, 7, 'for', 'IN'), (1535, 8, 'the', 'DT'), (1535, 9, 'soocerball', 'NN'), (1535, 10, 'on', 'IN'), (1535, 11, 'a', 'DT'), (1535, 12, 'grassy', 'JJ'), (1535, 13, 'field', 'NN');
INSERT INTO triples (sentence_id, predicate_id,relation,arg_start_id,arg_end_id,triple_type)VALUES (1535, 4, 'Agent',3, 3, 'auto'), (1535, 4, 'Location',10, 13, 'auto'), (1535, 6, 'Beneficiary',7, 9, 'auto'), (1535, 6, 'Location',10, 13, 'auto');
INSERT INTO Sentences (sentence_id, sentence, sentence_type)VALUES (1536, 'Two soccer players are going after the ball', 'auto');
INSERT INTO Words ( sentence_id,word_ID ,word,pos)VALUES (1536, 1, 'Two', 'CD'), (1536, 2, 'soccer', 'NN'), (1536, 3, 'players', 'NNS'), (1536, 4, 'are', 'VBP'), (1536, 5, 'going', 'VBG'), (1536, 6, 'after', 'IN'), (1536, 7, 'the', 'DT'), (1536, 8, 'ball', 'NN');
INSERT INTO triples (sentence_id, predicate_id,relation,arg_start_id,arg_end_id,triple_type)VALUES (1536, 3, 'Property',1, 2, 'auto'), (1536, 5, 'Agent',3, 3, 'auto'), (1536, 5, 'Beneficiary',6, 8, 'auto');
INSERT INTO Sentences (sentence_id, sentence, sentence_type)VALUES (1537, 'Two soccer players battle for the ball during an intense match', 'auto');
INSERT INTO Words ( sentence_id,word_ID ,word,pos)VALUES (1537, 1, 'Two', 'CD'), (1537, 2, 'soccer', 'NN'), (1537, 3, 'players', 'NNS'), (1537, 4, 'battle', 'VBP'), (1537, 5, 'for', 'IN'), (1537, 6, 'the', 'DT'), (1537, 7, 'ball', 'NN'), (1537, 8, 'during', 'IN'), (1537, 9, 'an', 'DT'), (1537, 10, 'intense', 'JJ'), (1537, 11, 'match', 'NN');
INSERT INTO triples (sentence_id, predicate_id,relation,arg_start_id,arg_end_id,triple_type)VALUES (1537, 3, 'Property',1, 2, 'auto'), (1537, 4, 'Agent',3, 3, 'auto'), (1537, 4, 'Beneficiary',5, 7, 'auto'), (1537, 4, 'Location',8, 11, 'auto'), (1537, 7, 'Location',8, 11, 'auto');
INSERT INTO Sentences (sentence_id, sentence, sentence_type)VALUES (1538, 'Two young men on opposing soccer teams are competing to get the ball on a soccer field', 'auto');
INSERT INTO Words ( sentence_id,word_ID ,word,pos)VALUES (1538, 1, 'Two', 'CD'), (1538, 2, 'young', 'JJ'), (1538, 3, 'men', 'NNS'), (1538, 4, 'on', 'IN'), (1538, 5, 'opposing', 'JJ'), (1538, 6, 'soccer', 'NN'), (1538, 7, 'teams', 'NNS'), (1538, 8, 'are', 'VBP'), (1538, 9, 'competing', 'VBG'), (1538, 10, 'to', 'TO'), (1538, 11, 'get', 'VB'), (1538, 12, 'the', 'DT'), (1538, 13, 'ball', 'NN'), (1538, 14, 'on', 'IN'), (1538, 15, 'a', 'DT'), (1538, 16, 'soccer', 'NN'), (1538, 17, 'field', 'NN');
INSERT INTO triples (sentence_id, predicate_id,relation,arg_start_id,arg_end_id,triple_type)VALUES (1538, 3, 'Property',4, 13, 'auto'), (1538, 3, 'Location',14, 17, 'auto'), (1538, 9, 'Agent',3, 3, 'auto'), (1538, 9, 'Beneficiary',10, 13, 'auto'), (1538, 9, 'Location',14, 17, 'auto'), (1538, 11, 'Agent',3, 3, 'auto'), (1538, 11, 'Patient',12, 13, 'auto'), (1538, 13, 'Location',14, 17, 'auto');
INSERT INTO Sentences (sentence_id, sentence, sentence_type)VALUES (1539, 'A baseball player argues with the catcher', 'auto');
INSERT INTO Words ( sentence_id,word_ID ,word,pos)VALUES (1539, 1, 'A', 'DT'), (1539, 2, 'baseball', 'NN'), (1539, 3, 'player', 'NN'), (1539, 4, 'argues', 'VBZ'), (1539, 5, 'with', 'IN'), (1539, 6, 'the', 'DT'), (1539, 7, 'catcher', 'NN');
INSERT INTO triples (sentence_id, predicate_id,relation,arg_start_id,arg_end_id,triple_type)VALUES (1539, 3, 'Property',2, 2, 'auto'), (1539, 4, 'Agent',3, 3, 'auto'), (1539, 4, 'Patient',5, 7, 'auto');
INSERT INTO Sentences (sentence_id, sentence, sentence_type)VALUES (1540, 'A pitcher and catcher celebrate striking another baseball player out in a pro game', 'auto');
INSERT INTO Words ( sentence_id,word_ID ,word,pos)VALUES (1540, 1, 'A', 'DT'), (1540, 2, 'pitcher', 'NN'), (1540, 3, 'and', 'CC'), (1540, 4, 'catcher', 'NN'), (1540, 5, 'celebrate', 'VBP'), (1540, 6, 'striking', 'JJ'), (1540, 7, 'another', 'DT'), (1540, 8, 'baseball', 'NN'), (1540, 9, 'player', 'NN'), (1540, 10, 'out', 'IN'), (1540, 11, 'in', 'IN'), (1540, 12, 'a', 'DT'), (1540, 13, 'pro', 'JJ'), (1540, 14, 'game', 'NN');
INSERT INTO triples (sentence_id, predicate_id,relation,arg_start_id,arg_end_id,triple_type)VALUES (1540, 2, 'Property',3, 10, 'auto'), (1540, 2, 'Location',11, 14, 'auto'), (1540, 5, 'Agent',2, 4, 'auto'), (1540, 5, 'Patient',6, 10, 'auto'), (1540, 5, 'Location',11, 14, 'auto'), (1540, 9, 'Location',14, 14, 'auto');
INSERT INTO Sentences (sentence_id, sentence, sentence_type)VALUES (1541, 'A pitcher and catcher get ready to hug after striking out a ball player', 'auto');
INSERT INTO Words ( sentence_id,word_ID ,word,pos)VALUES (1541, 1, 'A', 'DT'), (1541, 2, 'pitcher', 'NN'), (1541, 3, 'and', 'CC'), (1541, 4, 'catcher', 'NN'), (1541, 5, 'get', 'VBP'), (1541, 6, 'ready', 'JJ'), (1541, 7, 'to', 'TO'), (1541, 8, 'hug', 'VB'), (1541, 9, 'after', 'IN'), (1541, 10, 'striking', 'VBG'), (1541, 11, 'out', 'RP'), (1541, 12, 'a', 'DT'), (1541, 13, 'ball', 'NN'), (1541, 14, 'player', 'NN');
INSERT INTO triples (sentence_id, predicate_id,relation,arg_start_id,arg_end_id,triple_type)VALUES (1541, 5, 'Agent',2, 4, 'auto'), (1541, 5, 'Patient',6, 6, 'auto'), (1541, 5, 'Beneficiary',7, 10, 'auto'), (1541, 8, 'Agent',2, 4, 'auto'), (1541, 10, 'Agent',2, 4, 'auto'), (1541, 10, 'Location',11, 11, 'auto'), (1541, 10, 'Patient',13, 14, 'auto');
INSERT INTO Sentences (sentence_id, sentence, sentence_type)VALUES (1542, 'The baseball players near the pitching mound are celebrating as the batsman walks away', 'auto');
INSERT INTO Words ( sentence_id,word_ID ,word,pos)VALUES (1542, 1, 'The', 'DT'), (1542, 2, 'baseball', 'NN'), (1542, 3, 'players', 'NNS'), (1542, 4, 'near', 'IN'), (1542, 5, 'the', 'DT'), (1542, 6, 'pitching', 'JJ'), (1542, 7, 'mound', 'NN'), (1542, 8, 'are', 'VBP'), (1542, 9, 'celebrating', 'VBG'), (1542, 10, 'as', 'IN'), (1542, 11, 'the', 'DT'), (1542, 12, 'batsman', 'NN'), (1542, 13, 'walks', 'VBZ'), (1542, 14, 'away', 'RB');
INSERT INTO triples (sentence_id, predicate_id,relation,arg_start_id,arg_end_id,triple_type)VALUES (1542, 3, 'Property',2, 2, 'auto'), (1542, 3, 'Location',4, 7, 'auto'), (1542, 9, 'Agent',3, 3, 'auto'), (1542, 13, 'Agent',12, 12, 'auto'), (1542, 13, 'Destination',14, 14, 'auto');
INSERT INTO Sentences (sentence_id, sentence, sentence_type)VALUES (1543, 'Two professional baseball players during a game , one more in the background', 'auto');
INSERT INTO Words ( sentence_id,word_ID ,word,pos)VALUES (1543, 1, 'Two', 'CD'), (1543, 2, 'professional', 'JJ'), (1543, 3, 'baseball', 'NN'), (1543, 4, 'players', 'NNS'), (1543, 5, 'during', 'IN'), (1543, 6, 'a', 'DT'), (1543, 7, 'game', 'NN'), (1543, 8, ',', ','), (1543, 9, 'one', 'CD'), (1543, 10, 'more', 'JJR'), (1543, 11, 'in', 'IN'), (1543, 12, 'the', 'DT'), (1543, 13, 'background', 'NN');
INSERT INTO triples (sentence_id, predicate_id,relation,arg_start_id,arg_end_id,triple_type)VALUES (1543, 4, 'Property',1, 3, 'auto'), (1543, 9, 'Location',11, 13, 'auto');
INSERT INTO Sentences (sentence_id, sentence, sentence_type)VALUES (1544, 'A clown with a big hat riding a bicycle', 'auto');
INSERT INTO Words ( sentence_id,word_ID ,word,pos)VALUES (1544, 1, 'A', 'DT'), (1544, 2, 'clown', 'NN'), (1544, 3, 'with', 'IN'), (1544, 4, 'a', 'DT'), (1544, 5, 'big', 'JJ'), (1544, 6, 'hat', 'NN'), (1544, 7, 'riding', 'VBG'), (1544, 8, 'a', 'DT'), (1544, 9, 'bicycle', 'NN');
INSERT INTO triples (sentence_id, predicate_id,relation,arg_start_id,arg_end_id,triple_type)VALUES (1544, 2, 'Property',3, 6, 'auto'), (1544, 7, 'Agent',2, 2, 'auto'), (1544, 7, 'Patient',8, 9, 'auto');
INSERT INTO Sentences (sentence_id, sentence, sentence_type)VALUES (1545, 'A man dressed as a clown riding a bicycle in a race', 'auto');
INSERT INTO Words ( sentence_id,word_ID ,word,pos)VALUES (1545, 1, 'A', 'DT'), (1545, 2, 'man', 'NN'), (1545, 3, 'dressed', 'VBN'), (1545, 4, 'as', 'IN'), (1545, 5, 'a', 'DT'), (1545, 6, 'clown', 'NN'), (1545, 7, 'riding', 'VBG'), (1545, 8, 'a', 'DT'), (1545, 9, 'bicycle', 'NN'), (1545, 10, 'in', 'IN'), (1545, 11, 'a', 'DT'), (1545, 12, 'race', 'NN');
INSERT INTO triples (sentence_id, predicate_id,relation,arg_start_id,arg_end_id,triple_type)VALUES (1545, 2, 'Property',3, 6, 'auto'), (1545, 2, 'Location',8, 12, 'auto'), (1545, 3, 'Agent',2, 2, 'auto'), (1545, 3, 'Patient',6, 6, 'auto'), (1545, 7, 'Agent',2, 2, 'auto'), (1545, 7, 'Patient',8, 9, 'auto'), (1545, 7, 'Location',12, 12, 'auto'), (1545, 9, 'Location',10, 12, 'auto');
INSERT INTO Sentences (sentence_id, sentence, sentence_type)VALUES (1546, 'A man dressed in a white suit with a red cowboy hat riding a bike', 'auto');
INSERT INTO Words ( sentence_id,word_ID ,word,pos)VALUES (1546, 1, 'A', 'DT'), (1546, 2, 'man', 'NN'), (1546, 3, 'dressed', 'VBN'), (1546, 4, 'in', 'IN'), (1546, 5, 'a', 'DT'), (1546, 6, 'white', 'JJ'), (1546, 7, 'suit', 'NN'), (1546, 8, 'with', 'IN'), (1546, 9, 'a', 'DT'), (1546, 10, 'red', 'JJ'), (1546, 11, 'cowboy', 'NN'), (1546, 12, 'hat', 'NN'), (1546, 13, 'riding', 'VBG'), (1546, 14, 'a', 'DT'), (1546, 15, 'bike', 'NN');
INSERT INTO triples (sentence_id, predicate_id,relation,arg_start_id,arg_end_id,triple_type)VALUES (1546, 2, 'Property',3, 12, 'auto'), (1546, 3, 'Agent',2, 2, 'auto'), (1546, 3, 'Patient',4, 12, 'auto'), (1546, 13, 'Agent',2, 2, 'auto'), (1546, 13, 'Patient',14, 15, 'auto');
INSERT INTO Sentences (sentence_id, sentence, sentence_type)VALUES (1547, 'A person in face paint and an orange oversized cowboy hat rides his bike on a trail', 'auto');
INSERT INTO Words ( sentence_id,word_ID ,word,pos)VALUES (1547, 1, 'A', 'DT'), (1547, 2, 'person', 'NN'), (1547, 3, 'in', 'IN'), (1547, 4, 'face', 'NN'), (1547, 5, 'paint', 'NN'), (1547, 6, 'and', 'CC'), (1547, 7, 'an', 'DT'), (1547, 8, 'orange', 'JJ'), (1547, 9, 'oversized', 'JJ'), (1547, 10, 'cowboy', 'NN'), (1547, 11, 'hat', 'NN'), (1547, 12, 'rides', 'VBZ'), (1547, 13, 'his', 'PRP$'), (1547, 14, 'bike', 'NN'), (1547, 15, 'on', 'IN'), (1547, 16, 'a', 'DT'), (1547, 17, 'trail', 'NN');
INSERT INTO triples (sentence_id, predicate_id,relation,arg_start_id,arg_end_id,triple_type)VALUES (1547, 2, 'Property',3, 14, 'auto'), (1547, 2, 'Location',15, 17, 'auto'), (1547, 12, 'Agent',2, 2, 'auto'), (1547, 12, 'Patient',13, 14, 'auto'), (1547, 12, 'Location',15, 17, 'auto'), (1547, 14, 'Location',15, 17, 'auto');
INSERT INTO Sentences (sentence_id, sentence, sentence_type)VALUES (1548, 'The man in the clown costume and hat is riding a bike', 'auto');
INSERT INTO Words ( sentence_id,word_ID ,word,pos)VALUES (1548, 1, 'The', 'DT'), (1548, 2, 'man', 'NN'), (1548, 3, 'in', 'IN'), (1548, 4, 'the', 'DT'), (1548, 5, 'clown', 'JJ'), (1548, 6, 'costume', 'NN'), (1548, 7, 'and', 'CC'), (1548, 8, 'hat', 'NN'), (1548, 9, 'is', 'VBZ'), (1548, 10, 'riding', 'VBG'), (1548, 11, 'a', 'DT'), (1548, 12, 'bike', 'NN');
INSERT INTO triples (sentence_id, predicate_id,relation,arg_start_id,arg_end_id,triple_type)VALUES (1548, 2, 'Property',3, 8, 'auto'), (1548, 2, 'Location',12, 12, 'auto'), (1548, 10, 'Agent',2, 2, 'auto'), (1548, 10, 'Patient',11, 12, 'auto');
INSERT INTO Sentences (sentence_id, sentence, sentence_type)VALUES (1549, 'A man in a red soccer uniform getting ready to kick the ball', 'auto');
INSERT INTO Words ( sentence_id,word_ID ,word,pos)VALUES (1549, 1, 'A', 'DT'), (1549, 2, 'man', 'NN'), (1549, 3, 'in', 'IN'), (1549, 4, 'a', 'DT'), (1549, 5, 'red', 'JJ'), (1549, 6, 'soccer', 'NN'), (1549, 7, 'uniform', 'NN'), (1549, 8, 'getting', 'VBG'), (1549, 9, 'ready', 'JJ'), (1549, 10, 'to', 'TO'), (1549, 11, 'kick', 'VB'), (1549, 12, 'the', 'DT'), (1549, 13, 'ball', 'NN');
INSERT INTO triples (sentence_id, predicate_id,relation,arg_start_id,arg_end_id,triple_type)VALUES (1549, 2, 'Property',3, 7, 'auto'), (1549, 8, 'Agent',2, 2, 'auto'), (1549, 8, 'Patient',9, 9, 'auto'), (1549, 8, 'Beneficiary',10, 13, 'auto'), (1549, 11, 'Agent',2, 2, 'auto'), (1549, 11, 'Patient',12, 13, 'auto');
INSERT INTO Sentences (sentence_id, sentence, sentence_type)VALUES (1550, 'A man in a red uniform plays in a soccer game', 'auto');
INSERT INTO Words ( sentence_id,word_ID ,word,pos)VALUES (1550, 1, 'A', 'DT'), (1550, 2, 'man', 'NN'), (1550, 3, 'in', 'IN'), (1550, 4, 'a', 'DT'), (1550, 5, 'red', 'JJ'), (1550, 6, 'uniform', 'NN'), (1550, 7, 'plays', 'VBZ'), (1550, 8, 'in', 'IN'), (1550, 9, 'a', 'DT'), (1550, 10, 'soccer', 'NN'), (1550, 11, 'game', 'NN');
INSERT INTO triples (sentence_id, predicate_id,relation,arg_start_id,arg_end_id,triple_type)VALUES (1550, 2, 'Property',3, 6, 'auto'), (1550, 2, 'Location',10, 11, 'auto'), (1550, 7, 'Agent',2, 2, 'auto'), (1550, 7, 'Location',10, 11, 'auto');
INSERT INTO Sentences (sentence_id, sentence, sentence_type)VALUES (1551, 'A man in a red uniform runs towards a soccer ball on a field', 'auto');
INSERT INTO Words ( sentence_id,word_ID ,word,pos)VALUES (1551, 1, 'A', 'DT'), (1551, 2, 'man', 'NN'), (1551, 3, 'in', 'IN'), (1551, 4, 'a', 'DT'), (1551, 5, 'red', 'JJ'), (1551, 6, 'uniform', 'NN'), (1551, 7, 'runs', 'VBZ'), (1551, 8, 'towards', 'IN'), (1551, 9, 'a', 'DT'), (1551, 10, 'soccer', 'NN'), (1551, 11, 'ball', 'NN'), (1551, 12, 'on', 'IN'), (1551, 13, 'a', 'DT'), (1551, 14, 'field', 'NN');
INSERT INTO triples (sentence_id, predicate_id,relation,arg_start_id,arg_end_id,triple_type)VALUES (1551, 2, 'Property',3, 11, 'auto'), (1551, 2, 'Location',13, 14, 'auto'), (1551, 7, 'Agent',2, 2, 'auto'), (1551, 7, 'Beneficiary',8, 10, 'auto'), (1551, 7, 'Destination',11, 11, 'auto'), (1551, 7, 'Location',13, 14, 'auto'), (1551, 11, 'Location',12, 14, 'auto');
INSERT INTO Sentences (sentence_id, sentence, sentence_type)VALUES (1552, 'A player in a red uniform gets ready to kick the ball during a soccer match , as the crowd watches', 'auto');
INSERT INTO Words ( sentence_id,word_ID ,word,pos)VALUES (1552, 1, 'A', 'DT'), (1552, 2, 'player', 'NN'), (1552, 3, 'in', 'IN'), (1552, 4, 'a', 'DT'), (1552, 5, 'red', 'JJ'), (1552, 6, 'uniform', 'NN'), (1552, 7, 'gets', 'VBZ'), (1552, 8, 'ready', 'JJ'), (1552, 9, 'to', 'TO'), (1552, 10, 'kick', 'VB'), (1552, 11, 'the', 'DT'), (1552, 12, 'ball', 'NN'), (1552, 13, 'during', 'IN'), (1552, 14, 'a', 'DT'), (1552, 15, 'soccer', 'NN'), (1552, 16, 'match', 'NN'), (1552, 17, ',', ','), (1552, 18, 'as', 'IN'), (1552, 19, 'the', 'DT'), (1552, 20, 'crowd', 'NN'), (1552, 21, 'watches', 'NNS');
INSERT INTO triples (sentence_id, predicate_id,relation,arg_start_id,arg_end_id,triple_type)VALUES (1552, 2, 'Property',3, 6, 'auto'), (1552, 2, 'Location',15, 16, 'auto'), (1552, 7, 'Agent',2, 2, 'auto'), (1552, 7, 'Patient',8, 8, 'auto'), (1552, 7, 'Beneficiary',9, 12, 'auto'), (1552, 10, 'Agent',2, 2, 'auto'), (1552, 10, 'Patient',11, 12, 'auto'), (1552, 10, 'Location',15, 16, 'auto'), (1552, 12, 'Location',13, 16, 'auto'), (1552, 21, 'Agent',19, 20, 'auto');
INSERT INTO Sentences (sentence_id, sentence, sentence_type)VALUES (1553, 'A soccer player in red uniform runs after a soccer ball', 'auto');
INSERT INTO Words ( sentence_id,word_ID ,word,pos)VALUES (1553, 1, 'A', 'DT'), (1553, 2, 'soccer', 'NN'), (1553, 3, 'player', 'NN'), (1553, 4, 'in', 'IN'), (1553, 5, 'red', 'JJ'), (1553, 6, 'uniform', 'JJ'), (1553, 7, 'runs', 'VBZ'), (1553, 8, 'after', 'IN'), (1553, 9, 'a', 'DT'), (1553, 10, 'soccer', 'NN'), (1553, 11, 'ball', 'NN');
INSERT INTO triples (sentence_id, predicate_id,relation,arg_start_id,arg_end_id,triple_type)VALUES (1553, 3, 'Property',4, 6, 'auto'), (1553, 7, 'Agent',3, 3, 'auto'), (1553, 7, 'Destination',8, 11, 'auto');
INSERT INTO Sentences (sentence_id, sentence, sentence_type)VALUES (1554, 'A dirt bike rider catches some air going off a large hill', 'auto');
INSERT INTO Words ( sentence_id,word_ID ,word,pos)VALUES (1554, 1, 'A', 'DT'), (1554, 2, 'dirt', 'NN'), (1554, 3, 'bike', 'NN'), (1554, 4, 'rider', 'NN'), (1554, 5, 'catches', 'VBZ'), (1554, 6, 'some', 'DT'), (1554, 7, 'air', 'NN'), (1554, 8, 'going', 'VBG'), (1554, 9, 'off', 'RP'), (1554, 10, 'a', 'DT'), (1554, 11, 'large', 'JJ'), (1554, 12, 'hill', 'NN');
INSERT INTO triples (sentence_id, predicate_id,relation,arg_start_id,arg_end_id,triple_type)VALUES (1554, 3, 'Property',1, 2, 'auto'), (1554, 4, 'Property',1, 3, 'auto'), (1554, 5, 'Agent',4, 4, 'auto'), (1554, 5, 'Patient',6, 7, 'auto'), (1554, 8, 'Source',9, 12, 'auto'), (1554, 12, 'Property',11, 11, 'auto');
INSERT INTO Sentences (sentence_id, sentence, sentence_type)VALUES (1555, 'A dirt biker on a sand dune', 'auto');
INSERT INTO Words ( sentence_id,word_ID ,word,pos)VALUES (1555, 1, 'A', 'DT'), (1555, 2, 'dirt', 'NN'), (1555, 3, 'biker', 'NN'), (1555, 4, 'on', 'IN'), (1555, 5, 'a', 'DT'), (1555, 6, 'sand', 'NN'), (1555, 7, 'dune', 'NN');
INSERT INTO triples (sentence_id, predicate_id,relation,arg_start_id,arg_end_id,triple_type)VALUES (1555, 3, 'Property',1, 2, 'auto'), (1555, 3, 'Location',4, 7, 'auto');
INSERT INTO Sentences (sentence_id, sentence, sentence_type)VALUES (1556, 'A man is jumping a rock on an orange dirt bike', 'auto');
INSERT INTO Words ( sentence_id,word_ID ,word,pos)VALUES (1556, 1, 'A', 'DT'), (1556, 2, 'man', 'NN'), (1556, 3, 'is', 'VBZ'), (1556, 4, 'jumping', 'VBG'), (1556, 5, 'a', 'DT'), (1556, 6, 'rock', 'NN'), (1556, 7, 'on', 'IN'), (1556, 8, 'an', 'DT'), (1556, 9, 'orange', 'JJ'), (1556, 10, 'dirt', 'NN'), (1556, 11, 'bike', 'NN');
INSERT INTO triples (sentence_id, predicate_id,relation,arg_start_id,arg_end_id,triple_type)VALUES (1556, 2, 'Location',3, 11, 'auto'), (1556, 4, 'Agent',2, 2, 'auto'), (1556, 4, 'Patient',5, 6, 'auto'), (1556, 4, 'Instrument',11, 11, 'auto'), (1556, 11, 'Property',9, 10, 'auto');
INSERT INTO Sentences (sentence_id, sentence, sentence_type)VALUES (1557, 'A man on a motorbike riding down a steep rock face', 'auto');
INSERT INTO Words ( sentence_id,word_ID ,word,pos)VALUES (1557, 1, 'A', 'DT'), (1557, 2, 'man', 'NN'), (1557, 3, 'on', 'IN'), (1557, 4, 'a', 'DT'), (1557, 5, 'motorbike', 'NN'), (1557, 6, 'riding', 'VBG'), (1557, 7, 'down', 'RP'), (1557, 8, 'a', 'DT'), (1557, 9, 'steep', 'JJ'), (1557, 10, 'rock', 'NN'), (1557, 11, 'face', 'NN');
INSERT INTO triples (sentence_id, predicate_id,relation,arg_start_id,arg_end_id,triple_type)VALUES (1557, 2, 'Property',5, 5, 'auto'), (1557, 2, 'Location',11, 11, 'auto'), (1557, 6, 'Agent',2, 2, 'auto'), (1557, 6, 'Destination',7, 7, 'auto'), (1557, 6, 'Patient',8, 11, 'auto');
INSERT INTO Sentences (sentence_id, sentence, sentence_type)VALUES (1558, 'A motocross bike rider is riding his bike through a quarry', 'auto');
INSERT INTO Words ( sentence_id,word_ID ,word,pos)VALUES (1558, 1, 'A', 'DT'), (1558, 2, 'motocross', 'NN'), (1558, 3, 'bike', 'NN'), (1558, 4, 'rider', 'NN'), (1558, 5, 'is', 'VBZ'), (1558, 6, 'riding', 'VBG'), (1558, 7, 'his', 'PRP$'), (1558, 8, 'bike', 'NN'), (1558, 9, 'through', 'IN'), (1558, 10, 'a', 'DT'), (1558, 11, 'quarry', 'NN');
INSERT INTO Sentences (sentence_id, sentence, sentence_type)VALUES (1559, 'A boy is doing a stunt with his skateboard', 'auto');
INSERT INTO Words ( sentence_id,word_ID ,word,pos)VALUES (1559, 1, 'A', 'DT'), (1559, 2, 'boy', 'NN'), (1559, 3, 'is', 'VBZ'), (1559, 4, 'doing', 'VBG'), (1559, 5, 'a', 'DT'), (1559, 6, 'stunt', 'NN'), (1559, 7, 'with', 'IN'), (1559, 8, 'his', 'PRP$'), (1559, 9, 'skateboard', 'NN');
INSERT INTO triples (sentence_id, predicate_id,relation,arg_start_id,arg_end_id,triple_type)VALUES (1559, 2, 'Property',7, 9, 'auto'), (1559, 4, 'Agent',2, 2, 'auto'), (1559, 4, 'Patient',6, 6, 'auto'), (1559, 4, 'Instrument',7, 9, 'auto'), (1559, 9, 'Property',8, 8, 'auto');
INSERT INTO Sentences (sentence_id, sentence, sentence_type)VALUES (1560, 'A boy jumping a rail on his skateboard', 'auto');
INSERT INTO Words ( sentence_id,word_ID ,word,pos)VALUES (1560, 1, 'A', 'DT'), (1560, 2, 'boy', 'NN'), (1560, 3, 'jumping', 'VBG'), (1560, 4, 'a', 'DT'), (1560, 5, 'rail', 'NN'), (1560, 6, 'on', 'IN'), (1560, 7, 'his', 'PRP$'), (1560, 8, 'skateboard', 'NN');
INSERT INTO triples (sentence_id, predicate_id,relation,arg_start_id,arg_end_id,triple_type)VALUES (1560, 2, 'Property',7, 8, 'auto'), (1560, 3, 'Agent',2, 2, 'auto'), (1560, 3, 'Patient',4, 5, 'auto'), (1560, 3, 'Instrument',6, 8, 'auto');
INSERT INTO Sentences (sentence_id, sentence, sentence_type)VALUES (1561, 'A boy skateboarding', 'auto');
INSERT INTO Words ( sentence_id,word_ID ,word,pos)VALUES (1561, 1, 'A', 'DT'), (1561, 2, 'boy', 'NN'), (1561, 3, 'skateboarding', 'VBG');
INSERT INTO triples (sentence_id, predicate_id,relation,arg_start_id,arg_end_id,triple_type)VALUES (1561, 3, 'Agent',2, 2, 'auto');
INSERT INTO Sentences (sentence_id, sentence, sentence_type)VALUES (1562, 'A young boy wearing a black shirt and brown pants practices jumping over a low bar on a skateboard', 'auto');
INSERT INTO Words ( sentence_id,word_ID ,word,pos)VALUES (1562, 1, 'A', 'DT'), (1562, 2, 'young', 'JJ'), (1562, 3, 'boy', 'NN'), (1562, 4, 'wearing', 'VBG'), (1562, 5, 'a', 'DT'), (1562, 6, 'black', 'JJ'), (1562, 7, 'shirt', 'NN'), (1562, 8, 'and', 'CC'), (1562, 9, 'brown', 'JJ'), (1562, 10, 'pants', 'NNS'), (1562, 11, 'practices', 'VBZ'), (1562, 12, 'jumping', 'VBG'), (1562, 13, 'over', 'RP'), (1562, 14, 'a', 'DT'), (1562, 15, 'low', 'JJ'), (1562, 16, 'bar', 'NN'), (1562, 17, 'on', 'IN'), (1562, 18, 'a', 'DT'), (1562, 19, 'skateboard', 'NN');
INSERT INTO triples (sentence_id, predicate_id,relation,arg_start_id,arg_end_id,triple_type)VALUES (1562, 3, 'Property',4, 12, 'auto'), (1562, 3, 'Location',17, 19, 'auto'), (1562, 4, 'Agent',3, 3, 'auto'), (1562, 4, 'Patient',5, 10, 'auto'), (1562, 11, 'Agent',3, 3, 'auto'), (1562, 11, 'Patient',12, 12, 'auto'), (1562, 11, 'Instrument',17, 19, 'auto'), (1562, 12, 'Agent',3, 3, 'auto'), (1562, 12, 'Destination',16, 16, 'auto'), (1562, 12, 'Instrument',17, 19, 'auto');
INSERT INTO Sentences (sentence_id, sentence, sentence_type)VALUES (1563, 'boy doing tricks on a skateboard', 'auto');
INSERT INTO Words ( sentence_id,word_ID ,word,pos)VALUES (1563, 1, 'boy', 'NN'), (1563, 2, 'doing', 'VBG'), (1563, 3, 'tricks', 'NNS'), (1563, 4, 'on', 'IN'), (1563, 5, 'a', 'DT'), (1563, 6, 'skateboard', 'NN');
INSERT INTO triples (sentence_id, predicate_id,relation,arg_start_id,arg_end_id,triple_type)VALUES (1563, 1, 'Property',3, 3, 'auto'), (1563, 1, 'Location',4, 6, 'auto'), (1563, 2, 'Agent',1, 1, 'auto'), (1563, 2, 'Patient',3, 3, 'auto'), (1563, 2, 'Instrument',4, 6, 'auto');
INSERT INTO Sentences (sentence_id, sentence, sentence_type)VALUES (1564, 'A man with a skateboard performs a trick', 'auto');
INSERT INTO Words ( sentence_id,word_ID ,word,pos)VALUES (1564, 1, 'A', 'DT'), (1564, 2, 'man', 'NN'), (1564, 3, 'with', 'IN'), (1564, 4, 'a', 'DT'), (1564, 5, 'skateboard', 'NN'), (1564, 6, 'performs', 'VBZ'), (1564, 7, 'a', 'DT'), (1564, 8, 'trick', 'NN');
INSERT INTO triples (sentence_id, predicate_id,relation,arg_start_id,arg_end_id,triple_type)VALUES (1564, 2, 'Property',3, 5, 'auto'), (1564, 6, 'Agent',2, 2, 'auto'), (1564, 6, 'Instrument',3, 5, 'auto'), (1564, 6, 'Patient',7, 8, 'auto');
INSERT INTO Sentences (sentence_id, sentence, sentence_type)VALUES (1565, 'A snowboarder does a trick on a railing', 'auto');
INSERT INTO Words ( sentence_id,word_ID ,word,pos)VALUES (1565, 1, 'A', 'DT'), (1565, 2, 'snowboarder', 'NN'), (1565, 3, 'does', 'VBZ'), (1565, 4, 'a', 'DT'), (1565, 5, 'trick', 'NN'), (1565, 6, 'on', 'IN'), (1565, 7, 'a', 'DT'), (1565, 8, 'railing', 'NN');
INSERT INTO triples (sentence_id, predicate_id,relation,arg_start_id,arg_end_id,triple_type)VALUES (1565, 3, 'Agent',2, 2, 'auto'), (1565, 3, 'Patient',4, 5, 'auto'), (1565, 3, 'Location',6, 8, 'auto');
INSERT INTO Sentences (sentence_id, sentence, sentence_type)VALUES (1566, 'A snowboarder grinding down a side rail', 'auto');
INSERT INTO Words ( sentence_id,word_ID ,word,pos)VALUES (1566, 1, 'A', 'DT'), (1566, 2, 'snowboarder', 'NN'), (1566, 3, 'grinding', 'VBG'), (1566, 4, 'down', 'RP'), (1566, 5, 'a', 'DT'), (1566, 6, 'side', 'NN'), (1566, 7, 'rail', 'NN');
INSERT INTO triples (sentence_id, predicate_id,relation,arg_start_id,arg_end_id,triple_type)VALUES (1566, 3, 'Agent',2, 2, 'auto'), (1566, 3, 'Patient',6, 7, 'auto');
INSERT INTO Sentences (sentence_id, sentence, sentence_type)VALUES (1567, 'A snowboarder is beginning his run', 'auto');
INSERT INTO Words ( sentence_id,word_ID ,word,pos)VALUES (1567, 1, 'A', 'DT'), (1567, 2, 'snowboarder', 'NN'), (1567, 3, 'is', 'VBZ'), (1567, 4, 'beginning', 'VBG'), (1567, 5, 'his', 'PRP$'), (1567, 6, 'run', 'NN');
INSERT INTO triples (sentence_id, predicate_id,relation,arg_start_id,arg_end_id,triple_type)VALUES (1567, 4, 'Agent',2, 2, 'auto'), (1567, 4, 'Patient',5, 6, 'auto');
INSERT INTO Sentences (sentence_id, sentence, sentence_type)VALUES (1568, 'a snowboarder wearing a green hat is riding along a metal railing', 'auto');
INSERT INTO Words ( sentence_id,word_ID ,word,pos)VALUES (1568, 1, 'a', 'DT'), (1568, 2, 'snowboarder', 'NN'), (1568, 3, 'wearing', 'VBG'), (1568, 4, 'a', 'DT'), (1568, 5, 'green', 'JJ'), (1568, 6, 'hat', 'NN'), (1568, 7, 'is', 'VBZ'), (1568, 8, 'riding', 'VBG'), (1568, 9, 'along', 'IN'), (1568, 10, 'a', 'DT'), (1568, 11, 'metal', 'NN'), (1568, 12, 'railing', 'NN');
INSERT INTO triples (sentence_id, predicate_id,relation,arg_start_id,arg_end_id,triple_type)VALUES (1568, 3, 'Agent',2, 2, 'auto'), (1568, 3, 'Patient',4, 6, 'auto'), (1568, 8, 'Agent',2, 2, 'auto'), (1568, 8, 'Location',9, 12, 'auto'), (1568, 12, 'Material',11, 11, 'auto');
INSERT INTO Sentences (sentence_id, sentence, sentence_type)VALUES (1569, 'A bicyclist is jumping a horizontal wooden structure with countryside in front of him', 'auto');
INSERT INTO Words ( sentence_id,word_ID ,word,pos)VALUES (1569, 1, 'A', 'DT'), (1569, 2, 'bicyclist', 'NN'), (1569, 3, 'is', 'VBZ'), (1569, 4, 'jumping', 'VBG'), (1569, 5, 'a', 'DT'), (1569, 6, 'horizontal', 'JJ'), (1569, 7, 'wooden', 'JJ'), (1569, 8, 'structure', 'NN'), (1569, 9, 'with', 'IN'), (1569, 10, 'countryside', 'NN'), (1569, 11, 'in', 'IN'), (1569, 12, 'front', 'NN'), (1569, 13, 'of', 'IN'), (1569, 14, 'him', 'PRP');
INSERT INTO triples (sentence_id, predicate_id,relation,arg_start_id,arg_end_id,triple_type)VALUES (1569, 4, 'Agent',2, 2, 'auto'), (1569, 4, 'Patient',6, 8, 'auto'), (1569, 8, 'Location',9, 14, 'auto');
INSERT INTO Sentences (sentence_id, sentence, sentence_type)VALUES (1570, 'A dirt bike in midair', 'auto');
INSERT INTO Words ( sentence_id,word_ID ,word,pos)VALUES (1570, 1, 'A', 'DT'), (1570, 2, 'dirt', 'NN'), (1570, 3, 'bike', 'NN'), (1570, 4, 'in', 'IN'), (1570, 5, 'midair', 'NN');
INSERT INTO triples (sentence_id, predicate_id,relation,arg_start_id,arg_end_id,triple_type)VALUES (1570, 3, 'Property',1, 2, 'auto'), (1570, 3, 'Location',4, 5, 'auto');
INSERT INTO Sentences (sentence_id, sentence, sentence_type)VALUES (1571, 'A man on a motorbike in mid-air', 'auto');
INSERT INTO Words ( sentence_id,word_ID ,word,pos)VALUES (1571, 1, 'A', 'DT'), (1571, 2, 'man', 'NN'), (1571, 3, 'on', 'IN'), (1571, 4, 'a', 'DT'), (1571, 5, 'motorbike', 'NN'), (1571, 6, 'in', 'IN'), (1571, 7, 'mid-air', 'NN');
INSERT INTO triples (sentence_id, predicate_id,relation,arg_start_id,arg_end_id,triple_type)VALUES (1571, 2, 'Property',3, 5, 'auto'), (1571, 2, 'Location',6, 7, 'auto');
INSERT INTO Sentences (sentence_id, sentence, sentence_type)VALUES (1572, 'A person is in the air on a contraption that resembles a bicycle', 'auto');
INSERT INTO Words ( sentence_id,word_ID ,word,pos)VALUES (1572, 1, 'A', 'DT'), (1572, 2, 'person', 'NN'), (1572, 3, 'is', 'VBZ'), (1572, 4, 'in', 'IN'), (1572, 5, 'the', 'DT'), (1572, 6, 'air', 'NN'), (1572, 7, 'on', 'IN'), (1572, 8, 'a', 'DT'), (1572, 9, 'contraption', 'NN'), (1572, 10, 'that', 'WDT'), (1572, 11, 'resembles', 'VBZ'), (1572, 12, 'a', 'DT'), (1572, 13, 'bicycle', 'NN');
INSERT INTO triples (sentence_id, predicate_id,relation,arg_start_id,arg_end_id,triple_type)VALUES (1572, 2, 'Location',4, 9, 'auto'), (1572, 3, 'Patient',1, 2, 'auto'), (1572, 3, 'Location',4, 9, 'auto');
INSERT INTO Sentences (sentence_id, sentence, sentence_type)VALUES (1573, 'Someone on a dirt bike , high in the air , near a building', 'auto');
INSERT INTO Words ( sentence_id,word_ID ,word,pos)VALUES (1573, 1, 'Someone', 'NN'), (1573, 2, 'on', 'IN'), (1573, 3, 'a', 'DT'), (1573, 4, 'dirt', 'NN'), (1573, 5, 'bike', 'NN'), (1573, 6, ',', ','), (1573, 7, 'high', 'JJ'), (1573, 8, 'in', 'IN'), (1573, 9, 'the', 'DT'), (1573, 10, 'air', 'NN'), (1573, 11, ',', ','), (1573, 12, 'near', 'IN'), (1573, 13, 'a', 'DT'), (1573, 14, 'building', 'NN');
INSERT INTO triples (sentence_id, predicate_id,relation,arg_start_id,arg_end_id,triple_type)VALUES (1573, 1, 'Property',2, 5, 'auto'), (1573, 1, 'Location',8, 14, 'auto'), (1573, 5, 'Location',7, 10, 'auto');
INSERT INTO Sentences (sentence_id, sentence, sentence_type)VALUES (1574, 'A guy in green is roller skating on a narrow strip', 'auto');
INSERT INTO Words ( sentence_id,word_ID ,word,pos)VALUES (1574, 1, 'A', 'DT'), (1574, 2, 'guy', 'NN'), (1574, 3, 'in', 'IN'), (1574, 4, 'green', 'JJ'), (1574, 5, 'is', 'VBZ'), (1574, 6, 'roller', 'NN'), (1574, 7, 'skating', 'VBG'), (1574, 8, 'on', 'IN'), (1574, 9, 'a', 'DT'), (1574, 10, 'narrow', 'JJ'), (1574, 11, 'strip', 'NN');
INSERT INTO triples (sentence_id, predicate_id,relation,arg_start_id,arg_end_id,triple_type)VALUES (1574, 2, 'Property',3, 4, 'auto'), (1574, 2, 'Location',11, 11, 'auto'), (1574, 7, 'Agent',2, 2, 'auto'), (1574, 7, 'Location',8, 11, 'auto');
INSERT INTO Sentences (sentence_id, sentence, sentence_type)VALUES (1575, 'A man in a green shirt is skating on a railing', 'auto');
INSERT INTO Words ( sentence_id,word_ID ,word,pos)VALUES (1575, 1, 'A', 'DT'), (1575, 2, 'man', 'NN'), (1575, 3, 'in', 'IN'), (1575, 4, 'a', 'DT'), (1575, 5, 'green', 'JJ'), (1575, 6, 'shirt', 'NN'), (1575, 7, 'is', 'VBZ'), (1575, 8, 'skating', 'VBG'), (1575, 9, 'on', 'IN'), (1575, 10, 'a', 'DT'), (1575, 11, 'railing', 'NN');
INSERT INTO triples (sentence_id, predicate_id,relation,arg_start_id,arg_end_id,triple_type)VALUES (1575, 2, 'Property',3, 6, 'auto'), (1575, 2, 'Location',9, 11, 'auto'), (1575, 8, 'Agent',2, 2, 'auto'), (1575, 8, 'Location',9, 11, 'auto');
INSERT INTO Sentences (sentence_id, sentence, sentence_type)VALUES (1576, 'A man in a white helmet and green shirt grinds on his roller blades', 'auto');
INSERT INTO Words ( sentence_id,word_ID ,word,pos)VALUES (1576, 1, 'A', 'DT'), (1576, 2, 'man', 'NN'), (1576, 3, 'in', 'IN'), (1576, 4, 'a', 'DT'), (1576, 5, 'white', 'JJ'), (1576, 6, 'helmet', 'NN'), (1576, 7, 'and', 'CC'), (1576, 8, 'green', 'JJ'), (1576, 9, 'shirt', 'NN'), (1576, 10, 'grinds', 'VBZ'), (1576, 11, 'on', 'IN'), (1576, 12, 'his', 'PRP$'), (1576, 13, 'roller', 'NN'), (1576, 14, 'blades', 'NNS');
INSERT INTO triples (sentence_id, predicate_id,relation,arg_start_id,arg_end_id,triple_type)VALUES (1576, 2, 'Property',3, 9, 'auto'), (1576, 10, 'Agent',2, 2, 'auto'), (1576, 10, 'Instrument',11, 14, 'auto');
INSERT INTO Sentences (sentence_id, sentence, sentence_type)VALUES (1577, 'A man rollerblading on a metal bar', 'auto');
INSERT INTO Words ( sentence_id,word_ID ,word,pos)VALUES (1577, 1, 'A', 'DT'), (1577, 2, 'man', 'NN'), (1577, 3, 'rollerblading', 'VBG'), (1577, 4, 'on', 'IN'), (1577, 5, 'a', 'DT'), (1577, 6, 'metal', 'NN'), (1577, 7, 'bar', 'NN');
INSERT INTO triples (sentence_id, predicate_id,relation,arg_start_id,arg_end_id,triple_type)VALUES (1577, 2, 'Location',4, 7, 'auto');
INSERT INTO Sentences (sentence_id, sentence, sentence_type)VALUES (1578, 'Roller blades sliding on a railing', 'auto');
INSERT INTO Words ( sentence_id,word_ID ,word,pos)VALUES (1578, 1, 'Roller', 'NN'), (1578, 2, 'blades', 'NNS'), (1578, 3, 'sliding', 'VBG'), (1578, 4, 'on', 'IN'), (1578, 5, 'a', 'DT'), (1578, 6, 'railing', 'NN');
INSERT INTO triples (sentence_id, predicate_id,relation,arg_start_id,arg_end_id,triple_type)VALUES (1578, 3, 'Agent',2, 2, 'auto'), (1578, 3, 'Location',4, 6, 'auto');
INSERT INTO Sentences (sentence_id, sentence, sentence_type)VALUES (1579, 'Two boys fight for the ball', 'auto');
INSERT INTO Words ( sentence_id,word_ID ,word,pos)VALUES (1579, 1, 'Two', 'CD'), (1579, 2, 'boys', 'NNS'), (1579, 3, 'fight', 'VB'), (1579, 4, 'for', 'IN'), (1579, 5, 'the', 'DT'), (1579, 6, 'ball', 'NN');
INSERT INTO triples (sentence_id, predicate_id,relation,arg_start_id,arg_end_id,triple_type)VALUES (1579, 3, 'Agent',2, 2, 'auto'), (1579, 3, 'Beneficiary',4, 6, 'auto');
INSERT INTO Sentences (sentence_id, sentence, sentence_type)VALUES (1580, 'two field hockey players fight for the ball', 'auto');
INSERT INTO Words ( sentence_id,word_ID ,word,pos)VALUES (1580, 1, 'two', 'CD'), (1580, 2, 'field', 'NN'), (1580, 3, 'hockey', 'NN'), (1580, 4, 'players', 'NNS'), (1580, 5, 'fight', 'VB'), (1580, 6, 'for', 'IN'), (1580, 7, 'the', 'DT'), (1580, 8, 'ball', 'NN');
INSERT INTO triples (sentence_id, predicate_id,relation,arg_start_id,arg_end_id,triple_type)VALUES (1580, 4, 'Property',1, 3, 'auto'), (1580, 5, 'Agent',4, 4, 'auto'), (1580, 5, 'Beneficiary',6, 8, 'auto');
INSERT INTO Sentences (sentence_id, sentence, sentence_type)VALUES (1581, 'Two hockey players are trying to shoot the puck on the grass', 'auto');
INSERT INTO Words ( sentence_id,word_ID ,word,pos)VALUES (1581, 1, 'Two', 'CD'), (1581, 2, 'hockey', 'NN'), (1581, 3, 'players', 'NNS'), (1581, 4, 'are', 'VBP'), (1581, 5, 'trying', 'VBG'), (1581, 6, 'to', 'TO'), (1581, 7, 'shoot', 'VB'), (1581, 8, 'the', 'DT'), (1581, 9, 'puck', 'NN'), (1581, 10, 'on', 'IN'), (1581, 11, 'the', 'DT'), (1581, 12, 'grass', 'NN');
INSERT INTO triples (sentence_id, predicate_id,relation,arg_start_id,arg_end_id,triple_type)VALUES (1581, 3, 'Property',1, 2, 'auto'), (1581, 5, 'Agent',3, 3, 'auto'), (1581, 5, 'Beneficiary',6, 9, 'auto'), (1581, 7, 'Agent',3, 3, 'auto'), (1581, 7, 'Patient',8, 9, 'auto'), (1581, 7, 'Destination',10, 12, 'auto');
INSERT INTO Sentences (sentence_id, sentence, sentence_type)VALUES (1582, 'Two opposing male players are chasing the ball in field hockey', 'auto');
INSERT INTO Words ( sentence_id,word_ID ,word,pos)VALUES (1582, 1, 'Two', 'CD'), (1582, 2, 'opposing', 'JJ'), (1582, 3, 'male', 'JJ'), (1582, 4, 'players', 'NNS'), (1582, 5, 'are', 'VBP'), (1582, 6, 'chasing', 'VBG'), (1582, 7, 'the', 'DT'), (1582, 8, 'ball', 'NN'), (1582, 9, 'in', 'IN'), (1582, 10, 'field', 'NN'), (1582, 11, 'hockey', 'NN');
INSERT INTO triples (sentence_id, predicate_id,relation,arg_start_id,arg_end_id,triple_type)VALUES (1582, 4, 'Property',1, 3, 'auto'), (1582, 6, 'Agent',4, 4, 'auto'), (1582, 6, 'Patient',7, 8, 'auto'), (1582, 6, 'Location',9, 11, 'auto'), (1582, 8, 'Location',9, 11, 'auto');
INSERT INTO Sentences (sentence_id, sentence, sentence_type)VALUES (1583, 'Two teenagers participate in a game of field hockey', 'auto');
INSERT INTO Words ( sentence_id,word_ID ,word,pos)VALUES (1583, 1, 'Two', 'CD'), (1583, 2, 'teenagers', 'NNS'), (1583, 3, 'participate', 'VBP'), (1583, 4, 'in', 'IN'), (1583, 5, 'a', 'DT'), (1583, 6, 'game', 'NN'), (1583, 7, 'of', 'IN'), (1583, 8, 'field', 'NN'), (1583, 9, 'hockey', 'NN');
INSERT INTO triples (sentence_id, predicate_id,relation,arg_start_id,arg_end_id,triple_type)VALUES (1583, 3, 'Agent',2, 2, 'auto'), (1583, 3, 'Patient',4, 9, 'auto');
INSERT INTO Sentences (sentence_id, sentence, sentence_type)VALUES (1584, 'A Miami basketball player', 'auto');
INSERT INTO Words ( sentence_id,word_ID ,word,pos)VALUES (1584, 1, 'A', 'DT'), (1584, 2, 'Miami', 'NNP'), (1584, 3, 'basketball', 'NN'), (1584, 4, 'player', 'NN');
INSERT INTO triples (sentence_id, predicate_id,relation,arg_start_id,arg_end_id,triple_type)VALUES (1584, 4, 'Property',2, 3, 'auto');
INSERT INTO Sentences (sentence_id, sentence, sentence_type)VALUES (1585, 'An orange-clad Miami basketball player dribbles the ball while another man blocks', 'auto');
INSERT INTO Words ( sentence_id,word_ID ,word,pos)VALUES (1585, 1, 'An', 'DT'), (1585, 2, 'orange-clad', 'JJ'), (1585, 3, 'Miami', 'NNP'), (1585, 4, 'basketball', 'NN'), (1585, 5, 'player', 'NN'), (1585, 6, 'dribbles', 'VBZ'), (1585, 7, 'the', 'DT'), (1585, 8, 'ball', 'NN'), (1585, 9, 'while', 'IN'), (1585, 10, 'another', 'DT'), (1585, 11, 'man', 'NN'), (1585, 12, 'blocks', 'VBZ');
INSERT INTO triples (sentence_id, predicate_id,relation,arg_start_id,arg_end_id,triple_type)VALUES (1585, 5, 'Property',2, 4, 'auto'), (1585, 6, 'Agent',5, 5, 'auto'), (1585, 6, 'Patient',7, 8, 'auto'), (1585, 12, 'Agent',10, 11, 'auto');
INSERT INTO Sentences (sentence_id, sentence, sentence_type)VALUES (1586, 'A tall black man playing basketball', 'auto');
INSERT INTO Words ( sentence_id,word_ID ,word,pos)VALUES (1586, 1, 'A', 'DT'), (1586, 2, 'tall', 'JJ'), (1586, 3, 'black', 'JJ'), (1586, 4, 'man', 'NN'), (1586, 5, 'playing', 'VBG'), (1586, 6, 'basketball', 'NN');
INSERT INTO triples (sentence_id, predicate_id,relation,arg_start_id,arg_end_id,triple_type)VALUES (1586, 4, 'Property',1, 3, 'auto'), (1586, 5, 'Agent',4, 4, 'auto'), (1586, 5, 'Patient',6, 6, 'auto');
INSERT INTO Sentences (sentence_id, sentence, sentence_type)VALUES (1587, 'The basketball player is wearing an orange uniform and holding a basketball', 'auto');
INSERT INTO Words ( sentence_id,word_ID ,word,pos)VALUES (1587, 1, 'The', 'DT'), (1587, 2, 'basketball', 'NN'), (1587, 3, 'player', 'NN'), (1587, 4, 'is', 'VBZ'), (1587, 5, 'wearing', 'VBG'), (1587, 6, 'an', 'DT'), (1587, 7, 'orange', 'JJ'), (1587, 8, 'uniform', 'NN'), (1587, 9, 'and', 'CC'), (1587, 10, 'holding', 'VBG'), (1587, 11, 'a', 'DT'), (1587, 12, 'basketball', 'NN');
INSERT INTO triples (sentence_id, predicate_id,relation,arg_start_id,arg_end_id,triple_type)VALUES (1587, 3, 'Property',1, 2, 'auto'), (1587, 5, 'Agent',3, 3, 'auto'), (1587, 5, 'Patient',6, 8, 'auto'), (1587, 10, 'Agent',3, 3, 'auto'), (1587, 10, 'Patient',12, 12, 'auto');
INSERT INTO Sentences (sentence_id, sentence, sentence_type)VALUES (1588, 'Two men play basketball', 'auto');
INSERT INTO Words ( sentence_id,word_ID ,word,pos)VALUES (1588, 1, 'Two', 'CD'), (1588, 2, 'men', 'NNS'), (1588, 3, 'play', 'VBP'), (1588, 4, 'basketball', 'NN');
INSERT INTO triples (sentence_id, predicate_id,relation,arg_start_id,arg_end_id,triple_type)VALUES (1588, 2, 'Property',3, 4, 'auto'), (1588, 3, 'Agent',2, 2, 'auto'), (1588, 3, 'Patient',4, 4, 'auto');
INSERT INTO Sentences (sentence_id, sentence, sentence_type)VALUES (1589, 'A basketball player looks for someone to pass the ball to', 'auto');
INSERT INTO Words ( sentence_id,word_ID ,word,pos)VALUES (1589, 1, 'A', 'DT'), (1589, 2, 'basketball', 'NN'), (1589, 3, 'player', 'NN'), (1589, 4, 'looks', 'VBZ'), (1589, 5, 'for', 'IN'), (1589, 6, 'someone', 'NN'), (1589, 7, 'to', 'TO'), (1589, 8, 'pass', 'VB'), (1589, 9, 'the', 'DT'), (1589, 10, 'ball', 'NN'), (1589, 11, 'to', 'TO');
INSERT INTO Sentences (sentence_id, sentence, sentence_type)VALUES (1590, 'A man on the Miami basketball team holds the ball getting ready to make a move while being blocked', 'auto');
INSERT INTO Words ( sentence_id,word_ID ,word,pos)VALUES (1590, 1, 'A', 'DT'), (1590, 2, 'man', 'NN'), (1590, 3, 'on', 'IN'), (1590, 4, 'the', 'DT'), (1590, 5, 'Miami', 'NNP'), (1590, 6, 'basketball', 'NN'), (1590, 7, 'team', 'NN'), (1590, 8, 'holds', 'VBZ'), (1590, 9, 'the', 'DT'), (1590, 10, 'ball', 'NN'), (1590, 11, 'getting', 'VBG'), (1590, 12, 'ready', 'JJ'), (1590, 13, 'to', 'TO'), (1590, 14, 'make', 'VB'), (1590, 15, 'a', 'DT'), (1590, 16, 'move', 'NN'), (1590, 17, 'while', 'IN'), (1590, 18, 'being', 'VBG'), (1590, 19, 'blocked', 'VBN');
INSERT INTO Sentences (sentence_id, sentence, sentence_type)VALUES (1591, 'Basketball player holding the ball', 'auto');
INSERT INTO Words ( sentence_id,word_ID ,word,pos)VALUES (1591, 1, 'Basketball', 'NN'), (1591, 2, 'player', 'NN'), (1591, 3, 'holding', 'VBG'), (1591, 4, 'the', 'DT'), (1591, 5, 'ball', 'NN');
INSERT INTO triples (sentence_id, predicate_id,relation,arg_start_id,arg_end_id,triple_type)VALUES (1591, 2, 'Property',1, 1, 'auto'), (1591, 3, 'Agent',2, 2, 'auto'), (1591, 3, 'Patient',4, 5, 'auto');
INSERT INTO Sentences (sentence_id, sentence, sentence_type)VALUES (1592, 'The basketball player holds the ball and looks across the court', 'auto');
INSERT INTO Words ( sentence_id,word_ID ,word,pos)VALUES (1592, 1, 'The', 'DT'), (1592, 2, 'basketball', 'NN'), (1592, 3, 'player', 'NN'), (1592, 4, 'holds', 'VBZ'), (1592, 5, 'the', 'DT'), (1592, 6, 'ball', 'NN'), (1592, 7, 'and', 'CC'), (1592, 8, 'looks', 'VBZ'), (1592, 9, 'across', 'IN'), (1592, 10, 'the', 'DT'), (1592, 11, 'court', 'NN');
INSERT INTO triples (sentence_id, predicate_id,relation,arg_start_id,arg_end_id,triple_type)VALUES (1592, 3, 'Property',1, 2, 'auto'), (1592, 4, 'Agent',3, 3, 'auto'), (1592, 4, 'Patient',5, 6, 'auto'), (1592, 6, 'Location',9, 11, 'auto'), (1592, 8, 'Agent',3, 3, 'auto'), (1592, 8, 'Destination',9, 11, 'auto');
INSERT INTO Sentences (sentence_id, sentence, sentence_type)VALUES (1593, 'The man is wearing an orange uniform and holding a basketball', 'auto');
INSERT INTO Words ( sentence_id,word_ID ,word,pos)VALUES (1593, 1, 'The', 'DT'), (1593, 2, 'man', 'NN'), (1593, 3, 'is', 'VBZ'), (1593, 4, 'wearing', 'VBG'), (1593, 5, 'an', 'DT'), (1593, 6, 'orange', 'JJ'), (1593, 7, 'uniform', 'NN'), (1593, 8, 'and', 'CC'), (1593, 9, 'holding', 'VBG'), (1593, 10, 'a', 'DT'), (1593, 11, 'basketball', 'NN');
INSERT INTO triples (sentence_id, predicate_id,relation,arg_start_id,arg_end_id,triple_type)VALUES (1593, 2, 'Property',6, 7, 'auto'), (1593, 4, 'Agent',2, 2, 'auto'), (1593, 4, 'Patient',5, 7, 'auto'), (1593, 9, 'Agent',2, 2, 'auto'), (1593, 9, 'Patient',11, 11, 'auto');
INSERT INTO Sentences (sentence_id, sentence, sentence_type)VALUES (1594, 'A basketball player in orange has the ball while another in blue tries to block him', 'auto');
INSERT INTO Words ( sentence_id,word_ID ,word,pos)VALUES (1594, 1, 'A', 'DT'), (1594, 2, 'basketball', 'NN'), (1594, 3, 'player', 'NN'), (1594, 4, 'in', 'IN'), (1594, 5, 'orange', 'NN'), (1594, 6, 'has', 'VBZ'), (1594, 7, 'the', 'DT'), (1594, 8, 'ball', 'NN'), (1594, 9, 'while', 'IN'), (1594, 10, 'another', 'DT'), (1594, 11, 'in', 'IN'), (1594, 12, 'blue', 'JJ'), (1594, 13, 'tries', 'VBZ'), (1594, 14, 'to', 'TO'), (1594, 15, 'block', 'VB'), (1594, 16, 'him', 'PRP');
INSERT INTO triples (sentence_id, predicate_id,relation,arg_start_id,arg_end_id,triple_type)VALUES (1594, 3, 'Property',4, 5, 'auto'), (1594, 6, 'Agent',3, 3, 'auto'), (1594, 6, 'Patient',7, 8, 'auto'), (1594, 13, 'Agent',10, 12, 'auto'), (1594, 13, 'Beneficiary',14, 16, 'auto'), (1594, 15, 'Agent',10, 12, 'auto'), (1594, 15, 'Patient',16, 16, 'auto');
INSERT INTO Sentences (sentence_id, sentence, sentence_type)VALUES (1595, 'A basketball player in orange is keeping the ball from a player in blue', 'auto');
INSERT INTO Words ( sentence_id,word_ID ,word,pos)VALUES (1595, 1, 'A', 'DT'), (1595, 2, 'basketball', 'NN'), (1595, 3, 'player', 'NN'), (1595, 4, 'in', 'IN'), (1595, 5, 'orange', 'NN'), (1595, 6, 'is', 'VBZ'), (1595, 7, 'keeping', 'VBG'), (1595, 8, 'the', 'DT'), (1595, 9, 'ball', 'NN'), (1595, 10, 'from', 'IN'), (1595, 11, 'a', 'DT'), (1595, 12, 'player', 'NN'), (1595, 13, 'in', 'IN'), (1595, 14, 'blue', 'JJ');
INSERT INTO triples (sentence_id, predicate_id,relation,arg_start_id,arg_end_id,triple_type)VALUES (1595, 3, 'Property',4, 10, 'auto'), (1595, 7, 'Agent',3, 3, 'auto'), (1595, 7, 'Patient',8, 10, 'auto'), (1595, 12, 'Property',13, 14, 'auto');
INSERT INTO Sentences (sentence_id, sentence, sentence_type)VALUES (1596, 'The basketball player in blue is challenging the player in orange for the ball', 'auto');
INSERT INTO Words ( sentence_id,word_ID ,word,pos)VALUES (1596, 1, 'The', 'DT'), (1596, 2, 'basketball', 'NN'), (1596, 3, 'player', 'NN'), (1596, 4, 'in', 'IN'), (1596, 5, 'blue', 'JJ'), (1596, 6, 'is', 'VBZ'), (1596, 7, 'challenging', 'VBG'), (1596, 8, 'the', 'DT'), (1596, 9, 'player', 'NN'), (1596, 10, 'in', 'IN'), (1596, 11, 'orange', 'NN'), (1596, 12, 'for', 'IN'), (1596, 13, 'the', 'DT'), (1596, 14, 'ball', 'NN');
INSERT INTO triples (sentence_id, predicate_id,relation,arg_start_id,arg_end_id,triple_type)VALUES (1596, 3, 'Property',4, 7, 'auto'), (1596, 7, 'Agent',2, 3, 'auto'), (1596, 7, 'Patient',8, 11, 'auto'), (1596, 7, 'Beneficiary',12, 14, 'auto'), (1596, 9, 'Property',10, 11, 'auto');
INSERT INTO Sentences (sentence_id, sentence, sentence_type)VALUES (1597, 'The basketball player in the blue uniform is guarding the player in the orange uniform , who has the ball', 'auto');
INSERT INTO Words ( sentence_id,word_ID ,word,pos)VALUES (1597, 1, 'The', 'DT'), (1597, 2, 'basketball', 'NN'), (1597, 3, 'player', 'NN'), (1597, 4, 'in', 'IN'), (1597, 5, 'the', 'DT'), (1597, 6, 'blue', 'JJ'), (1597, 7, 'uniform', 'NN'), (1597, 8, 'is', 'VBZ'), (1597, 9, 'guarding', 'VBG'), (1597, 10, 'the', 'DT'), (1597, 11, 'player', 'NN'), (1597, 12, 'in', 'IN'), (1597, 13, 'the', 'DT'), (1597, 14, 'orange', 'JJ'), (1597, 15, 'uniform', 'NN'), (1597, 16, ',', ','), (1597, 17, 'who', 'WP'), (1597, 18, 'has', 'VBZ'), (1597, 19, 'the', 'DT'), (1597, 20, 'ball', 'NN');
INSERT INTO triples (sentence_id, predicate_id,relation,arg_start_id,arg_end_id,triple_type)VALUES (1597, 3, 'Property',4, 20, 'auto'), (1597, 9, 'Agent',3, 3, 'auto'), (1597, 9, 'Patient',11, 15, 'auto'), (1597, 11, 'Property',12, 15, 'auto'), (1597, 18, 'Agent',11, 17, 'auto'), (1597, 18, 'Patient',19, 20, 'auto');
INSERT INTO Sentences (sentence_id, sentence, sentence_type)VALUES (1598, 'Two teams compete in a basketball game', 'auto');
INSERT INTO Words ( sentence_id,word_ID ,word,pos)VALUES (1598, 1, 'Two', 'CD'), (1598, 2, 'teams', 'NNS'), (1598, 3, 'compete', 'VBP'), (1598, 4, 'in', 'IN'), (1598, 5, 'a', 'DT'), (1598, 6, 'basketball', 'NN'), (1598, 7, 'game', 'NN');
INSERT INTO triples (sentence_id, predicate_id,relation,arg_start_id,arg_end_id,triple_type)VALUES (1598, 3, 'Agent',2, 2, 'auto'), (1598, 3, 'Location',4, 7, 'auto');
INSERT INTO Sentences (sentence_id, sentence, sentence_type)VALUES (1599, 'A basketball player wearing an orange uniform looks backwards', 'auto');
INSERT INTO Words ( sentence_id,word_ID ,word,pos)VALUES (1599, 1, 'A', 'DT'), (1599, 2, 'basketball', 'NN'), (1599, 3, 'player', 'NN'), (1599, 4, 'wearing', 'VBG'), (1599, 5, 'an', 'DT'), (1599, 6, 'orange', 'JJ'), (1599, 7, 'uniform', 'NN'), (1599, 8, 'looks', 'VBZ'), (1599, 9, 'backwards', 'RB');
INSERT INTO triples (sentence_id, predicate_id,relation,arg_start_id,arg_end_id,triple_type)VALUES (1599, 3, 'Property',2, 2, 'auto'), (1599, 4, 'Agent',3, 3, 'auto'), (1599, 4, 'Patient',5, 7, 'auto'), (1599, 8, 'Agent',3, 3, 'auto'), (1599, 8, 'Destination',9, 9, 'auto');
INSERT INTO Sentences (sentence_id, sentence, sentence_type)VALUES (1600, 'The basketball player in the orange jersey is being guarded by the player in the blue jersey', 'auto');
INSERT INTO Words ( sentence_id,word_ID ,word,pos)VALUES (1600, 1, 'The', 'DT'), (1600, 2, 'basketball', 'NN'), (1600, 3, 'player', 'NN'), (1600, 4, 'in', 'IN'), (1600, 5, 'the', 'DT'), (1600, 6, 'orange', 'JJ'), (1600, 7, 'jersey', 'NN'), (1600, 8, 'is', 'VBZ'), (1600, 9, 'being', 'VBG'), (1600, 10, 'guarded', 'VBN'), (1600, 11, 'by', 'IN'), (1600, 12, 'the', 'DT'), (1600, 13, 'player', 'NN'), (1600, 14, 'in', 'IN'), (1600, 15, 'the', 'DT'), (1600, 16, 'blue', 'JJ'), (1600, 17, 'jersey', 'NN');
INSERT INTO triples (sentence_id, predicate_id,relation,arg_start_id,arg_end_id,triple_type)VALUES (1600, 3, 'Property',4, 13, 'auto'), (1600, 10, 'Agent',2, 3, 'auto'), (1600, 10, 'Beneficiary',9, 9, 'auto'), (1600, 10, 'Patient',13, 17, 'auto'), (1600, 13, 'Property',15, 17, 'auto');
INSERT INTO Sentences (sentence_id, sentence, sentence_type)VALUES (1601, 'The basketball player looks around the court as another player tries to block him', 'auto');
INSERT INTO Words ( sentence_id,word_ID ,word,pos)VALUES (1601, 1, 'The', 'DT'), (1601, 2, 'basketball', 'NN'), (1601, 3, 'player', 'NN'), (1601, 4, 'looks', 'VBZ'), (1601, 5, 'around', 'IN'), (1601, 6, 'the', 'DT'), (1601, 7, 'court', 'NN'), (1601, 8, 'as', 'IN'), (1601, 9, 'another', 'DT'), (1601, 10, 'player', 'NN'), (1601, 11, 'tries', 'VBZ'), (1601, 12, 'to', 'TO'), (1601, 13, 'block', 'VB'), (1601, 14, 'him', 'PRP');
INSERT INTO triples (sentence_id, predicate_id,relation,arg_start_id,arg_end_id,triple_type)VALUES (1601, 3, 'Property',1, 2, 'auto'), (1601, 3, 'Location',6, 7, 'auto'), (1601, 4, 'Agent',3, 3, 'auto'), (1601, 4, 'Destination',7, 7, 'auto'), (1601, 11, 'Agent',10, 10, 'auto'), (1601, 11, 'Beneficiary',12, 14, 'auto'), (1601, 13, 'Agent',10, 10, 'auto'), (1601, 13, 'Patient',14, 14, 'auto');
INSERT INTO Sentences (sentence_id, sentence, sentence_type)VALUES (1602, 'Two men from opposite teams playing basketball', 'auto');
INSERT INTO Words ( sentence_id,word_ID ,word,pos)VALUES (1602, 1, 'Two', 'CD'), (1602, 2, 'men', 'NNS'), (1602, 3, 'from', 'IN'), (1602, 4, 'opposite', 'JJ'), (1602, 5, 'teams', 'NNS'), (1602, 6, 'playing', 'VBG'), (1602, 7, 'basketball', 'NN');
INSERT INTO triples (sentence_id, predicate_id,relation,arg_start_id,arg_end_id,triple_type)VALUES (1602, 2, 'Property',3, 7, 'auto'), (1602, 6, 'Agent',2, 2, 'auto'), (1602, 6, 'Patient',7, 7, 'auto');
INSERT INTO Sentences (sentence_id, sentence, sentence_type)VALUES (1603, 'two men play basketball', 'auto');
INSERT INTO Words ( sentence_id,word_ID ,word,pos)VALUES (1603, 1, 'two', 'CD'), (1603, 2, 'men', 'NNS'), (1603, 3, 'play', 'VBP'), (1603, 4, 'basketball', 'NN');
INSERT INTO triples (sentence_id, predicate_id,relation,arg_start_id,arg_end_id,triple_type)VALUES (1603, 2, 'Property',3, 4, 'auto'), (1603, 3, 'Agent',1, 2, 'auto'), (1603, 3, 'Patient',4, 4, 'auto');
INSERT INTO Sentences (sentence_id, sentence, sentence_type)VALUES (1604, 'A man in a Miami basketball uniform looking to the right', 'auto');
INSERT INTO Words ( sentence_id,word_ID ,word,pos)VALUES (1604, 1, 'A', 'DT'), (1604, 2, 'man', 'NN'), (1604, 3, 'in', 'IN'), (1604, 4, 'a', 'DT'), (1604, 5, 'Miami', 'NNP'), (1604, 6, 'basketball', 'NN'), (1604, 7, 'uniform', 'NN'), (1604, 8, 'looking', 'VBG'), (1604, 9, 'to', 'TO'), (1604, 10, 'the', 'DT'), (1604, 11, 'right', 'NN');
INSERT INTO triples (sentence_id, predicate_id,relation,arg_start_id,arg_end_id,triple_type)VALUES (1604, 2, 'Property',3, 7, 'auto'), (1604, 8, 'Agent',2, 2, 'auto'), (1604, 8, 'Destination',9, 11, 'auto');
INSERT INTO Sentences (sentence_id, sentence, sentence_type)VALUES (1605, 'a man wears a orange jersey', 'auto');
INSERT INTO Words ( sentence_id,word_ID ,word,pos)VALUES (1605, 1, 'a', 'DT'), (1605, 2, 'man', 'NN'), (1605, 3, 'wears', 'VBZ'), (1605, 4, 'a', 'DT'), (1605, 5, 'orange', 'JJ'), (1605, 6, 'jersey', 'NN');
INSERT INTO triples (sentence_id, predicate_id,relation,arg_start_id,arg_end_id,triple_type)VALUES (1605, 2, 'Property',3, 6, 'auto'), (1605, 3, 'Agent',2, 2, 'auto'), (1605, 3, 'Patient',4, 6, 'auto');
INSERT INTO Sentences (sentence_id, sentence, sentence_type)VALUES (1606, 'A Miami basketball player looks off in the distance', 'auto');
INSERT INTO Words ( sentence_id,word_ID ,word,pos)VALUES (1606, 1, 'A', 'DT'), (1606, 2, 'Miami', 'NNP'), (1606, 3, 'basketball', 'NN'), (1606, 4, 'player', 'NN'), (1606, 5, 'looks', 'VBZ'), (1606, 6, 'off', 'RP'), (1606, 7, 'in', 'IN'), (1606, 8, 'the', 'DT'), (1606, 9, 'distance', 'NN');
INSERT INTO triples (sentence_id, predicate_id,relation,arg_start_id,arg_end_id,triple_type)VALUES (1606, 4, 'Property',2, 3, 'auto'), (1606, 4, 'Location',7, 9, 'auto'), (1606, 5, 'Agent',4, 4, 'auto'), (1606, 5, 'Destination',9, 9, 'auto');
INSERT INTO Sentences (sentence_id, sentence, sentence_type)VALUES (1607, 'The man \'s shirt is orange and has a United States flag patch on the shoulder', 'auto');
INSERT INTO Words ( sentence_id,word_ID ,word,pos)VALUES (1607, 1, 'The', 'DT'), (1607, 2, 'man', 'NN'), (1607, 3, '\'s', 'POS'), (1607, 4, 'shirt', 'NN'), (1607, 5, 'is', 'VBZ'), (1607, 6, 'orange', 'JJ'), (1607, 7, 'and', 'CC'), (1607, 8, 'has', 'VBZ'), (1607, 9, 'a', 'DT'), (1607, 10, 'United', 'NNP'), (1607, 11, 'States', 'NNPS'), (1607, 12, 'flag', 'NN'), (1607, 13, 'patch', 'NN'), (1607, 14, 'on', 'IN'), (1607, 15, 'the', 'DT'), (1607, 16, 'shoulder', 'NN');
INSERT INTO triples (sentence_id, predicate_id,relation,arg_start_id,arg_end_id,triple_type)VALUES (1607, 2, 'Property',3, 16, 'auto'), (1607, 5, 'Patient',1, 4, 'auto'), (1607, 5, 'Attribute',6, 6, 'auto'), (1607, 5, 'Location',14, 16, 'auto'), (1607, 8, 'Agent',4, 4, 'auto'), (1607, 8, 'Patient',9, 13, 'auto'), (1607, 8, 'Location',14, 16, 'auto');
INSERT INTO Sentences (sentence_id, sentence, sentence_type)VALUES (1608, 'The Miami basketball player is looking', 'auto');
INSERT INTO Words ( sentence_id,word_ID ,word,pos)VALUES (1608, 1, 'The', 'DT'), (1608, 2, 'Miami', 'NNP'), (1608, 3, 'basketball', 'NN'), (1608, 4, 'player', 'NN'), (1608, 5, 'is', 'VBZ'), (1608, 6, 'looking', 'VBG');
INSERT INTO triples (sentence_id, predicate_id,relation,arg_start_id,arg_end_id,triple_type)VALUES (1608, 4, 'Property',1, 3, 'auto'), (1608, 6, 'Agent',4, 4, 'auto');
INSERT INTO Sentences (sentence_id, sentence, sentence_type)VALUES (1609, 'A dog can be seen from the inside of a car as it crosses the road', 'auto');
INSERT INTO Words ( sentence_id,word_ID ,word,pos)VALUES (1609, 1, 'A', 'DT'), (1609, 2, 'dog', 'NN'), (1609, 3, 'can', 'MD'), (1609, 4, 'be', 'VB'), (1609, 5, 'seen', 'VBN'), (1609, 6, 'from', 'IN'), (1609, 7, 'the', 'DT'), (1609, 8, 'inside', 'NN'), (1609, 9, 'of', 'IN'), (1609, 10, 'a', 'DT'), (1609, 11, 'car', 'NN'), (1609, 12, 'as', 'IN'), (1609, 13, 'it', 'PRP'), (1609, 14, 'crosses', 'VBZ'), (1609, 15, 'the', 'DT'), (1609, 16, 'road', 'NN');
INSERT INTO triples (sentence_id, predicate_id,relation,arg_start_id,arg_end_id,triple_type)VALUES (1609, 2, 'Location',5, 11, 'auto'), (1609, 5, 'Patient',1, 2, 'auto'), (1609, 5, 'Source',6, 11, 'auto'), (1609, 11, 'Location',13, 16, 'auto'), (1609, 14, 'Agent',13, 13, 'auto'), (1609, 14, 'Patient',15, 16, 'auto');
INSERT INTO Sentences (sentence_id, sentence, sentence_type)VALUES (1610, 'A dog runs across the street in front of the car', 'auto');
INSERT INTO Words ( sentence_id,word_ID ,word,pos)VALUES (1610, 1, 'A', 'DT'), (1610, 2, 'dog', 'NN'), (1610, 3, 'runs', 'VBZ'), (1610, 4, 'across', 'IN'), (1610, 5, 'the', 'DT'), (1610, 6, 'street', 'NN'), (1610, 7, 'in', 'IN'), (1610, 8, 'front', 'NN'), (1610, 9, 'of', 'IN'), (1610, 10, 'the', 'DT'), (1610, 11, 'car', 'NN');
INSERT INTO triples (sentence_id, predicate_id,relation,arg_start_id,arg_end_id,triple_type)VALUES (1610, 2, 'Property',3, 3, 'auto'), (1610, 2, 'Location',4, 11, 'auto'), (1610, 3, 'Agent',2, 2, 'auto'), (1610, 3, 'Location',5, 8, 'auto'), (1610, 6, 'Location',7, 11, 'auto');
INSERT INTO Sentences (sentence_id, sentence, sentence_type)VALUES (1611, 'An animal runs in the middle of a road', 'auto');
INSERT INTO Words ( sentence_id,word_ID ,word,pos)VALUES (1611, 1, 'An', 'DT'), (1611, 2, 'animal', 'NN'), (1611, 3, 'runs', 'VBZ'), (1611, 4, 'in', 'IN'), (1611, 5, 'the', 'DT'), (1611, 6, 'middle', 'NN'), (1611, 7, 'of', 'IN'), (1611, 8, 'a', 'DT'), (1611, 9, 'road', 'NN');
INSERT INTO triples (sentence_id, predicate_id,relation,arg_start_id,arg_end_id,triple_type)VALUES (1611, 3, 'Agent',2, 2, 'auto'), (1611, 3, 'Destination',6, 6, 'auto'), (1611, 3, 'Location',8, 9, 'auto');
INSERT INTO Sentences (sentence_id, sentence, sentence_type)VALUES (1612, 'Looking through a vehicle \'s windshield at a dog crossing the road', 'auto');
INSERT INTO Words ( sentence_id,word_ID ,word,pos)VALUES (1612, 1, 'Looking', 'VBG'), (1612, 2, 'through', 'IN'), (1612, 3, 'a', 'DT'), (1612, 4, 'vehicle', 'NN'), (1612, 5, '\'s', 'POS'), (1612, 6, 'windshield', 'NN'), (1612, 7, 'at', 'IN'), (1612, 8, 'a', 'DT'), (1612, 9, 'dog', 'NN'), (1612, 10, 'crossing', 'VBG'), (1612, 11, 'the', 'DT'), (1612, 12, 'road', 'NN');
INSERT INTO triples (sentence_id, predicate_id,relation,arg_start_id,arg_end_id,triple_type)VALUES (1612, 10, 'Agent',8, 9, 'auto'), (1612, 10, 'Patient',11, 12, 'auto');
INSERT INTO Sentences (sentence_id, sentence, sentence_type)VALUES (1613, 'There is an animal crossing the road in front of a car', 'auto');
INSERT INTO Words ( sentence_id,word_ID ,word,pos)VALUES (1613, 1, 'There', 'EX'), (1613, 2, 'is', 'VBZ'), (1613, 3, 'an', 'DT'), (1613, 4, 'animal', 'NN'), (1613, 5, 'crossing', 'VBG'), (1613, 6, 'the', 'DT'), (1613, 7, 'road', 'NN'), (1613, 8, 'in', 'IN'), (1613, 9, 'front', 'NN'), (1613, 10, 'of', 'IN'), (1613, 11, 'a', 'DT'), (1613, 12, 'car', 'NN');
INSERT INTO triples (sentence_id, predicate_id,relation,arg_start_id,arg_end_id,triple_type)VALUES (1613, 2, 'Patient',4, 4, 'auto'), (1613, 2, 'Location',5, 7, 'auto'), (1613, 5, 'Agent',4, 4, 'auto'), (1613, 5, 'Patient',6, 7, 'auto');
INSERT INTO Sentences (sentence_id, sentence, sentence_type)VALUES (1614, 'A baseball player swinging a bat', 'auto');
INSERT INTO Words ( sentence_id,word_ID ,word,pos)VALUES (1614, 1, 'A', 'DT'), (1614, 2, 'baseball', 'NN'), (1614, 3, 'player', 'NN'), (1614, 4, 'swinging', 'VBG'), (1614, 5, 'a', 'DT'), (1614, 6, 'bat', 'NN');
INSERT INTO triples (sentence_id, predicate_id,relation,arg_start_id,arg_end_id,triple_type)VALUES (1614, 3, 'Property',2, 2, 'auto'), (1614, 4, 'Agent',3, 3, 'auto'), (1614, 4, 'Patient',5, 6, 'auto');
INSERT INTO Sentences (sentence_id, sentence, sentence_type)VALUES (1615, 'A cricketer wielding a wears a white suit and black helmet with a face guard', 'auto');
INSERT INTO Words ( sentence_id,word_ID ,word,pos)VALUES (1615, 1, 'A', 'DT'), (1615, 2, 'cricketer', 'NN'), (1615, 3, 'wielding', 'VBG'), (1615, 4, 'a', 'DT'), (1615, 5, 'wears', 'VBZ'), (1615, 6, 'a', 'DT'), (1615, 7, 'white', 'JJ'), (1615, 8, 'suit', 'NN'), (1615, 9, 'and', 'CC'), (1615, 10, 'black', 'JJ'), (1615, 11, 'helmet', 'NN'), (1615, 12, 'with', 'IN'), (1615, 13, 'a', 'DT'), (1615, 14, 'face', 'NN'), (1615, 15, 'guard', 'NN');
INSERT INTO triples (sentence_id, predicate_id,relation,arg_start_id,arg_end_id,triple_type)VALUES (1615, 3, 'Agent',2, 2, 'auto'), (1615, 5, 'Agent',2, 2, 'auto'), (1615, 5, 'Patient',6, 15, 'auto');
INSERT INTO Sentences (sentence_id, sentence, sentence_type)VALUES (1616, 'A man is wearing white and playing cricket', 'auto');
INSERT INTO Words ( sentence_id,word_ID ,word,pos)VALUES (1616, 1, 'A', 'DT'), (1616, 2, 'man', 'NN'), (1616, 3, 'is', 'VBZ'), (1616, 4, 'wearing', 'VBG'), (1616, 5, 'white', 'JJ'), (1616, 6, 'and', 'CC'), (1616, 7, 'playing', 'VBG'), (1616, 8, 'cricket', 'NN');
INSERT INTO triples (sentence_id, predicate_id,relation,arg_start_id,arg_end_id,triple_type)VALUES (1616, 2, 'Property',5, 8, 'auto'), (1616, 4, 'Agent',2, 2, 'auto'), (1616, 4, 'Patient',5, 5, 'auto'), (1616, 7, 'Agent',2, 2, 'auto'), (1616, 7, 'Patient',8, 8, 'auto');
INSERT INTO Sentences (sentence_id, sentence, sentence_type)VALUES (1617, 'Cricket player on field , swinging bat', 'auto');
INSERT INTO Words ( sentence_id,word_ID ,word,pos)VALUES (1617, 1, 'Cricket', 'NN'), (1617, 2, 'player', 'NN'), (1617, 3, 'on', 'IN'), (1617, 4, 'field', 'NN'), (1617, 5, ',', ','), (1617, 6, 'swinging', 'VBG'), (1617, 7, 'bat', 'NN');
INSERT INTO triples (sentence_id, predicate_id,relation,arg_start_id,arg_end_id,triple_type)VALUES (1617, 2, 'Property',1, 1, 'auto'), (1617, 2, 'Location',3, 4, 'auto'), (1617, 6, 'Agent',2, 2, 'auto'), (1617, 6, 'Location',4, 4, 'auto'), (1617, 6, 'Patient',7, 7, 'auto');
INSERT INTO Sentences (sentence_id, sentence, sentence_type)VALUES (1618, 'The person in the white uniform and kneepads is playing a game with a wooden racquet', 'auto');
INSERT INTO Words ( sentence_id,word_ID ,word,pos)VALUES (1618, 1, 'The', 'DT'), (1618, 2, 'person', 'NN'), (1618, 3, 'in', 'IN'), (1618, 4, 'the', 'DT'), (1618, 5, 'white', 'JJ'), (1618, 6, 'uniform', 'NN'), (1618, 7, 'and', 'CC'), (1618, 8, 'kneepads', 'NNS'), (1618, 9, 'is', 'VBZ'), (1618, 10, 'playing', 'VBG'), (1618, 11, 'a', 'DT'), (1618, 12, 'game', 'NN'), (1618, 13, 'with', 'IN'), (1618, 14, 'a', 'DT'), (1618, 15, 'wooden', 'JJ'), (1618, 16, 'racquet', 'NN');
INSERT INTO triples (sentence_id, predicate_id,relation,arg_start_id,arg_end_id,triple_type)VALUES (1618, 2, 'Property',3, 8, 'auto'), (1618, 10, 'Agent',2, 2, 'auto'), (1618, 10, 'Patient',11, 12, 'auto'), (1618, 10, 'Instrument',13, 16, 'auto'), (1618, 16, 'Material',14, 15, 'auto');
INSERT INTO Sentences (sentence_id, sentence, sentence_type)VALUES (1619, 'A man in an orange shirt and blue helmet races his bike', 'auto');
INSERT INTO Words ( sentence_id,word_ID ,word,pos)VALUES (1619, 1, 'A', 'DT'), (1619, 2, 'man', 'NN'), (1619, 3, 'in', 'IN'), (1619, 4, 'an', 'DT'), (1619, 5, 'orange', 'JJ'), (1619, 6, 'shirt', 'NN'), (1619, 7, 'and', 'CC'), (1619, 8, 'blue', 'JJ'), (1619, 9, 'helmet', 'NN'), (1619, 10, 'races', 'VBZ'), (1619, 11, 'his', 'PRP$'), (1619, 12, 'bike', 'NN');
INSERT INTO triples (sentence_id, predicate_id,relation,arg_start_id,arg_end_id,triple_type)VALUES (1619, 2, 'Property',3, 12, 'auto'), (1619, 10, 'Agent',2, 2, 'auto'), (1619, 10, 'Patient',11, 12, 'auto'), (1619, 12, 'Property',11, 11, 'auto');
INSERT INTO Sentences (sentence_id, sentence, sentence_type)VALUES (1620, 'A man wearing an orange suit riding a bicycle in a race', 'auto');
INSERT INTO Words ( sentence_id,word_ID ,word,pos)VALUES (1620, 1, 'A', 'DT'), (1620, 2, 'man', 'NN'), (1620, 3, 'wearing', 'VBG'), (1620, 4, 'an', 'DT'), (1620, 5, 'orange', 'JJ'), (1620, 6, 'suit', 'NN'), (1620, 7, 'riding', 'VBG'), (1620, 8, 'a', 'DT'), (1620, 9, 'bicycle', 'NN'), (1620, 10, 'in', 'IN'), (1620, 11, 'a', 'DT'), (1620, 12, 'race', 'NN');
INSERT INTO triples (sentence_id, predicate_id,relation,arg_start_id,arg_end_id,triple_type)VALUES (1620, 2, 'Property',5, 6, 'auto'), (1620, 2, 'Location',10, 12, 'auto'), (1620, 3, 'Agent',2, 2, 'auto'), (1620, 3, 'Patient',4, 6, 'auto'), (1620, 3, 'Location',10, 12, 'auto'), (1620, 7, 'Agent',2, 2, 'auto'), (1620, 7, 'Patient',8, 9, 'auto'), (1620, 7, 'Location',12, 12, 'auto'), (1620, 9, 'Location',10, 12, 'auto');
INSERT INTO Sentences (sentence_id, sentence, sentence_type)VALUES (1621, 'A speed biker makes a sharp turn on his bicycle', 'auto');
INSERT INTO Words ( sentence_id,word_ID ,word,pos)VALUES (1621, 1, 'A', 'DT'), (1621, 2, 'speed', 'NN'), (1621, 3, 'biker', 'NN'), (1621, 4, 'makes', 'VBZ'), (1621, 5, 'a', 'DT'), (1621, 6, 'sharp', 'JJ'), (1621, 7, 'turn', 'NN'), (1621, 8, 'on', 'IN'), (1621, 9, 'his', 'PRP$'), (1621, 10, 'bicycle', 'NN');
INSERT INTO triples (sentence_id, predicate_id,relation,arg_start_id,arg_end_id,triple_type)VALUES (1621, 3, 'Property',1, 2, 'auto'), (1621, 4, 'Agent',3, 3, 'auto'), (1621, 4, 'Patient',5, 7, 'auto'), (1621, 4, 'Instrument',8, 10, 'auto'), (1621, 10, 'Property',9, 9, 'auto');
INSERT INTO Sentences (sentence_id, sentence, sentence_type)VALUES (1622, 'The biker is wearing a helmet', 'auto');
INSERT INTO Words ( sentence_id,word_ID ,word,pos)VALUES (1622, 1, 'The', 'DT'), (1622, 2, 'biker', 'NN'), (1622, 3, 'is', 'VBZ'), (1622, 4, 'wearing', 'VBG'), (1622, 5, 'a', 'DT'), (1622, 6, 'helmet', 'NN');
INSERT INTO Sentences (sentence_id, sentence, sentence_type)VALUES (1623, 'The cyclist in the orange jersey turned a corner', 'auto');
INSERT INTO Words ( sentence_id,word_ID ,word,pos)VALUES (1623, 1, 'The', 'DT'), (1623, 2, 'cyclist', 'NN'), (1623, 3, 'in', 'IN'), (1623, 4, 'the', 'DT'), (1623, 5, 'orange', 'JJ'), (1623, 6, 'jersey', 'NN'), (1623, 7, 'turned', 'VBD'), (1623, 8, 'a', 'DT'), (1623, 9, 'corner', 'NN');
INSERT INTO triples (sentence_id, predicate_id,relation,arg_start_id,arg_end_id,triple_type)VALUES (1623, 7, 'Agent',2, 2, 'auto'), (1623, 7, 'Location',3, 3, 'auto'), (1623, 7, 'Patient',8, 9, 'auto');
INSERT INTO Sentences (sentence_id, sentence, sentence_type)VALUES (1624, 'Men on horses displaying their flags at a joust', 'auto');
INSERT INTO Words ( sentence_id,word_ID ,word,pos)VALUES (1624, 1, 'Men', 'NN'), (1624, 2, 'on', 'IN'), (1624, 3, 'horses', 'NNS'), (1624, 4, 'displaying', 'VBG'), (1624, 5, 'their', 'PRP$'), (1624, 6, 'flags', 'NNS'), (1624, 7, 'at', 'IN'), (1624, 8, 'a', 'DT'), (1624, 9, 'joust', 'NN');
INSERT INTO triples (sentence_id, predicate_id,relation,arg_start_id,arg_end_id,triple_type)VALUES (1624, 1, 'Property',3, 3, 'auto'), (1624, 1, 'Location',8, 9, 'auto'), (1624, 3, 'Location',7, 9, 'auto'), (1624, 4, 'Agent',1, 3, 'auto'), (1624, 4, 'Patient',5, 6, 'auto'), (1624, 4, 'Location',7, 9, 'auto');
INSERT INTO Sentences (sentence_id, sentence, sentence_type)VALUES (1625, 'Men ride on horses while carrying flags', 'auto');
INSERT INTO Words ( sentence_id,word_ID ,word,pos)VALUES (1625, 1, 'Men', 'NN'), (1625, 2, 'ride', 'VBP'), (1625, 3, 'on', 'IN'), (1625, 4, 'horses', 'NNS'), (1625, 5, 'while', 'IN'), (1625, 6, 'carrying', 'VBG'), (1625, 7, 'flags', 'NNS');
INSERT INTO triples (sentence_id, predicate_id,relation,arg_start_id,arg_end_id,triple_type)VALUES (1625, 1, 'Location',2, 4, 'auto'), (1625, 1, 'Property',6, 7, 'auto'), (1625, 2, 'Agent',1, 1, 'auto'), (1625, 2, 'Location',3, 4, 'auto'), (1625, 6, 'Agent',1, 1, 'auto'), (1625, 6, 'Patient',7, 7, 'auto');
INSERT INTO Sentences (sentence_id, sentence, sentence_type)VALUES (1626, 'Men riding horses carrying flags in a jousting tournament', 'auto');
INSERT INTO Words ( sentence_id,word_ID ,word,pos)VALUES (1626, 1, 'Men', 'NN'), (1626, 2, 'riding', 'VBG'), (1626, 3, 'horses', 'NNS'), (1626, 4, 'carrying', 'VBG'), (1626, 5, 'flags', 'NNS'), (1626, 6, 'in', 'IN'), (1626, 7, 'a', 'DT'), (1626, 8, 'jousting', 'JJ'), (1626, 9, 'tournament', 'NN');
INSERT INTO triples (sentence_id, predicate_id,relation,arg_start_id,arg_end_id,triple_type)VALUES (1626, 1, 'Property',3, 5, 'auto'), (1626, 1, 'Location',6, 9, 'auto'), (1626, 2, 'Agent',1, 1, 'auto'), (1626, 2, 'Patient',3, 3, 'auto'), (1626, 2, 'Location',6, 9, 'auto'), (1626, 3, 'Location',4, 9, 'auto'), (1626, 4, 'Agent',1, 1, 'auto'), (1626, 4, 'Patient',5, 5, 'auto'), (1626, 4, 'Location',7, 9, 'auto');
INSERT INTO Sentences (sentence_id, sentence, sentence_type)VALUES (1627, 'Parade of men on horses with brightly colored flags', 'auto');
INSERT INTO Words ( sentence_id,word_ID ,word,pos)VALUES (1627, 1, 'Parade', 'NN'), (1627, 2, 'of', 'IN'), (1627, 3, 'men', 'NNS'), (1627, 4, 'on', 'IN'), (1627, 5, 'horses', 'NNS'), (1627, 6, 'with', 'IN'), (1627, 7, 'brightly', 'RB'), (1627, 8, 'colored', 'VBN'), (1627, 9, 'flags', 'NNS');
INSERT INTO triples (sentence_id, predicate_id,relation,arg_start_id,arg_end_id,triple_type)VALUES (1627, 3, 'Location',4, 6, 'auto'), (1627, 3, 'Property',7, 9, 'auto'), (1627, 8, 'Patient',9, 9, 'auto');
INSERT INTO Sentences (sentence_id, sentence, sentence_type)VALUES (1628, 'Several horsemen are riding past each other carrying flags', 'auto');
INSERT INTO Words ( sentence_id,word_ID ,word,pos)VALUES (1628, 1, 'Several', 'JJ'), (1628, 2, 'horsemen', 'NNS'), (1628, 3, 'are', 'VBP'), (1628, 4, 'riding', 'VBG'), (1628, 5, 'past', 'IN'), (1628, 6, 'each', 'DT'), (1628, 7, 'other', 'JJ'), (1628, 8, 'carrying', 'VBG'), (1628, 9, 'flags', 'NNS');
INSERT INTO triples (sentence_id, predicate_id,relation,arg_start_id,arg_end_id,triple_type)VALUES (1628, 4, 'Agent',2, 2, 'auto'), (1628, 4, 'Location',5, 7, 'auto'), (1628, 8, 'Agent',2, 2, 'auto'), (1628, 8, 'Location',5, 7, 'auto'), (1628, 8, 'Patient',9, 9, 'auto');
INSERT INTO Sentences (sentence_id, sentence, sentence_type)VALUES (1629, 'A group of army members aim their guns', 'auto');
INSERT INTO Words ( sentence_id,word_ID ,word,pos)VALUES (1629, 1, 'A', 'DT'), (1629, 2, 'group', 'NN'), (1629, 3, 'of', 'IN'), (1629, 4, 'army', 'NN'), (1629, 5, 'members', 'NNS'), (1629, 6, 'aim', 'VBP'), (1629, 7, 'their', 'PRP$'), (1629, 8, 'guns', 'NNS');
INSERT INTO triples (sentence_id, predicate_id,relation,arg_start_id,arg_end_id,triple_type)VALUES (1629, 5, 'Property',1, 4, 'auto'), (1629, 6, 'Agent',2, 2, 'auto'), (1629, 6, 'Patient',7, 8, 'auto');
INSERT INTO Sentences (sentence_id, sentence, sentence_type)VALUES (1630, 'military personnel dressed in fatigues and ear protection laying on their stomachs shooting guns', 'auto');
INSERT INTO Words ( sentence_id,word_ID ,word,pos)VALUES (1630, 1, 'military', 'JJ'), (1630, 2, 'personnel', 'NNS'), (1630, 3, 'dressed', 'VBN'), (1630, 4, 'in', 'IN'), (1630, 5, 'fatigues', 'NNS'), (1630, 6, 'and', 'CC'), (1630, 7, 'ear', 'NN'), (1630, 8, 'protection', 'NN'), (1630, 9, 'laying', 'VBG'), (1630, 10, 'on', 'IN'), (1630, 11, 'their', 'PRP$'), (1630, 12, 'stomachs', 'NNS'), (1630, 13, 'shooting', 'VBG'), (1630, 14, 'guns', 'NNS');
INSERT INTO triples (sentence_id, predicate_id,relation,arg_start_id,arg_end_id,triple_type)VALUES (1630, 3, 'Agent',1, 2, 'auto'), (1630, 3, 'Patient',4, 8, 'auto'), (1630, 9, 'Agent',1, 2, 'auto'), (1630, 9, 'Instrument',10, 12, 'auto'), (1630, 13, 'Agent',1, 2, 'auto'), (1630, 13, 'Patient',14, 14, 'auto');
INSERT INTO Sentences (sentence_id, sentence, sentence_type)VALUES (1631, 'Military personnel learning how to shoot their rifles', 'auto');
INSERT INTO Words ( sentence_id,word_ID ,word,pos)VALUES (1631, 1, 'Military', 'JJ'), (1631, 2, 'personnel', 'NNS'), (1631, 3, 'learning', 'VBG'), (1631, 4, 'how', 'WRB'), (1631, 5, 'to', 'TO'), (1631, 6, 'shoot', 'VB'), (1631, 7, 'their', 'PRP$'), (1631, 8, 'rifles', 'NNS');
INSERT INTO triples (sentence_id, predicate_id,relation,arg_start_id,arg_end_id,triple_type)VALUES (1631, 3, 'Agent',2, 2, 'auto'), (1631, 3, 'Patient',4, 6, 'auto'), (1631, 6, 'Agent',2, 2, 'auto'), (1631, 6, 'Patient',7, 8, 'auto');
INSERT INTO Sentences (sentence_id, sentence, sentence_type)VALUES (1632, 'Military personnel shoot rifles', 'auto');
INSERT INTO Words ( sentence_id,word_ID ,word,pos)VALUES (1632, 1, 'Military', 'JJ'), (1632, 2, 'personnel', 'NNS'), (1632, 3, 'shoot', 'VBP'), (1632, 4, 'rifles', 'NNS');
INSERT INTO triples (sentence_id, predicate_id,relation,arg_start_id,arg_end_id,triple_type)VALUES (1632, 3, 'Agent',2, 2, 'auto'), (1632, 3, 'Patient',4, 4, 'auto');
INSERT INTO Sentences (sentence_id, sentence, sentence_type)VALUES (1633, 'People dressed in camo are bent down getting ready to fire their guns', 'auto');
INSERT INTO Words ( sentence_id,word_ID ,word,pos)VALUES (1633, 1, 'People', 'NNS'), (1633, 2, 'dressed', 'VBN'), (1633, 3, 'in', 'IN'), (1633, 4, 'camo', 'NN'), (1633, 5, 'are', 'VBP'), (1633, 6, 'bent', 'JJ'), (1633, 7, 'down', 'IN'), (1633, 8, 'getting', 'VBG'), (1633, 9, 'ready', 'JJ'), (1633, 10, 'to', 'TO'), (1633, 11, 'fire', 'VB'), (1633, 12, 'their', 'PRP$'), (1633, 13, 'guns', 'NNS');
INSERT INTO triples (sentence_id, predicate_id,relation,arg_start_id,arg_end_id,triple_type)VALUES (1633, 1, 'Property',2, 4, 'auto'), (1633, 2, 'Agent',1, 1, 'auto'), (1633, 2, 'Patient',3, 4, 'auto'), (1633, 5, 'Patient',1, 4, 'auto'), (1633, 5, 'Attribute',6, 11, 'auto'), (1633, 8, 'Agent',1, 1, 'auto'), (1633, 8, 'Patient',9, 9, 'auto'), (1633, 8, 'Beneficiary',11, 11, 'auto'), (1633, 11, 'Agent',1, 1, 'auto'), (1633, 11, 'Patient',12, 13, 'auto');
INSERT INTO Sentences (sentence_id, sentence, sentence_type)VALUES (1634, 'A group of cyclists race uphill on foot with their bikes on their shoulders', 'auto');
INSERT INTO Words ( sentence_id,word_ID ,word,pos)VALUES (1634, 1, 'A', 'DT'), (1634, 2, 'group', 'NN'), (1634, 3, 'of', 'IN'), (1634, 4, 'cyclists', 'NNS'), (1634, 5, 'race', 'VBP'), (1634, 6, 'uphill', 'RB'), (1634, 7, 'on', 'IN'), (1634, 8, 'foot', 'NN'), (1634, 9, 'with', 'IN'), (1634, 10, 'their', 'PRP$'), (1634, 11, 'bikes', 'NNS'), (1634, 12, 'on', 'IN'), (1634, 13, 'their', 'PRP$'), (1634, 14, 'shoulders', 'NNS');
INSERT INTO triples (sentence_id, predicate_id,relation,arg_start_id,arg_end_id,triple_type)VALUES (1634, 4, 'Location',5, 14, 'auto'), (1634, 5, 'Agent',2, 2, 'auto'), (1634, 5, 'Patient',6, 6, 'auto'), (1634, 5, 'Instrument',7, 14, 'auto');
INSERT INTO Sentences (sentence_id, sentence, sentence_type)VALUES (1635, 'Bicyclists are carrying their bicycles up a hill', 'auto');
INSERT INTO Words ( sentence_id,word_ID ,word,pos)VALUES (1635, 1, 'Bicyclists', 'NNS'), (1635, 2, 'are', 'VBP'), (1635, 3, 'carrying', 'VBG'), (1635, 4, 'their', 'PRP$'), (1635, 5, 'bicycles', 'NNS'), (1635, 6, 'up', 'RP'), (1635, 7, 'a', 'DT'), (1635, 8, 'hill', 'NN');
INSERT INTO triples (sentence_id, predicate_id,relation,arg_start_id,arg_end_id,triple_type)VALUES (1635, 3, 'Agent',1, 1, 'auto'), (1635, 3, 'Patient',4, 5, 'auto'), (1635, 3, 'Destination',6, 6, 'auto'), (1635, 3, 'Location',7, 8, 'auto');
INSERT INTO Sentences (sentence_id, sentence, sentence_type)VALUES (1636, 'Cyclists are carrying their bicycles up a steep grassy hill', 'auto');
INSERT INTO Words ( sentence_id,word_ID ,word,pos)VALUES (1636, 1, 'Cyclists', 'NNS'), (1636, 2, 'are', 'VBP'), (1636, 3, 'carrying', 'VBG'), (1636, 4, 'their', 'PRP$'), (1636, 5, 'bicycles', 'NNS'), (1636, 6, 'up', 'RP'), (1636, 7, 'a', 'DT'), (1636, 8, 'steep', 'JJ'), (1636, 9, 'grassy', 'JJ'), (1636, 10, 'hill', 'NN');
INSERT INTO triples (sentence_id, predicate_id,relation,arg_start_id,arg_end_id,triple_type)VALUES (1636, 1, 'Location',6, 10, 'auto'), (1636, 3, 'Agent',1, 1, 'auto'), (1636, 3, 'Patient',4, 6, 'auto'), (1636, 3, 'Location',7, 10, 'auto'), (1636, 10, 'Property',7, 9, 'auto');
INSERT INTO Sentences (sentence_id, sentence, sentence_type)VALUES (1637, 'people carry their bikes up the hill', 'auto');
INSERT INTO Words ( sentence_id,word_ID ,word,pos)VALUES (1637, 1, 'people', 'NNS'), (1637, 2, 'carry', 'VBP'), (1637, 3, 'their', 'PRP$'), (1637, 4, 'bikes', 'NNS'), (1637, 5, 'up', 'IN'), (1637, 6, 'the', 'DT'), (1637, 7, 'hill', 'NN');
INSERT INTO triples (sentence_id, predicate_id,relation,arg_start_id,arg_end_id,triple_type)VALUES (1637, 1, 'Property',3, 4, 'auto'), (1637, 1, 'Location',5, 7, 'auto'), (1637, 2, 'Agent',1, 1, 'auto'), (1637, 2, 'Patient',3, 4, 'auto'), (1637, 2, 'Destination',5, 7, 'auto');
INSERT INTO Sentences (sentence_id, sentence, sentence_type)VALUES (1638, 'Several bicyclers are carrying their bikes up a grassy hill', 'auto');
INSERT INTO Words ( sentence_id,word_ID ,word,pos)VALUES (1638, 1, 'Several', 'JJ'), (1638, 2, 'bicyclers', 'NNS'), (1638, 3, 'are', 'VBP'), (1638, 4, 'carrying', 'VBG'), (1638, 5, 'their', 'PRP$'), (1638, 6, 'bikes', 'NNS'), (1638, 7, 'up', 'RP'), (1638, 8, 'a', 'DT'), (1638, 9, 'grassy', 'JJ'), (1638, 10, 'hill', 'NN');
INSERT INTO triples (sentence_id, predicate_id,relation,arg_start_id,arg_end_id,triple_type)VALUES (1638, 4, 'Agent',2, 2, 'auto'), (1638, 4, 'Patient',5, 7, 'auto'), (1638, 4, 'Location',8, 10, 'auto'), (1638, 10, 'Property',8, 9, 'auto');
INSERT INTO Sentences (sentence_id, sentence, sentence_type)VALUES (1639, 'A band member jumps in the air', 'auto');
INSERT INTO Words ( sentence_id,word_ID ,word,pos)VALUES (1639, 1, 'A', 'DT'), (1639, 2, 'band', 'NN'), (1639, 3, 'member', 'NN'), (1639, 4, 'jumps', 'VBZ'), (1639, 5, 'in', 'IN'), (1639, 6, 'the', 'DT'), (1639, 7, 'air', 'NN');
INSERT INTO triples (sentence_id, predicate_id,relation,arg_start_id,arg_end_id,triple_type)VALUES (1639, 4, 'Agent',3, 3, 'auto'), (1639, 4, 'Destination',7, 7, 'auto');
INSERT INTO Sentences (sentence_id, sentence, sentence_type)VALUES (1640, 'A group of people jump in the air while playing music in the street', 'auto');
INSERT INTO Words ( sentence_id,word_ID ,word,pos)VALUES (1640, 1, 'A', 'DT'), (1640, 2, 'group', 'NN'), (1640, 3, 'of', 'IN'), (1640, 4, 'people', 'NNS'), (1640, 5, 'jump', 'VBP'), (1640, 6, 'in', 'IN'), (1640, 7, 'the', 'DT'), (1640, 8, 'air', 'NN'), (1640, 9, 'while', 'IN'), (1640, 10, 'playing', 'VBG'), (1640, 11, 'music', 'NN'), (1640, 12, 'in', 'IN'), (1640, 13, 'the', 'DT'), (1640, 14, 'street', 'NN');
INSERT INTO triples (sentence_id, predicate_id,relation,arg_start_id,arg_end_id,triple_type)VALUES (1640, 4, 'Location',6, 8, 'auto'), (1640, 5, 'Agent',4, 4, 'auto'), (1640, 5, 'Destination',6, 8, 'auto'), (1640, 10, 'Agent',4, 4, 'auto'), (1640, 10, 'Patient',11, 11, 'auto'), (1640, 10, 'Location',13, 14, 'auto');
INSERT INTO Sentences (sentence_id, sentence, sentence_type)VALUES (1641, 'A man in blue pants is jumping while band plays music', 'auto');
INSERT INTO Words ( sentence_id,word_ID ,word,pos)VALUES (1641, 1, 'A', 'DT'), (1641, 2, 'man', 'NN'), (1641, 3, 'in', 'IN'), (1641, 4, 'blue', 'JJ'), (1641, 5, 'pants', 'NNS'), (1641, 6, 'is', 'VBZ'), (1641, 7, 'jumping', 'VBG'), (1641, 8, 'while', 'IN'), (1641, 9, 'band', 'NN'), (1641, 10, 'plays', 'VBZ'), (1641, 11, 'music', 'NN');
INSERT INTO triples (sentence_id, predicate_id,relation,arg_start_id,arg_end_id,triple_type)VALUES (1641, 2, 'Property',3, 5, 'auto'), (1641, 7, 'Agent',2, 2, 'auto'), (1641, 10, 'Agent',9, 9, 'auto'), (1641, 10, 'Patient',11, 11, 'auto');
INSERT INTO Sentences (sentence_id, sentence, sentence_type)VALUES (1642, 'People talk near stereo equipment outdoors', 'auto');
INSERT INTO Words ( sentence_id,word_ID ,word,pos)VALUES (1642, 1, 'People', 'NNS'), (1642, 2, 'talk', 'VBP'), (1642, 3, 'near', 'IN'), (1642, 4, 'stereo', 'NN'), (1642, 5, 'equipment', 'NN'), (1642, 6, 'outdoors', 'RB');
INSERT INTO triples (sentence_id, predicate_id,relation,arg_start_id,arg_end_id,triple_type)VALUES (1642, 1, 'Location',3, 6, 'auto'), (1642, 2, 'Agent',1, 1, 'auto'), (1642, 2, 'Patient',3, 4, 'auto');
INSERT INTO Sentences (sentence_id, sentence, sentence_type)VALUES (1643, 'Several people in a band jumping up and down to the music', 'auto');
INSERT INTO Words ( sentence_id,word_ID ,word,pos)VALUES (1643, 1, 'Several', 'JJ'), (1643, 2, 'people', 'NNS'), (1643, 3, 'in', 'IN'), (1643, 4, 'a', 'DT'), (1643, 5, 'band', 'NN'), (1643, 6, 'jumping', 'VBG'), (1643, 7, 'up', 'RP'), (1643, 8, 'and', 'CC'), (1643, 9, 'down', 'RP'), (1643, 10, 'to', 'TO'), (1643, 11, 'the', 'DT'), (1643, 12, 'music', 'NN');
INSERT INTO triples (sentence_id, predicate_id,relation,arg_start_id,arg_end_id,triple_type)VALUES (1643, 2, 'Property',3, 5, 'auto'), (1643, 6, 'Agent',2, 2, 'auto'), (1643, 6, 'Destination',7, 9, 'auto');
INSERT INTO Sentences (sentence_id, sentence, sentence_type)VALUES (1644, 'A group of girls in cheerleader clothing tosses another girl into the air with an athletic field in the background', 'auto');
INSERT INTO Words ( sentence_id,word_ID ,word,pos)VALUES (1644, 1, 'A', 'DT'), (1644, 2, 'group', 'NN'), (1644, 3, 'of', 'IN'), (1644, 4, 'girls', 'NNS'), (1644, 5, 'in', 'IN'), (1644, 6, 'cheerleader', 'NN'), (1644, 7, 'clothing', 'NN'), (1644, 8, 'tosses', 'NNS'), (1644, 9, 'another', 'DT'), (1644, 10, 'girl', 'NN'), (1644, 11, 'into', 'IN'), (1644, 12, 'the', 'DT'), (1644, 13, 'air', 'NN'), (1644, 14, 'with', 'IN'), (1644, 15, 'an', 'DT'), (1644, 16, 'athletic', 'JJ'), (1644, 17, 'field', 'NN'), (1644, 18, 'in', 'IN'), (1644, 19, 'the', 'DT'), (1644, 20, 'background', 'NN');
INSERT INTO Sentences (sentence_id, sentence, sentence_type)VALUES (1645, 'A group of young women , one up in the air', 'auto');
INSERT INTO Words ( sentence_id,word_ID ,word,pos)VALUES (1645, 1, 'A', 'DT'), (1645, 2, 'group', 'NN'), (1645, 3, 'of', 'IN'), (1645, 4, 'young', 'JJ'), (1645, 5, 'women', 'NNS'), (1645, 6, ',', ','), (1645, 7, 'one', 'CD'), (1645, 8, 'up', 'RP'), (1645, 9, 'in', 'IN'), (1645, 10, 'the', 'DT'), (1645, 11, 'air', 'NN');
INSERT INTO triples (sentence_id, predicate_id,relation,arg_start_id,arg_end_id,triple_type)VALUES (1645, 5, 'Property',1, 4, 'auto'), (1645, 7, 'Location',8, 11, 'auto');
INSERT INTO Sentences (sentence_id, sentence, sentence_type)VALUES (1646, 'Cheerleaders throw girl in air', 'auto');
INSERT INTO Words ( sentence_id,word_ID ,word,pos)VALUES (1646, 1, 'Cheerleaders', 'NNS'), (1646, 2, 'throw', 'VBP'), (1646, 3, 'girl', 'NN'), (1646, 4, 'in', 'IN'), (1646, 5, 'air', 'NN');
INSERT INTO triples (sentence_id, predicate_id,relation,arg_start_id,arg_end_id,triple_type)VALUES (1646, 2, 'Agent',1, 1, 'auto'), (1646, 2, 'Patient',3, 3, 'auto'), (1646, 2, 'Destination',4, 5, 'auto');
INSERT INTO Sentences (sentence_id, sentence, sentence_type)VALUES (1647, 'Five girls cheerleading', 'auto');
INSERT INTO Words ( sentence_id,word_ID ,word,pos)VALUES (1647, 1, 'Five', 'CD'), (1647, 2, 'girls', 'NNS'), (1647, 3, 'cheerleading', 'VBG');
INSERT INTO Sentences (sentence_id, sentence, sentence_type)VALUES (1648, 'The cheerleaders toss their fellow member in the air', 'auto');
INSERT INTO Words ( sentence_id,word_ID ,word,pos)VALUES (1648, 1, 'The', 'DT'), (1648, 2, 'cheerleaders', 'NNS'), (1648, 3, 'toss', 'VBP'), (1648, 4, 'their', 'PRP$'), (1648, 5, 'fellow', 'JJ'), (1648, 6, 'member', 'NN'), (1648, 7, 'in', 'IN'), (1648, 8, 'the', 'DT'), (1648, 9, 'air', 'NN');
INSERT INTO triples (sentence_id, predicate_id,relation,arg_start_id,arg_end_id,triple_type)VALUES (1648, 3, 'Agent',2, 2, 'auto'), (1648, 3, 'Patient',4, 6, 'auto'), (1648, 3, 'Destination',7, 9, 'auto');
INSERT INTO Sentences (sentence_id, sentence, sentence_type)VALUES (1649, 'A close-up of a man shooting a handgun into the woods', 'auto');
INSERT INTO Words ( sentence_id,word_ID ,word,pos)VALUES (1649, 1, 'A', 'DT'), (1649, 2, 'close-up', 'NN'), (1649, 3, 'of', 'IN'), (1649, 4, 'a', 'DT'), (1649, 5, 'man', 'NN'), (1649, 6, 'shooting', 'VBG'), (1649, 7, 'a', 'DT'), (1649, 8, 'handgun', 'NN'), (1649, 9, 'into', 'IN'), (1649, 10, 'the', 'DT'), (1649, 11, 'woods', 'NNS');
INSERT INTO triples (sentence_id, predicate_id,relation,arg_start_id,arg_end_id,triple_type)VALUES (1649, 5, 'Location',7, 11, 'auto'), (1649, 6, 'Agent',5, 5, 'auto'), (1649, 6, 'Patient',7, 8, 'auto'), (1649, 6, 'Destination',9, 11, 'auto');
INSERT INTO Sentences (sentence_id, sentence, sentence_type)VALUES (1650, 'a closeup of someone \'s hands shooting a black gun', 'auto');
INSERT INTO Words ( sentence_id,word_ID ,word,pos)VALUES (1650, 1, 'a', 'DT'), (1650, 2, 'closeup', 'NN'), (1650, 3, 'of', 'IN'), (1650, 4, 'someone', 'NN'), (1650, 5, '\'s', 'POS'), (1650, 6, 'hands', 'NNS'), (1650, 7, 'shooting', 'VBG'), (1650, 8, 'a', 'DT'), (1650, 9, 'black', 'JJ'), (1650, 10, 'gun', 'NN');
INSERT INTO triples (sentence_id, predicate_id,relation,arg_start_id,arg_end_id,triple_type)VALUES (1650, 4, 'Property',5, 10, 'auto'), (1650, 7, 'Agent',4, 4, 'auto'), (1650, 7, 'Patient',8, 10, 'auto');
INSERT INTO Sentences (sentence_id, sentence, sentence_type)VALUES (1651, 'A pair of hands is shooting a black gun in the direction of trees', 'auto');
INSERT INTO Words ( sentence_id,word_ID ,word,pos)VALUES (1651, 1, 'A', 'DT'), (1651, 2, 'pair', 'NN'), (1651, 3, 'of', 'IN'), (1651, 4, 'hands', 'NNS'), (1651, 5, 'is', 'VBZ'), (1651, 6, 'shooting', 'VBG'), (1651, 7, 'a', 'DT'), (1651, 8, 'black', 'JJ'), (1651, 9, 'gun', 'NN'), (1651, 10, 'in', 'IN'), (1651, 11, 'the', 'DT'), (1651, 12, 'direction', 'NN'), (1651, 13, 'of', 'IN'), (1651, 14, 'trees', 'NNS');
INSERT INTO triples (sentence_id, predicate_id,relation,arg_start_id,arg_end_id,triple_type)VALUES (1651, 6, 'Agent',2, 2, 'auto'), (1651, 6, 'Patient',7, 9, 'auto'), (1651, 6, 'Destination',10, 14, 'auto');
INSERT INTO Sentences (sentence_id, sentence, sentence_type)VALUES (1652, 'A person in a blue shirt shoots a gun', 'auto');
INSERT INTO Words ( sentence_id,word_ID ,word,pos)VALUES (1652, 1, 'A', 'DT'), (1652, 2, 'person', 'NN'), (1652, 3, 'in', 'IN'), (1652, 4, 'a', 'DT'), (1652, 5, 'blue', 'JJ'), (1652, 6, 'shirt', 'NN'), (1652, 7, 'shoots', 'VBZ'), (1652, 8, 'a', 'DT'), (1652, 9, 'gun', 'NN');
INSERT INTO triples (sentence_id, predicate_id,relation,arg_start_id,arg_end_id,triple_type)VALUES (1652, 2, 'Property',5, 7, 'auto'), (1652, 7, 'Agent',2, 2, 'auto'), (1652, 7, 'Patient',8, 9, 'auto');
INSERT INTO Sentences (sentence_id, sentence, sentence_type)VALUES (1653, 'Someone fires a bullet from a handgun into the woods', 'auto');
INSERT INTO Words ( sentence_id,word_ID ,word,pos)VALUES (1653, 1, 'Someone', 'NN'), (1653, 2, 'fires', 'VBZ'), (1653, 3, 'a', 'DT'), (1653, 4, 'bullet', 'NN'), (1653, 5, 'from', 'IN'), (1653, 6, 'a', 'DT'), (1653, 7, 'handgun', 'NN'), (1653, 8, 'into', 'IN'), (1653, 9, 'the', 'DT'), (1653, 10, 'woods', 'NNS');
INSERT INTO triples (sentence_id, predicate_id,relation,arg_start_id,arg_end_id,triple_type)VALUES (1653, 1, 'Property',2, 10, 'auto'), (1653, 2, 'Agent',1, 1, 'auto'), (1653, 2, 'Patient',3, 4, 'auto'), (1653, 2, 'Source',5, 7, 'auto'), (1653, 2, 'Destination',8, 10, 'auto');
INSERT INTO Sentences (sentence_id, sentence, sentence_type)VALUES (1654, 'A girl in a swimming pool playing badminton while a lady watches', 'auto');
INSERT INTO Words ( sentence_id,word_ID ,word,pos)VALUES (1654, 1, 'A', 'DT'), (1654, 2, 'girl', 'NN'), (1654, 3, 'in', 'IN'), (1654, 4, 'a', 'DT'), (1654, 5, 'swimming', 'NN'), (1654, 6, 'pool', 'NN'), (1654, 7, 'playing', 'VBG'), (1654, 8, 'badminton', 'NN'), (1654, 9, 'while', 'IN'), (1654, 10, 'a', 'DT'), (1654, 11, 'lady', 'NN'), (1654, 12, 'watches', 'NNS');
INSERT INTO triples (sentence_id, predicate_id,relation,arg_start_id,arg_end_id,triple_type)VALUES (1654, 2, 'Location',3, 6, 'auto'), (1654, 6, 'Property',5, 5, 'auto'), (1654, 7, 'Agent',2, 2, 'auto'), (1654, 7, 'Location',3, 5, 'auto'), (1654, 7, 'Patient',8, 8, 'auto'), (1654, 12, 'Agent',11, 11, 'auto');
INSERT INTO Sentences (sentence_id, sentence, sentence_type)VALUES (1655, 'A woman in a pink bathing suit holds a badminton racket while another lady looks on', 'auto');
INSERT INTO Words ( sentence_id,word_ID ,word,pos)VALUES (1655, 1, 'A', 'DT'), (1655, 2, 'woman', 'NN'), (1655, 3, 'in', 'IN'), (1655, 4, 'a', 'DT'), (1655, 5, 'pink', 'JJ'), (1655, 6, 'bathing', 'NN'), (1655, 7, 'suit', 'NN'), (1655, 8, 'holds', 'VBZ'), (1655, 9, 'a', 'DT'), (1655, 10, 'badminton', 'NN'), (1655, 11, 'racket', 'NN'), (1655, 12, 'while', 'IN'), (1655, 13, 'another', 'DT'), (1655, 14, 'lady', 'NN'), (1655, 15, 'looks', 'VBZ'), (1655, 16, 'on', 'IN');
INSERT INTO triples (sentence_id, predicate_id,relation,arg_start_id,arg_end_id,triple_type)VALUES (1655, 2, 'Property',3, 7, 'auto'), (1655, 8, 'Agent',2, 2, 'auto'), (1655, 8, 'Patient',9, 11, 'auto'), (1655, 15, 'Agent',14, 14, 'auto');
INSERT INTO Sentences (sentence_id, sentence, sentence_type)VALUES (1656, 'A woman sits and watches another woman play in the pool', 'auto');
INSERT INTO Words ( sentence_id,word_ID ,word,pos)VALUES (1656, 1, 'A', 'DT'), (1656, 2, 'woman', 'NN'), (1656, 3, 'sits', 'VBZ'), (1656, 4, 'and', 'CC'), (1656, 5, 'watches', 'VBZ'), (1656, 6, 'another', 'DT'), (1656, 7, 'woman', 'NN'), (1656, 8, 'play', 'VBP'), (1656, 9, 'in', 'IN'), (1656, 10, 'the', 'DT'), (1656, 11, 'pool', 'NN');
INSERT INTO triples (sentence_id, predicate_id,relation,arg_start_id,arg_end_id,triple_type)VALUES (1656, 3, 'Agent',2, 2, 'auto'), (1656, 5, 'Agent',2, 2, 'auto'), (1656, 5, 'Patient',6, 7, 'auto'), (1656, 7, 'Location',9, 11, 'auto'), (1656, 8, 'Agent',6, 7, 'auto'), (1656, 8, 'Location',9, 11, 'auto');
INSERT INTO Sentences (sentence_id, sentence, sentence_type)VALUES (1657, 'One woman sitting beside the pool while another plays badminton in the pool', 'auto');
INSERT INTO Words ( sentence_id,word_ID ,word,pos)VALUES (1657, 1, 'One', 'CD'), (1657, 2, 'woman', 'NN'), (1657, 3, 'sitting', 'VBG'), (1657, 4, 'beside', 'IN'), (1657, 5, 'the', 'DT'), (1657, 6, 'pool', 'NN'), (1657, 7, 'while', 'IN'), (1657, 8, 'another', 'DT'), (1657, 9, 'plays', 'VBZ'), (1657, 10, 'badminton', 'NN'), (1657, 11, 'in', 'IN'), (1657, 12, 'the', 'DT'), (1657, 13, 'pool', 'NN');
INSERT INTO triples (sentence_id, predicate_id,relation,arg_start_id,arg_end_id,triple_type)VALUES (1657, 2, 'Location',4, 6, 'auto'), (1657, 3, 'Agent',2, 2, 'auto'), (1657, 3, 'Location',4, 6, 'auto'), (1657, 9, 'Agent',7, 8, 'auto'), (1657, 9, 'Patient',10, 10, 'auto'), (1657, 9, 'Location',11, 13, 'auto');
INSERT INTO Sentences (sentence_id, sentence, sentence_type)VALUES (1658, 'Woman playing badminton in the pool while another woman looks on', 'auto');
INSERT INTO Words ( sentence_id,word_ID ,word,pos)VALUES (1658, 1, 'Woman', 'NNP'), (1658, 2, 'playing', 'VBG'), (1658, 3, 'badminton', 'NN'), (1658, 4, 'in', 'IN'), (1658, 5, 'the', 'DT'), (1658, 6, 'pool', 'NN'), (1658, 7, 'while', 'IN'), (1658, 8, 'another', 'DT'), (1658, 9, 'woman', 'NN'), (1658, 10, 'looks', 'VBZ'), (1658, 11, 'on', 'IN');
INSERT INTO triples (sentence_id, predicate_id,relation,arg_start_id,arg_end_id,triple_type)VALUES (1658, 2, 'Agent',1, 1, 'auto'), (1658, 2, 'Patient',3, 3, 'auto'), (1658, 2, 'Location',4, 6, 'auto'), (1658, 10, 'Agent',8, 9, 'auto');
INSERT INTO Sentences (sentence_id, sentence, sentence_type)VALUES (1659, 'A boy in black is jumping', 'auto');
INSERT INTO Words ( sentence_id,word_ID ,word,pos)VALUES (1659, 1, 'A', 'DT'), (1659, 2, 'boy', 'NN'), (1659, 3, 'in', 'IN'), (1659, 4, 'black', 'JJ'), (1659, 5, 'is', 'VBZ'), (1659, 6, 'jumping', 'VBG');
INSERT INTO triples (sentence_id, predicate_id,relation,arg_start_id,arg_end_id,triple_type)VALUES (1659, 2, 'Property',3, 4, 'auto'), (1659, 6, 'Agent',2, 2, 'auto');
INSERT INTO Sentences (sentence_id, sentence, sentence_type)VALUES (1660, 'A boy jumping with a sunset in the background', 'auto');
INSERT INTO Words ( sentence_id,word_ID ,word,pos)VALUES (1660, 1, 'A', 'DT'), (1660, 2, 'boy', 'NN'), (1660, 3, 'jumping', 'VBG'), (1660, 4, 'with', 'IN'), (1660, 5, 'a', 'DT'), (1660, 6, 'sunset', 'NN'), (1660, 7, 'in', 'IN'), (1660, 8, 'the', 'DT'), (1660, 9, 'background', 'NN');
INSERT INTO triples (sentence_id, predicate_id,relation,arg_start_id,arg_end_id,triple_type)VALUES (1660, 2, 'Location',4, 9, 'auto'), (1660, 3, 'Agent',2, 2, 'auto'), (1660, 3, 'Location',5, 6, 'auto');
INSERT INTO Sentences (sentence_id, sentence, sentence_type)VALUES (1661, 'A young boy is wearing khaki pants and a black long sleeve shirt', 'auto');
INSERT INTO Words ( sentence_id,word_ID ,word,pos)VALUES (1661, 1, 'A', 'DT'), (1661, 2, 'young', 'JJ'), (1661, 3, 'boy', 'NN'), (1661, 4, 'is', 'VBZ'), (1661, 5, 'wearing', 'VBG'), (1661, 6, 'khaki', 'JJ'), (1661, 7, 'pants', 'NNS'), (1661, 8, 'and', 'CC'), (1661, 9, 'a', 'DT'), (1661, 10, 'black', 'JJ'), (1661, 11, 'long', 'JJ'), (1661, 12, 'sleeve', 'NN'), (1661, 13, 'shirt', 'NN');
INSERT INTO triples (sentence_id, predicate_id,relation,arg_start_id,arg_end_id,triple_type)VALUES (1661, 3, 'Property',4, 13, 'auto'), (1661, 5, 'Agent',3, 3, 'auto'), (1661, 5, 'Patient',6, 13, 'auto');
INSERT INTO Sentences (sentence_id, sentence, sentence_type)VALUES (1662, 'The child is jumping at dusk', 'auto');
INSERT INTO Words ( sentence_id,word_ID ,word,pos)VALUES (1662, 1, 'The', 'DT'), (1662, 2, 'child', 'NN'), (1662, 3, 'is', 'VBZ'), (1662, 4, 'jumping', 'VBG'), (1662, 5, 'at', 'IN'), (1662, 6, 'dusk', 'NN');
INSERT INTO triples (sentence_id, predicate_id,relation,arg_start_id,arg_end_id,triple_type)VALUES (1662, 4, 'Agent',2, 2, 'auto'), (1662, 4, 'Location',5, 6, 'auto');
INSERT INTO Sentences (sentence_id, sentence, sentence_type)VALUES (1663, 'Young boy jumping with sunset behind him', 'auto');
INSERT INTO Words ( sentence_id,word_ID ,word,pos)VALUES (1663, 1, 'Young', 'NNP'), (1663, 2, 'boy', 'NN'), (1663, 3, 'jumping', 'VBG'), (1663, 4, 'with', 'IN'), (1663, 5, 'sunset', 'NN'), (1663, 6, 'behind', 'IN'), (1663, 7, 'him', 'PRP');
INSERT INTO triples (sentence_id, predicate_id,relation,arg_start_id,arg_end_id,triple_type)VALUES (1663, 2, 'Property',1, 1, 'auto'), (1663, 2, 'Location',5, 7, 'auto'), (1663, 3, 'Agent',2, 2, 'auto'), (1663, 3, 'Location',5, 7, 'auto');
INSERT INTO Sentences (sentence_id, sentence, sentence_type)VALUES (1664, 'a boy in a stripy shirt is playing with a soccer ball in a grassy park in front of some bushes', 'auto');
INSERT INTO Words ( sentence_id,word_ID ,word,pos)VALUES (1664, 1, 'a', 'DT'), (1664, 2, 'boy', 'NN'), (1664, 3, 'in', 'IN'), (1664, 4, 'a', 'DT'), (1664, 5, 'stripy', 'JJ'), (1664, 6, 'shirt', 'NN'), (1664, 7, 'is', 'VBZ'), (1664, 8, 'playing', 'VBG'), (1664, 9, 'with', 'IN'), (1664, 10, 'a', 'DT'), (1664, 11, 'soccer', 'NN'), (1664, 12, 'ball', 'NN'), (1664, 13, 'in', 'IN'), (1664, 14, 'a', 'DT'), (1664, 15, 'grassy', 'JJ'), (1664, 16, 'park', 'NN'), (1664, 17, 'in', 'IN'), (1664, 18, 'front', 'NN'), (1664, 19, 'of', 'IN'), (1664, 20, 'some', 'DT'), (1664, 21, 'bushes', 'NNS');
INSERT INTO triples (sentence_id, predicate_id,relation,arg_start_id,arg_end_id,triple_type)VALUES (1664, 2, 'Property',3, 6, 'auto'), (1664, 2, 'Location',15, 21, 'auto'), (1664, 8, 'Agent',2, 2, 'auto'), (1664, 8, 'Instrument',9, 12, 'auto'), (1664, 8, 'Location',15, 21, 'auto'), (1664, 12, 'Location',15, 21, 'auto');
INSERT INTO Sentences (sentence_id, sentence, sentence_type)VALUES (1665, 'A boy in midair trying to kick a soccer ball', 'auto');
INSERT INTO Words ( sentence_id,word_ID ,word,pos)VALUES (1665, 1, 'A', 'DT'), (1665, 2, 'boy', 'NN'), (1665, 3, 'in', 'IN'), (1665, 4, 'midair', 'JJ'), (1665, 5, 'trying', 'VBG'), (1665, 6, 'to', 'TO'), (1665, 7, 'kick', 'VB'), (1665, 8, 'a', 'DT'), (1665, 9, 'soccer', 'NN'), (1665, 10, 'ball', 'NN');
INSERT INTO triples (sentence_id, predicate_id,relation,arg_start_id,arg_end_id,triple_type)VALUES (1665, 2, 'Location',3, 4, 'auto'), (1665, 2, 'Property',5, 10, 'auto'), (1665, 5, 'Agent',2, 2, 'auto'), (1665, 5, 'Beneficiary',6, 10, 'auto'), (1665, 7, 'Agent',2, 2, 'auto'), (1665, 7, 'Patient',8, 10, 'auto');
INSERT INTO Sentences (sentence_id, sentence, sentence_type)VALUES (1666, 'A boy leaping in the air towards a soccer ball', 'auto');
INSERT INTO Words ( sentence_id,word_ID ,word,pos)VALUES (1666, 1, 'A', 'DT'), (1666, 2, 'boy', 'NN'), (1666, 3, 'leaping', 'VBG'), (1666, 4, 'in', 'IN'), (1666, 5, 'the', 'DT'), (1666, 6, 'air', 'NN'), (1666, 7, 'towards', 'IN'), (1666, 8, 'a', 'DT'), (1666, 9, 'soccer', 'NN'), (1666, 10, 'ball', 'NN');
INSERT INTO triples (sentence_id, predicate_id,relation,arg_start_id,arg_end_id,triple_type)VALUES (1666, 2, 'Location',3, 10, 'auto'), (1666, 3, 'Agent',2, 2, 'auto'), (1666, 3, 'Destination',6, 6, 'auto'), (1666, 3, 'Beneficiary',7, 10, 'auto');
INSERT INTO Sentences (sentence_id, sentence, sentence_type)VALUES (1667, 'A child falling back to kick a soccer ball', 'auto');
INSERT INTO Words ( sentence_id,word_ID ,word,pos)VALUES (1667, 1, 'A', 'DT'), (1667, 2, 'child', 'NN'), (1667, 3, 'falling', 'VBG'), (1667, 4, 'back', 'RB'), (1667, 5, 'to', 'TO'), (1667, 6, 'kick', 'VB'), (1667, 7, 'a', 'DT'), (1667, 8, 'soccer', 'NN'), (1667, 9, 'ball', 'NN');
INSERT INTO triples (sentence_id, predicate_id,relation,arg_start_id,arg_end_id,triple_type)VALUES (1667, 3, 'Agent',2, 2, 'auto'), (1667, 3, 'Destination',4, 4, 'auto'), (1667, 3, 'Beneficiary',5, 9, 'auto'), (1667, 6, 'Patient',7, 9, 'auto');
INSERT INTO Sentences (sentence_id, sentence, sentence_type)VALUES (1668, 'Boy leaning backward to kick a soccer ball in mid-air', 'auto');
INSERT INTO Words ( sentence_id,word_ID ,word,pos)VALUES (1668, 1, 'Boy', 'NN'), (1668, 2, 'leaning', 'VBG'), (1668, 3, 'backward', 'RB'), (1668, 4, 'to', 'TO'), (1668, 5, 'kick', 'VB'), (1668, 6, 'a', 'DT'), (1668, 7, 'soccer', 'NN'), (1668, 8, 'ball', 'NN'), (1668, 9, 'in', 'IN'), (1668, 10, 'mid-air', 'NN');
INSERT INTO triples (sentence_id, predicate_id,relation,arg_start_id,arg_end_id,triple_type)VALUES (1668, 1, 'Location',9, 10, 'auto'), (1668, 2, 'Agent',1, 1, 'auto'), (1668, 2, 'Destination',3, 3, 'auto'), (1668, 2, 'Beneficiary',4, 8, 'auto'), (1668, 2, 'Location',9, 10, 'auto'), (1668, 5, 'Agent',1, 1, 'auto'), (1668, 5, 'Patient',7, 8, 'auto'), (1668, 5, 'Location',9, 10, 'auto'), (1668, 8, 'Location',9, 10, 'auto');
INSERT INTO Sentences (sentence_id, sentence, sentence_type)VALUES (1669, 'A man is bungee jumping from a platform whilst being watched by someone above him', 'auto');
INSERT INTO Words ( sentence_id,word_ID ,word,pos)VALUES (1669, 1, 'A', 'DT'), (1669, 2, 'man', 'NN'), (1669, 3, 'is', 'VBZ'), (1669, 4, 'bungee', 'JJ'), (1669, 5, 'jumping', 'VBG'), (1669, 6, 'from', 'IN'), (1669, 7, 'a', 'DT'), (1669, 8, 'platform', 'NN'), (1669, 9, 'whilst', 'IN'), (1669, 10, 'being', 'VBG'), (1669, 11, 'watched', 'VBN'), (1669, 12, 'by', 'IN'), (1669, 13, 'someone', 'NN'), (1669, 14, 'above', 'IN'), (1669, 15, 'him', 'PRP');
INSERT INTO triples (sentence_id, predicate_id,relation,arg_start_id,arg_end_id,triple_type)VALUES (1669, 2, 'Location',3, 8, 'auto'), (1669, 5, 'Agent',2, 2, 'auto'), (1669, 5, 'Source',6, 8, 'auto'), (1669, 11, 'Patient',2, 2, 'auto'), (1669, 11, 'Agent',12, 13, 'auto'), (1669, 13, 'Location',14, 15, 'auto');
INSERT INTO Sentences (sentence_id, sentence, sentence_type)VALUES (1670, 'A man is in freefall from a point at which others are observing', 'auto');
INSERT INTO Words ( sentence_id,word_ID ,word,pos)VALUES (1670, 1, 'A', 'DT'), (1670, 2, 'man', 'NN'), (1670, 3, 'is', 'VBZ'), (1670, 4, 'in', 'IN'), (1670, 5, 'freefall', 'NN'), (1670, 6, 'from', 'IN'), (1670, 7, 'a', 'DT'), (1670, 8, 'point', 'NN'), (1670, 9, 'at', 'IN'), (1670, 10, 'which', 'WDT'), (1670, 11, 'others', 'NNS'), (1670, 12, 'are', 'VBP'), (1670, 13, 'observing', 'VBG');
INSERT INTO triples (sentence_id, predicate_id,relation,arg_start_id,arg_end_id,triple_type)VALUES (1670, 2, 'Location',5, 10, 'auto'), (1670, 3, 'Patient',1, 2, 'auto'), (1670, 3, 'Location',6, 10, 'auto'), (1670, 13, 'Patient',2, 2, 'auto'), (1670, 13, 'Agent',11, 11, 'auto');
INSERT INTO Sentences (sentence_id, sentence, sentence_type)VALUES (1671, 'A person bungee jumping with the coordinator watching from above', 'auto');
INSERT INTO Words ( sentence_id,word_ID ,word,pos)VALUES (1671, 1, 'A', 'DT'), (1671, 2, 'person', 'NN'), (1671, 3, 'bungee', 'JJ'), (1671, 4, 'jumping', 'VBG'), (1671, 5, 'with', 'IN'), (1671, 6, 'the', 'DT'), (1671, 7, 'coordinator', 'NN'), (1671, 8, 'watching', 'VBG'), (1671, 9, 'from', 'IN'), (1671, 10, 'above', 'IN');
INSERT INTO triples (sentence_id, predicate_id,relation,arg_start_id,arg_end_id,triple_type)VALUES (1671, 2, 'Property',3, 3, 'auto'), (1671, 4, 'Agent',2, 2, 'auto'), (1671, 4, 'Patient',3, 3, 'auto'), (1671, 8, 'Agent',7, 7, 'auto'), (1671, 8, 'Source',9, 10, 'auto');
INSERT INTO Sentences (sentence_id, sentence, sentence_type)VALUES (1672, 'A view from below of a man bungee jumping', 'auto');
INSERT INTO Words ( sentence_id,word_ID ,word,pos)VALUES (1672, 1, 'A', 'DT'), (1672, 2, 'view', 'NN'), (1672, 3, 'from', 'IN'), (1672, 4, 'below', 'IN'), (1672, 5, 'of', 'IN'), (1672, 6, 'a', 'DT'), (1672, 7, 'man', 'NN'), (1672, 8, 'bungee', 'NN'), (1672, 9, 'jumping', 'VBG');
INSERT INTO triples (sentence_id, predicate_id,relation,arg_start_id,arg_end_id,triple_type)VALUES (1672, 2, 'Location',3, 4, 'auto'), (1672, 7, 'Property',8, 9, 'auto'), (1672, 9, 'Agent',7, 7, 'auto'), (1672, 9, 'Patient',8, 8, 'auto');
INSERT INTO Sentences (sentence_id, sentence, sentence_type)VALUES (1673, 'This man is bungee jumping', 'auto');
INSERT INTO Words ( sentence_id,word_ID ,word,pos)VALUES (1673, 1, 'This', 'DT'), (1673, 2, 'man', 'NN'), (1673, 3, 'is', 'VBZ'), (1673, 4, 'bungee', 'JJ'), (1673, 5, 'jumping', 'VBG');
INSERT INTO triples (sentence_id, predicate_id,relation,arg_start_id,arg_end_id,triple_type)VALUES (1673, 2, 'Property',4, 4, 'auto'), (1673, 5, 'Agent',2, 2, 'auto'), (1673, 5, 'Patient',4, 4, 'auto');
INSERT INTO Sentences (sentence_id, sentence, sentence_type)VALUES (1674, 'A man performs a ski jump in the snow', 'auto');
INSERT INTO Words ( sentence_id,word_ID ,word,pos)VALUES (1674, 1, 'A', 'DT'), (1674, 2, 'man', 'NN'), (1674, 3, 'performs', 'VBZ'), (1674, 4, 'a', 'DT'), (1674, 5, 'ski', 'NN'), (1674, 6, 'jump', 'NN'), (1674, 7, 'in', 'IN'), (1674, 8, 'the', 'DT'), (1674, 9, 'snow', 'NN');
INSERT INTO triples (sentence_id, predicate_id,relation,arg_start_id,arg_end_id,triple_type)VALUES (1674, 2, 'Property',6, 6, 'auto'), (1674, 2, 'Location',7, 9, 'auto'), (1674, 3, 'Agent',2, 2, 'auto'), (1674, 3, 'Patient',4, 6, 'auto'), (1674, 3, 'Location',9, 9, 'auto');
INSERT INTO Sentences (sentence_id, sentence, sentence_type)VALUES (1675, 'A skier in a black top making a jump with a blue and white sign on pile of snow underneath', 'auto');
INSERT INTO Words ( sentence_id,word_ID ,word,pos)VALUES (1675, 1, 'A', 'DT'), (1675, 2, 'skier', 'NN'), (1675, 3, 'in', 'IN'), (1675, 4, 'a', 'DT'), (1675, 5, 'black', 'JJ'), (1675, 6, 'top', 'JJ'), (1675, 7, 'making', 'VBG'), (1675, 8, 'a', 'DT'), (1675, 9, 'jump', 'NN'), (1675, 10, 'with', 'IN'), (1675, 11, 'a', 'DT'), (1675, 12, 'blue', 'JJ'), (1675, 13, 'and', 'CC'), (1675, 14, 'white', 'JJ'), (1675, 15, 'sign', 'NN'), (1675, 16, 'on', 'IN'), (1675, 17, 'pile', 'NN'), (1675, 18, 'of', 'IN'), (1675, 19, 'snow', 'NN'), (1675, 20, 'underneath', 'IN');
INSERT INTO triples (sentence_id, predicate_id,relation,arg_start_id,arg_end_id,triple_type)VALUES (1675, 2, 'Property',3, 6, 'auto'), (1675, 7, 'Agent',2, 2, 'auto'), (1675, 7, 'Patient',8, 9, 'auto'), (1675, 15, 'Property',12, 14, 'auto'), (1675, 15, 'Location',16, 20, 'auto');
INSERT INTO Sentences (sentence_id, sentence, sentence_type)VALUES (1676, 'A skier high in the air after a jump', 'auto');
INSERT INTO Words ( sentence_id,word_ID ,word,pos)VALUES (1676, 1, 'A', 'DT'), (1676, 2, 'skier', 'NN'), (1676, 3, 'high', 'JJ'), (1676, 4, 'in', 'IN'), (1676, 5, 'the', 'DT'), (1676, 6, 'air', 'NN'), (1676, 7, 'after', 'IN'), (1676, 8, 'a', 'DT'), (1676, 9, 'jump', 'NN');
INSERT INTO Sentences (sentence_id, sentence, sentence_type)VALUES (1677, 'Man on skis attempting to jump over a snow pile', 'auto');
INSERT INTO Words ( sentence_id,word_ID ,word,pos)VALUES (1677, 1, 'Man', 'NN'), (1677, 2, 'on', 'IN'), (1677, 3, 'skis', 'NNS'), (1677, 4, 'attempting', 'VBG'), (1677, 5, 'to', 'TO'), (1677, 6, 'jump', 'VB'), (1677, 7, 'over', 'IN'), (1677, 8, 'a', 'DT'), (1677, 9, 'snow', 'NN'), (1677, 10, 'pile', 'NN');
INSERT INTO triples (sentence_id, predicate_id,relation,arg_start_id,arg_end_id,triple_type)VALUES (1677, 1, 'Property',3, 3, 'auto'), (1677, 1, 'Location',7, 10, 'auto'), (1677, 4, 'Agent',1, 1, 'auto'), (1677, 4, 'Beneficiary',5, 6, 'auto'), (1677, 4, 'Location',7, 10, 'auto'), (1677, 6, 'Agent',1, 1, 'auto'), (1677, 6, 'Destination',10, 10, 'auto');
INSERT INTO Sentences (sentence_id, sentence, sentence_type)VALUES (1678, 'The skier is airborne after going off the ramp', 'auto');
INSERT INTO Words ( sentence_id,word_ID ,word,pos)VALUES (1678, 1, 'The', 'DT'), (1678, 2, 'skier', 'NN'), (1678, 3, 'is', 'VBZ'), (1678, 4, 'airborne', 'JJ'), (1678, 5, 'after', 'IN'), (1678, 6, 'going', 'VBG'), (1678, 7, 'off', 'RP'), (1678, 8, 'the', 'DT'), (1678, 9, 'ramp', 'NN');
INSERT INTO triples (sentence_id, predicate_id,relation,arg_start_id,arg_end_id,triple_type)VALUES (1678, 3, 'Patient',1, 2, 'auto'), (1678, 3, 'Attribute',4, 4, 'auto'), (1678, 6, 'Agent',2, 2, 'auto'), (1678, 6, 'Source',7, 9, 'auto');
INSERT INTO Sentences (sentence_id, sentence, sentence_type)VALUES (1679, 'An ATV racer blasts down the track sending dirt flying everywhere', 'auto');
INSERT INTO Words ( sentence_id,word_ID ,word,pos)VALUES (1679, 1, 'An', 'DT'), (1679, 2, 'ATV', 'NN'), (1679, 3, 'racer', 'NN'), (1679, 4, 'blasts', 'VBZ'), (1679, 5, 'down', 'IN'), (1679, 6, 'the', 'DT'), (1679, 7, 'track', 'NN'), (1679, 8, 'sending', 'VBG'), (1679, 9, 'dirt', 'NN'), (1679, 10, 'flying', 'VBG'), (1679, 11, 'everywhere', 'RB');
INSERT INTO triples (sentence_id, predicate_id,relation,arg_start_id,arg_end_id,triple_type)VALUES (1679, 3, 'Property',1, 2, 'auto'), (1679, 4, 'Agent',3, 3, 'auto'), (1679, 4, 'Patient',7, 7, 'auto'), (1679, 8, 'Agent',3, 3, 'auto'), (1679, 8, 'Patient',9, 11, 'auto'), (1679, 10, 'Agent',9, 9, 'auto'), (1679, 10, 'Destination',11, 11, 'auto');
INSERT INTO Sentences (sentence_id, sentence, sentence_type)VALUES (1680, 'A person is on a four wheeler kicking up a lot of dirt in a dune', 'auto');
INSERT INTO Words ( sentence_id,word_ID ,word,pos)VALUES (1680, 1, 'A', 'DT'), (1680, 2, 'person', 'NN'), (1680, 3, 'is', 'VBZ'), (1680, 4, 'on', 'IN'), (1680, 5, 'a', 'DT'), (1680, 6, 'four', 'CD'), (1680, 7, 'wheeler', 'NN'), (1680, 8, 'kicking', 'VBG'), (1680, 9, 'up', 'RP'), (1680, 10, 'a', 'DT'), (1680, 11, 'lot', 'NN'), (1680, 12, 'of', 'IN'), (1680, 13, 'dirt', 'NN'), (1680, 14, 'in', 'IN'), (1680, 15, 'a', 'DT'), (1680, 16, 'dune', 'NN');
INSERT INTO triples (sentence_id, predicate_id,relation,arg_start_id,arg_end_id,triple_type)VALUES (1680, 2, 'Location',4, 7, 'auto'), (1680, 8, 'Agent',2, 2, 'auto'), (1680, 8, 'Patient',9, 13, 'auto'), (1680, 8, 'Location',14, 16, 'auto');
INSERT INTO Sentences (sentence_id, sentence, sentence_type)VALUES (1681, 'A person is riding an ATV through the dirt', 'auto');
INSERT INTO Words ( sentence_id,word_ID ,word,pos)VALUES (1681, 1, 'A', 'DT'), (1681, 2, 'person', 'NN'), (1681, 3, 'is', 'VBZ'), (1681, 4, 'riding', 'VBG'), (1681, 5, 'an', 'DT'), (1681, 6, 'ATV', 'NN'), (1681, 7, 'through', 'IN'), (1681, 8, 'the', 'DT'), (1681, 9, 'dirt', 'NN');
INSERT INTO triples (sentence_id, predicate_id,relation,arg_start_id,arg_end_id,triple_type)VALUES (1681, 2, 'Location',3, 9, 'auto'), (1681, 4, 'Agent',2, 2, 'auto'), (1681, 4, 'Patient',5, 6, 'auto'), (1681, 4, 'Location',9, 9, 'auto');
INSERT INTO Sentences (sentence_id, sentence, sentence_type)VALUES (1682, 'ATV rider spinning his wheels', 'auto');
INSERT INTO Words ( sentence_id,word_ID ,word,pos)VALUES (1682, 1, 'ATV', 'NN'), (1682, 2, 'rider', 'NN'), (1682, 3, 'spinning', 'VBG'), (1682, 4, 'his', 'PRP$'), (1682, 5, 'wheels', 'NNS');
INSERT INTO triples (sentence_id, predicate_id,relation,arg_start_id,arg_end_id,triple_type)VALUES (1682, 2, 'Property',1, 1, 'auto'), (1682, 3, 'Agent',2, 2, 'auto'), (1682, 3, 'Patient',5, 5, 'auto');
INSERT INTO Sentences (sentence_id, sentence, sentence_type)VALUES (1683, 'The quad runner goes up the sand dune', 'auto');
INSERT INTO Words ( sentence_id,word_ID ,word,pos)VALUES (1683, 1, 'The', 'DT'), (1683, 2, 'quad', 'NN'), (1683, 3, 'runner', 'NN'), (1683, 4, 'goes', 'VBZ'), (1683, 5, 'up', 'IN'), (1683, 6, 'the', 'DT'), (1683, 7, 'sand', 'NN'), (1683, 8, 'dune', 'NN');
INSERT INTO triples (sentence_id, predicate_id,relation,arg_start_id,arg_end_id,triple_type)VALUES (1683, 4, 'Agent',3, 3, 'auto'), (1683, 4, 'Destination',5, 8, 'auto');
INSERT INTO Sentences (sentence_id, sentence, sentence_type)VALUES (1684, 'A swan unfurling his wings over the water with a second swan in the background', 'auto');
INSERT INTO Words ( sentence_id,word_ID ,word,pos)VALUES (1684, 1, 'A', 'DT'), (1684, 2, 'swan', 'NN'), (1684, 3, 'unfurling', 'VBG'), (1684, 4, 'his', 'PRP$'), (1684, 5, 'wings', 'NNS'), (1684, 6, 'over', 'IN'), (1684, 7, 'the', 'DT'), (1684, 8, 'water', 'NN'), (1684, 9, 'with', 'IN'), (1684, 10, 'a', 'DT'), (1684, 11, 'second', 'JJ'), (1684, 12, 'swan', 'NN'), (1684, 13, 'in', 'IN'), (1684, 14, 'the', 'DT'), (1684, 15, 'background', 'NN');
INSERT INTO triples (sentence_id, predicate_id,relation,arg_start_id,arg_end_id,triple_type)VALUES (1684, 3, 'Agent',2, 2, 'auto'), (1684, 3, 'Patient',4, 5, 'auto'), (1684, 3, 'Location',6, 8, 'auto'), (1684, 12, 'Location',13, 15, 'auto');
INSERT INTO Sentences (sentence_id, sentence, sentence_type)VALUES (1685, 'Two geese in dark blue water one goose has wings outstreached the other is starting a dive', 'auto');
INSERT INTO Words ( sentence_id,word_ID ,word,pos)VALUES (1685, 1, 'Two', 'CD'), (1685, 2, 'geese', 'NNS'), (1685, 3, 'in', 'IN'), (1685, 4, 'dark', 'JJ'), (1685, 5, 'blue', 'JJ'), (1685, 6, 'water', 'NN'), (1685, 7, 'one', 'CD'), (1685, 8, 'goose', 'NN'), (1685, 9, 'has', 'VBZ'), (1685, 10, 'wings', 'NNS'), (1685, 11, 'outstreached', 'VBD'), (1685, 12, 'the', 'DT'), (1685, 13, 'other', 'JJ'), (1685, 14, 'is', 'VBZ'), (1685, 15, 'starting', 'VBG'), (1685, 16, 'a', 'DT'), (1685, 17, 'dive', 'NN');
INSERT INTO triples (sentence_id, predicate_id,relation,arg_start_id,arg_end_id,triple_type)VALUES (1685, 2, 'Location',3, 6, 'auto'), (1685, 6, 'Property',1, 5, 'auto'), (1685, 8, 'Property',9, 13, 'auto'), (1685, 9, 'Agent',8, 8, 'auto'), (1685, 9, 'Patient',10, 13, 'auto'), (1685, 15, 'Agent',13, 13, 'auto'), (1685, 15, 'Patient',16, 17, 'auto');
INSERT INTO Sentences (sentence_id, sentence, sentence_type)VALUES (1686, 'Two swans are in the water , the one in front is flapping its wings', 'auto');
INSERT INTO Words ( sentence_id,word_ID ,word,pos)VALUES (1686, 1, 'Two', 'CD'), (1686, 2, 'swans', 'NNS'), (1686, 3, 'are', 'VBP'), (1686, 4, 'in', 'IN'), (1686, 5, 'the', 'DT'), (1686, 6, 'water', 'NN'), (1686, 7, ',', ','), (1686, 8, 'the', 'DT'), (1686, 9, 'one', 'CD'), (1686, 10, 'in', 'IN'), (1686, 11, 'front', 'NN'), (1686, 12, 'is', 'VBZ'), (1686, 13, 'flapping', 'VBG'), (1686, 14, 'its', 'PRP$'), (1686, 15, 'wings', 'NNS');
INSERT INTO triples (sentence_id, predicate_id,relation,arg_start_id,arg_end_id,triple_type)VALUES (1686, 3, 'Patient',1, 2, 'auto'), (1686, 3, 'Location',4, 6, 'auto'), (1686, 9, 'Location',10, 15, 'auto'), (1686, 13, 'Location',4, 6, 'auto'), (1686, 13, 'Agent',9, 9, 'auto'), (1686, 13, 'Patient',15, 15, 'auto');
INSERT INTO Sentences (sentence_id, sentence, sentence_type)VALUES (1687, 'two white geese on the surface of the ocean', 'auto');
INSERT INTO Words ( sentence_id,word_ID ,word,pos)VALUES (1687, 1, 'two', 'CD'), (1687, 2, 'white', 'JJ'), (1687, 3, 'geese', 'NNS'), (1687, 4, 'on', 'IN'), (1687, 5, 'the', 'DT'), (1687, 6, 'surface', 'NN'), (1687, 7, 'of', 'IN'), (1687, 8, 'the', 'DT'), (1687, 9, 'ocean', 'NN');
INSERT INTO Sentences (sentence_id, sentence, sentence_type)VALUES (1688, 'Two white swans on the water', 'auto');
INSERT INTO Words ( sentence_id,word_ID ,word,pos)VALUES (1688, 1, 'Two', 'CD'), (1688, 2, 'white', 'JJ'), (1688, 3, 'swans', 'NNS'), (1688, 4, 'on', 'IN'), (1688, 5, 'the', 'DT'), (1688, 6, 'water', 'NN');
INSERT INTO triples (sentence_id, predicate_id,relation,arg_start_id,arg_end_id,triple_type)VALUES (1688, 3, 'Property',1, 2, 'auto'), (1688, 3, 'Location',4, 6, 'auto');
INSERT INTO Sentences (sentence_id, sentence, sentence_type)VALUES (1689, 'A runner heading toward a base while the baseman tries to tag him out', 'auto');
INSERT INTO Words ( sentence_id,word_ID ,word,pos)VALUES (1689, 1, 'A', 'DT'), (1689, 2, 'runner', 'NN'), (1689, 3, 'heading', 'VBG'), (1689, 4, 'toward', 'IN'), (1689, 5, 'a', 'DT'), (1689, 6, 'base', 'NN'), (1689, 7, 'while', 'IN'), (1689, 8, 'the', 'DT'), (1689, 9, 'baseman', 'NN'), (1689, 10, 'tries', 'VBZ'), (1689, 11, 'to', 'TO'), (1689, 12, 'tag', 'VB'), (1689, 13, 'him', 'PRP'), (1689, 14, 'out', 'RP');
INSERT INTO triples (sentence_id, predicate_id,relation,arg_start_id,arg_end_id,triple_type)VALUES (1689, 3, 'Agent',2, 2, 'auto'), (1689, 3, 'Destination',4, 6, 'auto'), (1689, 10, 'Agent',9, 9, 'auto'), (1689, 10, 'Beneficiary',11, 14, 'auto'), (1689, 12, 'Agent',9, 9, 'auto'), (1689, 12, 'Patient',13, 14, 'auto');
INSERT INTO Sentences (sentence_id, sentence, sentence_type)VALUES (1690, 'one baseball player running toward a base with another waiting on the base', 'auto');
INSERT INTO Words ( sentence_id,word_ID ,word,pos)VALUES (1690, 1, 'one', 'CD'), (1690, 2, 'baseball', 'NN'), (1690, 3, 'player', 'NN'), (1690, 4, 'running', 'VBG'), (1690, 5, 'toward', 'IN'), (1690, 6, 'a', 'DT'), (1690, 7, 'base', 'NN'), (1690, 8, 'with', 'IN'), (1690, 9, 'another', 'DT'), (1690, 10, 'waiting', 'VBG'), (1690, 11, 'on', 'IN'), (1690, 12, 'the', 'DT'), (1690, 13, 'base', 'NN');
INSERT INTO triples (sentence_id, predicate_id,relation,arg_start_id,arg_end_id,triple_type)VALUES (1690, 3, 'Property',1, 2, 'auto'), (1690, 3, 'Location',6, 7, 'auto'), (1690, 4, 'Agent',3, 3, 'auto'), (1690, 4, 'Destination',5, 7, 'auto'), (1690, 4, 'Beneficiary',9, 10, 'auto'), (1690, 10, 'Agent',3, 3, 'auto'), (1690, 10, 'Beneficiary',4, 5, 'auto'), (1690, 10, 'Location',11, 13, 'auto');
INSERT INTO Sentences (sentence_id, sentence, sentence_type)VALUES (1691, 'These two people are in baseball uniforms , making a play at base', 'auto');
INSERT INTO Words ( sentence_id,word_ID ,word,pos)VALUES (1691, 1, 'These', 'DT'), (1691, 2, 'two', 'CD'), (1691, 3, 'people', 'NNS'), (1691, 4, 'are', 'VBP'), (1691, 5, 'in', 'IN'), (1691, 6, 'baseball', 'NN'), (1691, 7, 'uniforms', 'NNS'), (1691, 8, ',', ','), (1691, 9, 'making', 'VBG'), (1691, 10, 'a', 'DT'), (1691, 11, 'play', 'NN'), (1691, 12, 'at', 'IN'), (1691, 13, 'base', 'NN');
INSERT INTO triples (sentence_id, predicate_id,relation,arg_start_id,arg_end_id,triple_type)VALUES (1691, 3, 'Property',6, 7, 'auto'), (1691, 3, 'Location',10, 13, 'auto'), (1691, 4, 'Patient',1, 3, 'auto'), (1691, 4, 'Attribute',5, 7, 'auto'), (1691, 4, 'Location',12, 13, 'auto'), (1691, 9, 'Material',2, 3, 'auto'), (1691, 9, 'Patient',10, 11, 'auto'), (1691, 9, 'Location',12, 13, 'auto'), (1691, 11, 'Location',12, 13, 'auto');
INSERT INTO Sentences (sentence_id, sentence, sentence_type)VALUES (1692, 'Two men playing baseball with the one in the black and red jersey running toward base', 'auto');
INSERT INTO Words ( sentence_id,word_ID ,word,pos)VALUES (1692, 1, 'Two', 'CD'), (1692, 2, 'men', 'NNS'), (1692, 3, 'playing', 'VBG'), (1692, 4, 'baseball', 'NN'), (1692, 5, 'with', 'IN'), (1692, 6, 'the', 'DT'), (1692, 7, 'one', 'CD'), (1692, 8, 'in', 'IN'), (1692, 9, 'the', 'DT'), (1692, 10, 'black', 'JJ'), (1692, 11, 'and', 'CC'), (1692, 12, 'red', 'JJ'), (1692, 13, 'jersey', 'NN'), (1692, 14, 'running', 'VBG'), (1692, 15, 'toward', 'IN'), (1692, 16, 'base', 'NN');
INSERT INTO triples (sentence_id, predicate_id,relation,arg_start_id,arg_end_id,triple_type)VALUES (1692, 2, 'Property',3, 4, 'auto'), (1692, 3, 'Agent',2, 2, 'auto'), (1692, 3, 'Patient',4, 4, 'auto'), (1692, 7, 'Property',8, 13, 'auto'), (1692, 7, 'Location',14, 16, 'auto'), (1692, 14, 'Agent',7, 7, 'auto'), (1692, 14, 'Destination',15, 16, 'auto');
INSERT INTO Sentences (sentence_id, sentence, sentence_type)VALUES (1693, 'Two people playing baseball', 'auto');
INSERT INTO Words ( sentence_id,word_ID ,word,pos)VALUES (1693, 1, 'Two', 'CD'), (1693, 2, 'people', 'NNS'), (1693, 3, 'playing', 'VBG'), (1693, 4, 'baseball', 'NN');
INSERT INTO triples (sentence_id, predicate_id,relation,arg_start_id,arg_end_id,triple_type)VALUES (1693, 2, 'Property',1, 1, 'auto'), (1693, 3, 'Agent',2, 2, 'auto'), (1693, 3, 'Patient',4, 4, 'auto');
INSERT INTO Sentences (sentence_id, sentence, sentence_type)VALUES (1694, 'A boy wearing full riding gear is riding his bike down a paved road', 'auto');
INSERT INTO Words ( sentence_id,word_ID ,word,pos)VALUES (1694, 1, 'A', 'DT'), (1694, 2, 'boy', 'NN'), (1694, 3, 'wearing', 'VBG'), (1694, 4, 'full', 'JJ'), (1694, 5, 'riding', 'JJ'), (1694, 6, 'gear', 'NN'), (1694, 7, 'is', 'VBZ'), (1694, 8, 'riding', 'VBG'), (1694, 9, 'his', 'PRP$'), (1694, 10, 'bike', 'NN'), (1694, 11, 'down', 'IN'), (1694, 12, 'a', 'DT'), (1694, 13, 'paved', 'JJ'), (1694, 14, 'road', 'NN');
INSERT INTO triples (sentence_id, predicate_id,relation,arg_start_id,arg_end_id,triple_type)VALUES (1694, 2, 'Property',3, 6, 'auto'), (1694, 2, 'Location',10, 14, 'auto'), (1694, 3, 'Agent',2, 2, 'auto'), (1694, 3, 'Patient',4, 6, 'auto'), (1694, -1, 'Agent',2, 2, 'auto'), (1694, -1, 'Patient',9, 10, 'auto'), (1694, -1, 'Location',11, 14, 'auto'), (1694, 10, 'Location',12, 14, 'auto');
INSERT INTO Sentences (sentence_id, sentence, sentence_type)VALUES (1695, 'A child wearing a bicycle helmet and uniform is riding a bike', 'auto');
INSERT INTO Words ( sentence_id,word_ID ,word,pos)VALUES (1695, 1, 'A', 'DT'), (1695, 2, 'child', 'NN'), (1695, 3, 'wearing', 'VBG'), (1695, 4, 'a', 'DT'), (1695, 5, 'bicycle', 'NN'), (1695, 6, 'helmet', 'NN'), (1695, 7, 'and', 'CC'), (1695, 8, 'uniform', 'NN'), (1695, 9, 'is', 'VBZ'), (1695, 10, 'riding', 'VBG'), (1695, 11, 'a', 'DT'), (1695, 12, 'bike', 'NN');
INSERT INTO triples (sentence_id, predicate_id,relation,arg_start_id,arg_end_id,triple_type)VALUES (1695, 3, 'Agent',2, 2, 'auto'), (1695, 3, 'Patient',4, 8, 'auto'), (1695, 10, 'Agent',2, 2, 'auto'), (1695, 10, 'Patient',11, 12, 'auto');
INSERT INTO Sentences (sentence_id, sentence, sentence_type)VALUES (1696, 'A cyclist riding a bicycle on a road', 'auto');
INSERT INTO Words ( sentence_id,word_ID ,word,pos)VALUES (1696, 1, 'A', 'DT'), (1696, 2, 'cyclist', 'NN'), (1696, 3, 'riding', 'VBG'), (1696, 4, 'a', 'DT'), (1696, 5, 'bicycle', 'NN'), (1696, 6, 'on', 'IN'), (1696, 7, 'a', 'DT'), (1696, 8, 'road', 'NN');
INSERT INTO triples (sentence_id, predicate_id,relation,arg_start_id,arg_end_id,triple_type)VALUES (1696, 3, 'Agent',2, 2, 'auto'), (1696, 3, 'Patient',4, 5, 'auto'), (1696, 3, 'Location',6, 8, 'auto'), (1696, 5, 'Location',6, 8, 'auto');
INSERT INTO Sentences (sentence_id, sentence, sentence_type)VALUES (1697, 'A young man in a bicycle helmet rides on a street', 'auto');
INSERT INTO Words ( sentence_id,word_ID ,word,pos)VALUES (1697, 1, 'A', 'DT'), (1697, 2, 'young', 'JJ'), (1697, 3, 'man', 'NN'), (1697, 4, 'in', 'IN'), (1697, 5, 'a', 'DT'), (1697, 6, 'bicycle', 'NN'), (1697, 7, 'helmet', 'NN'), (1697, 8, 'rides', 'VBZ'), (1697, 9, 'on', 'IN'), (1697, 10, 'a', 'DT'), (1697, 11, 'street', 'NN');
INSERT INTO triples (sentence_id, predicate_id,relation,arg_start_id,arg_end_id,triple_type)VALUES (1697, 3, 'Property',1, 2, 'auto'), (1697, 3, 'Location',10, 11, 'auto'), (1697, 8, 'Agent',3, 3, 'auto'), (1697, 8, 'Location',9, 11, 'auto');
INSERT INTO Sentences (sentence_id, sentence, sentence_type)VALUES (1698, 'Boy in a helmet riding his bike in a marathon', 'auto');
INSERT INTO Words ( sentence_id,word_ID ,word,pos)VALUES (1698, 1, 'Boy', 'NN'), (1698, 2, 'in', 'IN'), (1698, 3, 'a', 'DT'), (1698, 4, 'helmet', 'NN'), (1698, 5, 'riding', 'VBG'), (1698, 6, 'his', 'PRP$'), (1698, 7, 'bike', 'NN'), (1698, 8, 'in', 'IN'), (1698, 9, 'a', 'DT'), (1698, 10, 'marathon', 'NN');
INSERT INTO triples (sentence_id, predicate_id,relation,arg_start_id,arg_end_id,triple_type)VALUES (1698, 1, 'Property',2, 7, 'auto'), (1698, 1, 'Location',9, 10, 'auto'), (1698, 5, 'Agent',1, 1, 'auto'), (1698, 5, 'Patient',6, 7, 'auto'), (1698, 5, 'Location',8, 10, 'auto'), (1698, 7, 'Property',6, 6, 'auto'), (1698, 7, 'Location',8, 10, 'auto');
INSERT INTO Sentences (sentence_id, sentence, sentence_type)VALUES (1699, 'A man leaping into the air with a mountain vista behind him', 'auto');
INSERT INTO Words ( sentence_id,word_ID ,word,pos)VALUES (1699, 1, 'A', 'DT'), (1699, 2, 'man', 'NN'), (1699, 3, 'leaping', 'VBG'), (1699, 4, 'into', 'IN'), (1699, 5, 'the', 'DT'), (1699, 6, 'air', 'NN'), (1699, 7, 'with', 'IN'), (1699, 8, 'a', 'DT'), (1699, 9, 'mountain', 'NN'), (1699, 10, 'vista', 'NN'), (1699, 11, 'behind', 'IN'), (1699, 12, 'him', 'PRP');
INSERT INTO triples (sentence_id, predicate_id,relation,arg_start_id,arg_end_id,triple_type)VALUES (1699, 2, 'Location',3, 6, 'auto'), (1699, 3, 'Agent',2, 2, 'auto'), (1699, 3, 'Destination',6, 6, 'auto'), (1699, 3, 'Location',9, 12, 'auto'), (1699, 9, 'Location',10, 12, 'auto');
INSERT INTO Sentences (sentence_id, sentence, sentence_type)VALUES (1700, 'A man poses as he jumps from rock to rock in a forest', 'auto');
INSERT INTO Words ( sentence_id,word_ID ,word,pos)VALUES (1700, 1, 'A', 'DT'), (1700, 2, 'man', 'NN'), (1700, 3, 'poses', 'VBZ'), (1700, 4, 'as', 'IN'), (1700, 5, 'he', 'PRP'), (1700, 6, 'jumps', 'VBZ'), (1700, 7, 'from', 'IN'), (1700, 8, 'rock', 'NN'), (1700, 9, 'to', 'TO'), (1700, 10, 'rock', 'NN'), (1700, 11, 'in', 'IN'), (1700, 12, 'a', 'DT'), (1700, 13, 'forest', 'NN');
INSERT INTO triples (sentence_id, predicate_id,relation,arg_start_id,arg_end_id,triple_type)VALUES (1700, 2, 'Property',3, 6, 'auto'), (1700, 2, 'Location',12, 13, 'auto'), (1700, 3, 'Agent',2, 2, 'auto'), (1700, 6, 'Agent',5, 5, 'auto'), (1700, 6, 'Source',7, 8, 'auto'), (1700, 6, 'Destination',9, 10, 'auto'), (1700, 6, 'Location',13, 13, 'auto');
INSERT INTO Sentences (sentence_id, sentence, sentence_type)VALUES (1701, 'A man steps off of a boulder', 'auto');
INSERT INTO Words ( sentence_id,word_ID ,word,pos)VALUES (1701, 1, 'A', 'DT'), (1701, 2, 'man', 'NN'), (1701, 3, 'steps', 'VBZ'), (1701, 4, 'off', 'IN'), (1701, 5, 'of', 'IN'), (1701, 6, 'a', 'DT'), (1701, 7, 'boulder', 'NN');
INSERT INTO triples (sentence_id, predicate_id,relation,arg_start_id,arg_end_id,triple_type)VALUES (1701, 2, 'Location',6, 7, 'auto'), (1701, 3, 'Agent',2, 2, 'auto'), (1701, 3, 'Patient',4, 5, 'auto'), (1701, 3, 'Location',6, 7, 'auto');
INSERT INTO Sentences (sentence_id, sentence, sentence_type)VALUES (1702, 'A young man leaps through the air from a rocky mountain top', 'auto');
INSERT INTO Words ( sentence_id,word_ID ,word,pos)VALUES (1702, 1, 'A', 'DT'), (1702, 2, 'young', 'JJ'), (1702, 3, 'man', 'NN'), (1702, 4, 'leaps', 'VBZ'), (1702, 5, 'through', 'IN'), (1702, 6, 'the', 'DT'), (1702, 7, 'air', 'NN'), (1702, 8, 'from', 'IN'), (1702, 9, 'a', 'DT'), (1702, 10, 'rocky', 'JJ'), (1702, 11, 'mountain', 'NN'), (1702, 12, 'top', 'NN');
INSERT INTO triples (sentence_id, predicate_id,relation,arg_start_id,arg_end_id,triple_type)VALUES (1702, 3, 'Location',6, 7, 'auto'), (1702, 4, 'Agent',3, 3, 'auto'), (1702, 4, 'Destination',7, 7, 'auto'), (1702, 4, 'Source',8, 12, 'auto');
INSERT INTO Sentences (sentence_id, sentence, sentence_type)VALUES (1703, 'A young man poses as he jumps in mid-air between two rocks in a highland', 'auto');
INSERT INTO Words ( sentence_id,word_ID ,word,pos)VALUES (1703, 1, 'A', 'DT'), (1703, 2, 'young', 'JJ'), (1703, 3, 'man', 'NN'), (1703, 4, 'poses', 'VBZ'), (1703, 5, 'as', 'IN'), (1703, 6, 'he', 'PRP'), (1703, 7, 'jumps', 'VBZ'), (1703, 8, 'in', 'IN'), (1703, 9, 'mid-air', 'JJ'), (1703, 10, 'between', 'IN'), (1703, 11, 'two', 'CD'), (1703, 12, 'rocks', 'NNS'), (1703, 13, 'in', 'IN'), (1703, 14, 'a', 'DT'), (1703, 15, 'highland', 'NN');
INSERT INTO triples (sentence_id, predicate_id,relation,arg_start_id,arg_end_id,triple_type)VALUES (1703, 3, 'Property',2, 2, 'auto'), (1703, 3, 'Location',14, 15, 'auto'), (1703, 4, 'Agent',3, 3, 'auto'), (1703, 4, 'Location',13, 15, 'auto'), (1703, 7, 'Agent',6, 6, 'auto'), (1703, 7, 'Location',9, 12, 'auto'), (1703, 12, 'Property',11, 11, 'auto'), (1703, 12, 'Location',13, 15, 'auto');
INSERT INTO Sentences (sentence_id, sentence, sentence_type)VALUES (1704, 'Two girls are fighting over a ball during a game', 'auto');
INSERT INTO Words ( sentence_id,word_ID ,word,pos)VALUES (1704, 1, 'Two', 'CD'), (1704, 2, 'girls', 'NNS'), (1704, 3, 'are', 'VBP'), (1704, 4, 'fighting', 'VBG'), (1704, 5, 'over', 'IN'), (1704, 6, 'a', 'DT'), (1704, 7, 'ball', 'NN'), (1704, 8, 'during', 'IN'), (1704, 9, 'a', 'DT'), (1704, 10, 'game', 'NN');
INSERT INTO triples (sentence_id, predicate_id,relation,arg_start_id,arg_end_id,triple_type)VALUES (1704, 4, 'Agent',2, 2, 'auto'), (1704, 4, 'Beneficiary',5, 7, 'auto'), (1704, 4, 'Location',9, 10, 'auto'), (1704, 7, 'Location',8, 10, 'auto');
INSERT INTO Sentences (sentence_id, sentence, sentence_type)VALUES (1705, 'two woman competing in a sporting event', 'auto');
INSERT INTO Words ( sentence_id,word_ID ,word,pos)VALUES (1705, 1, 'two', 'CD'), (1705, 2, 'woman', 'NN'), (1705, 3, 'competing', 'VBG'), (1705, 4, 'in', 'IN'), (1705, 5, 'a', 'DT'), (1705, 6, 'sporting', 'VBG'), (1705, 7, 'event', 'NN');
INSERT INTO triples (sentence_id, predicate_id,relation,arg_start_id,arg_end_id,triple_type)VALUES (1705, 2, 'Property',1, 1, 'auto'), (1705, 2, 'Location',4, 7, 'auto'), (1705, 3, 'Agent',2, 2, 'auto'), (1705, 3, 'Location',4, 7, 'auto');
INSERT INTO Sentences (sentence_id, sentence, sentence_type)VALUES (1706, 'Two women are playing a game with sticks and a small white ball', 'auto');
INSERT INTO Words ( sentence_id,word_ID ,word,pos)VALUES (1706, 1, 'Two', 'CD'), (1706, 2, 'women', 'NNS'), (1706, 3, 'are', 'VBP'), (1706, 4, 'playing', 'VBG'), (1706, 5, 'a', 'DT'), (1706, 6, 'game', 'NN'), (1706, 7, 'with', 'IN'), (1706, 8, 'sticks', 'NNS'), (1706, 9, 'and', 'CC'), (1706, 10, 'a', 'DT'), (1706, 11, 'small', 'JJ'), (1706, 12, 'white', 'JJ'), (1706, 13, 'ball', 'NN');
INSERT INTO triples (sentence_id, predicate_id,relation,arg_start_id,arg_end_id,triple_type)VALUES (1706, 2, 'Property',3, 13, 'auto'), (1706, 4, 'Agent',2, 2, 'auto'), (1706, 4, 'Patient',5, 6, 'auto'), (1706, 4, 'Instrument',7, 13, 'auto'), (1706, 13, 'Property',11, 12, 'auto');
INSERT INTO Sentences (sentence_id, sentence, sentence_type)VALUES (1707, 'Two women are reaching with sticks for a ball during a sports game', 'auto');
INSERT INTO Words ( sentence_id,word_ID ,word,pos)VALUES (1707, 1, 'Two', 'CD'), (1707, 2, 'women', 'NNS'), (1707, 3, 'are', 'VBP'), (1707, 4, 'reaching', 'VBG'), (1707, 5, 'with', 'IN'), (1707, 6, 'sticks', 'NNS'), (1707, 7, 'for', 'IN'), (1707, 8, 'a', 'DT'), (1707, 9, 'ball', 'NN'), (1707, 10, 'during', 'IN'), (1707, 11, 'a', 'DT'), (1707, 12, 'sports', 'NNS'), (1707, 13, 'game', 'NN');
INSERT INTO triples (sentence_id, predicate_id,relation,arg_start_id,arg_end_id,triple_type)VALUES (1707, 2, 'Property',3, 9, 'auto'), (1707, 2, 'Location',10, 13, 'auto'), (1707, 4, 'Agent',2, 2, 'auto'), (1707, 4, 'Instrument',5, 6, 'auto'), (1707, 4, 'Beneficiary',7, 9, 'auto'), (1707, 9, 'Location',10, 13, 'auto');
INSERT INTO Sentences (sentence_id, sentence, sentence_type)VALUES (1708, 'Two women playing field hockey', 'auto');
INSERT INTO Words ( sentence_id,word_ID ,word,pos)VALUES (1708, 1, 'Two', 'CD'), (1708, 2, 'women', 'NNS'), (1708, 3, 'playing', 'VBG'), (1708, 4, 'field', 'NN'), (1708, 5, 'hockey', 'NN');
INSERT INTO triples (sentence_id, predicate_id,relation,arg_start_id,arg_end_id,triple_type)VALUES (1708, 2, 'Property',3, 5, 'auto'), (1708, 3, 'Agent',2, 2, 'auto'), (1708, 3, 'Patient',4, 5, 'auto');
INSERT INTO Sentences (sentence_id, sentence, sentence_type)VALUES (1709, 'A group of speed skaters making a turn with a blue advertisement behind them', 'auto');
INSERT INTO Words ( sentence_id,word_ID ,word,pos)VALUES (1709, 1, 'A', 'DT'), (1709, 2, 'group', 'NN'), (1709, 3, 'of', 'IN'), (1709, 4, 'speed', 'NN'), (1709, 5, 'skaters', 'NNS'), (1709, 6, 'making', 'VBG'), (1709, 7, 'a', 'DT'), (1709, 8, 'turn', 'NN'), (1709, 9, 'with', 'IN'), (1709, 10, 'a', 'DT'), (1709, 11, 'blue', 'JJ'), (1709, 12, 'advertisement', 'NN'), (1709, 13, 'behind', 'IN'), (1709, 14, 'them', 'PRP');
INSERT INTO triples (sentence_id, predicate_id,relation,arg_start_id,arg_end_id,triple_type)VALUES (1709, 6, 'Agent',2, 2, 'auto'), (1709, 6, 'Patient',7, 8, 'auto'), (1709, 12, 'Property',11, 11, 'auto'), (1709, 12, 'Location',13, 14, 'auto');
INSERT INTO Sentences (sentence_id, sentence, sentence_type)VALUES (1710, 'Three ice skaters round a corner', 'auto');
INSERT INTO Words ( sentence_id,word_ID ,word,pos)VALUES (1710, 1, 'Three', 'CD'), (1710, 2, 'ice', 'NN'), (1710, 3, 'skaters', 'NNS'), (1710, 4, 'round', 'VBP'), (1710, 5, 'a', 'DT'), (1710, 6, 'corner', 'NN');
INSERT INTO triples (sentence_id, predicate_id,relation,arg_start_id,arg_end_id,triple_type)VALUES (1710, 4, 'Agent',3, 3, 'auto'), (1710, 4, 'Patient',5, 6, 'auto');
INSERT INTO Sentences (sentence_id, sentence, sentence_type)VALUES (1711, 'Three people racing on ice skates', 'auto');
INSERT INTO Words ( sentence_id,word_ID ,word,pos)VALUES (1711, 1, 'Three', 'CD'), (1711, 2, 'people', 'NNS'), (1711, 3, 'racing', 'VBG'), (1711, 4, 'on', 'IN'), (1711, 5, 'ice', 'NN'), (1711, 6, 'skates', 'NNS');
INSERT INTO triples (sentence_id, predicate_id,relation,arg_start_id,arg_end_id,triple_type)VALUES (1711, 2, 'Property',1, 1, 'auto'), (1711, 2, 'Location',4, 6, 'auto'), (1711, 3, 'Agent',2, 2, 'auto'), (1711, 3, 'Instrument',4, 6, 'auto');
INSERT INTO Sentences (sentence_id, sentence, sentence_type)VALUES (1712, 'Three speed skaters racing down the ice rink', 'auto');
INSERT INTO Words ( sentence_id,word_ID ,word,pos)VALUES (1712, 1, 'Three', 'CD'), (1712, 2, 'speed', 'NN'), (1712, 3, 'skaters', 'NNS'), (1712, 4, 'racing', 'VBG'), (1712, 5, 'down', 'IN'), (1712, 6, 'the', 'DT'), (1712, 7, 'ice', 'NN'), (1712, 8, 'rink', 'NN');
INSERT INTO triples (sentence_id, predicate_id,relation,arg_start_id,arg_end_id,triple_type)VALUES (1712, 4, 'Agent',3, 3, 'auto'), (1712, 4, 'Location',5, 8, 'auto');
INSERT INTO Sentences (sentence_id, sentence, sentence_type)VALUES (1713, 'Three speed skaters skating', 'auto');
INSERT INTO Words ( sentence_id,word_ID ,word,pos)VALUES (1713, 1, 'Three', 'CD'), (1713, 2, 'speed', 'NN'), (1713, 3, 'skaters', 'NNS'), (1713, 4, 'skating', 'VBG');
INSERT INTO triples (sentence_id, predicate_id,relation,arg_start_id,arg_end_id,triple_type)VALUES (1713, 4, 'Agent',3, 3, 'auto');
INSERT INTO Sentences (sentence_id, sentence, sentence_type)VALUES (1714, 'a lone surfboarder surfing a wave riding a white surfboard', 'auto');
INSERT INTO Words ( sentence_id,word_ID ,word,pos)VALUES (1714, 1, 'a', 'DT'), (1714, 2, 'lone', 'JJ'), (1714, 3, 'surfboarder', 'NN'), (1714, 4, 'surfing', 'VBG'), (1714, 5, 'a', 'DT'), (1714, 6, 'wave', 'NN'), (1714, 7, 'riding', 'VBG'), (1714, 8, 'a', 'DT'), (1714, 9, 'white', 'JJ'), (1714, 10, 'surfboard', 'NN');
INSERT INTO triples (sentence_id, predicate_id,relation,arg_start_id,arg_end_id,triple_type)VALUES (1714, 4, 'Agent',3, 3, 'auto'), (1714, 4, 'Patient',5, 6, 'auto'), (1714, 4, 'Instrument',9, 10, 'auto'), (1714, 7, 'Agent',3, 3, 'auto'), (1714, 7, 'Patient',8, 10, 'auto');
INSERT INTO Sentences (sentence_id, sentence, sentence_type)VALUES (1715, 'A man catches a huge wave on his surfboard', 'auto');
INSERT INTO Words ( sentence_id,word_ID ,word,pos)VALUES (1715, 1, 'A', 'DT'), (1715, 2, 'man', 'NN'), (1715, 3, 'catches', 'VBZ'), (1715, 4, 'a', 'DT'), (1715, 5, 'huge', 'JJ'), (1715, 6, 'wave', 'NN'), (1715, 7, 'on', 'IN'), (1715, 8, 'his', 'PRP$'), (1715, 9, 'surfboard', 'NN');
INSERT INTO triples (sentence_id, predicate_id,relation,arg_start_id,arg_end_id,triple_type)VALUES (1715, 2, 'Property',7, 9, 'auto'), (1715, 3, 'Agent',2, 2, 'auto'), (1715, 3, 'Patient',4, 6, 'auto'), (1715, 3, 'Instrument',7, 9, 'auto');
INSERT INTO Sentences (sentence_id, sentence, sentence_type)VALUES (1716, 'A surfboarder going down a wave', 'auto');
INSERT INTO Words ( sentence_id,word_ID ,word,pos)VALUES (1716, 1, 'A', 'DT'), (1716, 2, 'surfboarder', 'NN'), (1716, 3, 'going', 'VBG'), (1716, 4, 'down', 'RP'), (1716, 5, 'a', 'DT'), (1716, 6, 'wave', 'NN');
INSERT INTO triples (sentence_id, predicate_id,relation,arg_start_id,arg_end_id,triple_type)VALUES (1716, 3, 'Agent',2, 2, 'auto'), (1716, 3, 'Destination',4, 4, 'auto'), (1716, 3, 'Patient',5, 6, 'auto');
INSERT INTO Sentences (sentence_id, sentence, sentence_type)VALUES (1717, 'A surfer makes a turn on a wave', 'auto');
INSERT INTO Words ( sentence_id,word_ID ,word,pos)VALUES (1717, 1, 'A', 'DT'), (1717, 2, 'surfer', 'NN'), (1717, 3, 'makes', 'VBZ'), (1717, 4, 'a', 'DT'), (1717, 5, 'turn', 'NN'), (1717, 6, 'on', 'IN'), (1717, 7, 'a', 'DT'), (1717, 8, 'wave', 'NN');
INSERT INTO triples (sentence_id, predicate_id,relation,arg_start_id,arg_end_id,triple_type)VALUES (1717, 2, 'Property',3, 5, 'auto'), (1717, 2, 'Location',6, 8, 'auto'), (1717, 3, 'Agent',2, 2, 'auto'), (1717, 3, 'Patient',4, 5, 'auto'), (1717, 3, 'Location',6, 8, 'auto');
INSERT INTO Sentences (sentence_id, sentence, sentence_type)VALUES (1718, 'The surfer is riding a wave', 'auto');
INSERT INTO Words ( sentence_id,word_ID ,word,pos)VALUES (1718, 1, 'The', 'DT'), (1718, 2, 'surfer', 'NN'), (1718, 3, 'is', 'VBZ'), (1718, 4, 'riding', 'VBG'), (1718, 5, 'a', 'DT'), (1718, 6, 'wave', 'NN');
INSERT INTO triples (sentence_id, predicate_id,relation,arg_start_id,arg_end_id,triple_type)VALUES (1718, 2, 'Property',3, 6, 'auto'), (1718, 4, 'Agent',2, 2, 'auto'), (1718, 4, 'Patient',5, 6, 'auto');
INSERT INTO Sentences (sentence_id, sentence, sentence_type)VALUES (1719, 'A group of little girls jumping together in a backyard', 'auto');
INSERT INTO Words ( sentence_id,word_ID ,word,pos)VALUES (1719, 1, 'A', 'DT'), (1719, 2, 'group', 'NN'), (1719, 3, 'of', 'IN'), (1719, 4, 'little', 'JJ'), (1719, 5, 'girls', 'NNS'), (1719, 6, 'jumping', 'VBG'), (1719, 7, 'together', 'RB'), (1719, 8, 'in', 'IN'), (1719, 9, 'a', 'DT'), (1719, 10, 'backyard', 'NN');
INSERT INTO Sentences (sentence_id, sentence, sentence_type)VALUES (1720, 'Several young girls playing on a trampoline with a blue covering', 'auto');
INSERT INTO Words ( sentence_id,word_ID ,word,pos)VALUES (1720, 1, 'Several', 'JJ'), (1720, 2, 'young', 'JJ'), (1720, 3, 'girls', 'NNS'), (1720, 4, 'playing', 'VBG'), (1720, 5, 'on', 'IN'), (1720, 6, 'a', 'DT'), (1720, 7, 'trampoline', 'NN'), (1720, 8, 'with', 'IN'), (1720, 9, 'a', 'DT'), (1720, 10, 'blue', 'JJ'), (1720, 11, 'covering', 'NN');
INSERT INTO triples (sentence_id, predicate_id,relation,arg_start_id,arg_end_id,triple_type)VALUES (1720, 4, 'Agent',3, 3, 'auto'), (1720, 4, 'Location',5, 7, 'auto'), (1720, 4, 'Beneficiary',8, 8, 'auto'), (1720, 7, 'Property',8, 11, 'auto');
INSERT INTO Sentences (sentence_id, sentence, sentence_type)VALUES (1721, 'Three girls happily jumping', 'auto');
INSERT INTO Words ( sentence_id,word_ID ,word,pos)VALUES (1721, 1, 'Three', 'CD'), (1721, 2, 'girls', 'NNS'), (1721, 3, 'happily', 'RB'), (1721, 4, 'jumping', 'VBG');
INSERT INTO triples (sentence_id, predicate_id,relation,arg_start_id,arg_end_id,triple_type)VALUES (1721, 4, 'Agent',1, 2, 'auto');
INSERT INTO Sentences (sentence_id, sentence, sentence_type)VALUES (1722, 'Three girls jumping on a trampoline', 'auto');
INSERT INTO Words ( sentence_id,word_ID ,word,pos)VALUES (1722, 1, 'Three', 'CD'), (1722, 2, 'girls', 'NNS'), (1722, 3, 'jumping', 'VBG'), (1722, 4, 'on', 'IN'), (1722, 5, 'a', 'DT'), (1722, 6, 'trampoline', 'NN');
INSERT INTO triples (sentence_id, predicate_id,relation,arg_start_id,arg_end_id,triple_type)VALUES (1722, 3, 'Agent',2, 2, 'auto'), (1722, 3, 'Instrument',4, 6, 'auto');
INSERT INTO Sentences (sentence_id, sentence, sentence_type)VALUES (1723, 'Young girls play together with glee and joy', 'auto');
INSERT INTO Words ( sentence_id,word_ID ,word,pos)VALUES (1723, 1, 'Young', 'JJ'), (1723, 2, 'girls', 'NNS'), (1723, 3, 'play', 'VBP'), (1723, 4, 'together', 'RB'), (1723, 5, 'with', 'IN'), (1723, 6, 'glee', 'NN'), (1723, 7, 'and', 'CC'), (1723, 8, 'joy', 'NN');
INSERT INTO triples (sentence_id, predicate_id,relation,arg_start_id,arg_end_id,triple_type)VALUES (1723, 3, 'Agent',2, 2, 'auto');
INSERT INTO Sentences (sentence_id, sentence, sentence_type)VALUES (1724, 'A man is jumping on another man with a white face and long hair in a wrestling Ring', 'auto');
INSERT INTO Words ( sentence_id,word_ID ,word,pos)VALUES (1724, 1, 'A', 'DT'), (1724, 2, 'man', 'NN'), (1724, 3, 'is', 'VBZ'), (1724, 4, 'jumping', 'VBG'), (1724, 5, 'on', 'RP'), (1724, 6, 'another', 'DT'), (1724, 7, 'man', 'NN'), (1724, 8, 'with', 'IN'), (1724, 9, 'a', 'DT'), (1724, 10, 'white', 'JJ'), (1724, 11, 'face', 'NN'), (1724, 12, 'and', 'CC'), (1724, 13, 'long', 'JJ'), (1724, 14, 'hair', 'NN'), (1724, 15, 'in', 'IN'), (1724, 16, 'a', 'DT'), (1724, 17, 'wrestling', 'NN'), (1724, 18, 'Ring', 'NN');
INSERT INTO triples (sentence_id, predicate_id,relation,arg_start_id,arg_end_id,triple_type)VALUES (1724, 2, 'Property',4, 7, 'auto'), (1724, 4, 'Agent',2, 2, 'auto'), (1724, 4, 'Destination',6, 7, 'auto'), (1724, 7, 'Property',11, 15, 'auto'), (1724, 7, 'Location',16, 18, 'auto');
INSERT INTO Sentences (sentence_id, sentence, sentence_type)VALUES (1725, 'A man performs a wrestling move on the wrestler in the rink', 'auto');
INSERT INTO Words ( sentence_id,word_ID ,word,pos)VALUES (1725, 1, 'A', 'DT'), (1725, 2, 'man', 'NN'), (1725, 3, 'performs', 'VBZ'), (1725, 4, 'a', 'DT'), (1725, 5, 'wrestling', 'JJ'), (1725, 6, 'move', 'NN'), (1725, 7, 'on', 'IN'), (1725, 8, 'the', 'DT'), (1725, 9, 'wrestler', 'NN'), (1725, 10, 'in', 'IN'), (1725, 11, 'the', 'DT'), (1725, 12, 'rink', 'NN');
INSERT INTO triples (sentence_id, predicate_id,relation,arg_start_id,arg_end_id,triple_type)VALUES (1725, 2, 'Location',7, 12, 'auto'), (1725, 3, 'Agent',2, 2, 'auto'), (1725, 3, 'Patient',4, 6, 'auto'), (1725, 3, 'Location',12, 12, 'auto');
INSERT INTO Sentences (sentence_id, sentence, sentence_type)VALUES (1726, 'A professional wrestler takes a flying leap onto another wrestler', 'auto');
INSERT INTO Words ( sentence_id,word_ID ,word,pos)VALUES (1726, 1, 'A', 'DT'), (1726, 2, 'professional', 'JJ'), (1726, 3, 'wrestler', 'NN'), (1726, 4, 'takes', 'VBZ'), (1726, 5, 'a', 'DT'), (1726, 6, 'flying', 'JJ'), (1726, 7, 'leap', 'NN'), (1726, 8, 'onto', 'IN'), (1726, 9, 'another', 'DT'), (1726, 10, 'wrestler', 'NN');
INSERT INTO triples (sentence_id, predicate_id,relation,arg_start_id,arg_end_id,triple_type)VALUES (1726, 4, 'Agent',3, 3, 'auto'), (1726, 4, 'Patient',5, 7, 'auto'), (1726, 4, 'Recipient',8, 10, 'auto');
INSERT INTO Sentences (sentence_id, sentence, sentence_type)VALUES (1727, 'A wrestler is falling onto another wrestler who is laying in a ring', 'auto');
INSERT INTO Words ( sentence_id,word_ID ,word,pos)VALUES (1727, 1, 'A', 'DT'), (1727, 2, 'wrestler', 'NN'), (1727, 3, 'is', 'VBZ'), (1727, 4, 'falling', 'VBG'), (1727, 5, 'onto', 'IN'), (1727, 6, 'another', 'DT'), (1727, 7, 'wrestler', 'NN'), (1727, 8, 'who', 'WP'), (1727, 9, 'is', 'VBZ'), (1727, 10, 'laying', 'VBG'), (1727, 11, 'in', 'IN'), (1727, 12, 'a', 'DT'), (1727, 13, 'ring', 'NN');
INSERT INTO triples (sentence_id, predicate_id,relation,arg_start_id,arg_end_id,triple_type)VALUES (1727, 4, 'Agent',2, 2, 'auto'), (1727, 4, 'Destination',5, 7, 'auto'), (1727, 4, 'Location',13, 13, 'auto'), (1727, 10, 'Agent',7, 8, 'auto'), (1727, 10, 'Location',13, 13, 'auto');
INSERT INTO Sentences (sentence_id, sentence, sentence_type)VALUES (1728, 'People are watching the wrestler fall', 'auto');
INSERT INTO Words ( sentence_id,word_ID ,word,pos)VALUES (1728, 1, 'People', 'NNS'), (1728, 2, 'are', 'VBP'), (1728, 3, 'watching', 'VBG'), (1728, 4, 'the', 'DT'), (1728, 5, 'wrestler', 'NN'), (1728, 6, 'fall', 'NN');
INSERT INTO triples (sentence_id, predicate_id,relation,arg_start_id,arg_end_id,triple_type)VALUES (1728, 3, 'Agent',1, 1, 'auto'), (1728, 3, 'Patient',4, 6, 'auto');
INSERT INTO Sentences (sentence_id, sentence, sentence_type)VALUES (1729, 'A black and white dog in the grass holding a pine cone in its mouth', 'auto');
INSERT INTO Words ( sentence_id,word_ID ,word,pos)VALUES (1729, 1, 'A', 'DT'), (1729, 2, 'black', 'JJ'), (1729, 3, 'and', 'CC'), (1729, 4, 'white', 'JJ'), (1729, 5, 'dog', 'NN'), (1729, 6, 'in', 'IN'), (1729, 7, 'the', 'DT'), (1729, 8, 'grass', 'NN'), (1729, 9, 'holding', 'VBG'), (1729, 10, 'a', 'DT'), (1729, 11, 'pine', 'NN'), (1729, 12, 'cone', 'NN'), (1729, 13, 'in', 'IN'), (1729, 14, 'its', 'PRP$'), (1729, 15, 'mouth', 'NN');
INSERT INTO triples (sentence_id, predicate_id,relation,arg_start_id,arg_end_id,triple_type)VALUES (1729, 5, 'Property',1, 4, 'auto'), (1729, 5, 'Location',8, 8, 'auto'), (1729, 9, 'Agent',5, 5, 'auto'), (1729, 9, 'Location',6, 8, 'auto'), (1729, 9, 'Patient',10, 12, 'auto'), (1729, 9, 'Instrument',13, 15, 'auto');
INSERT INTO Sentences (sentence_id, sentence, sentence_type)VALUES (1730, 'A black and white dog is biting on a pine cone on the grass', 'auto');
INSERT INTO Words ( sentence_id,word_ID ,word,pos)VALUES (1730, 1, 'A', 'DT'), (1730, 2, 'black', 'JJ'), (1730, 3, 'and', 'CC'), (1730, 4, 'white', 'JJ'), (1730, 5, 'dog', 'NN'), (1730, 6, 'is', 'VBZ'), (1730, 7, 'biting', 'VBG'), (1730, 8, 'on', 'IN'), (1730, 9, 'a', 'DT'), (1730, 10, 'pine', 'NN'), (1730, 11, 'cone', 'NN'), (1730, 12, 'on', 'IN'), (1730, 13, 'the', 'DT'), (1730, 14, 'grass', 'NN');
INSERT INTO triples (sentence_id, predicate_id,relation,arg_start_id,arg_end_id,triple_type)VALUES (1730, 5, 'Property',1, 4, 'auto'), (1730, 5, 'Location',12, 14, 'auto'), (1730, 7, 'Agent',5, 5, 'auto'), (1730, 7, 'Patient',10, 11, 'auto'), (1730, 7, 'Location',12, 14, 'auto');
INSERT INTO Sentences (sentence_id, sentence, sentence_type)VALUES (1731, 'A black and white dog playing with a pine cone', 'auto');
INSERT INTO Words ( sentence_id,word_ID ,word,pos)VALUES (1731, 1, 'A', 'DT'), (1731, 2, 'black', 'JJ'), (1731, 3, 'and', 'CC'), (1731, 4, 'white', 'JJ'), (1731, 5, 'dog', 'NN'), (1731, 6, 'playing', 'VBG'), (1731, 7, 'with', 'IN'), (1731, 8, 'a', 'DT'), (1731, 9, 'pine', 'NN'), (1731, 10, 'cone', 'NN');
INSERT INTO triples (sentence_id, predicate_id,relation,arg_start_id,arg_end_id,triple_type)VALUES (1731, 5, 'Property',1, 4, 'auto'), (1731, 6, 'Agent',5, 5, 'auto'), (1731, 6, 'Instrument',7, 10, 'auto');
INSERT INTO Sentences (sentence_id, sentence, sentence_type)VALUES (1732, 'A dog eating a pine cone', 'auto');
INSERT INTO Words ( sentence_id,word_ID ,word,pos)VALUES (1732, 1, 'A', 'DT'), (1732, 2, 'dog', 'NN'), (1732, 3, 'eating', 'VBG'), (1732, 4, 'a', 'DT'), (1732, 5, 'pine', 'VBP'), (1732, 6, 'cone', 'NN');
INSERT INTO triples (sentence_id, predicate_id,relation,arg_start_id,arg_end_id,triple_type)VALUES (1732, 2, 'Property',6, 6, 'auto'), (1732, 3, 'Agent',2, 2, 'auto'), (1732, 3, 'Patient',4, 6, 'auto');
INSERT INTO Sentences (sentence_id, sentence, sentence_type)VALUES (1733, 'A dog plays with a pine cone', 'auto');
INSERT INTO Words ( sentence_id,word_ID ,word,pos)VALUES (1733, 1, 'A', 'DT'), (1733, 2, 'dog', 'NN'), (1733, 3, 'plays', 'VBZ'), (1733, 4, 'with', 'IN'), (1733, 5, 'a', 'DT'), (1733, 6, 'pine', 'NN'), (1733, 7, 'cone', 'NN');
INSERT INTO triples (sentence_id, predicate_id,relation,arg_start_id,arg_end_id,triple_type)VALUES (1733, 2, 'Property',6, 7, 'auto'), (1733, 3, 'Agent',2, 2, 'auto'), (1733, 3, 'Instrument',4, 7, 'auto');
INSERT INTO Sentences (sentence_id, sentence, sentence_type)VALUES (1734, 'A boy wearing a teal shirt is riding a skate board on a sidewalk', 'auto');
INSERT INTO Words ( sentence_id,word_ID ,word,pos)VALUES (1734, 1, 'A', 'DT'), (1734, 2, 'boy', 'NN'), (1734, 3, 'wearing', 'VBG'), (1734, 4, 'a', 'DT'), (1734, 5, 'teal', 'NN'), (1734, 6, 'shirt', 'NN'), (1734, 7, 'is', 'VBZ'), (1734, 8, 'riding', 'VBG'), (1734, 9, 'a', 'DT'), (1734, 10, 'skate', 'NN'), (1734, 11, 'board', 'NN'), (1734, 12, 'on', 'IN'), (1734, 13, 'a', 'DT'), (1734, 14, 'sidewalk', 'NN');
INSERT INTO triples (sentence_id, predicate_id,relation,arg_start_id,arg_end_id,triple_type)VALUES (1734, 2, 'Property',6, 6, 'auto'), (1734, 2, 'Location',10, 14, 'auto'), (1734, 3, 'Agent',2, 2, 'auto'), (1734, 3, 'Patient',4, 6, 'auto'), (1734, 8, 'Agent',2, 2, 'auto'), (1734, 8, 'Patient',9, 11, 'auto'), (1734, 8, 'Location',12, 14, 'auto');
INSERT INTO Sentences (sentence_id, sentence, sentence_type)VALUES (1735, 'A man wearing a green shirt is skateboarding on a ramp beside a white fence', 'auto');
INSERT INTO Words ( sentence_id,word_ID ,word,pos)VALUES (1735, 1, 'A', 'DT'), (1735, 2, 'man', 'NN'), (1735, 3, 'wearing', 'VBG'), (1735, 4, 'a', 'DT'), (1735, 5, 'green', 'JJ'), (1735, 6, 'shirt', 'NN'), (1735, 7, 'is', 'VBZ'), (1735, 8, 'skateboarding', 'VBG'), (1735, 9, 'on', 'IN'), (1735, 10, 'a', 'DT'), (1735, 11, 'ramp', 'NN'), (1735, 12, 'beside', 'IN'), (1735, 13, 'a', 'DT'), (1735, 14, 'white', 'JJ'), (1735, 15, 'fence', 'NN');
INSERT INTO triples (sentence_id, predicate_id,relation,arg_start_id,arg_end_id,triple_type)VALUES (1735, 2, 'Property',4, 6, 'auto'), (1735, 2, 'Location',9, 11, 'auto'), (1735, 3, 'Agent',2, 2, 'auto'), (1735, 3, 'Patient',4, 6, 'auto'), (1735, 8, 'Agent',2, 2, 'auto'), (1735, 8, 'Location',9, 15, 'auto'), (1735, 11, 'Location',12, 15, 'auto');
INSERT INTO Sentences (sentence_id, sentence, sentence_type)VALUES (1736, 'A skateboarder in a light green shirt', 'auto');
INSERT INTO Words ( sentence_id,word_ID ,word,pos)VALUES (1736, 1, 'A', 'DT'), (1736, 2, 'skateboarder', 'NN'), (1736, 3, 'in', 'IN'), (1736, 4, 'a', 'DT'), (1736, 5, 'light', 'JJ'), (1736, 6, 'green', 'JJ'), (1736, 7, 'shirt', 'NN');
INSERT INTO triples (sentence_id, predicate_id,relation,arg_start_id,arg_end_id,triple_type)VALUES (1736, 2, 'Property',3, 7, 'auto');
INSERT INTO Sentences (sentence_id, sentence, sentence_type)VALUES (1737, 'A young male wearing a blue shirt rides a skateboard in an outdoor park at night', 'auto');
INSERT INTO Words ( sentence_id,word_ID ,word,pos)VALUES (1737, 1, 'A', 'DT'), (1737, 2, 'young', 'JJ'), (1737, 3, 'male', 'JJ'), (1737, 4, 'wearing', 'VBG'), (1737, 5, 'a', 'DT'), (1737, 6, 'blue', 'JJ'), (1737, 7, 'shirt', 'NN'), (1737, 8, 'rides', 'VBZ'), (1737, 9, 'a', 'DT'), (1737, 10, 'skateboard', 'NN'), (1737, 11, 'in', 'IN'), (1737, 12, 'an', 'DT'), (1737, 13, 'outdoor', 'JJ'), (1737, 14, 'park', 'NN'), (1737, 15, 'at', 'IN'), (1737, 16, 'night', 'NN');
INSERT INTO triples (sentence_id, predicate_id,relation,arg_start_id,arg_end_id,triple_type)VALUES (1737, 4, 'Agent',3, 3, 'auto'), (1737, 4, 'Patient',5, 7, 'auto'), (1737, 4, 'Location',11, 14, 'auto'), (1737, 4, 'Time',15, 16, 'auto'), (1737, 8, 'Patient',9, 10, 'auto'), (1737, 8, 'Location',11, 14, 'auto'), (1737, 8, 'Time',15, 16, 'auto'), (1737, 10, 'Location',11, 14, 'auto'), (1737, 10, 'Time',15, 16, 'auto');
INSERT INTO Sentences (sentence_id, sentence, sentence_type)VALUES (1738, 'A young man skateboards at night by a fence', 'auto');
INSERT INTO Words ( sentence_id,word_ID ,word,pos)VALUES (1738, 1, 'A', 'DT'), (1738, 2, 'young', 'JJ'), (1738, 3, 'man', 'NN'), (1738, 4, 'skateboards', 'VBZ'), (1738, 5, 'at', 'IN'), (1738, 6, 'night', 'NN'), (1738, 7, 'by', 'IN'), (1738, 8, 'a', 'DT'), (1738, 9, 'fence', 'NN');
INSERT INTO triples (sentence_id, predicate_id,relation,arg_start_id,arg_end_id,triple_type)VALUES (1738, 3, 'Property',2, 2, 'auto'), (1738, 3, 'Location',8, 9, 'auto'), (1738, 4, 'Agent',3, 3, 'auto'), (1738, 4, 'Time',5, 6, 'auto'), (1738, 4, 'Location',7, 9, 'auto');
INSERT INTO Sentences (sentence_id, sentence, sentence_type)VALUES (1739, 'A woman in a race turning a corner', 'auto');
INSERT INTO Words ( sentence_id,word_ID ,word,pos)VALUES (1739, 1, 'A', 'DT'), (1739, 2, 'woman', 'NN'), (1739, 3, 'in', 'IN'), (1739, 4, 'a', 'DT'), (1739, 5, 'race', 'NN'), (1739, 6, 'turning', 'VBG'), (1739, 7, 'a', 'DT'), (1739, 8, 'corner', 'NN');
INSERT INTO triples (sentence_id, predicate_id,relation,arg_start_id,arg_end_id,triple_type)VALUES (1739, 2, 'Location',3, 8, 'auto'), (1739, 6, 'Agent',2, 2, 'auto'), (1739, 6, 'Location',4, 5, 'auto'), (1739, 6, 'Patient',7, 8, 'auto');
INSERT INTO Sentences (sentence_id, sentence, sentence_type)VALUES (1740, 'A woman is riding a blue bicycle in a park', 'auto');
INSERT INTO Words ( sentence_id,word_ID ,word,pos)VALUES (1740, 1, 'A', 'DT'), (1740, 2, 'woman', 'NN'), (1740, 3, 'is', 'VBZ'), (1740, 4, 'riding', 'VBG'), (1740, 5, 'a', 'DT'), (1740, 6, 'blue', 'JJ'), (1740, 7, 'bicycle', 'NN'), (1740, 8, 'in', 'IN'), (1740, 9, 'a', 'DT'), (1740, 10, 'park', 'NN');
INSERT INTO triples (sentence_id, predicate_id,relation,arg_start_id,arg_end_id,triple_type)VALUES (1740, 2, 'Property',4, 7, 'auto'), (1740, 2, 'Location',8, 10, 'auto'), (1740, 4, 'Agent',2, 2, 'auto'), (1740, 4, 'Patient',5, 7, 'auto'), (1740, 4, 'Location',9, 10, 'auto'), (1740, 7, 'Property',6, 6, 'auto'), (1740, 7, 'Location',8, 10, 'auto');
INSERT INTO Sentences (sentence_id, sentence, sentence_type)VALUES (1741, 'Cyclist speeding down the trail', 'auto');
INSERT INTO Words ( sentence_id,word_ID ,word,pos)VALUES (1741, 1, 'Cyclist', 'NN'), (1741, 2, 'speeding', 'VBG'), (1741, 3, 'down', 'IN'), (1741, 4, 'the', 'DT'), (1741, 5, 'trail', 'NN');
INSERT INTO triples (sentence_id, predicate_id,relation,arg_start_id,arg_end_id,triple_type)VALUES (1741, 2, 'Agent',1, 1, 'auto'), (1741, 2, 'Location',3, 5, 'auto');
INSERT INTO Sentences (sentence_id, sentence, sentence_type)VALUES (1742, 'Female cyclist riding on a dirt course', 'auto');
INSERT INTO Words ( sentence_id,word_ID ,word,pos)VALUES (1742, 1, 'Female', 'JJ'), (1742, 2, 'cyclist', 'NN'), (1742, 3, 'riding', 'VBG'), (1742, 4, 'on', 'IN'), (1742, 5, 'a', 'DT'), (1742, 6, 'dirt', 'NN'), (1742, 7, 'course', 'NN');
INSERT INTO triples (sentence_id, predicate_id,relation,arg_start_id,arg_end_id,triple_type)VALUES (1742, 3, 'Agent',2, 2, 'auto'), (1742, 3, 'Location',4, 7, 'auto');
INSERT INTO Sentences (sentence_id, sentence, sentence_type)VALUES (1743, 'Woman on blue bicycle wearing helmet', 'auto');
INSERT INTO Words ( sentence_id,word_ID ,word,pos)VALUES (1743, 1, 'Woman', 'NNP'), (1743, 2, 'on', 'IN'), (1743, 3, 'blue', 'JJ'), (1743, 4, 'bicycle', 'NN'), (1743, 5, 'wearing', 'VBG'), (1743, 6, 'helmet', 'NN');
INSERT INTO triples (sentence_id, predicate_id,relation,arg_start_id,arg_end_id,triple_type)VALUES (1743, 4, 'Property',3, 3, 'auto'), (1743, 5, 'Agent',1, 1, 'auto'), (1743, 5, 'Patient',6, 6, 'auto');
INSERT INTO Sentences (sentence_id, sentence, sentence_type)VALUES (1744, 'A woman and a man playing instruments', 'auto');
INSERT INTO Words ( sentence_id,word_ID ,word,pos)VALUES (1744, 1, 'A', 'DT'), (1744, 2, 'woman', 'NN'), (1744, 3, 'and', 'CC'), (1744, 4, 'a', 'DT'), (1744, 5, 'man', 'NN'), (1744, 6, 'playing', 'VBG'), (1744, 7, 'instruments', 'NNS');
INSERT INTO triples (sentence_id, predicate_id,relation,arg_start_id,arg_end_id,triple_type)VALUES (1744, 2, 'Property',3, 5, 'auto'), (1744, 5, 'Property',1, 2, 'auto'), (1744, 6, 'Agent',2, 5, 'auto'), (1744, 6, 'Patient',7, 7, 'auto');
INSERT INTO Sentences (sentence_id, sentence, sentence_type)VALUES (1745, 'A woman in a plaid skirt and black top plays an electric violin', 'auto');
INSERT INTO Words ( sentence_id,word_ID ,word,pos)VALUES (1745, 1, 'A', 'DT'), (1745, 2, 'woman', 'NN'), (1745, 3, 'in', 'IN'), (1745, 4, 'a', 'DT'), (1745, 5, 'plaid', 'NN'), (1745, 6, 'skirt', 'NN'), (1745, 7, 'and', 'CC'), (1745, 8, 'black', 'JJ'), (1745, 9, 'top', 'NN'), (1745, 10, 'plays', 'VBZ'), (1745, 11, 'an', 'DT'), (1745, 12, 'electric', 'JJ'), (1745, 13, 'violin', 'NN');
INSERT INTO triples (sentence_id, predicate_id,relation,arg_start_id,arg_end_id,triple_type)VALUES (1745, 2, 'Property',3, 9, 'auto'), (1745, 10, 'Agent',2, 2, 'auto'), (1745, 10, 'Patient',11, 13, 'auto');
INSERT INTO Sentences (sentence_id, sentence, sentence_type)VALUES (1746, 'A woman in a plaid skirt is playing a violin in a park-like setting with other band members', 'auto');
INSERT INTO Words ( sentence_id,word_ID ,word,pos)VALUES (1746, 1, 'A', 'DT'), (1746, 2, 'woman', 'NN'), (1746, 3, 'in', 'IN'), (1746, 4, 'a', 'DT'), (1746, 5, 'plaid', 'NN'), (1746, 6, 'skirt', 'NN'), (1746, 7, 'is', 'VBZ'), (1746, 8, 'playing', 'VBG'), (1746, 9, 'a', 'DT'), (1746, 10, 'violin', 'NN'), (1746, 11, 'in', 'IN'), (1746, 12, 'a', 'DT'), (1746, 13, 'park-like', 'JJ'), (1746, 14, 'setting', 'NN'), (1746, 15, 'with', 'IN'), (1746, 16, 'other', 'JJ'), (1746, 17, 'band', 'NN'), (1746, 18, 'members', 'NNS');
INSERT INTO triples (sentence_id, predicate_id,relation,arg_start_id,arg_end_id,triple_type)VALUES (1746, 2, 'Property',3, 6, 'auto'), (1746, 8, 'Agent',2, 2, 'auto'), (1746, 8, 'Patient',9, 10, 'auto'), (1746, 8, 'Location',11, 14, 'auto'), (1746, 8, 'Location',18, 18, 'auto'), (1746, 18, 'Location',11, 14, 'auto'), (1746, 18, 'Property',16, 17, 'auto');
INSERT INTO Sentences (sentence_id, sentence, sentence_type)VALUES (1747, 'A woman in black tights is holding a fiddle', 'auto');
INSERT INTO Words ( sentence_id,word_ID ,word,pos)VALUES (1747, 1, 'A', 'DT'), (1747, 2, 'woman', 'NN'), (1747, 3, 'in', 'IN'), (1747, 4, 'black', 'JJ'), (1747, 5, 'tights', 'NNS'), (1747, 6, 'is', 'VBZ'), (1747, 7, 'holding', 'VBG'), (1747, 8, 'a', 'DT'), (1747, 9, 'fiddle', 'NN');
INSERT INTO triples (sentence_id, predicate_id,relation,arg_start_id,arg_end_id,triple_type)VALUES (1747, 2, 'Property',3, 7, 'auto'), (1747, 7, 'Agent',2, 2, 'auto'), (1747, 7, 'Patient',8, 9, 'auto');
INSERT INTO Sentences (sentence_id, sentence, sentence_type)VALUES (1748, 'A woman is playing violin in a plaid skirt and black shirt', 'auto');
INSERT INTO Words ( sentence_id,word_ID ,word,pos)VALUES (1748, 1, 'A', 'DT'), (1748, 2, 'woman', 'NN'), (1748, 3, 'is', 'VBZ'), (1748, 4, 'playing', 'VBG'), (1748, 5, 'violin', 'NN'), (1748, 6, 'in', 'IN'), (1748, 7, 'a', 'DT'), (1748, 8, 'plaid', 'NN'), (1748, 9, 'skirt', 'NN'), (1748, 10, 'and', 'CC'), (1748, 11, 'black', 'JJ'), (1748, 12, 'shirt', 'NN');
INSERT INTO triples (sentence_id, predicate_id,relation,arg_start_id,arg_end_id,triple_type)VALUES (1748, 2, 'Property',6, 12, 'auto'), (1748, 4, 'Agent',2, 2, 'auto'), (1748, 4, 'Patient',5, 5, 'auto');
INSERT INTO Sentences (sentence_id, sentence, sentence_type)VALUES (1749, 'A female lawn hockey player hitting the ball', 'auto');
INSERT INTO Words ( sentence_id,word_ID ,word,pos)VALUES (1749, 1, 'A', 'DT'), (1749, 2, 'female', 'JJ'), (1749, 3, 'lawn', 'NN'), (1749, 4, 'hockey', 'NN'), (1749, 5, 'player', 'NN'), (1749, 6, 'hitting', 'VBG'), (1749, 7, 'the', 'DT'), (1749, 8, 'ball', 'NN');
INSERT INTO triples (sentence_id, predicate_id,relation,arg_start_id,arg_end_id,triple_type)VALUES (1749, 5, 'Property',2, 4, 'auto'), (1749, 6, 'Agent',5, 5, 'auto'), (1749, 6, 'Patient',7, 8, 'auto');
INSERT INTO Sentences (sentence_id, sentence, sentence_type)VALUES (1750, 'A girl in an orange uniform hits a ball in field hockey', 'auto');
INSERT INTO Words ( sentence_id,word_ID ,word,pos)VALUES (1750, 1, 'A', 'DT'), (1750, 2, 'girl', 'NN'), (1750, 3, 'in', 'IN'), (1750, 4, 'an', 'DT'), (1750, 5, 'orange', 'JJ'), (1750, 6, 'uniform', 'NN'), (1750, 7, 'hits', 'VBZ'), (1750, 8, 'a', 'DT'), (1750, 9, 'ball', 'NN'), (1750, 10, 'in', 'IN'), (1750, 11, 'field', 'NN'), (1750, 12, 'hockey', 'NN');
INSERT INTO triples (sentence_id, predicate_id,relation,arg_start_id,arg_end_id,triple_type)VALUES (1750, 2, 'Property',3, 6, 'auto'), (1750, 7, 'Agent',2, 2, 'auto'), (1750, 7, 'Patient',8, 9, 'auto'), (1750, 7, 'Location',10, 12, 'auto'), (1750, 9, 'Location',10, 12, 'auto');
INSERT INTO Sentences (sentence_id, sentence, sentence_type)VALUES (1751, 'A girl in orange is hitting the ball in field hockey', 'auto');
INSERT INTO Words ( sentence_id,word_ID ,word,pos)VALUES (1751, 1, 'A', 'DT'), (1751, 2, 'girl', 'NN'), (1751, 3, 'in', 'IN'), (1751, 4, 'orange', 'NN'), (1751, 5, 'is', 'VBZ'), (1751, 6, 'hitting', 'VBG'), (1751, 7, 'the', 'DT'), (1751, 8, 'ball', 'NN'), (1751, 9, 'in', 'IN'), (1751, 10, 'field', 'NN'), (1751, 11, 'hockey', 'NN');
INSERT INTO Sentences (sentence_id, sentence, sentence_type)VALUES (1752, 'An athletic girl in an orange uniform is on a playing field of green grass and swinging at a ball', 'auto');
INSERT INTO Words ( sentence_id,word_ID ,word,pos)VALUES (1752, 1, 'An', 'DT'), (1752, 2, 'athletic', 'JJ'), (1752, 3, 'girl', 'NN'), (1752, 4, 'in', 'IN'), (1752, 5, 'an', 'DT'), (1752, 6, 'orange', 'JJ'), (1752, 7, 'uniform', 'NN'), (1752, 8, 'is', 'VBZ'), (1752, 9, 'on', 'IN'), (1752, 10, 'a', 'DT'), (1752, 11, 'playing', 'NN'), (1752, 12, 'field', 'NN'), (1752, 13, 'of', 'IN'), (1752, 14, 'green', 'JJ'), (1752, 15, 'grass', 'NN'), (1752, 16, 'and', 'CC'), (1752, 17, 'swinging', 'VBG'), (1752, 18, 'at', 'IN'), (1752, 19, 'a', 'DT'), (1752, 20, 'ball', 'NN');
INSERT INTO triples (sentence_id, predicate_id,relation,arg_start_id,arg_end_id,triple_type)VALUES (1752, 3, 'Property',4, 7, 'auto'), (1752, 8, 'Patient',3, 3, 'auto'), (1752, 8, 'Location',9, 12, 'auto'), (1752, 17, 'Agent',3, 3, 'auto'), (1752, 17, 'Destination',18, 20, 'auto');
INSERT INTO Sentences (sentence_id, sentence, sentence_type)VALUES (1753, 'A woman hockey player in an orange strip is striking the ball with her stick', 'auto');
INSERT INTO Words ( sentence_id,word_ID ,word,pos)VALUES (1753, 1, 'A', 'DT'), (1753, 2, 'woman', 'NN'), (1753, 3, 'hockey', 'NN'), (1753, 4, 'player', 'NN'), (1753, 5, 'in', 'IN'), (1753, 6, 'an', 'DT'), (1753, 7, 'orange', 'JJ'), (1753, 8, 'strip', 'NN'), (1753, 9, 'is', 'VBZ'), (1753, 10, 'striking', 'VBG'), (1753, 11, 'the', 'DT'), (1753, 12, 'ball', 'NN'), (1753, 13, 'with', 'IN'), (1753, 14, 'her', 'PRP$'), (1753, 15, 'stick', 'NN');
INSERT INTO triples (sentence_id, predicate_id,relation,arg_start_id,arg_end_id,triple_type)VALUES (1753, 2, 'Property',7, 12, 'auto'), (1753, 4, 'Property',5, 15, 'auto'), (1753, 10, 'Agent',4, 4, 'auto'), (1753, 10, 'Patient',11, 12, 'auto'), (1753, 10, 'Instrument',13, 15, 'auto');
INSERT INTO Sentences (sentence_id, sentence, sentence_type)VALUES (1754, 'A young boy is pushing an adult male in a wheelchair', 'auto');
INSERT INTO Words ( sentence_id,word_ID ,word,pos)VALUES (1754, 1, 'A', 'DT'), (1754, 2, 'young', 'JJ'), (1754, 3, 'boy', 'NN'), (1754, 4, 'is', 'VBZ'), (1754, 5, 'pushing', 'VBG'), (1754, 6, 'an', 'DT'), (1754, 7, 'adult', 'JJ'), (1754, 8, 'male', 'NN'), (1754, 9, 'in', 'IN'), (1754, 10, 'a', 'DT'), (1754, 11, 'wheelchair', 'NN');
INSERT INTO triples (sentence_id, predicate_id,relation,arg_start_id,arg_end_id,triple_type)VALUES (1754, 3, 'Property',2, 2, 'auto'), (1754, 5, 'Agent',3, 3, 'auto'), (1754, 5, 'Patient',6, 8, 'auto'), (1754, 8, 'Location',9, 11, 'auto');
INSERT INTO Sentences (sentence_id, sentence, sentence_type)VALUES (1755, 'A young boy is pushing someone with a broken foot into the hospital', 'auto');
INSERT INTO Words ( sentence_id,word_ID ,word,pos)VALUES (1755, 1, 'A', 'DT'), (1755, 2, 'young', 'JJ'), (1755, 3, 'boy', 'NN'), (1755, 4, 'is', 'VBZ'), (1755, 5, 'pushing', 'VBG'), (1755, 6, 'someone', 'NN'), (1755, 7, 'with', 'IN'), (1755, 8, 'a', 'DT'), (1755, 9, 'broken', 'JJ'), (1755, 10, 'foot', 'NN'), (1755, 11, 'into', 'IN'), (1755, 12, 'the', 'DT'), (1755, 13, 'hospital', 'NN');
INSERT INTO triples (sentence_id, predicate_id,relation,arg_start_id,arg_end_id,triple_type)VALUES (1755, 3, 'Property',2, 2, 'auto'), (1755, 3, 'Location',12, 13, 'auto'), (1755, 5, 'Agent',3, 3, 'auto'), (1755, 5, 'Patient',6, 10, 'auto'), (1755, 5, 'Destination',13, 13, 'auto'), (1755, 6, 'Property',7, 10, 'auto'), (1755, 6, 'Location',12, 13, 'auto'), (1755, 10, 'Property',9, 9, 'auto'), (1755, 10, 'Location',11, 13, 'auto');
INSERT INTO Sentences (sentence_id, sentence, sentence_type)VALUES (1756, 'A young boy pushes a large man in a wheelchair', 'auto');
INSERT INTO Words ( sentence_id,word_ID ,word,pos)VALUES (1756, 1, 'A', 'DT'), (1756, 2, 'young', 'JJ'), (1756, 3, 'boy', 'NN'), (1756, 4, 'pushes', 'VBZ'), (1756, 5, 'a', 'DT'), (1756, 6, 'large', 'JJ'), (1756, 7, 'man', 'NN'), (1756, 8, 'in', 'IN'), (1756, 9, 'a', 'DT'), (1756, 10, 'wheelchair', 'NN');
INSERT INTO Sentences (sentence_id, sentence, sentence_type)VALUES (1757, 'a young child pushes a large man in a wheelchair', 'auto');
INSERT INTO Words ( sentence_id,word_ID ,word,pos)VALUES (1757, 1, 'a', 'DT'), (1757, 2, 'young', 'JJ'), (1757, 3, 'child', 'NN'), (1757, 4, 'pushes', 'VBZ'), (1757, 5, 'a', 'DT'), (1757, 6, 'large', 'JJ'), (1757, 7, 'man', 'NN'), (1757, 8, 'in', 'IN'), (1757, 9, 'a', 'DT'), (1757, 10, 'wheelchair', 'NN');
INSERT INTO triples (sentence_id, predicate_id,relation,arg_start_id,arg_end_id,triple_type)VALUES (1757, 4, 'Agent',3, 3, 'auto'), (1757, 4, 'Patient',5, 7, 'auto'), (1757, 7, 'Location',9, 10, 'auto');
INSERT INTO Sentences (sentence_id, sentence, sentence_type)VALUES (1758, 'The little boy is pushing a man in a wheel chair', 'auto');
INSERT INTO Words ( sentence_id,word_ID ,word,pos)VALUES (1758, 1, 'The', 'DT'), (1758, 2, 'little', 'JJ'), (1758, 3, 'boy', 'NN'), (1758, 4, 'is', 'VBZ'), (1758, 5, 'pushing', 'VBG'), (1758, 6, 'a', 'DT'), (1758, 7, 'man', 'NN'), (1758, 8, 'in', 'IN'), (1758, 9, 'a', 'DT'), (1758, 10, 'wheel', 'NN'), (1758, 11, 'chair', 'NN');
INSERT INTO triples (sentence_id, predicate_id,relation,arg_start_id,arg_end_id,triple_type)VALUES (1758, 3, 'Property',1, 2, 'auto'), (1758, 5, 'Agent',3, 3, 'auto'), (1758, 5, 'Patient',6, 7, 'auto'), (1758, 7, 'Property',1, 5, 'auto'), (1758, 7, 'Location',9, 11, 'auto'), (1758, 10, 'Location',11, 11, 'auto');
INSERT INTO Sentences (sentence_id, sentence, sentence_type)VALUES (1759, 'The boys dressed in athletic wear perform exercises on the grass', 'auto');
INSERT INTO Words ( sentence_id,word_ID ,word,pos)VALUES (1759, 1, 'The', 'DT'), (1759, 2, 'boys', 'NNS'), (1759, 3, 'dressed', 'VBN'), (1759, 4, 'in', 'IN'), (1759, 5, 'athletic', 'JJ'), (1759, 6, 'wear', 'NN'), (1759, 7, 'perform', 'VB'), (1759, 8, 'exercises', 'NNS'), (1759, 9, 'on', 'IN'), (1759, 10, 'the', 'DT'), (1759, 11, 'grass', 'NN');
INSERT INTO triples (sentence_id, predicate_id,relation,arg_start_id,arg_end_id,triple_type)VALUES (1759, 3, 'Agent',2, 2, 'auto'), (1759, 3, 'Patient',4, 6, 'auto'), (1759, 3, 'Location',9, 11, 'auto'), (1759, 7, 'Patient',8, 8, 'auto'), (1759, 7, 'Location',9, 11, 'auto');
INSERT INTO Sentences (sentence_id, sentence, sentence_type)VALUES (1760, 'Two boys are running around a field', 'auto');
INSERT INTO Words ( sentence_id,word_ID ,word,pos)VALUES (1760, 1, 'Two', 'CD'), (1760, 2, 'boys', 'NNS'), (1760, 3, 'are', 'VBP'), (1760, 4, 'running', 'VBG'), (1760, 5, 'around', 'IN'), (1760, 6, 'a', 'DT'), (1760, 7, 'field', 'NN');
INSERT INTO triples (sentence_id, predicate_id,relation,arg_start_id,arg_end_id,triple_type)VALUES (1760, 4, 'Agent',2, 2, 'auto'), (1760, 4, 'Location',5, 7, 'auto');
INSERT INTO Sentences (sentence_id, sentence, sentence_type)VALUES (1761, 'Two men are running side by side in a field', 'auto');
INSERT INTO Words ( sentence_id,word_ID ,word,pos)VALUES (1761, 1, 'Two', 'CD'), (1761, 2, 'men', 'NNS'), (1761, 3, 'are', 'VBP'), (1761, 4, 'running', 'VBG'), (1761, 5, 'side', 'NN'), (1761, 6, 'by', 'IN'), (1761, 7, 'side', 'NN'), (1761, 8, 'in', 'IN'), (1761, 9, 'a', 'DT'), (1761, 10, 'field', 'NN');
INSERT INTO triples (sentence_id, predicate_id,relation,arg_start_id,arg_end_id,triple_type)VALUES (1761, 2, 'Location',4, 10, 'auto'), (1761, 4, 'Agent',2, 2, 'auto'), (1761, 4, 'Location',5, 10, 'auto');
INSERT INTO Sentences (sentence_id, sentence, sentence_type)VALUES (1762, 'Two men run across a field near a parking lot', 'auto');
INSERT INTO Words ( sentence_id,word_ID ,word,pos)VALUES (1762, 1, 'Two', 'CD'), (1762, 2, 'men', 'NNS'), (1762, 3, 'run', 'VBP'), (1762, 4, 'across', 'IN'), (1762, 5, 'a', 'DT'), (1762, 6, 'field', 'NN'), (1762, 7, 'near', 'IN'), (1762, 8, 'a', 'DT'), (1762, 9, 'parking', 'NN'), (1762, 10, 'lot', 'NN');
INSERT INTO triples (sentence_id, predicate_id,relation,arg_start_id,arg_end_id,triple_type)VALUES (1762, 2, 'Location',4, 10, 'auto'), (1762, 3, 'Agent',2, 2, 'auto'), (1762, 3, 'Location',5, 6, 'auto'), (1762, 6, 'Location',7, 10, 'auto');
INSERT INTO Sentences (sentence_id, sentence, sentence_type)VALUES (1763, 'two teenagers playing ultimate Frisbee', 'auto');
INSERT INTO Words ( sentence_id,word_ID ,word,pos)VALUES (1763, 1, 'two', 'CD'), (1763, 2, 'teenagers', 'NNS'), (1763, 3, 'playing', 'VBG'), (1763, 4, 'ultimate', 'JJ'), (1763, 5, 'Frisbee', 'NNP');
INSERT INTO triples (sentence_id, predicate_id,relation,arg_start_id,arg_end_id,triple_type)VALUES (1763, 3, 'Agent',1, 2, 'auto'), (1763, 3, 'Patient',4, 5, 'auto');
INSERT INTO Sentences (sentence_id, sentence, sentence_type)VALUES (1764, 'a tennis player hits the ball', 'auto');
INSERT INTO Words ( sentence_id,word_ID ,word,pos)VALUES (1764, 1, 'a', 'DT'), (1764, 2, 'tennis', 'NN'), (1764, 3, 'player', 'NN'), (1764, 4, 'hits', 'VBZ'), (1764, 5, 'the', 'DT'), (1764, 6, 'ball', 'NN');
INSERT INTO Sentences (sentence_id, sentence, sentence_type)VALUES (1765, 'A tennis player hits the ball and makes a serious face', 'auto');
INSERT INTO Words ( sentence_id,word_ID ,word,pos)VALUES (1765, 1, 'A', 'DT'), (1765, 2, 'tennis', 'NN'), (1765, 3, 'player', 'NN'), (1765, 4, 'hits', 'VBZ'), (1765, 5, 'the', 'DT'), (1765, 6, 'ball', 'NN'), (1765, 7, 'and', 'CC'), (1765, 8, 'makes', 'VBZ'), (1765, 9, 'a', 'DT'), (1765, 10, 'serious', 'JJ'), (1765, 11, 'face', 'NN');
INSERT INTO triples (sentence_id, predicate_id,relation,arg_start_id,arg_end_id,triple_type)VALUES (1765, 3, 'Property',2, 2, 'auto'), (1765, 4, 'Agent',3, 3, 'auto'), (1765, 4, 'Patient',5, 6, 'auto'), (1765, 8, 'Agent',3, 3, 'auto'), (1765, 8, 'Patient',10, 11, 'auto');
INSERT INTO Sentences (sentence_id, sentence, sentence_type)VALUES (1766, 'A woman in a green sport outfit is attempting to hit a tennis ball with a racket', 'auto');
INSERT INTO Words ( sentence_id,word_ID ,word,pos)VALUES (1766, 1, 'A', 'DT'), (1766, 2, 'woman', 'NN'), (1766, 3, 'in', 'IN'), (1766, 4, 'a', 'DT'), (1766, 5, 'green', 'JJ'), (1766, 6, 'sport', 'NN'), (1766, 7, 'outfit', 'NN'), (1766, 8, 'is', 'VBZ'), (1766, 9, 'attempting', 'VBG'), (1766, 10, 'to', 'TO'), (1766, 11, 'hit', 'VB'), (1766, 12, 'a', 'DT'), (1766, 13, 'tennis', 'NN'), (1766, 14, 'ball', 'NN'), (1766, 15, 'with', 'IN'), (1766, 16, 'a', 'DT'), (1766, 17, 'racket', 'NN');
INSERT INTO Sentences (sentence_id, sentence, sentence_type)VALUES (1767, 'A young woman in a dark green tennis outfit serves the ball', 'auto');
INSERT INTO Words ( sentence_id,word_ID ,word,pos)VALUES (1767, 1, 'A', 'DT'), (1767, 2, 'young', 'JJ'), (1767, 3, 'woman', 'NN'), (1767, 4, 'in', 'IN'), (1767, 5, 'a', 'DT'), (1767, 6, 'dark', 'JJ'), (1767, 7, 'green', 'JJ'), (1767, 8, 'tennis', 'NN'), (1767, 9, 'outfit', 'NN'), (1767, 10, 'serves', 'VBZ'), (1767, 11, 'the', 'DT'), (1767, 12, 'ball', 'NN');
INSERT INTO triples (sentence_id, predicate_id,relation,arg_start_id,arg_end_id,triple_type)VALUES (1767, 3, 'Property',4, 12, 'auto'), (1767, 10, 'Agent',3, 3, 'auto'), (1767, 10, 'Patient',12, 12, 'auto');
INSERT INTO Sentences (sentence_id, sentence, sentence_type)VALUES (1768, 'Female tennis player dressed in green hits yellow ball', 'auto');
INSERT INTO Words ( sentence_id,word_ID ,word,pos)VALUES (1768, 1, 'Female', 'JJ'), (1768, 2, 'tennis', 'NN'), (1768, 3, 'player', 'NN'), (1768, 4, 'dressed', 'VBN'), (1768, 5, 'in', 'IN'), (1768, 6, 'green', 'JJ'), (1768, 7, 'hits', 'NNS'), (1768, 8, 'yellow', 'JJ'), (1768, 9, 'ball', 'NN');
INSERT INTO triples (sentence_id, predicate_id,relation,arg_start_id,arg_end_id,triple_type)VALUES (1768, 3, 'Property',1, 2, 'auto'), (1768, 4, 'Agent',3, 3, 'auto'), (1768, 4, 'Patient',5, 6, 'auto');
INSERT INTO Sentences (sentence_id, sentence, sentence_type)VALUES (1769, 'A group of men play soccer on the field', 'auto');
INSERT INTO Words ( sentence_id,word_ID ,word,pos)VALUES (1769, 1, 'A', 'DT'), (1769, 2, 'group', 'NN'), (1769, 3, 'of', 'IN'), (1769, 4, 'men', 'NNS'), (1769, 5, 'play', 'VBP'), (1769, 6, 'soccer', 'NN'), (1769, 7, 'on', 'IN'), (1769, 8, 'the', 'DT'), (1769, 9, 'field', 'NN');
INSERT INTO triples (sentence_id, predicate_id,relation,arg_start_id,arg_end_id,triple_type)VALUES (1769, 4, 'Property',6, 6, 'auto'), (1769, 4, 'Location',7, 9, 'auto'), (1769, 5, 'Agent',2, 2, 'auto'), (1769, 5, 'Patient',6, 6, 'auto'), (1769, 5, 'Location',7, 9, 'auto');
INSERT INTO Sentences (sentence_id, sentence, sentence_type)VALUES (1770, 'A man in a red uniform leaps in the air as one in a white uniform tries to kick a ball', 'auto');
INSERT INTO Words ( sentence_id,word_ID ,word,pos)VALUES (1770, 1, 'A', 'DT'), (1770, 2, 'man', 'NN'), (1770, 3, 'in', 'IN'), (1770, 4, 'a', 'DT'), (1770, 5, 'red', 'JJ'), (1770, 6, 'uniform', 'NN'), (1770, 7, 'leaps', 'VBZ'), (1770, 8, 'in', 'IN'), (1770, 9, 'the', 'DT'), (1770, 10, 'air', 'NN'), (1770, 11, 'as', 'IN'), (1770, 12, 'one', 'CD'), (1770, 13, 'in', 'IN'), (1770, 14, 'a', 'DT'), (1770, 15, 'white', 'JJ'), (1770, 16, 'uniform', 'NN'), (1770, 17, 'tries', 'VBZ'), (1770, 18, 'to', 'TO'), (1770, 19, 'kick', 'VB'), (1770, 20, 'a', 'DT'), (1770, 21, 'ball', 'NN');
INSERT INTO triples (sentence_id, predicate_id,relation,arg_start_id,arg_end_id,triple_type)VALUES (1770, 2, 'Property',3, 7, 'auto'), (1770, 2, 'Location',10, 10, 'auto'), (1770, 7, 'Agent',2, 2, 'auto'), (1770, 7, 'Destination',10, 10, 'auto'), (1770, 12, 'Property',13, 16, 'auto'), (1770, 17, 'Agent',12, 12, 'auto'), (1770, 17, 'Beneficiary',18, 21, 'auto'), (1770, 19, 'Location',10, 10, 'auto'), (1770, 19, 'Agent',12, 12, 'auto'), (1770, 19, 'Patient',20, 21, 'auto');
INSERT INTO Sentences (sentence_id, sentence, sentence_type)VALUES (1771, 'During a soccer game , one man is in the air while another has one foot down', 'auto');
INSERT INTO Words ( sentence_id,word_ID ,word,pos)VALUES (1771, 1, 'During', 'IN'), (1771, 2, 'a', 'DT'), (1771, 3, 'soccer', 'NN'), (1771, 4, 'game', 'NN'), (1771, 5, ',', ','), (1771, 6, 'one', 'CD'), (1771, 7, 'man', 'NN'), (1771, 8, 'is', 'VBZ'), (1771, 9, 'in', 'IN'), (1771, 10, 'the', 'DT'), (1771, 11, 'air', 'NN'), (1771, 12, 'while', 'IN'), (1771, 13, 'another', 'DT'), (1771, 14, 'has', 'VBZ'), (1771, 15, 'one', 'CD'), (1771, 16, 'foot', 'NN'), (1771, 17, 'down', 'RB');
INSERT INTO triples (sentence_id, predicate_id,relation,arg_start_id,arg_end_id,triple_type)VALUES (1771, 6, 'Location',1, 5, 'auto'), (1771, 7, 'Location',2, 4, 'auto'), (1771, 7, 'Property',12, 17, 'auto'), (1771, 8, 'Patient',5, 7, 'auto'), (1771, 8, 'Location',9, 11, 'auto'), (1771, 14, 'Location',1, 3, 'auto'), (1771, 14, 'Agent',13, 13, 'auto'), (1771, 14, 'Patient',15, 17, 'auto');
INSERT INTO Sentences (sentence_id, sentence, sentence_type)VALUES (1772, 'The soccer player in white is challenging the player in red for the ball in mid air', 'auto');
INSERT INTO Words ( sentence_id,word_ID ,word,pos)VALUES (1772, 1, 'The', 'DT'), (1772, 2, 'soccer', 'NN'), (1772, 3, 'player', 'NN'), (1772, 4, 'in', 'IN'), (1772, 5, 'white', 'JJ'), (1772, 6, 'is', 'VBZ'), (1772, 7, 'challenging', 'VBG'), (1772, 8, 'the', 'DT'), (1772, 9, 'player', 'NN'), (1772, 10, 'in', 'IN'), (1772, 11, 'red', 'JJ'), (1772, 12, 'for', 'IN'), (1772, 13, 'the', 'DT'), (1772, 14, 'ball', 'NN'), (1772, 15, 'in', 'IN'), (1772, 16, 'mid', 'JJ'), (1772, 17, 'air', 'NN');
INSERT INTO triples (sentence_id, predicate_id,relation,arg_start_id,arg_end_id,triple_type)VALUES (1772, 3, 'Property',4, 5, 'auto'), (1772, 3, 'Location',15, 17, 'auto'), (1772, 7, 'Agent',2, 3, 'auto'), (1772, 7, 'Patient',8, 9, 'auto'), (1772, 7, 'Beneficiary',12, 14, 'auto'), (1772, 7, 'Location',15, 17, 'auto'), (1772, 9, 'Property',10, 11, 'auto'), (1772, 9, 'Location',15, 17, 'auto'), (1772, 14, 'Location',15, 17, 'auto');
INSERT INTO Sentences (sentence_id, sentence, sentence_type)VALUES (1773, 'Two soccer teams are playing , one is in white the other in red', 'auto');
INSERT INTO Words ( sentence_id,word_ID ,word,pos)VALUES (1773, 1, 'Two', 'CD'), (1773, 2, 'soccer', 'NN'), (1773, 3, 'teams', 'NNS'), (1773, 4, 'are', 'VBP'), (1773, 5, 'playing', 'VBG'), (1773, 6, ',', ','), (1773, 7, 'one', 'CD'), (1773, 8, 'is', 'VBZ'), (1773, 9, 'in', 'IN'), (1773, 10, 'white', 'JJ'), (1773, 11, 'the', 'DT'), (1773, 12, 'other', 'JJ'), (1773, 13, 'in', 'IN'), (1773, 14, 'red', 'JJ');
INSERT INTO triples (sentence_id, predicate_id,relation,arg_start_id,arg_end_id,triple_type)VALUES (1773, 5, 'Agent',3, 3, 'auto'), (1773, 7, 'Property',8, 10, 'auto'), (1773, 8, 'Patient',7, 7, 'auto'), (1773, 8, 'Attribute',10, 10, 'auto'), (1773, 12, 'Property',13, 14, 'auto');
INSERT INTO Sentences (sentence_id, sentence, sentence_type)VALUES (1774, 'A biker is riding along a track element located with a wooded area', 'auto');
INSERT INTO Words ( sentence_id,word_ID ,word,pos)VALUES (1774, 1, 'A', 'DT'), (1774, 2, 'biker', 'NN'), (1774, 3, 'is', 'VBZ'), (1774, 4, 'riding', 'VBG'), (1774, 5, 'along', 'IN'), (1774, 6, 'a', 'DT'), (1774, 7, 'track', 'NN'), (1774, 8, 'element', 'NN'), (1774, 9, 'located', 'JJ'), (1774, 10, 'with', 'IN'), (1774, 11, 'a', 'DT'), (1774, 12, 'wooded', 'JJ'), (1774, 13, 'area', 'NN');
INSERT INTO triples (sentence_id, predicate_id,relation,arg_start_id,arg_end_id,triple_type)VALUES (1774, 2, 'Property',3, 4, 'auto'), (1774, 2, 'Location',5, 13, 'auto'), (1774, 4, 'Agent',2, 2, 'auto'), (1774, 4, 'Location',5, 8, 'auto');
INSERT INTO Sentences (sentence_id, sentence, sentence_type)VALUES (1775, 'A mountain biker jumps off of a fence while going downhill', 'auto');
INSERT INTO Words ( sentence_id,word_ID ,word,pos)VALUES (1775, 1, 'A', 'DT'), (1775, 2, 'mountain', 'NN'), (1775, 3, 'biker', 'NN'), (1775, 4, 'jumps', 'VBZ'), (1775, 5, 'off', 'IN'), (1775, 6, 'of', 'IN'), (1775, 7, 'a', 'DT'), (1775, 8, 'fence', 'NN'), (1775, 9, 'while', 'IN'), (1775, 10, 'going', 'VBG'), (1775, 11, 'downhill', 'RB');
INSERT INTO triples (sentence_id, predicate_id,relation,arg_start_id,arg_end_id,triple_type)VALUES (1775, 3, 'Property',1, 2, 'auto'), (1775, 4, 'Agent',3, 3, 'auto'), (1775, 4, 'Source',5, 8, 'auto'), (1775, 10, 'Agent',3, 3, 'auto'), (1775, 10, 'Destination',11, 11, 'auto');
INSERT INTO Sentences (sentence_id, sentence, sentence_type)VALUES (1776, 'A person does tricks on a bike on a ramp surrounded by trees', 'auto');
INSERT INTO Words ( sentence_id,word_ID ,word,pos)VALUES (1776, 1, 'A', 'DT'), (1776, 2, 'person', 'NN'), (1776, 3, 'does', 'VBZ'), (1776, 4, 'tricks', 'NNS'), (1776, 5, 'on', 'IN'), (1776, 6, 'a', 'DT'), (1776, 7, 'bike', 'NN'), (1776, 8, 'on', 'IN'), (1776, 9, 'a', 'DT'), (1776, 10, 'ramp', 'NN'), (1776, 11, 'surrounded', 'VBN'), (1776, 12, 'by', 'IN'), (1776, 13, 'trees', 'NNS');
INSERT INTO triples (sentence_id, predicate_id,relation,arg_start_id,arg_end_id,triple_type)VALUES (1776, 2, 'Property',3, 4, 'auto'), (1776, 2, 'Location',5, 10, 'auto'), (1776, 3, 'Agent',2, 2, 'auto'), (1776, 3, 'Patient',4, 4, 'auto'), (1776, 3, 'Location',5, 10, 'auto'), (1776, 7, 'Location',8, 10, 'auto'), (1776, 10, 'Location',11, 13, 'auto'), (1776, 11, 'Patient',10, 10, 'auto'), (1776, 11, 'Agent',12, 13, 'auto');
INSERT INTO Sentences (sentence_id, sentence, sentence_type)VALUES (1777, 'A person riding a bike in the woods', 'auto');
INSERT INTO Words ( sentence_id,word_ID ,word,pos)VALUES (1777, 1, 'A', 'DT'), (1777, 2, 'person', 'NN'), (1777, 3, 'riding', 'VBG'), (1777, 4, 'a', 'DT'), (1777, 5, 'bike', 'NN'), (1777, 6, 'in', 'IN'), (1777, 7, 'the', 'DT'), (1777, 8, 'woods', 'NNS');
INSERT INTO triples (sentence_id, predicate_id,relation,arg_start_id,arg_end_id,triple_type)VALUES (1777, 2, 'Location',3, 8, 'auto'), (1777, 3, 'Agent',2, 2, 'auto'), (1777, 3, 'Patient',4, 5, 'auto'), (1777, 3, 'Location',8, 8, 'auto'), (1777, 5, 'Location',6, 8, 'auto');
INSERT INTO Sentences (sentence_id, sentence, sentence_type)VALUES (1778, 'Person on bicycle doing a trick on white fencing', 'auto');
INSERT INTO Words ( sentence_id,word_ID ,word,pos)VALUES (1778, 1, 'Person', 'NN'), (1778, 2, 'on', 'IN'), (1778, 3, 'bicycle', 'NN'), (1778, 4, 'doing', 'VBG'), (1778, 5, 'a', 'DT'), (1778, 6, 'trick', 'NN'), (1778, 7, 'on', 'IN'), (1778, 8, 'white', 'JJ'), (1778, 9, 'fencing', 'NN');
INSERT INTO triples (sentence_id, predicate_id,relation,arg_start_id,arg_end_id,triple_type)VALUES (1778, 1, 'Location',2, 7, 'auto'), (1778, 1, 'Property',8, 9, 'auto'), (1778, 3, 'Location',1, 2, 'auto'), (1778, 4, 'Agent',1, 1, 'auto'), (1778, 4, 'Instrument',2, 3, 'auto'), (1778, 4, 'Patient',5, 6, 'auto');
INSERT INTO Sentences (sentence_id, sentence, sentence_type)VALUES (1779, 'A barefoot and shirtless skateboarder rides along a road', 'auto');
INSERT INTO Words ( sentence_id,word_ID ,word,pos)VALUES (1779, 1, 'A', 'DT'), (1779, 2, 'barefoot', 'NN'), (1779, 3, 'and', 'CC'), (1779, 4, 'shirtless', 'JJ'), (1779, 5, 'skateboarder', 'NN'), (1779, 6, 'rides', 'VBZ'), (1779, 7, 'along', 'IN'), (1779, 8, 'a', 'DT'), (1779, 9, 'road', 'NN');
INSERT INTO triples (sentence_id, predicate_id,relation,arg_start_id,arg_end_id,triple_type)VALUES (1779, 5, 'Location',6, 9, 'auto'), (1779, 6, 'Agent',5, 5, 'auto'), (1779, 6, 'Location',7, 9, 'auto');
INSERT INTO Sentences (sentence_id, sentence, sentence_type)VALUES (1780, 'A man in shorts skateboards down the street', 'auto');
INSERT INTO Words ( sentence_id,word_ID ,word,pos)VALUES (1780, 1, 'A', 'DT'), (1780, 2, 'man', 'NN'), (1780, 3, 'in', 'IN'), (1780, 4, 'shorts', 'NNS'), (1780, 5, 'skateboards', 'VBZ'), (1780, 6, 'down', 'IN'), (1780, 7, 'the', 'DT'), (1780, 8, 'street', 'NN');
INSERT INTO triples (sentence_id, predicate_id,relation,arg_start_id,arg_end_id,triple_type)VALUES (1780, 2, 'Property',3, 4, 'auto'), (1780, 2, 'Location',8, 8, 'auto'), (1780, 5, 'Agent',2, 2, 'auto'), (1780, 5, 'Destination',8, 8, 'auto');
INSERT INTO Sentences (sentence_id, sentence, sentence_type)VALUES (1781, 'A skateboarder in striped shorts skating down a street', 'auto');
INSERT INTO Words ( sentence_id,word_ID ,word,pos)VALUES (1781, 1, 'A', 'DT'), (1781, 2, 'skateboarder', 'NN'), (1781, 3, 'in', 'IN'), (1781, 4, 'striped', 'JJ'), (1781, 5, 'shorts', 'NNS'), (1781, 6, 'skating', 'VBG'), (1781, 7, 'down', 'RP'), (1781, 8, 'a', 'DT'), (1781, 9, 'street', 'NN');
INSERT INTO triples (sentence_id, predicate_id,relation,arg_start_id,arg_end_id,triple_type)VALUES (1781, 2, 'Property',3, 5, 'auto'), (1781, 2, 'Location',7, 9, 'auto'), (1781, 6, 'Agent',2, 2, 'auto'), (1781, 6, 'Location',7, 9, 'auto');
INSERT INTO Sentences (sentence_id, sentence, sentence_type)VALUES (1782, 'A teenager wearing striped shorts and no shirt is skateboarding down a road a long the ocean', 'auto');
INSERT INTO Words ( sentence_id,word_ID ,word,pos)VALUES (1782, 1, 'A', 'DT'), (1782, 2, 'teenager', 'NN'), (1782, 3, 'wearing', 'VBG'), (1782, 4, 'striped', 'JJ'), (1782, 5, 'shorts', 'NNS'), (1782, 6, 'and', 'CC'), (1782, 7, 'no', 'DT'), (1782, 8, 'shirt', 'NN'), (1782, 9, 'is', 'VBZ'), (1782, 10, 'skateboarding', 'VBG'), (1782, 11, 'down', 'IN'), (1782, 12, 'a', 'DT'), (1782, 13, 'road', 'NN'), (1782, 14, 'a', 'DT'), (1782, 15, 'long', 'RB'), (1782, 16, 'the', 'DT'), (1782, 17, 'ocean', 'NN');
INSERT INTO triples (sentence_id, predicate_id,relation,arg_start_id,arg_end_id,triple_type)VALUES (1782, 3, 'Agent',2, 2, 'auto'), (1782, 3, 'Patient',4, 8, 'auto'), (1782, 10, 'Agent',2, 2, 'auto'), (1782, 10, 'Patient',11, 13, 'auto'), (1782, 10, 'Location',14, 17, 'auto');
INSERT INTO Sentences (sentence_id, sentence, sentence_type)VALUES (1783, 'Shirtless , tattooed man rides skateboard down blurring street near beach', 'auto');
INSERT INTO Words ( sentence_id,word_ID ,word,pos)VALUES (1783, 1, 'Shirtless', 'JJ'), (1783, 2, ',', ','), (1783, 3, 'tattooed', 'JJ'), (1783, 4, 'man', 'NN'), (1783, 5, 'rides', 'VBZ'), (1783, 6, 'skateboard', 'NN'), (1783, 7, 'down', 'RP'), (1783, 8, 'blurring', 'JJ'), (1783, 9, 'street', 'NN'), (1783, 10, 'near', 'IN'), (1783, 11, 'beach', 'NN');
INSERT INTO triples (sentence_id, predicate_id,relation,arg_start_id,arg_end_id,triple_type)VALUES (1783, 4, 'Property',1, 3, 'auto'), (1783, 4, 'Location',9, 9, 'auto'), (1783, 5, 'Agent',4, 4, 'auto'), (1783, 5, 'Patient',6, 6, 'auto'), (1783, 5, 'Location',9, 11, 'auto'), (1783, 6, 'Location',7, 11, 'auto'), (1783, 9, 'Location',10, 11, 'auto');
INSERT INTO Sentences (sentence_id, sentence, sentence_type)VALUES (1784, 'A surfer on a wave with two others in the background', 'auto');
INSERT INTO Words ( sentence_id,word_ID ,word,pos)VALUES (1784, 1, 'A', 'DT'), (1784, 2, 'surfer', 'NN'), (1784, 3, 'on', 'IN'), (1784, 4, 'a', 'DT'), (1784, 5, 'wave', 'NN'), (1784, 6, 'with', 'IN'), (1784, 7, 'two', 'CD'), (1784, 8, 'others', 'NNS'), (1784, 9, 'in', 'IN'), (1784, 10, 'the', 'DT'), (1784, 11, 'background', 'NN');
INSERT INTO triples (sentence_id, predicate_id,relation,arg_start_id,arg_end_id,triple_type)VALUES (1784, 2, 'Location',3, 11, 'auto');
INSERT INTO Sentences (sentence_id, sentence, sentence_type)VALUES (1785, 'Distant surfer rides wave toward shore , two other surfers in background', 'auto');
INSERT INTO Words ( sentence_id,word_ID ,word,pos)VALUES (1785, 1, 'Distant', 'JJ'), (1785, 2, 'surfer', 'NN'), (1785, 3, 'rides', 'VBZ'), (1785, 4, 'wave', 'NN'), (1785, 5, 'toward', 'IN'), (1785, 6, 'shore', 'NN'), (1785, 7, ',', ','), (1785, 8, 'two', 'CD'), (1785, 9, 'other', 'JJ'), (1785, 10, 'surfers', 'NNS'), (1785, 11, 'in', 'IN'), (1785, 12, 'background', 'NN');
INSERT INTO triples (sentence_id, predicate_id,relation,arg_start_id,arg_end_id,triple_type)VALUES (1785, 2, 'Property',3, 6, 'auto'), (1785, 3, 'Agent',2, 2, 'auto'), (1785, 3, 'Patient',4, 4, 'auto'), (1785, 3, 'Destination',6, 6, 'auto'), (1785, 10, 'Property',8, 9, 'auto'), (1785, 10, 'Location',11, 12, 'auto');
INSERT INTO Sentences (sentence_id, sentence, sentence_type)VALUES (1786, 'Several surfers ride a wave approaching the beach', 'auto');
INSERT INTO Words ( sentence_id,word_ID ,word,pos)VALUES (1786, 1, 'Several', 'JJ'), (1786, 2, 'surfers', 'NNS'), (1786, 3, 'ride', 'VBP'), (1786, 4, 'a', 'DT'), (1786, 5, 'wave', 'NN'), (1786, 6, 'approaching', 'VBG'), (1786, 7, 'the', 'DT'), (1786, 8, 'beach', 'NN');
INSERT INTO Sentences (sentence_id, sentence, sentence_type)VALUES (1787, 'Someone is riding a blue wave', 'auto');
INSERT INTO Words ( sentence_id,word_ID ,word,pos)VALUES (1787, 1, 'Someone', 'NN'), (1787, 2, 'is', 'VBZ'), (1787, 3, 'riding', 'VBG'), (1787, 4, 'a', 'DT'), (1787, 5, 'blue', 'JJ'), (1787, 6, 'wave', 'NN');
INSERT INTO triples (sentence_id, predicate_id,relation,arg_start_id,arg_end_id,triple_type)VALUES (1787, 1, 'Property',2, 6, 'auto'), (1787, 3, 'Agent',1, 1, 'auto'), (1787, 3, 'Patient',4, 6, 'auto');
INSERT INTO Sentences (sentence_id, sentence, sentence_type)VALUES (1788, 'Surfers are riding their boards on large waves', 'auto');
INSERT INTO Words ( sentence_id,word_ID ,word,pos)VALUES (1788, 1, 'Surfers', 'NNS'), (1788, 2, 'are', 'VBP'), (1788, 3, 'riding', 'VBG'), (1788, 4, 'their', 'PRP$'), (1788, 5, 'boards', 'NNS'), (1788, 6, 'on', 'IN'), (1788, 7, 'large', 'JJ'), (1788, 8, 'waves', 'NNS');
INSERT INTO triples (sentence_id, predicate_id,relation,arg_start_id,arg_end_id,triple_type)VALUES (1788, 3, 'Agent',1, 1, 'auto'), (1788, 3, 'Patient',4, 5, 'auto'), (1788, 3, 'Location',6, 8, 'auto');
INSERT INTO Sentences (sentence_id, sentence, sentence_type)VALUES (1789, 'A man sits on the grass and drinks from a water bottle', 'auto');
INSERT INTO Words ( sentence_id,word_ID ,word,pos)VALUES (1789, 1, 'A', 'DT'), (1789, 2, 'man', 'NN'), (1789, 3, 'sits', 'VBZ'), (1789, 4, 'on', 'IN'), (1789, 5, 'the', 'DT'), (1789, 6, 'grass', 'NN'), (1789, 7, 'and', 'CC'), (1789, 8, 'drinks', 'NNS'), (1789, 9, 'from', 'IN'), (1789, 10, 'a', 'DT'), (1789, 11, 'water', 'NN'), (1789, 12, 'bottle', 'NN');
INSERT INTO triples (sentence_id, predicate_id,relation,arg_start_id,arg_end_id,triple_type)VALUES (1789, 2, 'Location',3, 6, 'auto'), (1789, 2, 'Property',7, 8, 'auto'), (1789, 3, 'Agent',2, 2, 'auto'), (1789, 3, 'Location',4, 6, 'auto'), (1789, 8, 'Agent',2, 2, 'auto'), (1789, 8, 'Source',9, 12, 'auto');
INSERT INTO Sentences (sentence_id, sentence, sentence_type)VALUES (1790, 'A man sitting on a soccer field drinking a bottle of water', 'auto');
INSERT INTO Words ( sentence_id,word_ID ,word,pos)VALUES (1790, 1, 'A', 'DT'), (1790, 2, 'man', 'NN'), (1790, 3, 'sitting', 'VBG'), (1790, 4, 'on', 'IN'), (1790, 5, 'a', 'DT'), (1790, 6, 'soccer', 'NN'), (1790, 7, 'field', 'NN'), (1790, 8, 'drinking', 'VBG'), (1790, 9, 'a', 'DT'), (1790, 10, 'bottle', 'NN'), (1790, 11, 'of', 'IN'), (1790, 12, 'water', 'NN');
INSERT INTO triples (sentence_id, predicate_id,relation,arg_start_id,arg_end_id,triple_type)VALUES (1790, 2, 'Location',3, 7, 'auto'), (1790, 2, 'Property',8, 10, 'auto'), (1790, 3, 'Agent',2, 2, 'auto'), (1790, 3, 'Location',4, 7, 'auto'), (1790, 3, 'Patient',10, 10, 'auto'), (1790, 8, 'Agent',2, 2, 'auto'), (1790, 8, 'Patient',9, 12, 'auto');
INSERT INTO Sentences (sentence_id, sentence, sentence_type)VALUES (1791, 'An athelete takes a break and sits in the grass drinking water', 'auto');
INSERT INTO Words ( sentence_id,word_ID ,word,pos)VALUES (1791, 1, 'An', 'DT'), (1791, 2, 'athelete', 'NN'), (1791, 3, 'takes', 'VBZ'), (1791, 4, 'a', 'DT'), (1791, 5, 'break', 'NN'), (1791, 6, 'and', 'CC'), (1791, 7, 'sits', 'VBZ'), (1791, 8, 'in', 'IN'), (1791, 9, 'the', 'DT'), (1791, 10, 'grass', 'NN'), (1791, 11, 'drinking', 'VBG'), (1791, 12, 'water', 'NN');
INSERT INTO triples (sentence_id, predicate_id,relation,arg_start_id,arg_end_id,triple_type)VALUES (1791, 3, 'Agent',2, 2, 'auto'), (1791, 3, 'Patient',4, 5, 'auto'), (1791, 7, 'Agent',2, 2, 'auto'), (1791, 7, 'Location',8, 10, 'auto'), (1791, 11, 'Agent',2, 2, 'auto'), (1791, 11, 'Patient',12, 12, 'auto');
INSERT INTO Sentences (sentence_id, sentence, sentence_type)VALUES (1792, 'A soccer player is sitting on the field drinking from a water bottle', 'auto');
INSERT INTO Words ( sentence_id,word_ID ,word,pos)VALUES (1792, 1, 'A', 'DT'), (1792, 2, 'soccer', 'NN'), (1792, 3, 'player', 'NN'), (1792, 4, 'is', 'VBZ'), (1792, 5, 'sitting', 'VBG'), (1792, 6, 'on', 'IN'), (1792, 7, 'the', 'DT'), (1792, 8, 'field', 'NN'), (1792, 9, 'drinking', 'VBG'), (1792, 10, 'from', 'IN'), (1792, 11, 'a', 'DT'), (1792, 12, 'water', 'NN'), (1792, 13, 'bottle', 'NN');
INSERT INTO triples (sentence_id, predicate_id,relation,arg_start_id,arg_end_id,triple_type)VALUES (1792, 3, 'Property',2, 2, 'auto'), (1792, 3, 'Location',6, 8, 'auto'), (1792, 5, 'Agent',3, 3, 'auto'), (1792, 5, 'Location',6, 8, 'auto'), (1792, 9, 'Agent',3, 3, 'auto'), (1792, 9, 'Source',10, 13, 'auto');
INSERT INTO Sentences (sentence_id, sentence, sentence_type)VALUES (1793, 'A soccer player sits on the field drinking water', 'auto');
INSERT INTO Words ( sentence_id,word_ID ,word,pos)VALUES (1793, 1, 'A', 'DT'), (1793, 2, 'soccer', 'NN'), (1793, 3, 'player', 'NN'), (1793, 4, 'sits', 'VBZ'), (1793, 5, 'on', 'IN'), (1793, 6, 'the', 'DT'), (1793, 7, 'field', 'NN'), (1793, 8, 'drinking', 'VBG'), (1793, 9, 'water', 'NN');
INSERT INTO triples (sentence_id, predicate_id,relation,arg_start_id,arg_end_id,triple_type)VALUES (1793, 3, 'Property',2, 2, 'auto'), (1793, 3, 'Location',5, 7, 'auto'), (1793, 4, 'Agent',3, 3, 'auto'), (1793, 4, 'Location',5, 7, 'auto'), (1793, 8, 'Agent',3, 3, 'auto'), (1793, 8, 'Patient',9, 9, 'auto');
INSERT INTO Sentences (sentence_id, sentence, sentence_type)VALUES (1794, 'A female tennis player readies herself', 'auto');
INSERT INTO Words ( sentence_id,word_ID ,word,pos)VALUES (1794, 1, 'A', 'DT'), (1794, 2, 'female', 'JJ'), (1794, 3, 'tennis', 'NN'), (1794, 4, 'player', 'NN'), (1794, 5, 'readies', 'VBZ'), (1794, 6, 'herself', 'PRP');
INSERT INTO triples (sentence_id, predicate_id,relation,arg_start_id,arg_end_id,triple_type)VALUES (1794, 4, 'Property',2, 3, 'auto'), (1794, 5, 'Agent',4, 4, 'auto'), (1794, 5, 'Patient',6, 6, 'auto');
INSERT INTO Sentences (sentence_id, sentence, sentence_type)VALUES (1795, 'A girl is getting ready to serve the ball in a game of tennis', 'auto');
INSERT INTO Words ( sentence_id,word_ID ,word,pos)VALUES (1795, 1, 'A', 'DT'), (1795, 2, 'girl', 'NN'), (1795, 3, 'is', 'VBZ'), (1795, 4, 'getting', 'VBG'), (1795, 5, 'ready', 'JJ'), (1795, 6, 'to', 'TO'), (1795, 7, 'serve', 'VB'), (1795, 8, 'the', 'DT'), (1795, 9, 'ball', 'NN'), (1795, 10, 'in', 'IN'), (1795, 11, 'a', 'DT'), (1795, 12, 'game', 'NN'), (1795, 13, 'of', 'IN'), (1795, 14, 'tennis', 'NN');
INSERT INTO triples (sentence_id, predicate_id,relation,arg_start_id,arg_end_id,triple_type)VALUES (1795, 4, 'Agent',2, 2, 'auto'), (1795, 4, 'Patient',5, 5, 'auto'), (1795, 4, 'Beneficiary',6, 9, 'auto'), (1795, 4, 'Location',10, 14, 'auto'), (1795, 7, 'Agent',2, 2, 'auto'), (1795, 7, 'Patient',9, 9, 'auto'), (1795, 7, 'Location',12, 12, 'auto'), (1795, 9, 'Location',10, 14, 'auto');
INSERT INTO Sentences (sentence_id, sentence, sentence_type)VALUES (1796, 'A woman in a white shirt and black skirt on a tennis court', 'auto');
INSERT INTO Words ( sentence_id,word_ID ,word,pos)VALUES (1796, 1, 'A', 'DT'), (1796, 2, 'woman', 'NN'), (1796, 3, 'in', 'IN'), (1796, 4, 'a', 'DT'), (1796, 5, 'white', 'JJ'), (1796, 6, 'shirt', 'NN'), (1796, 7, 'and', 'CC'), (1796, 8, 'black', 'JJ'), (1796, 9, 'skirt', 'NN'), (1796, 10, 'on', 'IN'), (1796, 11, 'a', 'DT'), (1796, 12, 'tennis', 'NN'), (1796, 13, 'court', 'NN');
INSERT INTO triples (sentence_id, predicate_id,relation,arg_start_id,arg_end_id,triple_type)VALUES (1796, 2, 'Property',3, 9, 'auto'), (1796, 2, 'Location',13, 13, 'auto');
INSERT INTO Sentences (sentence_id, sentence, sentence_type)VALUES (1797, 'A woman playing tennis preparing to serve the ball', 'auto');
INSERT INTO Words ( sentence_id,word_ID ,word,pos)VALUES (1797, 1, 'A', 'DT'), (1797, 2, 'woman', 'NN'), (1797, 3, 'playing', 'VBG'), (1797, 4, 'tennis', 'NN'), (1797, 5, 'preparing', 'VBG'), (1797, 6, 'to', 'TO'), (1797, 7, 'serve', 'VB'), (1797, 8, 'the', 'DT'), (1797, 9, 'ball', 'NN');
INSERT INTO Sentences (sentence_id, sentence, sentence_type)VALUES (1798, 'A woman wearing a white shirt and a short , black skirt is in motion on a green , artificial surface', 'auto');
INSERT INTO Words ( sentence_id,word_ID ,word,pos)VALUES (1798, 1, 'A', 'DT'), (1798, 2, 'woman', 'NN'), (1798, 3, 'wearing', 'VBG'), (1798, 4, 'a', 'DT'), (1798, 5, 'white', 'JJ'), (1798, 6, 'shirt', 'NN'), (1798, 7, 'and', 'CC'), (1798, 8, 'a', 'DT'), (1798, 9, 'short', 'JJ'), (1798, 10, ',', ','), (1798, 11, 'black', 'JJ'), (1798, 12, 'skirt', 'NN'), (1798, 13, 'is', 'VBZ'), (1798, 14, 'in', 'IN'), (1798, 15, 'motion', 'NN'), (1798, 16, 'on', 'IN'), (1798, 17, 'a', 'DT'), (1798, 18, 'green', 'JJ'), (1798, 19, ',', ','), (1798, 20, 'artificial', 'JJ'), (1798, 21, 'surface', 'NN');
INSERT INTO triples (sentence_id, predicate_id,relation,arg_start_id,arg_end_id,triple_type)VALUES (1798, 2, 'Property',3, 12, 'auto'), (1798, 2, 'Location',15, 21, 'auto'), (1798, 3, 'Agent',2, 2, 'auto'), (1798, 3, 'Patient',4, 12, 'auto'), (1798, 13, 'Patient',1, 6, 'auto'), (1798, 13, 'Location',14, 18, 'auto');
INSERT INTO Sentences (sentence_id, sentence, sentence_type)VALUES (1799, 'A male surfer is on his stomach and riding a wave', 'auto');
INSERT INTO Words ( sentence_id,word_ID ,word,pos)VALUES (1799, 1, 'A', 'DT'), (1799, 2, 'male', 'JJ'), (1799, 3, 'surfer', 'NN'), (1799, 4, 'is', 'VBZ'), (1799, 5, 'on', 'IN'), (1799, 6, 'his', 'PRP$'), (1799, 7, 'stomach', 'NN'), (1799, 8, 'and', 'CC'), (1799, 9, 'riding', 'VBG'), (1799, 10, 'a', 'DT'), (1799, 11, 'wave', 'NN');
INSERT INTO triples (sentence_id, predicate_id,relation,arg_start_id,arg_end_id,triple_type)VALUES (1799, 3, 'Property',1, 2, 'auto'), (1799, 4, 'Patient',1, 1, 'auto'), (1799, 4, 'Location',5, 7, 'auto'), (1799, 9, 'Agent',1, 1, 'auto'), (1799, 9, 'Patient',10, 11, 'auto');
INSERT INTO Sentences (sentence_id, sentence, sentence_type)VALUES (1800, 'A man on a blue surf board is on a wave', 'auto');
INSERT INTO Words ( sentence_id,word_ID ,word,pos)VALUES (1800, 1, 'A', 'DT'), (1800, 2, 'man', 'NN'), (1800, 3, 'on', 'IN'), (1800, 4, 'a', 'DT'), (1800, 5, 'blue', 'JJ'), (1800, 6, 'surf', 'NN'), (1800, 7, 'board', 'NN'), (1800, 8, 'is', 'VBZ'), (1800, 9, 'on', 'IN'), (1800, 10, 'a', 'DT'), (1800, 11, 'wave', 'NN');
INSERT INTO triples (sentence_id, predicate_id,relation,arg_start_id,arg_end_id,triple_type)VALUES (1800, 2, 'Location',3, 7, 'auto'), (1800, 8, 'Patient',2, 2, 'auto'), (1800, 8, 'Location',9, 11, 'auto');
INSERT INTO Sentences (sentence_id, sentence, sentence_type)VALUES (1801, 'A surfboarder prepares to catch a wave', 'auto');
INSERT INTO Words ( sentence_id,word_ID ,word,pos)VALUES (1801, 1, 'A', 'DT'), (1801, 2, 'surfboarder', 'NN'), (1801, 3, 'prepares', 'VBZ'), (1801, 4, 'to', 'TO'), (1801, 5, 'catch', 'VB'), (1801, 6, 'a', 'DT'), (1801, 7, 'wave', 'NN');
INSERT INTO triples (sentence_id, predicate_id,relation,arg_start_id,arg_end_id,triple_type)VALUES (1801, 3, 'Agent',2, 2, 'auto'), (1801, 3, 'Beneficiary',4, 7, 'auto'), (1801, 5, 'Agent',2, 2, 'auto'), (1801, 5, 'Patient',7, 7, 'auto');
INSERT INTO Sentences (sentence_id, sentence, sentence_type)VALUES (1802, 'A surfer rides the waves', 'auto');
INSERT INTO Words ( sentence_id,word_ID ,word,pos)VALUES (1802, 1, 'A', 'DT'), (1802, 2, 'surfer', 'NN'), (1802, 3, 'rides', 'VBZ'), (1802, 4, 'the', 'DT'), (1802, 5, 'waves', 'NNS');
INSERT INTO Sentences (sentence_id, sentence, sentence_type)VALUES (1803, 'Person riding wave on stomach on a blue surfboard', 'auto');
INSERT INTO Words ( sentence_id,word_ID ,word,pos)VALUES (1803, 1, 'Person', 'NN'), (1803, 2, 'riding', 'VBG'), (1803, 3, 'wave', 'NN'), (1803, 4, 'on', 'IN'), (1803, 5, 'stomach', 'NN'), (1803, 6, 'on', 'IN'), (1803, 7, 'a', 'DT'), (1803, 8, 'blue', 'JJ'), (1803, 9, 'surfboard', 'NN');
INSERT INTO triples (sentence_id, predicate_id,relation,arg_start_id,arg_end_id,triple_type)VALUES (1803, 1, 'Location',2, 9, 'auto'), (1803, 2, 'Agent',1, 1, 'auto'), (1803, 2, 'Patient',3, 3, 'auto'), (1803, 2, 'Instrument',4, 9, 'auto');
INSERT INTO Sentences (sentence_id, sentence, sentence_type)VALUES (1804, 'Two guys running along a wall', 'auto');
INSERT INTO Words ( sentence_id,word_ID ,word,pos)VALUES (1804, 1, 'Two', 'CD'), (1804, 2, 'guys', 'NNS'), (1804, 3, 'running', 'VBG'), (1804, 4, 'along', 'IN'), (1804, 5, 'a', 'DT'), (1804, 6, 'wall', 'NN');
INSERT INTO triples (sentence_id, predicate_id,relation,arg_start_id,arg_end_id,triple_type)VALUES (1804, 2, 'Location',3, 6, 'auto'), (1804, 3, 'Agent',2, 2, 'auto'), (1804, 3, 'Location',5, 6, 'auto');
INSERT INTO Sentences (sentence_id, sentence, sentence_type)VALUES (1805, 'Two men holding their arms out from their bodies', 'auto');
INSERT INTO Words ( sentence_id,word_ID ,word,pos)VALUES (1805, 1, 'Two', 'CD'), (1805, 2, 'men', 'NNS'), (1805, 3, 'holding', 'VBG'), (1805, 4, 'their', 'PRP$'), (1805, 5, 'arms', 'NNS'), (1805, 6, 'out', 'RP'), (1805, 7, 'from', 'IN'), (1805, 8, 'their', 'PRP$'), (1805, 9, 'bodies', 'NNS');
INSERT INTO triples (sentence_id, predicate_id,relation,arg_start_id,arg_end_id,triple_type)VALUES (1805, 3, 'Agent',2, 2, 'auto'), (1805, 3, 'Patient',4, 5, 'auto'), (1805, 3, 'Destination',6, 6, 'auto'), (1805, 3, 'Source',7, 9, 'auto');
INSERT INTO Sentences (sentence_id, sentence, sentence_type)VALUES (1806, 'Two men in red shirts appear to be walking on the exterior walls of a decorative building', 'auto');
INSERT INTO Words ( sentence_id,word_ID ,word,pos)VALUES (1806, 1, 'Two', 'CD'), (1806, 2, 'men', 'NNS'), (1806, 3, 'in', 'IN'), (1806, 4, 'red', 'JJ'), (1806, 5, 'shirts', 'NNS'), (1806, 6, 'appear', 'VBP'), (1806, 7, 'to', 'TO'), (1806, 8, 'be', 'VB'), (1806, 9, 'walking', 'VBG'), (1806, 10, 'on', 'IN'), (1806, 11, 'the', 'DT'), (1806, 12, 'exterior', 'NN'), (1806, 13, 'walls', 'NNS'), (1806, 14, 'of', 'IN'), (1806, 15, 'a', 'DT'), (1806, 16, 'decorative', 'JJ'), (1806, 17, 'building', 'NN');
INSERT INTO triples (sentence_id, predicate_id,relation,arg_start_id,arg_end_id,triple_type)VALUES (1806, 2, 'Property',3, 5, 'auto'), (1806, 2, 'Location',15, 17, 'auto'), (1806, 9, 'Patient',6, 8, 'auto'), (1806, 9, 'Location',10, 17, 'auto'), (1806, 17, 'Property',16, 16, 'auto');
INSERT INTO Sentences (sentence_id, sentence, sentence_type)VALUES (1807, 'Two men in red shirts walking on the walls of a white building', 'auto');
INSERT INTO Words ( sentence_id,word_ID ,word,pos)VALUES (1807, 1, 'Two', 'CD'), (1807, 2, 'men', 'NNS'), (1807, 3, 'in', 'IN'), (1807, 4, 'red', 'JJ'), (1807, 5, 'shirts', 'NNS'), (1807, 6, 'walking', 'VBG'), (1807, 7, 'on', 'IN'), (1807, 8, 'the', 'DT'), (1807, 9, 'walls', 'NNS'), (1807, 10, 'of', 'IN'), (1807, 11, 'a', 'DT'), (1807, 12, 'white', 'JJ'), (1807, 13, 'building', 'NN');
INSERT INTO triples (sentence_id, predicate_id,relation,arg_start_id,arg_end_id,triple_type)VALUES (1807, 2, 'Property',3, 5, 'auto'), (1807, 2, 'Location',7, 9, 'auto'), (1807, 6, 'Agent',2, 2, 'auto'), (1807, 6, 'Location',7, 13, 'auto'), (1807, 13, 'Property',12, 12, 'auto');
INSERT INTO Sentences (sentence_id, sentence, sentence_type)VALUES (1808, 'Two men wearing dark pants and red shirts are leaping in-synch in front of a white building', 'auto');
INSERT INTO Words ( sentence_id,word_ID ,word,pos)VALUES (1808, 1, 'Two', 'CD'), (1808, 2, 'men', 'NNS'), (1808, 3, 'wearing', 'VBG'), (1808, 4, 'dark', 'JJ'), (1808, 5, 'pants', 'NNS'), (1808, 6, 'and', 'CC'), (1808, 7, 'red', 'JJ'), (1808, 8, 'shirts', 'NNS'), (1808, 9, 'are', 'VBP'), (1808, 10, 'leaping', 'VBG'), (1808, 11, 'in-synch', 'JJ'), (1808, 12, 'in', 'IN'), (1808, 13, 'front', 'NN'), (1808, 14, 'of', 'IN'), (1808, 15, 'a', 'DT'), (1808, 16, 'white', 'JJ'), (1808, 17, 'building', 'NN');
INSERT INTO triples (sentence_id, predicate_id,relation,arg_start_id,arg_end_id,triple_type)VALUES (1808, 2, 'Property',3, 8, 'auto'), (1808, 2, 'Location',12, 17, 'auto'), (1808, 3, 'Agent',2, 2, 'auto'), (1808, 3, 'Patient',4, 8, 'auto'), (1808, 10, 'Agent',2, 2, 'auto'), (1808, 10, 'Patient',11, 11, 'auto'), (1808, 10, 'Location',15, 17, 'auto'), (1808, 17, 'Property',16, 16, 'auto');
INSERT INTO Sentences (sentence_id, sentence, sentence_type)VALUES (1809, 'A girl in a colorful skirt and blue shirt pounces onto her bed', 'auto');
INSERT INTO Words ( sentence_id,word_ID ,word,pos)VALUES (1809, 1, 'A', 'DT'), (1809, 2, 'girl', 'NN'), (1809, 3, 'in', 'IN'), (1809, 4, 'a', 'DT'), (1809, 5, 'colorful', 'JJ'), (1809, 6, 'skirt', 'NN'), (1809, 7, 'and', 'CC'), (1809, 8, 'blue', 'JJ'), (1809, 9, 'shirt', 'NN'), (1809, 10, 'pounces', 'VBZ'), (1809, 11, 'onto', 'IN'), (1809, 12, 'her', 'PRP$'), (1809, 13, 'bed', 'NN');
INSERT INTO triples (sentence_id, predicate_id,relation,arg_start_id,arg_end_id,triple_type)VALUES (1809, 2, 'Property',3, 9, 'auto'), (1809, 2, 'Location',13, 13, 'auto'), (1809, 10, 'Agent',2, 2, 'auto'), (1809, 10, 'Location',13, 13, 'auto');
INSERT INTO Sentences (sentence_id, sentence, sentence_type)VALUES (1810, 'A girl in colorful clothing is jumping on a bed with a color-block quilt', 'auto');
INSERT INTO Words ( sentence_id,word_ID ,word,pos)VALUES (1810, 1, 'A', 'DT'), (1810, 2, 'girl', 'NN'), (1810, 3, 'in', 'IN'), (1810, 4, 'colorful', 'JJ'), (1810, 5, 'clothing', 'NN'), (1810, 6, 'is', 'VBZ'), (1810, 7, 'jumping', 'VBG'), (1810, 8, 'on', 'RP'), (1810, 9, 'a', 'DT'), (1810, 10, 'bed', 'NN'), (1810, 11, 'with', 'IN'), (1810, 12, 'a', 'DT'), (1810, 13, 'color-block', 'JJ'), (1810, 14, 'quilt', 'NN');
INSERT INTO triples (sentence_id, predicate_id,relation,arg_start_id,arg_end_id,triple_type)VALUES (1810, 2, 'Property',3, 5, 'auto'), (1810, 7, 'Agent',2, 2, 'auto'), (1810, 7, 'Destination',10, 10, 'auto'), (1810, 10, 'Property',11, 14, 'auto'), (1810, 14, 'Property',12, 13, 'auto');
INSERT INTO Sentences (sentence_id, sentence, sentence_type)VALUES (1811, 'A woman is flying through the air and landing on a bed', 'auto');
INSERT INTO Words ( sentence_id,word_ID ,word,pos)VALUES (1811, 1, 'A', 'DT'), (1811, 2, 'woman', 'NN'), (1811, 3, 'is', 'VBZ'), (1811, 4, 'flying', 'VBG'), (1811, 5, 'through', 'IN'), (1811, 6, 'the', 'DT'), (1811, 7, 'air', 'NN'), (1811, 8, 'and', 'CC'), (1811, 9, 'landing', 'VBG'), (1811, 10, 'on', 'IN'), (1811, 11, 'a', 'DT'), (1811, 12, 'bed', 'NN');
INSERT INTO triples (sentence_id, predicate_id,relation,arg_start_id,arg_end_id,triple_type)VALUES (1811, 2, 'Property',4, 9, 'auto'), (1811, 2, 'Location',10, 12, 'auto'), (1811, 4, 'Agent',2, 2, 'auto'), (1811, 4, 'Location',5, 7, 'auto'), (1811, 9, 'Agent',2, 2, 'auto'), (1811, 9, 'Destination',12, 12, 'auto');
INSERT INTO Sentences (sentence_id, sentence, sentence_type)VALUES (1812, 'A young girl in a colorful skirt is in the midst of falling onto a bed', 'auto');
INSERT INTO Words ( sentence_id,word_ID ,word,pos)VALUES (1812, 1, 'A', 'DT'), (1812, 2, 'young', 'JJ'), (1812, 3, 'girl', 'NN'), (1812, 4, 'in', 'IN'), (1812, 5, 'a', 'DT'), (1812, 6, 'colorful', 'JJ'), (1812, 7, 'skirt', 'NN'), (1812, 8, 'is', 'VBZ'), (1812, 9, 'in', 'IN'), (1812, 10, 'the', 'DT'), (1812, 11, 'midst', 'NN'), (1812, 12, 'of', 'IN'), (1812, 13, 'falling', 'VBG'), (1812, 14, 'onto', 'IN'), (1812, 15, 'a', 'DT'), (1812, 16, 'bed', 'NN');
INSERT INTO triples (sentence_id, predicate_id,relation,arg_start_id,arg_end_id,triple_type)VALUES (1812, 3, 'Property',4, 7, 'auto'), (1812, 13, 'Agent',3, 3, 'auto'), (1812, 13, 'Destination',16, 16, 'auto');
INSERT INTO Sentences (sentence_id, sentence, sentence_type)VALUES (1813, 'Woman in multicolor skirt airborne above a bed with a multicolor bedspread', 'auto');
INSERT INTO Words ( sentence_id,word_ID ,word,pos)VALUES (1813, 1, 'Woman', 'NNP'), (1813, 2, 'in', 'IN'), (1813, 3, 'multicolor', 'JJ'), (1813, 4, 'skirt', 'NN'), (1813, 5, 'airborne', 'JJ'), (1813, 6, 'above', 'IN'), (1813, 7, 'a', 'DT'), (1813, 8, 'bed', 'NN'), (1813, 9, 'with', 'IN'), (1813, 10, 'a', 'DT'), (1813, 11, 'multicolor', 'JJ'), (1813, 12, 'bedspread', 'NN');
INSERT INTO Sentences (sentence_id, sentence, sentence_type)VALUES (1814, 'Killer whales perform for a crowd', 'auto');
INSERT INTO Words ( sentence_id,word_ID ,word,pos)VALUES (1814, 1, 'Killer', 'NN'), (1814, 2, 'whales', 'NNS'), (1814, 3, 'perform', 'VBP'), (1814, 4, 'for', 'IN'), (1814, 5, 'a', 'DT'), (1814, 6, 'crowd', 'NN');
INSERT INTO triples (sentence_id, predicate_id,relation,arg_start_id,arg_end_id,triple_type)VALUES (1814, 3, 'Agent',2, 2, 'auto'), (1814, 3, 'Beneficiary',4, 6, 'auto');
INSERT INTO Sentences (sentence_id, sentence, sentence_type)VALUES (1815, 'Three dolphins are jumping out of a pool in front of a crowd of people', 'auto');
INSERT INTO Words ( sentence_id,word_ID ,word,pos)VALUES (1815, 1, 'Three', 'CD'), (1815, 2, 'dolphins', 'NNS'), (1815, 3, 'are', 'VBP'), (1815, 4, 'jumping', 'VBG'), (1815, 5, 'out', 'RB'), (1815, 6, 'of', 'IN'), (1815, 7, 'a', 'DT'), (1815, 8, 'pool', 'NN'), (1815, 9, 'in', 'IN'), (1815, 10, 'front', 'NN'), (1815, 11, 'of', 'IN'), (1815, 12, 'a', 'DT'), (1815, 13, 'crowd', 'NN'), (1815, 14, 'of', 'IN'), (1815, 15, 'people', 'NNS');
INSERT INTO triples (sentence_id, predicate_id,relation,arg_start_id,arg_end_id,triple_type)VALUES (1815, 4, 'Agent',2, 2, 'auto'), (1815, 4, 'Source',5, 8, 'auto'), (1815, 8, 'Location',9, 15, 'auto');
INSERT INTO Sentences (sentence_id, sentence, sentence_type)VALUES (1816, 'Three Orca whales jump in a pool at seaworld', 'auto');
INSERT INTO Words ( sentence_id,word_ID ,word,pos)VALUES (1816, 1, 'Three', 'CD'), (1816, 2, 'Orca', 'NN'), (1816, 3, 'whales', 'NNS'), (1816, 4, 'jump', 'VBP'), (1816, 5, 'in', 'IN'), (1816, 6, 'a', 'DT'), (1816, 7, 'pool', 'NN'), (1816, 8, 'at', 'IN'), (1816, 9, 'seaworld', 'NN');
INSERT INTO triples (sentence_id, predicate_id,relation,arg_start_id,arg_end_id,triple_type)VALUES (1816, 4, 'Agent',3, 3, 'auto'), (1816, 4, 'Location',6, 7, 'auto'), (1816, 7, 'Property',8, 9, 'auto');
INSERT INTO Sentences (sentence_id, sentence, sentence_type)VALUES (1817, 'Three whales are jumping into the air at the same time in front of a very large crowd', 'auto');
INSERT INTO Words ( sentence_id,word_ID ,word,pos)VALUES (1817, 1, 'Three', 'CD'), (1817, 2, 'whales', 'NNS'), (1817, 3, 'are', 'VBP'), (1817, 4, 'jumping', 'VBG'), (1817, 5, 'into', 'IN'), (1817, 6, 'the', 'DT'), (1817, 7, 'air', 'NN'), (1817, 8, 'at', 'IN'), (1817, 9, 'the', 'DT'), (1817, 10, 'same', 'JJ'), (1817, 11, 'time', 'NN'), (1817, 12, 'in', 'IN'), (1817, 13, 'front', 'NN'), (1817, 14, 'of', 'IN'), (1817, 15, 'a', 'DT'), (1817, 16, 'very', 'RB'), (1817, 17, 'large', 'JJ'), (1817, 18, 'crowd', 'NN');
INSERT INTO triples (sentence_id, predicate_id,relation,arg_start_id,arg_end_id,triple_type)VALUES (1817, 4, 'Agent',2, 2, 'auto'), (1817, 4, 'Location',5, 13, 'auto');
INSERT INTO Sentences (sentence_id, sentence, sentence_type)VALUES (1818, 'Three whales are jumping in the air while people watch', 'auto');
INSERT INTO Words ( sentence_id,word_ID ,word,pos)VALUES (1818, 1, 'Three', 'CD'), (1818, 2, 'whales', 'NNS'), (1818, 3, 'are', 'VBP'), (1818, 4, 'jumping', 'VBG'), (1818, 5, 'in', 'IN'), (1818, 6, 'the', 'DT'), (1818, 7, 'air', 'NN'), (1818, 8, 'while', 'IN'), (1818, 9, 'people', 'NNS'), (1818, 10, 'watch', 'VBP');
INSERT INTO triples (sentence_id, predicate_id,relation,arg_start_id,arg_end_id,triple_type)VALUES (1818, 4, 'Agent',2, 2, 'auto'), (1818, 4, 'Destination',7, 7, 'auto'), (1818, 10, 'Patient',1, 4, 'auto'), (1818, 10, 'Location',5, 7, 'auto'), (1818, 10, 'Agent',9, 9, 'auto');
INSERT INTO Sentences (sentence_id, sentence, sentence_type)VALUES (1819, 'A soccer player in a red and white uniform was chasing the soccer ball and was tripped by a player in a purple uniform', 'auto');
INSERT INTO Words ( sentence_id,word_ID ,word,pos)VALUES (1819, 1, 'A', 'DT'), (1819, 2, 'soccer', 'NN'), (1819, 3, 'player', 'NN'), (1819, 4, 'in', 'IN'), (1819, 5, 'a', 'DT'), (1819, 6, 'red', 'JJ'), (1819, 7, 'and', 'CC'), (1819, 8, 'white', 'JJ'), (1819, 9, 'uniform', 'NN'), (1819, 10, 'was', 'VBD'), (1819, 11, 'chasing', 'VBG'), (1819, 12, 'the', 'DT'), (1819, 13, 'soccer', 'NN'), (1819, 14, 'ball', 'NN'), (1819, 15, 'and', 'CC'), (1819, 16, 'was', 'VBD'), (1819, 17, 'tripped', 'VBN'), (1819, 18, 'by', 'IN'), (1819, 19, 'a', 'DT'), (1819, 20, 'player', 'NN'), (1819, 21, 'in', 'IN'), (1819, 22, 'a', 'DT'), (1819, 23, 'purple', 'JJ'), (1819, 24, 'uniform', 'NN');
INSERT INTO triples (sentence_id, predicate_id,relation,arg_start_id,arg_end_id,triple_type)VALUES (1819, 3, 'Property',4, 9, 'auto'), (1819, 11, 'Agent',3, 3, 'auto'), (1819, 11, 'Patient',12, 14, 'auto'), (1819, 17, 'Patient',3, 3, 'auto'), (1819, 17, 'Agent',18, 20, 'auto'), (1819, 20, 'Property',21, 24, 'auto');
INSERT INTO Sentences (sentence_id, sentence, sentence_type)VALUES (1820, 'The guys are playing soccer', 'auto');
INSERT INTO Words ( sentence_id,word_ID ,word,pos)VALUES (1820, 1, 'The', 'DT'), (1820, 2, 'guys', 'NNS'), (1820, 3, 'are', 'VBP'), (1820, 4, 'playing', 'VBG'), (1820, 5, 'soccer', 'NN');
INSERT INTO triples (sentence_id, predicate_id,relation,arg_start_id,arg_end_id,triple_type)VALUES (1820, 2, 'Property',3, 5, 'auto'), (1820, 4, 'Agent',2, 2, 'auto'), (1820, 4, 'Patient',5, 5, 'auto');
INSERT INTO Sentences (sentence_id, sentence, sentence_type)VALUES (1821, 'The soccer player in purple keeps the ball from the man in red', 'auto');
INSERT INTO Words ( sentence_id,word_ID ,word,pos)VALUES (1821, 1, 'The', 'DT'), (1821, 2, 'soccer', 'NN'), (1821, 3, 'player', 'NN'), (1821, 4, 'in', 'IN'), (1821, 5, 'purple', 'JJ'), (1821, 6, 'keeps', 'VBZ'), (1821, 7, 'the', 'DT'), (1821, 8, 'ball', 'NN'), (1821, 9, 'from', 'IN'), (1821, 10, 'the', 'DT'), (1821, 11, 'man', 'NN'), (1821, 12, 'in', 'IN'), (1821, 13, 'red', 'JJ');
INSERT INTO triples (sentence_id, predicate_id,relation,arg_start_id,arg_end_id,triple_type)VALUES (1821, 3, 'Property',4, 5, 'auto'), (1821, 6, 'Agent',3, 3, 'auto'), (1821, 6, 'Patient',7, 8, 'auto'), (1821, 6, 'Source',9, 11, 'auto'), (1821, 8, 'Location',9, 13, 'auto'), (1821, 11, 'Property',12, 13, 'auto');
INSERT INTO Sentences (sentence_id, sentence, sentence_type)VALUES (1822, 'Two soccer players are fighting over a soccer ball on a grassy field', 'auto');
INSERT INTO Words ( sentence_id,word_ID ,word,pos)VALUES (1822, 1, 'Two', 'CD'), (1822, 2, 'soccer', 'NN'), (1822, 3, 'players', 'NNS'), (1822, 4, 'are', 'VBP'), (1822, 5, 'fighting', 'VBG'), (1822, 6, 'over', 'IN'), (1822, 7, 'a', 'DT'), (1822, 8, 'soccer', 'NN'), (1822, 9, 'ball', 'NN'), (1822, 10, 'on', 'IN'), (1822, 11, 'a', 'DT'), (1822, 12, 'grassy', 'JJ'), (1822, 13, 'field', 'NN');
INSERT INTO triples (sentence_id, predicate_id,relation,arg_start_id,arg_end_id,triple_type)VALUES (1822, 3, 'Property',1, 2, 'auto'), (1822, 5, 'Agent',3, 3, 'auto'), (1822, 5, 'Beneficiary',6, 9, 'auto'), (1822, 5, 'Location',10, 13, 'auto'), (1822, 9, 'Location',10, 13, 'auto');
INSERT INTO Sentences (sentence_id, sentence, sentence_type)VALUES (1823, 'two soccer players kick a soccer ball', 'auto');
INSERT INTO Words ( sentence_id,word_ID ,word,pos)VALUES (1823, 1, 'two', 'CD'), (1823, 2, 'soccer', 'NN'), (1823, 3, 'players', 'NNS'), (1823, 4, 'kick', 'VBP'), (1823, 5, 'a', 'DT'), (1823, 6, 'soccer', 'NN'), (1823, 7, 'ball', 'NN');
INSERT INTO triples (sentence_id, predicate_id,relation,arg_start_id,arg_end_id,triple_type)VALUES (1823, 3, 'Property',1, 2, 'auto'), (1823, 4, 'Agent',3, 3, 'auto'), (1823, 4, 'Patient',5, 7, 'auto');
INSERT INTO Sentences (sentence_id, sentence, sentence_type)VALUES (1824, 'A man in a white helmet clings to a sheer rock face', 'auto');
INSERT INTO Words ( sentence_id,word_ID ,word,pos)VALUES (1824, 1, 'A', 'DT'), (1824, 2, 'man', 'NN'), (1824, 3, 'in', 'IN'), (1824, 4, 'a', 'DT'), (1824, 5, 'white', 'JJ'), (1824, 6, 'helmet', 'NN'), (1824, 7, 'clings', 'VBZ'), (1824, 8, 'to', 'TO'), (1824, 9, 'a', 'DT'), (1824, 10, 'sheer', 'JJ'), (1824, 11, 'rock', 'NN'), (1824, 12, 'face', 'NN');
INSERT INTO triples (sentence_id, predicate_id,relation,arg_start_id,arg_end_id,triple_type)VALUES (1824, 2, 'Property',3, 6, 'auto'), (1824, 7, 'Agent',2, 2, 'auto'), (1824, 7, 'Location',10, 12, 'auto');
INSERT INTO Sentences (sentence_id, sentence, sentence_type)VALUES (1825, 'A man wearing a white helmet is rock climbing', 'auto');
INSERT INTO Words ( sentence_id,word_ID ,word,pos)VALUES (1825, 1, 'A', 'DT'), (1825, 2, 'man', 'NN'), (1825, 3, 'wearing', 'VBG'), (1825, 4, 'a', 'DT'), (1825, 5, 'white', 'JJ'), (1825, 6, 'helmet', 'NN'), (1825, 7, 'is', 'VBZ'), (1825, 8, 'rock', 'NN'), (1825, 9, 'climbing', 'VBG');
INSERT INTO triples (sentence_id, predicate_id,relation,arg_start_id,arg_end_id,triple_type)VALUES (1825, 2, 'Property',6, 6, 'auto'), (1825, 2, 'Location',7, 9, 'auto'), (1825, 3, 'Agent',2, 2, 'auto'), (1825, 3, 'Patient',4, 6, 'auto'), (1825, 3, 'Location',7, 9, 'auto'), (1825, 9, 'Agent',2, 2, 'auto'), (1825, 9, 'Patient',8, 8, 'auto');
INSERT INTO Sentences (sentence_id, sentence, sentence_type)VALUES (1826, 'A man with all his equipment rock climbing', 'auto');
INSERT INTO Words ( sentence_id,word_ID ,word,pos)VALUES (1826, 1, 'A', 'DT'), (1826, 2, 'man', 'NN'), (1826, 3, 'with', 'IN'), (1826, 4, 'all', 'PDT'), (1826, 5, 'his', 'PRP$'), (1826, 6, 'equipment', 'NN'), (1826, 7, 'rock', 'NN'), (1826, 8, 'climbing', 'VBG');
INSERT INTO triples (sentence_id, predicate_id,relation,arg_start_id,arg_end_id,triple_type)VALUES (1826, 2, 'Property',3, 6, 'auto'), (1826, 2, 'Location',7, 8, 'auto'), (1826, 8, 'Agent',2, 2, 'auto'), (1826, 8, 'Instrument',3, 6, 'auto'), (1826, 8, 'Patient',7, 7, 'auto');
INSERT INTO Sentences (sentence_id, sentence, sentence_type)VALUES (1827, 'A rock climber wearing a white helmet', 'auto');
INSERT INTO Words ( sentence_id,word_ID ,word,pos)VALUES (1827, 1, 'A', 'DT'), (1827, 2, 'rock', 'NN'), (1827, 3, 'climber', 'NN'), (1827, 4, 'wearing', 'VBG'), (1827, 5, 'a', 'DT'), (1827, 6, 'white', 'JJ'), (1827, 7, 'helmet', 'NN');
INSERT INTO triples (sentence_id, predicate_id,relation,arg_start_id,arg_end_id,triple_type)VALUES (1827, 3, 'Property',1, 2, 'auto'), (1827, 4, 'Agent',3, 3, 'auto'), (1827, 4, 'Patient',5, 7, 'auto');
INSERT INTO Sentences (sentence_id, sentence, sentence_type)VALUES (1828, 'Bearded man rock climbing', 'auto');
INSERT INTO Words ( sentence_id,word_ID ,word,pos)VALUES (1828, 1, 'Bearded', 'JJ'), (1828, 2, 'man', 'NN'), (1828, 3, 'rock', 'NN'), (1828, 4, 'climbing', 'VBG');
INSERT INTO triples (sentence_id, predicate_id,relation,arg_start_id,arg_end_id,triple_type)VALUES (1828, 2, 'Property',1, 1, 'auto'), (1828, 2, 'Location',3, 4, 'auto'), (1828, 4, 'Agent',2, 2, 'auto'), (1828, 4, 'Patient',3, 3, 'auto');
INSERT INTO Sentences (sentence_id, sentence, sentence_type)VALUES (1829, 'A baseball pitcher is bowling the ball', 'auto');
INSERT INTO Words ( sentence_id,word_ID ,word,pos)VALUES (1829, 1, 'A', 'DT'), (1829, 2, 'baseball', 'NN'), (1829, 3, 'pitcher', 'NN'), (1829, 4, 'is', 'VBZ'), (1829, 5, 'bowling', 'VBG'), (1829, 6, 'the', 'DT'), (1829, 7, 'ball', 'NN');
INSERT INTO triples (sentence_id, predicate_id,relation,arg_start_id,arg_end_id,triple_type)VALUES (1829, 3, 'Property',1, 2, 'auto'), (1829, 5, 'Agent',3, 3, 'auto'), (1829, 5, 'Patient',6, 7, 'auto');
INSERT INTO Sentences (sentence_id, sentence, sentence_type)VALUES (1830, 'A man playing baseball , throwing the ball', 'auto');
INSERT INTO Words ( sentence_id,word_ID ,word,pos)VALUES (1830, 1, 'A', 'DT'), (1830, 2, 'man', 'NN'), (1830, 3, 'playing', 'VBG'), (1830, 4, 'baseball', 'NN'), (1830, 5, ',', ','), (1830, 6, 'throwing', 'VBG'), (1830, 7, 'the', 'DT'), (1830, 8, 'ball', 'NN');
INSERT INTO triples (sentence_id, predicate_id,relation,arg_start_id,arg_end_id,triple_type)VALUES (1830, 2, 'Property',3, 4, 'auto'), (1830, 3, 'Agent',2, 2, 'auto'), (1830, 3, 'Patient',4, 4, 'auto'), (1830, 6, 'Patient',8, 8, 'auto');
INSERT INTO Sentences (sentence_id, sentence, sentence_type)VALUES (1831, 'A pitcher throws the ball', 'auto');
INSERT INTO Words ( sentence_id,word_ID ,word,pos)VALUES (1831, 1, 'A', 'DT'), (1831, 2, 'pitcher', 'NN'), (1831, 3, 'throws', 'VBZ'), (1831, 4, 'the', 'DT'), (1831, 5, 'ball', 'NN');
INSERT INTO triples (sentence_id, predicate_id,relation,arg_start_id,arg_end_id,triple_type)VALUES (1831, 2, 'Property',3, 5, 'auto'), (1831, 3, 'Agent',2, 2, 'auto'), (1831, 3, 'Patient',4, 5, 'auto');
INSERT INTO Sentences (sentence_id, sentence, sentence_type)VALUES (1832, 'Minor league pitcher', 'auto');
INSERT INTO Words ( sentence_id,word_ID ,word,pos)VALUES (1832, 1, 'Minor', 'JJ'), (1832, 2, 'league', 'NN'), (1832, 3, 'pitcher', 'NN');
INSERT INTO triples (sentence_id, predicate_id,relation,arg_start_id,arg_end_id,triple_type)VALUES (1832, 3, 'Property',1, 2, 'auto');
INSERT INTO Sentences (sentence_id, sentence, sentence_type)VALUES (1833, 'The guy is in a baseball uniform , in a baseball field , and is throwing a baseball', 'auto');
INSERT INTO Words ( sentence_id,word_ID ,word,pos)VALUES (1833, 1, 'The', 'DT'), (1833, 2, 'guy', 'NN'), (1833, 3, 'is', 'VBZ'), (1833, 4, 'in', 'IN'), (1833, 5, 'a', 'DT'), (1833, 6, 'baseball', 'NN'), (1833, 7, 'uniform', 'NN'), (1833, 8, ',', ','), (1833, 9, 'in', 'IN'), (1833, 10, 'a', 'DT'), (1833, 11, 'baseball', 'NN'), (1833, 12, 'field', 'NN'), (1833, 13, ',', ','), (1833, 14, 'and', 'CC'), (1833, 15, 'is', 'VBZ'), (1833, 16, 'throwing', 'VBG'), (1833, 17, 'a', 'DT'), (1833, 18, 'baseball', 'NN');
INSERT INTO triples (sentence_id, predicate_id,relation,arg_start_id,arg_end_id,triple_type)VALUES (1833, 2, 'Property',5, 7, 'auto'), (1833, 2, 'Location',10, 12, 'auto'), (1833, 3, 'Patient',1, 2, 'auto'), (1833, 3, 'Location',9, 12, 'auto'), (1833, 16, 'Agent',2, 2, 'auto'), (1833, 16, 'Patient',17, 18, 'auto');
INSERT INTO Sentences (sentence_id, sentence, sentence_type)VALUES (1834, 'A looker on catches a motocross bike on its side after a spill while another races by', 'auto');
INSERT INTO Words ( sentence_id,word_ID ,word,pos)VALUES (1834, 1, 'A', 'DT'), (1834, 2, 'looker', 'NN'), (1834, 3, 'on', 'IN'), (1834, 4, 'catches', 'VBZ'), (1834, 5, 'a', 'DT'), (1834, 6, 'motocross', 'NN'), (1834, 7, 'bike', 'NN'), (1834, 8, 'on', 'IN'), (1834, 9, 'its', 'PRP$'), (1834, 10, 'side', 'NN'), (1834, 11, 'after', 'IN'), (1834, 12, 'a', 'DT'), (1834, 13, 'spill', 'NN'), (1834, 14, 'while', 'IN'), (1834, 15, 'another', 'DT'), (1834, 16, 'races', 'NNS'), (1834, 17, 'by', 'IN');
INSERT INTO triples (sentence_id, predicate_id,relation,arg_start_id,arg_end_id,triple_type)VALUES (1834, 4, 'Agent',2, 2, 'auto'), (1834, 4, 'Patient',5, 7, 'auto'), (1834, 7, 'Property',6, 6, 'auto'), (1834, 7, 'Location',9, 10, 'auto');
INSERT INTO Sentences (sentence_id, sentence, sentence_type)VALUES (1835, 'A man on a dirt bike zipping away while another one slips to the ground and a third man in a yellow jacket looks on', 'auto');
INSERT INTO Words ( sentence_id,word_ID ,word,pos)VALUES (1835, 1, 'A', 'DT'), (1835, 2, 'man', 'NN'), (1835, 3, 'on', 'IN'), (1835, 4, 'a', 'DT'), (1835, 5, 'dirt', 'NN'), (1835, 6, 'bike', 'NN'), (1835, 7, 'zipping', 'VBG'), (1835, 8, 'away', 'RB'), (1835, 9, 'while', 'IN'), (1835, 10, 'another', 'DT'), (1835, 11, 'one', 'CD'), (1835, 12, 'slips', 'VBZ'), (1835, 13, 'to', 'TO'), (1835, 14, 'the', 'DT'), (1835, 15, 'ground', 'NN'), (1835, 16, 'and', 'CC'), (1835, 17, 'a', 'DT'), (1835, 18, 'third', 'JJ'), (1835, 19, 'man', 'NN'), (1835, 20, 'in', 'IN'), (1835, 21, 'a', 'DT'), (1835, 22, 'yellow', 'JJ'), (1835, 23, 'jacket', 'NN'), (1835, 24, 'looks', 'VBZ'), (1835, 25, 'on', 'IN');
INSERT INTO triples (sentence_id, predicate_id,relation,arg_start_id,arg_end_id,triple_type)VALUES (1835, 2, 'Property',3, 6, 'auto'), (1835, 7, 'Agent',2, 2, 'auto'), (1835, 7, 'Destination',8, 8, 'auto'), (1835, 12, 'Agent',10, 11, 'auto'), (1835, 12, 'Destination',13, 15, 'auto'), (1835, 19, 'Property',20, 23, 'auto'), (1835, 24, 'Agent',18, 19, 'auto');
INSERT INTO Sentences (sentence_id, sentence, sentence_type)VALUES (1836, 'A man on a motorcycle making a tight turn', 'auto');
INSERT INTO Words ( sentence_id,word_ID ,word,pos)VALUES (1836, 1, 'A', 'DT'), (1836, 2, 'man', 'NN'), (1836, 3, 'on', 'IN'), (1836, 4, 'a', 'DT'), (1836, 5, 'motorcycle', 'NN'), (1836, 6, 'making', 'VBG'), (1836, 7, 'a', 'DT'), (1836, 8, 'tight', 'JJ'), (1836, 9, 'turn', 'NN');
INSERT INTO triples (sentence_id, predicate_id,relation,arg_start_id,arg_end_id,triple_type)VALUES (1836, 2, 'Location',3, 5, 'auto'), (1836, 5, 'Location',8, 9, 'auto'), (1836, 6, 'Agent',2, 2, 'auto'), (1836, 6, 'Patient',7, 9, 'auto');
INSERT INTO Sentences (sentence_id, sentence, sentence_type)VALUES (1837, 'A person is riding their motorbike and a person in a bright yellow jacket is watching someone fall off their bike', 'auto');
INSERT INTO Words ( sentence_id,word_ID ,word,pos)VALUES (1837, 1, 'A', 'DT'), (1837, 2, 'person', 'NN'), (1837, 3, 'is', 'VBZ'), (1837, 4, 'riding', 'VBG'), (1837, 5, 'their', 'PRP$'), (1837, 6, 'motorbike', 'NN'), (1837, 7, 'and', 'CC'), (1837, 8, 'a', 'DT'), (1837, 9, 'person', 'NN'), (1837, 10, 'in', 'IN'), (1837, 11, 'a', 'DT'), (1837, 12, 'bright', 'JJ'), (1837, 13, 'yellow', 'JJ'), (1837, 14, 'jacket', 'NN'), (1837, 15, 'is', 'VBZ'), (1837, 16, 'watching', 'VBG'), (1837, 17, 'someone', 'NN'), (1837, 18, 'fall', 'NN'), (1837, 19, 'off', 'IN'), (1837, 20, 'their', 'PRP$'), (1837, 21, 'bike', 'NN');
INSERT INTO triples (sentence_id, predicate_id,relation,arg_start_id,arg_end_id,triple_type)VALUES (1837, 2, 'Property',4, 6, 'auto'), (1837, 4, 'Agent',2, 2, 'auto'), (1837, 4, 'Patient',5, 6, 'auto'), (1837, 9, 'Property',12, 19, 'auto'), (1837, 16, 'Agent',9, 12, 'auto'), (1837, 16, 'Patient',17, 19, 'auto'), (1837, 17, 'Property',18, 21, 'auto');
INSERT INTO Sentences (sentence_id, sentence, sentence_type)VALUES (1838, 'Bike rider is looking at a accident of other sports bike rider', 'auto');
INSERT INTO Words ( sentence_id,word_ID ,word,pos)VALUES (1838, 1, 'Bike', 'NN'), (1838, 2, 'rider', 'NN'), (1838, 3, 'is', 'VBZ'), (1838, 4, 'looking', 'VBG'), (1838, 5, 'at', 'IN'), (1838, 6, 'a', 'DT'), (1838, 7, 'accident', 'NN'), (1838, 8, 'of', 'IN'), (1838, 9, 'other', 'JJ'), (1838, 10, 'sports', 'NNS'), (1838, 11, 'bike', 'NN'), (1838, 12, 'rider', 'NN');
INSERT INTO triples (sentence_id, predicate_id,relation,arg_start_id,arg_end_id,triple_type)VALUES (1838, 2, 'Property',1, 1, 'auto'), (1838, 4, 'Agent',2, 2, 'auto'), (1838, 4, 'Patient',5, 7, 'auto'), (1838, 11, 'Property',9, 10, 'auto'), (1838, 12, 'Property',9, 11, 'auto');
INSERT INTO Sentences (sentence_id, sentence, sentence_type)VALUES (1839, 'the legs of two athletes playing soccer on a field', 'auto');
INSERT INTO Words ( sentence_id,word_ID ,word,pos)VALUES (1839, 1, 'the', 'DT'), (1839, 2, 'legs', 'NNS'), (1839, 3, 'of', 'IN'), (1839, 4, 'two', 'CD'), (1839, 5, 'athletes', 'NNS'), (1839, 6, 'playing', 'VBG'), (1839, 7, 'soccer', 'NN'), (1839, 8, 'on', 'IN'), (1839, 9, 'a', 'DT'), (1839, 10, 'field', 'NN');
INSERT INTO triples (sentence_id, predicate_id,relation,arg_start_id,arg_end_id,triple_type)VALUES (1839, 6, 'Agent',2, 2, 'auto'), (1839, 6, 'Patient',7, 7, 'auto'), (1839, 6, 'Location',8, 10, 'auto');
INSERT INTO Sentences (sentence_id, sentence, sentence_type)VALUES (1840, 'The lower halves of two kids playing soccer', 'auto');
INSERT INTO Words ( sentence_id,word_ID ,word,pos)VALUES (1840, 1, 'The', 'DT'), (1840, 2, 'lower', 'JJR'), (1840, 3, 'halves', 'NNS'), (1840, 4, 'of', 'IN'), (1840, 5, 'two', 'CD'), (1840, 6, 'kids', 'NNS'), (1840, 7, 'playing', 'VBG'), (1840, 8, 'soccer', 'NN');
INSERT INTO triples (sentence_id, predicate_id,relation,arg_start_id,arg_end_id,triple_type)VALUES (1840, 7, 'Agent',3, 3, 'auto'), (1840, 7, 'Patient',8, 8, 'auto');
INSERT INTO Sentences (sentence_id, sentence, sentence_type)VALUES (1841, 'Two guys in soccer atire chasing a soccer ball', 'auto');
INSERT INTO Words ( sentence_id,word_ID ,word,pos)VALUES (1841, 1, 'Two', 'CD'), (1841, 2, 'guys', 'NNS'), (1841, 3, 'in', 'IN'), (1841, 4, 'soccer', 'NN'), (1841, 5, 'atire', 'NN'), (1841, 6, 'chasing', 'VBG'), (1841, 7, 'a', 'DT'), (1841, 8, 'soccer', 'NN'), (1841, 9, 'ball', 'NN');
INSERT INTO triples (sentence_id, predicate_id,relation,arg_start_id,arg_end_id,triple_type)VALUES (1841, 2, 'Property',3, 9, 'auto'), (1841, 6, 'Agent',2, 2, 'auto'), (1841, 6, 'Patient',7, 9, 'auto');
INSERT INTO Sentences (sentence_id, sentence, sentence_type)VALUES (1842, 'Two people play soccer while three people watch', 'auto');
INSERT INTO Words ( sentence_id,word_ID ,word,pos)VALUES (1842, 1, 'Two', 'CD'), (1842, 2, 'people', 'NNS'), (1842, 3, 'play', 'VBP'), (1842, 4, 'soccer', 'NN'), (1842, 5, 'while', 'IN'), (1842, 6, 'three', 'CD'), (1842, 7, 'people', 'NNS'), (1842, 8, 'watch', 'VBP');
INSERT INTO triples (sentence_id, predicate_id,relation,arg_start_id,arg_end_id,triple_type)VALUES (1842, 2, 'Property',4, 8, 'auto'), (1842, 3, 'Agent',2, 2, 'auto'), (1842, 3, 'Patient',4, 4, 'auto'), (1842, 8, 'Patient',1, 4, 'auto'), (1842, 8, 'Agent',7, 7, 'auto');
INSERT INTO Sentences (sentence_id, sentence, sentence_type)VALUES (1843, 'Two soccer players chasing a ball in the grass', 'auto');
INSERT INTO Words ( sentence_id,word_ID ,word,pos)VALUES (1843, 1, 'Two', 'CD'), (1843, 2, 'soccer', 'NN'), (1843, 3, 'players', 'NNS'), (1843, 4, 'chasing', 'VBG'), (1843, 5, 'a', 'DT'), (1843, 6, 'ball', 'NN'), (1843, 7, 'in', 'IN'), (1843, 8, 'the', 'DT'), (1843, 9, 'grass', 'NN');
INSERT INTO triples (sentence_id, predicate_id,relation,arg_start_id,arg_end_id,triple_type)VALUES (1843, 3, 'Property',1, 2, 'auto'), (1843, 4, 'Agent',3, 3, 'auto'), (1843, 4, 'Patient',5, 6, 'auto'), (1843, 4, 'Location',9, 9, 'auto'), (1843, 6, 'Location',7, 9, 'auto');
INSERT INTO Sentences (sentence_id, sentence, sentence_type)VALUES (1844, 'a blond man jumping off a cliff into some water', 'auto');
INSERT INTO Words ( sentence_id,word_ID ,word,pos)VALUES (1844, 1, 'a', 'DT'), (1844, 2, 'blond', 'JJ'), (1844, 3, 'man', 'NN'), (1844, 4, 'jumping', 'VBG'), (1844, 5, 'off', 'RP'), (1844, 6, 'a', 'DT'), (1844, 7, 'cliff', 'NN'), (1844, 8, 'into', 'IN'), (1844, 9, 'some', 'DT'), (1844, 10, 'water', 'NN');
INSERT INTO triples (sentence_id, predicate_id,relation,arg_start_id,arg_end_id,triple_type)VALUES (1844, 3, 'Property',2, 2, 'auto'), (1844, 3, 'Location',9, 10, 'auto'), (1844, 4, 'Agent',3, 3, 'auto'), (1844, 4, 'Destination',10, 10, 'auto');
INSERT INTO Sentences (sentence_id, sentence, sentence_type)VALUES (1845, 'A man is jumping off a rock into a pool of water while three others watch', 'auto');
INSERT INTO Words ( sentence_id,word_ID ,word,pos)VALUES (1845, 1, 'A', 'DT'), (1845, 2, 'man', 'NN'), (1845, 3, 'is', 'VBZ'), (1845, 4, 'jumping', 'VBG'), (1845, 5, 'off', 'RP'), (1845, 6, 'a', 'DT'), (1845, 7, 'rock', 'NN'), (1845, 8, 'into', 'IN'), (1845, 9, 'a', 'DT'), (1845, 10, 'pool', 'NN'), (1845, 11, 'of', 'IN'), (1845, 12, 'water', 'NN'), (1845, 13, 'while', 'IN'), (1845, 14, 'three', 'CD'), (1845, 15, 'others', 'NNS'), (1845, 16, 'watch', 'VBP');
INSERT INTO Sentences (sentence_id, sentence, sentence_type)VALUES (1846, 'Four people are cavorting on the rocks at a river \'s edge', 'auto');
INSERT INTO Words ( sentence_id,word_ID ,word,pos)VALUES (1846, 1, 'Four', 'CD'), (1846, 2, 'people', 'NNS'), (1846, 3, 'are', 'VBP'), (1846, 4, 'cavorting', 'VBG'), (1846, 5, 'on', 'IN'), (1846, 6, 'the', 'DT'), (1846, 7, 'rocks', 'NNS'), (1846, 8, 'at', 'IN'), (1846, 9, 'a', 'DT'), (1846, 10, 'river', 'NN'), (1846, 11, '\'s', 'POS'), (1846, 12, 'edge', 'NN');
INSERT INTO triples (sentence_id, predicate_id,relation,arg_start_id,arg_end_id,triple_type)VALUES (1846, 2, 'Property',1, 1, 'auto'), (1846, 2, 'Location',5, 12, 'auto'), (1846, 4, 'Agent',2, 2, 'auto'), (1846, 4, 'Location',5, 10, 'auto'), (1846, 7, 'Location',10, 12, 'auto');
INSERT INTO Sentences (sentence_id, sentence, sentence_type)VALUES (1847, 'People stand by a rocky cliff with water below', 'auto');
INSERT INTO Words ( sentence_id,word_ID ,word,pos)VALUES (1847, 1, 'People', 'NNS'), (1847, 2, 'stand', 'VBP'), (1847, 3, 'by', 'IN'), (1847, 4, 'a', 'DT'), (1847, 5, 'rocky', 'JJ'), (1847, 6, 'cliff', 'NN'), (1847, 7, 'with', 'IN'), (1847, 8, 'water', 'NN'), (1847, 9, 'below', 'IN');
INSERT INTO triples (sentence_id, predicate_id,relation,arg_start_id,arg_end_id,triple_type)VALUES (1847, 1, 'Location',2, 9, 'auto'), (1847, 2, 'Agent',1, 1, 'auto'), (1847, 2, 'Location',3, 9, 'auto'), (1847, 8, 'Location',9, 9, 'auto');
INSERT INTO Sentences (sentence_id, sentence, sentence_type)VALUES (1848, 'Three people on a rocky cliff over a body of water', 'auto');
INSERT INTO Words ( sentence_id,word_ID ,word,pos)VALUES (1848, 1, 'Three', 'CD'), (1848, 2, 'people', 'NNS'), (1848, 3, 'on', 'IN'), (1848, 4, 'a', 'DT'), (1848, 5, 'rocky', 'JJ'), (1848, 6, 'cliff', 'NN'), (1848, 7, 'over', 'IN'), (1848, 8, 'a', 'DT'), (1848, 9, 'body', 'NN'), (1848, 10, 'of', 'IN'), (1848, 11, 'water', 'NN');
INSERT INTO triples (sentence_id, predicate_id,relation,arg_start_id,arg_end_id,triple_type)VALUES (1848, 2, 'Property',1, 1, 'auto'), (1848, 2, 'Location',3, 9, 'auto');
INSERT INTO Sentences (sentence_id, sentence, sentence_type)VALUES (1849, 'A man is wind sailing in the ocean', 'auto');
INSERT INTO Words ( sentence_id,word_ID ,word,pos)VALUES (1849, 1, 'A', 'DT'), (1849, 2, 'man', 'NN'), (1849, 3, 'is', 'VBZ'), (1849, 4, 'wind', 'NN'), (1849, 5, 'sailing', 'VBG'), (1849, 6, 'in', 'IN'), (1849, 7, 'the', 'DT'), (1849, 8, 'ocean', 'NN');
INSERT INTO triples (sentence_id, predicate_id,relation,arg_start_id,arg_end_id,triple_type)VALUES (1849, 2, 'Location',3, 8, 'auto'), (1849, 5, 'Agent',2, 2, 'auto'), (1849, 5, 'Location',6, 8, 'auto');
INSERT INTO Sentences (sentence_id, sentence, sentence_type)VALUES (1850, 'A man stands on a sailboat in the water', 'auto');
INSERT INTO Words ( sentence_id,word_ID ,word,pos)VALUES (1850, 1, 'A', 'DT'), (1850, 2, 'man', 'NN'), (1850, 3, 'stands', 'VBZ'), (1850, 4, 'on', 'IN'), (1850, 5, 'a', 'DT'), (1850, 6, 'sailboat', 'NN'), (1850, 7, 'in', 'IN'), (1850, 8, 'the', 'DT'), (1850, 9, 'water', 'NN');
INSERT INTO triples (sentence_id, predicate_id,relation,arg_start_id,arg_end_id,triple_type)VALUES (1850, 2, 'Location',3, 9, 'auto'), (1850, 3, 'Agent',2, 2, 'auto'), (1850, 3, 'Instrument',4, 6, 'auto'), (1850, 3, 'Location',7, 9, 'auto');
INSERT INTO Sentences (sentence_id, sentence, sentence_type)VALUES (1851, 'A man windsurfs near the beach', 'auto');
INSERT INTO Words ( sentence_id,word_ID ,word,pos)VALUES (1851, 1, 'A', 'DT'), (1851, 2, 'man', 'NN'), (1851, 3, 'windsurfs', 'VBZ'), (1851, 4, 'near', 'IN'), (1851, 5, 'the', 'DT'), (1851, 6, 'beach', 'NN');
INSERT INTO triples (sentence_id, predicate_id,relation,arg_start_id,arg_end_id,triple_type)VALUES (1851, 2, 'Property',3, 3, 'auto'), (1851, 2, 'Location',4, 6, 'auto');
INSERT INTO Sentences (sentence_id, sentence, sentence_type)VALUES (1852, 'A person is windsurfing in the water', 'auto');
INSERT INTO Words ( sentence_id,word_ID ,word,pos)VALUES (1852, 1, 'A', 'DT'), (1852, 2, 'person', 'NN'), (1852, 3, 'is', 'VBZ'), (1852, 4, 'windsurfing', 'VBG'), (1852, 5, 'in', 'IN'), (1852, 6, 'the', 'DT'), (1852, 7, 'water', 'NN');
INSERT INTO triples (sentence_id, predicate_id,relation,arg_start_id,arg_end_id,triple_type)VALUES (1852, 2, 'Location',5, 7, 'auto'), (1852, 4, 'Agent',2, 2, 'auto'), (1852, 4, 'Location',5, 7, 'auto');
INSERT INTO Sentences (sentence_id, sentence, sentence_type)VALUES (1853, 'A wind-surfer in near the beach', 'auto');
INSERT INTO Words ( sentence_id,word_ID ,word,pos)VALUES (1853, 1, 'A', 'DT'), (1853, 2, 'wind-surfer', 'NN'), (1853, 3, 'in', 'IN'), (1853, 4, 'near', 'IN'), (1853, 5, 'the', 'DT'), (1853, 6, 'beach', 'NN');
INSERT INTO Sentences (sentence_id, sentence, sentence_type)VALUES (1854, 'A skier doing a high jump from a snowy ramp near a mountain range', 'auto');
INSERT INTO Words ( sentence_id,word_ID ,word,pos)VALUES (1854, 1, 'A', 'DT'), (1854, 2, 'skier', 'NN'), (1854, 3, 'doing', 'VBG'), (1854, 4, 'a', 'DT'), (1854, 5, 'high', 'JJ'), (1854, 6, 'jump', 'NN'), (1854, 7, 'from', 'IN'), (1854, 8, 'a', 'DT'), (1854, 9, 'snowy', 'JJ'), (1854, 10, 'ramp', 'NN'), (1854, 11, 'near', 'IN'), (1854, 12, 'a', 'DT'), (1854, 13, 'mountain', 'NN'), (1854, 14, 'range', 'NN');
INSERT INTO triples (sentence_id, predicate_id,relation,arg_start_id,arg_end_id,triple_type)VALUES (1854, 3, 'Agent',2, 2, 'auto'), (1854, 3, 'Patient',4, 6, 'auto'), (1854, 3, 'Location',10, 10, 'auto'), (1854, 10, 'Location',11, 14, 'auto');
INSERT INTO Sentences (sentence_id, sentence, sentence_type)VALUES (1855, 'A ski jumper enjoys winter fun', 'auto');
INSERT INTO Words ( sentence_id,word_ID ,word,pos)VALUES (1855, 1, 'A', 'DT'), (1855, 2, 'ski', 'NN'), (1855, 3, 'jumper', 'NN'), (1855, 4, 'enjoys', 'VBZ'), (1855, 5, 'winter', 'NN'), (1855, 6, 'fun', 'NN');
INSERT INTO triples (sentence_id, predicate_id,relation,arg_start_id,arg_end_id,triple_type)VALUES (1855, 4, 'Agent',3, 3, 'auto'), (1855, 4, 'Patient',5, 6, 'auto');
INSERT INTO Sentences (sentence_id, sentence, sentence_type)VALUES (1856, 'A snowboarder flies off of a jump which is next to a big red atomic sign', 'auto');
INSERT INTO Words ( sentence_id,word_ID ,word,pos)VALUES (1856, 1, 'A', 'DT'), (1856, 2, 'snowboarder', 'NN'), (1856, 3, 'flies', 'VBZ'), (1856, 4, 'off', 'IN'), (1856, 5, 'of', 'IN'), (1856, 6, 'a', 'DT'), (1856, 7, 'jump', 'NN'), (1856, 8, 'which', 'WDT'), (1856, 9, 'is', 'VBZ'), (1856, 10, 'next', 'JJ'), (1856, 11, 'to', 'TO'), (1856, 12, 'a', 'DT'), (1856, 13, 'big', 'JJ'), (1856, 14, 'red', 'JJ'), (1856, 15, 'atomic', 'JJ'), (1856, 16, 'sign', 'NN');
INSERT INTO triples (sentence_id, predicate_id,relation,arg_start_id,arg_end_id,triple_type)VALUES (1856, 3, 'Agent',2, 2, 'auto'), (1856, 3, 'Source',4, 7, 'auto'), (1856, 9, 'Patient',1, 2, 'auto'), (1856, 9, 'Location',10, 16, 'auto');
INSERT INTO Sentences (sentence_id, sentence, sentence_type)VALUES (1857, 'a snowboarder is up in the air having taken off from a big jump in a tournament', 'auto');
INSERT INTO Words ( sentence_id,word_ID ,word,pos)VALUES (1857, 1, 'a', 'DT'), (1857, 2, 'snowboarder', 'NN'), (1857, 3, 'is', 'VBZ'), (1857, 4, 'up', 'RB'), (1857, 5, 'in', 'IN'), (1857, 6, 'the', 'DT'), (1857, 7, 'air', 'NN'), (1857, 8, 'having', 'VBG'), (1857, 9, 'taken', 'VBN'), (1857, 10, 'off', 'RP'), (1857, 11, 'from', 'IN'), (1857, 12, 'a', 'DT'), (1857, 13, 'big', 'JJ'), (1857, 14, 'jump', 'NN'), (1857, 15, 'in', 'IN'), (1857, 16, 'a', 'DT'), (1857, 17, 'tournament', 'NN');
INSERT INTO triples (sentence_id, predicate_id,relation,arg_start_id,arg_end_id,triple_type)VALUES (1857, 9, 'Patient',2, 2, 'auto'), (1857, 9, 'Source',10, 14, 'auto'), (1857, 9, 'Location',15, 17, 'auto');
INSERT INTO Sentences (sentence_id, sentence, sentence_type)VALUES (1858, 'A snowboarder jumps off a large ramp in the mountains', 'auto');
INSERT INTO Words ( sentence_id,word_ID ,word,pos)VALUES (1858, 1, 'A', 'DT'), (1858, 2, 'snowboarder', 'NN'), (1858, 3, 'jumps', 'VBZ'), (1858, 4, 'off', 'RP'), (1858, 5, 'a', 'DT'), (1858, 6, 'large', 'JJ'), (1858, 7, 'ramp', 'NN'), (1858, 8, 'in', 'IN'), (1858, 9, 'the', 'DT'), (1858, 10, 'mountains', 'NNS');
INSERT INTO triples (sentence_id, predicate_id,relation,arg_start_id,arg_end_id,triple_type)VALUES (1858, 3, 'Agent',2, 2, 'auto'), (1858, 3, 'Source',4, 7, 'auto'), (1858, 3, 'Location',9, 10, 'auto'), (1858, 7, 'Location',8, 10, 'auto');
INSERT INTO Sentences (sentence_id, sentence, sentence_type)VALUES (1859, 'A guy on a skateboard is doing a stunt at night', 'auto');
INSERT INTO Words ( sentence_id,word_ID ,word,pos)VALUES (1859, 1, 'A', 'DT'), (1859, 2, 'guy', 'NN'), (1859, 3, 'on', 'IN'), (1859, 4, 'a', 'DT'), (1859, 5, 'skateboard', 'NN'), (1859, 6, 'is', 'VBZ'), (1859, 7, 'doing', 'VBG'), (1859, 8, 'a', 'DT'), (1859, 9, 'stunt', 'NN'), (1859, 10, 'at', 'IN'), (1859, 11, 'night', 'NN');
INSERT INTO triples (sentence_id, predicate_id,relation,arg_start_id,arg_end_id,triple_type)VALUES (1859, 2, 'Location',4, 5, 'auto'), (1859, 7, 'Agent',2, 2, 'auto'), (1859, 7, 'Patient',8, 9, 'auto'), (1859, 7, 'Time',10, 11, 'auto');
INSERT INTO Sentences (sentence_id, sentence, sentence_type)VALUES (1860, 'A man wearing green jumps with his skateboard in the street', 'auto');
INSERT INTO Words ( sentence_id,word_ID ,word,pos)VALUES (1860, 1, 'A', 'DT'), (1860, 2, 'man', 'NN'), (1860, 3, 'wearing', 'VBG'), (1860, 4, 'green', 'JJ'), (1860, 5, 'jumps', 'NNS'), (1860, 6, 'with', 'IN'), (1860, 7, 'his', 'PRP$'), (1860, 8, 'skateboard', 'NN'), (1860, 9, 'in', 'IN'), (1860, 10, 'the', 'DT'), (1860, 11, 'street', 'NN');
INSERT INTO triples (sentence_id, predicate_id,relation,arg_start_id,arg_end_id,triple_type)VALUES (1860, 2, 'Property',4, 8, 'auto'), (1860, 2, 'Location',9, 11, 'auto'), (1860, 3, 'Agent',2, 2, 'auto'), (1860, 3, 'Patient',4, 4, 'auto'), (1860, 3, 'Location',9, 11, 'auto'), (1860, 8, 'Location',9, 11, 'auto');
INSERT INTO Sentences (sentence_id, sentence, sentence_type)VALUES (1861, 'A skateboarder jumping a traffic cone', 'auto');
INSERT INTO Words ( sentence_id,word_ID ,word,pos)VALUES (1861, 1, 'A', 'DT'), (1861, 2, 'skateboarder', 'NN'), (1861, 3, 'jumping', 'VBG'), (1861, 4, 'a', 'DT'), (1861, 5, 'traffic', 'NN'), (1861, 6, 'cone', 'NN');
INSERT INTO triples (sentence_id, predicate_id,relation,arg_start_id,arg_end_id,triple_type)VALUES (1861, 2, 'Location',3, 6, 'auto'), (1861, 3, 'Agent',2, 2, 'auto'), (1861, 3, 'Patient',4, 6, 'auto');
INSERT INTO Sentences (sentence_id, sentence, sentence_type)VALUES (1862, 'A young man taking a jump on a skateboard', 'auto');
INSERT INTO Words ( sentence_id,word_ID ,word,pos)VALUES (1862, 1, 'A', 'DT'), (1862, 2, 'young', 'JJ'), (1862, 3, 'man', 'NN'), (1862, 4, 'taking', 'VBG'), (1862, 5, 'a', 'DT'), (1862, 6, 'jump', 'NN'), (1862, 7, 'on', 'IN'), (1862, 8, 'a', 'DT'), (1862, 9, 'skateboard', 'NN');
INSERT INTO triples (sentence_id, predicate_id,relation,arg_start_id,arg_end_id,triple_type)VALUES (1862, 3, 'Property',2, 2, 'auto'), (1862, 3, 'Location',8, 9, 'auto'), (1862, 4, 'Agent',3, 3, 'auto'), (1862, 4, 'Patient',5, 6, 'auto'), (1862, 4, 'Instrument',7, 9, 'auto');
INSERT INTO Sentences (sentence_id, sentence, sentence_type)VALUES (1863, 'The skateboarder does a jump near a traffic cone', 'auto');
INSERT INTO Words ( sentence_id,word_ID ,word,pos)VALUES (1863, 1, 'The', 'DT'), (1863, 2, 'skateboarder', 'NN'), (1863, 3, 'does', 'VBZ'), (1863, 4, 'a', 'DT'), (1863, 5, 'jump', 'NN'), (1863, 6, 'near', 'IN'), (1863, 7, 'a', 'DT'), (1863, 8, 'traffic', 'NN'), (1863, 9, 'cone', 'NN');
INSERT INTO triples (sentence_id, predicate_id,relation,arg_start_id,arg_end_id,triple_type)VALUES (1863, 2, 'Location',6, 9, 'auto'), (1863, 3, 'Agent',2, 2, 'auto'), (1863, 3, 'Patient',4, 5, 'auto'), (1863, 3, 'Location',6, 9, 'auto');
INSERT INTO Sentences (sentence_id, sentence, sentence_type)VALUES (1864, 'A man riding a motorcycle down the sidewalk', 'auto');
INSERT INTO Words ( sentence_id,word_ID ,word,pos)VALUES (1864, 1, 'A', 'DT'), (1864, 2, 'man', 'NN'), (1864, 3, 'riding', 'VBG'), (1864, 4, 'a', 'DT'), (1864, 5, 'motorcycle', 'NN'), (1864, 6, 'down', 'IN'), (1864, 7, 'the', 'DT'), (1864, 8, 'sidewalk', 'NN');
INSERT INTO triples (sentence_id, predicate_id,relation,arg_start_id,arg_end_id,triple_type)VALUES (1864, 2, 'Location',6, 8, 'auto'), (1864, 3, 'Agent',2, 2, 'auto'), (1864, 3, 'Patient',4, 5, 'auto'), (1864, 3, 'Location',6, 8, 'auto'), (1864, 5, 'Location',8, 8, 'auto');
INSERT INTO Sentences (sentence_id, sentence, sentence_type)VALUES (1865, 'A person rides a moped while women sit on a bench surrounded by pigeons', 'auto');
INSERT INTO Words ( sentence_id,word_ID ,word,pos)VALUES (1865, 1, 'A', 'DT'), (1865, 2, 'person', 'NN'), (1865, 3, 'rides', 'VBZ'), (1865, 4, 'a', 'DT'), (1865, 5, 'moped', 'NN'), (1865, 6, 'while', 'IN'), (1865, 7, 'women', 'NNS'), (1865, 8, 'sit', 'VBP'), (1865, 9, 'on', 'IN'), (1865, 10, 'a', 'DT'), (1865, 11, 'bench', 'NN'), (1865, 12, 'surrounded', 'VBN'), (1865, 13, 'by', 'IN'), (1865, 14, 'pigeons', 'NNS');
INSERT INTO triples (sentence_id, predicate_id,relation,arg_start_id,arg_end_id,triple_type)VALUES (1865, 2, 'Property',4, 5, 'auto'), (1865, 3, 'Agent',2, 2, 'auto'), (1865, 3, 'Patient',4, 5, 'auto'), (1865, 7, 'Location',8, 14, 'auto'), (1865, 8, 'Agent',7, 7, 'auto'), (1865, 8, 'Location',11, 11, 'auto'), (1865, 12, 'Patient',11, 11, 'auto'), (1865, 12, 'Agent',13, 14, 'auto');
INSERT INTO Sentences (sentence_id, sentence, sentence_type)VALUES (1866, 'A street with pigeons , a motorcyclist and a woman on a bench', 'auto');
INSERT INTO Words ( sentence_id,word_ID ,word,pos)VALUES (1866, 1, 'A', 'DT'), (1866, 2, 'street', 'NN'), (1866, 3, 'with', 'IN'), (1866, 4, 'pigeons', 'NNS'), (1866, 5, ',', ','), (1866, 6, 'a', 'DT'), (1866, 7, 'motorcyclist', 'NN'), (1866, 8, 'and', 'CC'), (1866, 9, 'a', 'DT'), (1866, 10, 'woman', 'NN'), (1866, 11, 'on', 'IN'), (1866, 12, 'a', 'DT'), (1866, 13, 'bench', 'NN');
INSERT INTO triples (sentence_id, predicate_id,relation,arg_start_id,arg_end_id,triple_type)VALUES (1866, 2, 'Property',3, 4, 'auto'), (1866, 7, 'Property',8, 10, 'auto'), (1866, 7, 'Location',11, 13, 'auto'), (1866, 10, 'Location',11, 13, 'auto');
INSERT INTO Sentences (sentence_id, sentence, sentence_type)VALUES (1867, 'The birds are in the street', 'auto');
INSERT INTO Words ( sentence_id,word_ID ,word,pos)VALUES (1867, 1, 'The', 'DT'), (1867, 2, 'birds', 'NNS'), (1867, 3, 'are', 'VBP'), (1867, 4, 'in', 'IN'), (1867, 5, 'the', 'DT'), (1867, 6, 'street', 'NN');
INSERT INTO triples (sentence_id, predicate_id,relation,arg_start_id,arg_end_id,triple_type)VALUES (1867, 3, 'Patient',1, 2, 'auto'), (1867, 3, 'Location',4, 6, 'auto');
INSERT INTO Sentences (sentence_id, sentence, sentence_type)VALUES (1868, 'two woman eating at a table with a lot of pigeons on the street next to them', 'auto');
INSERT INTO Words ( sentence_id,word_ID ,word,pos)VALUES (1868, 1, 'two', 'CD'), (1868, 2, 'woman', 'NN'), (1868, 3, 'eating', 'VBG'), (1868, 4, 'at', 'IN'), (1868, 5, 'a', 'DT'), (1868, 6, 'table', 'NN'), (1868, 7, 'with', 'IN'), (1868, 8, 'a', 'DT'), (1868, 9, 'lot', 'NN'), (1868, 10, 'of', 'IN'), (1868, 11, 'pigeons', 'NNS'), (1868, 12, 'on', 'IN'), (1868, 13, 'the', 'DT'), (1868, 14, 'street', 'NN'), (1868, 15, 'next', 'JJ'), (1868, 16, 'to', 'TO'), (1868, 17, 'them', 'PRP');
INSERT INTO triples (sentence_id, predicate_id,relation,arg_start_id,arg_end_id,triple_type)VALUES (1868, 2, 'Location',5, 6, 'auto'), (1868, 3, 'Agent',2, 2, 'auto'), (1868, 3, 'Location',4, 6, 'auto'), (1868, 11, 'Property',8, 10, 'auto'), (1868, 11, 'Location',12, 14, 'auto');
INSERT INTO Sentences (sentence_id, sentence, sentence_type)VALUES (1869, 'A surfer rides the crashing waves while another follows behind', 'auto');
INSERT INTO Words ( sentence_id,word_ID ,word,pos)VALUES (1869, 1, 'A', 'DT'), (1869, 2, 'surfer', 'NN'), (1869, 3, 'rides', 'VBZ'), (1869, 4, 'the', 'DT'), (1869, 5, 'crashing', 'JJ'), (1869, 6, 'waves', 'NNS'), (1869, 7, 'while', 'IN'), (1869, 8, 'another', 'DT'), (1869, 9, 'follows', 'VBZ'), (1869, 10, 'behind', 'RP');
INSERT INTO triples (sentence_id, predicate_id,relation,arg_start_id,arg_end_id,triple_type)VALUES (1869, 2, 'Property',3, 6, 'auto'), (1869, 3, 'Agent',2, 2, 'auto'), (1869, 3, 'Patient',4, 6, 'auto'), (1869, 9, 'Patient',1, 2, 'auto'), (1869, 9, 'Agent',8, 8, 'auto'), (1869, 9, 'Location',10, 10, 'auto');
INSERT INTO Sentences (sentence_id, sentence, sentence_type)VALUES (1870, 'One man riding a surfboard and one man laying on a surfboard on light waves', 'auto');
INSERT INTO Words ( sentence_id,word_ID ,word,pos)VALUES (1870, 1, 'One', 'CD'), (1870, 2, 'man', 'NN'), (1870, 3, 'riding', 'VBG'), (1870, 4, 'a', 'DT'), (1870, 5, 'surfboard', 'NN'), (1870, 6, 'and', 'CC'), (1870, 7, 'one', 'CD'), (1870, 8, 'man', 'NN'), (1870, 9, 'laying', 'VBG'), (1870, 10, 'on', 'IN'), (1870, 11, 'a', 'DT'), (1870, 12, 'surfboard', 'NN'), (1870, 13, 'on', 'IN'), (1870, 14, 'light', 'JJ'), (1870, 15, 'waves', 'NNS');
INSERT INTO triples (sentence_id, predicate_id,relation,arg_start_id,arg_end_id,triple_type)VALUES (1870, 2, 'Property',3, 5, 'auto'), (1870, 3, 'Agent',2, 2, 'auto'), (1870, 3, 'Patient',4, 5, 'auto'), (1870, 8, 'Location',10, 15, 'auto'), (1870, 9, 'Agent',7, 8, 'auto'), (1870, 9, 'Location',10, 12, 'auto'), (1870, 12, 'Location',13, 15, 'auto');
INSERT INTO Sentences (sentence_id, sentence, sentence_type)VALUES (1871, 'two surfers are riding waves in open water', 'auto');
INSERT INTO Words ( sentence_id,word_ID ,word,pos)VALUES (1871, 1, 'two', 'CD'), (1871, 2, 'surfers', 'NNS'), (1871, 3, 'are', 'VBP'), (1871, 4, 'riding', 'VBG'), (1871, 5, 'waves', 'NNS'), (1871, 6, 'in', 'IN'), (1871, 7, 'open', 'JJ'), (1871, 8, 'water', 'NN');
INSERT INTO triples (sentence_id, predicate_id,relation,arg_start_id,arg_end_id,triple_type)VALUES (1871, 4, 'Agent',2, 2, 'auto'), (1871, 4, 'Patient',5, 5, 'auto'), (1871, 4, 'Location',6, 8, 'auto'), (1871, 8, 'Property',7, 7, 'auto');
INSERT INTO Sentences (sentence_id, sentence, sentence_type)VALUES (1872, 'Two surfers on riding a small wave', 'auto');
INSERT INTO Words ( sentence_id,word_ID ,word,pos)VALUES (1872, 1, 'Two', 'CD'), (1872, 2, 'surfers', 'NNS'), (1872, 3, 'on', 'IN'), (1872, 4, 'riding', 'VBG'), (1872, 5, 'a', 'DT'), (1872, 6, 'small', 'JJ'), (1872, 7, 'wave', 'NN');
INSERT INTO triples (sentence_id, predicate_id,relation,arg_start_id,arg_end_id,triple_type)VALUES (1872, 4, 'Agent',2, 2, 'auto'), (1872, 4, 'Patient',5, 7, 'auto');
INSERT INTO Sentences (sentence_id, sentence, sentence_type)VALUES (1873, 'Two surfers perform tricks in the waves', 'auto');
INSERT INTO Words ( sentence_id,word_ID ,word,pos)VALUES (1873, 1, 'Two', 'CD'), (1873, 2, 'surfers', 'NNS'), (1873, 3, 'perform', 'VBP'), (1873, 4, 'tricks', 'NNS'), (1873, 5, 'in', 'IN'), (1873, 6, 'the', 'DT'), (1873, 7, 'waves', 'NNS');
INSERT INTO triples (sentence_id, predicate_id,relation,arg_start_id,arg_end_id,triple_type)VALUES (1873, 3, 'Agent',2, 2, 'auto'), (1873, 3, 'Patient',4, 4, 'auto'), (1873, 3, 'Location',5, 7, 'auto');
INSERT INTO Sentences (sentence_id, sentence, sentence_type)VALUES (1874, 'A bicylist riding in the mountains', 'auto');
INSERT INTO Words ( sentence_id,word_ID ,word,pos)VALUES (1874, 1, 'A', 'DT'), (1874, 2, 'bicylist', 'NN'), (1874, 3, 'riding', 'VBG'), (1874, 4, 'in', 'IN'), (1874, 5, 'the', 'DT'), (1874, 6, 'mountains', 'NNS');
INSERT INTO triples (sentence_id, predicate_id,relation,arg_start_id,arg_end_id,triple_type)VALUES (1874, 3, 'Agent',2, 2, 'auto'), (1874, 3, 'Location',4, 6, 'auto');
INSERT INTO Sentences (sentence_id, sentence, sentence_type)VALUES (1875, 'A man jumping a dirt ramp on a bmx bike', 'auto');
INSERT INTO Words ( sentence_id,word_ID ,word,pos)VALUES (1875, 1, 'A', 'DT'), (1875, 2, 'man', 'NN'), (1875, 3, 'jumping', 'VBG'), (1875, 4, 'a', 'DT'), (1875, 5, 'dirt', 'NN'), (1875, 6, 'ramp', 'NN'), (1875, 7, 'on', 'IN'), (1875, 8, 'a', 'DT'), (1875, 9, 'bmx', 'NN'), (1875, 10, 'bike', 'NN');
INSERT INTO triples (sentence_id, predicate_id,relation,arg_start_id,arg_end_id,triple_type)VALUES (1875, 2, 'Location',3, 10, 'auto'), (1875, 3, 'Agent',2, 2, 'auto'), (1875, 3, 'Patient',4, 6, 'auto'), (1875, 3, 'Instrument',7, 10, 'auto'), (1875, 10, 'Property',9, 9, 'auto');
INSERT INTO Sentences (sentence_id, sentence, sentence_type)VALUES (1876, 'A man rides his bike over a bump on a dirt path', 'auto');
INSERT INTO Words ( sentence_id,word_ID ,word,pos)VALUES (1876, 1, 'A', 'DT'), (1876, 2, 'man', 'NN'), (1876, 3, 'rides', 'VBZ'), (1876, 4, 'his', 'PRP$'), (1876, 5, 'bike', 'NN'), (1876, 6, 'over', 'IN'), (1876, 7, 'a', 'DT'), (1876, 8, 'bump', 'NN'), (1876, 9, 'on', 'IN'), (1876, 10, 'a', 'DT'), (1876, 11, 'dirt', 'NN'), (1876, 12, 'path', 'NN');
INSERT INTO triples (sentence_id, predicate_id,relation,arg_start_id,arg_end_id,triple_type)VALUES (1876, 2, 'Property',4, 5, 'auto'), (1876, 2, 'Location',6, 12, 'auto'), (1876, 3, 'Agent',2, 2, 'auto'), (1876, 3, 'Patient',4, 5, 'auto'), (1876, 3, 'Location',6, 12, 'auto'), (1876, 5, 'Property',3, 4, 'auto'), (1876, 5, 'Location',6, 12, 'auto');
INSERT INTO Sentences (sentence_id, sentence, sentence_type)VALUES (1877, 'A mountain biker jumps a rock on a mountain', 'auto');
INSERT INTO Words ( sentence_id,word_ID ,word,pos)VALUES (1877, 1, 'A', 'DT'), (1877, 2, 'mountain', 'NN'), (1877, 3, 'biker', 'NN'), (1877, 4, 'jumps', 'VBZ'), (1877, 5, 'a', 'DT'), (1877, 6, 'rock', 'NN'), (1877, 7, 'on', 'IN'), (1877, 8, 'a', 'DT'), (1877, 9, 'mountain', 'NN');
INSERT INTO triples (sentence_id, predicate_id,relation,arg_start_id,arg_end_id,triple_type)VALUES (1877, 3, 'Property',1, 2, 'auto'), (1877, 3, 'Location',7, 9, 'auto'), (1877, 4, 'Agent',3, 3, 'auto'), (1877, 4, 'Patient',5, 6, 'auto'), (1877, 4, 'Location',7, 9, 'auto');
INSERT INTO Sentences (sentence_id, sentence, sentence_type)VALUES (1878, 'Man riding a mountain bike doing a jump in the air', 'auto');
INSERT INTO Words ( sentence_id,word_ID ,word,pos)VALUES (1878, 1, 'Man', 'NN'), (1878, 2, 'riding', 'VBG'), (1878, 3, 'a', 'DT'), (1878, 4, 'mountain', 'NN'), (1878, 5, 'bike', 'NN'), (1878, 6, 'doing', 'VBG'), (1878, 7, 'a', 'DT'), (1878, 8, 'jump', 'NN'), (1878, 9, 'in', 'IN'), (1878, 10, 'the', 'DT'), (1878, 11, 'air', 'NN');
INSERT INTO triples (sentence_id, predicate_id,relation,arg_start_id,arg_end_id,triple_type)VALUES (1878, 1, 'Property',2, 8, 'auto'), (1878, 1, 'Location',9, 11, 'auto'), (1878, 2, 'Agent',1, 1, 'auto'), (1878, 2, 'Patient',3, 5, 'auto'), (1878, 2, 'Location',11, 11, 'auto'), (1878, 5, 'Property',4, 4, 'auto'), (1878, 5, 'Location',9, 11, 'auto'), (1878, 6, 'Agent',1, 1, 'auto'), (1878, 6, 'Patient',8, 8, 'auto'), (1878, 6, 'Location',9, 11, 'auto');
INSERT INTO Sentences (sentence_id, sentence, sentence_type)VALUES (1879, 'A dirt biker is airborne in front of a crowd', 'auto');
INSERT INTO Words ( sentence_id,word_ID ,word,pos)VALUES (1879, 1, 'A', 'DT'), (1879, 2, 'dirt', 'NN'), (1879, 3, 'biker', 'NN'), (1879, 4, 'is', 'VBZ'), (1879, 5, 'airborne', 'JJ'), (1879, 6, 'in', 'IN'), (1879, 7, 'front', 'NN'), (1879, 8, 'of', 'IN'), (1879, 9, 'a', 'DT'), (1879, 10, 'crowd', 'NN');
INSERT INTO triples (sentence_id, predicate_id,relation,arg_start_id,arg_end_id,triple_type)VALUES (1879, 3, 'Property',1, 2, 'auto'), (1879, 4, 'Patient',1, 3, 'auto'), (1879, 4, 'Attribute',5, 5, 'auto'), (1879, 4, 'Location',6, 10, 'auto');
INSERT INTO Sentences (sentence_id, sentence, sentence_type)VALUES (1880, 'A motocross rider doing a jump in front of an audience', 'auto');
INSERT INTO Words ( sentence_id,word_ID ,word,pos)VALUES (1880, 1, 'A', 'DT'), (1880, 2, 'motocross', 'NN'), (1880, 3, 'rider', 'NN'), (1880, 4, 'doing', 'VBG'), (1880, 5, 'a', 'DT'), (1880, 6, 'jump', 'NN'), (1880, 7, 'in', 'IN'), (1880, 8, 'front', 'NN'), (1880, 9, 'of', 'IN'), (1880, 10, 'an', 'DT'), (1880, 11, 'audience', 'NN');
INSERT INTO triples (sentence_id, predicate_id,relation,arg_start_id,arg_end_id,triple_type)VALUES (1880, 3, 'Property',1, 2, 'auto'), (1880, 3, 'Location',7, 8, 'auto'), (1880, 4, 'Agent',3, 3, 'auto'), (1880, 4, 'Patient',5, 6, 'auto'), (1880, 4, 'Location',7, 8, 'auto');
INSERT INTO Sentences (sentence_id, sentence, sentence_type)VALUES (1881, 'Man on a motorcycle performing a trick high in the air', 'auto');
INSERT INTO Words ( sentence_id,word_ID ,word,pos)VALUES (1881, 1, 'Man', 'NN'), (1881, 2, 'on', 'IN'), (1881, 3, 'a', 'DT'), (1881, 4, 'motorcycle', 'NN'), (1881, 5, 'performing', 'VBG'), (1881, 6, 'a', 'DT'), (1881, 7, 'trick', 'NN'), (1881, 8, 'high', 'JJ'), (1881, 9, 'in', 'IN'), (1881, 10, 'the', 'DT'), (1881, 11, 'air', 'NN');
INSERT INTO triples (sentence_id, predicate_id,relation,arg_start_id,arg_end_id,triple_type)VALUES (1881, 1, 'Property',2, 7, 'auto'), (1881, 1, 'Location',9, 11, 'auto'), (1881, 4, 'Location',11, 11, 'auto'), (1881, 5, 'Agent',1, 1, 'auto'), (1881, 5, 'Patient',6, 8, 'auto'), (1881, 5, 'Location',11, 11, 'auto');
INSERT INTO Sentences (sentence_id, sentence, sentence_type)VALUES (1882, 'The motocross bike is doing a jump in the air in front of the crowd', 'auto');
INSERT INTO Words ( sentence_id,word_ID ,word,pos)VALUES (1882, 1, 'The', 'DT'), (1882, 2, 'motocross', 'NN'), (1882, 3, 'bike', 'NN'), (1882, 4, 'is', 'VBZ'), (1882, 5, 'doing', 'VBG'), (1882, 6, 'a', 'DT'), (1882, 7, 'jump', 'NN'), (1882, 8, 'in', 'IN'), (1882, 9, 'the', 'DT'), (1882, 10, 'air', 'NN'), (1882, 11, 'in', 'IN'), (1882, 12, 'front', 'NN'), (1882, 13, 'of', 'IN'), (1882, 14, 'the', 'DT'), (1882, 15, 'crowd', 'NN');
INSERT INTO triples (sentence_id, predicate_id,relation,arg_start_id,arg_end_id,triple_type)VALUES (1882, 3, 'Property',1, 2, 'auto'), (1882, 3, 'Location',6, 10, 'auto'), (1882, 5, 'Agent',3, 3, 'auto'), (1882, 5, 'Patient',7, 7, 'auto'), (1882, 5, 'Location',8, 12, 'auto');
INSERT INTO Sentences (sentence_id, sentence, sentence_type)VALUES (1883, 'The motocross rider does a trick in the air', 'auto');
INSERT INTO Words ( sentence_id,word_ID ,word,pos)VALUES (1883, 1, 'The', 'DT'), (1883, 2, 'motocross', 'NN'), (1883, 3, 'rider', 'NN'), (1883, 4, 'does', 'VBZ'), (1883, 5, 'a', 'DT'), (1883, 6, 'trick', 'NN'), (1883, 7, 'in', 'IN'), (1883, 8, 'the', 'DT'), (1883, 9, 'air', 'NN');
INSERT INTO triples (sentence_id, predicate_id,relation,arg_start_id,arg_end_id,triple_type)VALUES (1883, 3, 'Property',1, 2, 'auto'), (1883, 3, 'Location',9, 9, 'auto'), (1883, 4, 'Agent',3, 3, 'auto'), (1883, 4, 'Patient',5, 6, 'auto'), (1883, 4, 'Location',9, 9, 'auto');
INSERT INTO Sentences (sentence_id, sentence, sentence_type)VALUES (1884, 'A bunch of bikes racing on a track', 'auto');
INSERT INTO Words ( sentence_id,word_ID ,word,pos)VALUES (1884, 1, 'A', 'DT'), (1884, 2, 'bunch', 'NN'), (1884, 3, 'of', 'IN'), (1884, 4, 'bikes', 'NNS'), (1884, 5, 'racing', 'VBG'), (1884, 6, 'on', 'IN'), (1884, 7, 'a', 'DT'), (1884, 8, 'track', 'NN');
INSERT INTO triples (sentence_id, predicate_id,relation,arg_start_id,arg_end_id,triple_type)VALUES (1884, 5, 'Agent',2, 2, 'auto'), (1884, 5, 'Location',6, 8, 'auto');
INSERT INTO Sentences (sentence_id, sentence, sentence_type)VALUES (1885, 'A group of men on motorcycles round the corner on a racetrack', 'auto');
INSERT INTO Words ( sentence_id,word_ID ,word,pos)VALUES (1885, 1, 'A', 'DT'), (1885, 2, 'group', 'NN'), (1885, 3, 'of', 'IN'), (1885, 4, 'men', 'NNS'), (1885, 5, 'on', 'IN'), (1885, 6, 'motorcycles', 'NNS'), (1885, 7, 'round', 'VBP'), (1885, 8, 'the', 'DT'), (1885, 9, 'corner', 'NN'), (1885, 10, 'on', 'IN'), (1885, 11, 'a', 'DT'), (1885, 12, 'racetrack', 'NN');
INSERT INTO Sentences (sentence_id, sentence, sentence_type)VALUES (1886, 'A group of motorcyclists in a race', 'auto');
INSERT INTO Words ( sentence_id,word_ID ,word,pos)VALUES (1886, 1, 'A', 'DT'), (1886, 2, 'group', 'NN'), (1886, 3, 'of', 'IN'), (1886, 4, 'motorcyclists', 'NNS'), (1886, 5, 'in', 'IN'), (1886, 6, 'a', 'DT'), (1886, 7, 'race', 'NN');
INSERT INTO triples (sentence_id, predicate_id,relation,arg_start_id,arg_end_id,triple_type)VALUES (1886, 4, 'Location',5, 7, 'auto');
INSERT INTO Sentences (sentence_id, sentence, sentence_type)VALUES (1887, 'A motorcycle race on a race track', 'auto');
INSERT INTO Words ( sentence_id,word_ID ,word,pos)VALUES (1887, 1, 'A', 'DT'), (1887, 2, 'motorcycle', 'NN'), (1887, 3, 'race', 'NN'), (1887, 4, 'on', 'IN'), (1887, 5, 'a', 'DT'), (1887, 6, 'race', 'NN'), (1887, 7, 'track', 'NN');
INSERT INTO triples (sentence_id, predicate_id,relation,arg_start_id,arg_end_id,triple_type)VALUES (1887, 2, 'Location',4, 7, 'auto');
INSERT INTO Sentences (sentence_id, sentence, sentence_type)VALUES (1888, 'Numbered motorcycles round the turn on a racetrack with billboards in the background', 'auto');
INSERT INTO Words ( sentence_id,word_ID ,word,pos)VALUES (1888, 1, 'Numbered', 'VBN'), (1888, 2, 'motorcycles', 'NNS'), (1888, 3, 'round', 'VBP'), (1888, 4, 'the', 'DT'), (1888, 5, 'turn', 'NN'), (1888, 6, 'on', 'IN'), (1888, 7, 'a', 'DT'), (1888, 8, 'racetrack', 'NN'), (1888, 9, 'with', 'IN'), (1888, 10, 'billboards', 'NNS'), (1888, 11, 'in', 'IN'), (1888, 12, 'the', 'DT'), (1888, 13, 'background', 'NN');
INSERT INTO triples (sentence_id, predicate_id,relation,arg_start_id,arg_end_id,triple_type)VALUES (1888, 1, 'Patient',2, 2, 'auto'), (1888, 3, 'Agent',2, 2, 'auto'), (1888, 3, 'Patient',4, 5, 'auto'), (1888, 3, 'Location',6, 8, 'auto');
INSERT INTO Sentences (sentence_id, sentence, sentence_type)VALUES (1889, 'a lone parasurfer surfing a huge wave in the ocean', 'auto');
INSERT INTO Words ( sentence_id,word_ID ,word,pos)VALUES (1889, 1, 'a', 'DT'), (1889, 2, 'lone', 'JJ'), (1889, 3, 'parasurfer', 'NN'), (1889, 4, 'surfing', 'VBG'), (1889, 5, 'a', 'DT'), (1889, 6, 'huge', 'JJ'), (1889, 7, 'wave', 'NN'), (1889, 8, 'in', 'IN'), (1889, 9, 'the', 'DT'), (1889, 10, 'ocean', 'NN');
INSERT INTO triples (sentence_id, predicate_id,relation,arg_start_id,arg_end_id,triple_type)VALUES (1889, 4, 'Agent',3, 3, 'auto'), (1889, 4, 'Patient',5, 7, 'auto'), (1889, 4, 'Location',8, 10, 'auto');
INSERT INTO Sentences (sentence_id, sentence, sentence_type)VALUES (1890, 'A man para surfs in the ocean', 'auto');
INSERT INTO Words ( sentence_id,word_ID ,word,pos)VALUES (1890, 1, 'A', 'DT'), (1890, 2, 'man', 'NN'), (1890, 3, 'para', 'NN'), (1890, 4, 'surfs', 'VBZ'), (1890, 5, 'in', 'IN'), (1890, 6, 'the', 'DT'), (1890, 7, 'ocean', 'NN');
INSERT INTO triples (sentence_id, predicate_id,relation,arg_start_id,arg_end_id,triple_type)VALUES (1890, 2, 'Location',5, 7, 'auto'), (1890, 4, 'Agent',2, 2, 'auto'), (1890, 4, 'Location',5, 7, 'auto');
INSERT INTO Sentences (sentence_id, sentence, sentence_type)VALUES (1891, 'A person in a green jacket it surfing while holding on to a line', 'auto');
INSERT INTO Words ( sentence_id,word_ID ,word,pos)VALUES (1891, 1, 'A', 'DT'), (1891, 2, 'person', 'NN'), (1891, 3, 'in', 'IN'), (1891, 4, 'a', 'DT'), (1891, 5, 'green', 'JJ'), (1891, 6, 'jacket', 'NN'), (1891, 7, 'it', 'PRP'), (1891, 8, 'surfing', 'VBG'), (1891, 9, 'while', 'IN'), (1891, 10, 'holding', 'VBG'), (1891, 11, 'on', 'IN'), (1891, 12, 'to', 'TO'), (1891, 13, 'a', 'DT'), (1891, 14, 'line', 'NN');
INSERT INTO triples (sentence_id, predicate_id,relation,arg_start_id,arg_end_id,triple_type)VALUES (1891, 2, 'Property',3, 6, 'auto'), (1891, 2, 'Location',13, 14, 'auto'), (1891, 8, 'Agent',2, 2, 'auto'), (1891, 10, 'Agent',2, 2, 'auto'), (1891, 10, 'Location',13, 14, 'auto');
INSERT INTO Sentences (sentence_id, sentence, sentence_type)VALUES (1892, 'A person in green surfing a wave', 'auto');
INSERT INTO Words ( sentence_id,word_ID ,word,pos)VALUES (1892, 1, 'A', 'DT'), (1892, 2, 'person', 'NN'), (1892, 3, 'in', 'IN'), (1892, 4, 'green', 'JJ'), (1892, 5, 'surfing', 'VBG'), (1892, 6, 'a', 'DT'), (1892, 7, 'wave', 'NN');
INSERT INTO triples (sentence_id, predicate_id,relation,arg_start_id,arg_end_id,triple_type)VALUES (1892, 2, 'Property',3, 4, 'auto'), (1892, 2, 'Location',7, 7, 'auto'), (1892, 5, 'Agent',2, 2, 'auto'), (1892, 5, 'Patient',6, 7, 'auto');
INSERT INTO Sentences (sentence_id, sentence, sentence_type)VALUES (1893, 'A person on a surfboard in the waves , holding onto a tether', 'auto');
INSERT INTO Words ( sentence_id,word_ID ,word,pos)VALUES (1893, 1, 'A', 'DT'), (1893, 2, 'person', 'NN'), (1893, 3, 'on', 'IN'), (1893, 4, 'a', 'DT'), (1893, 5, 'surfboard', 'NN'), (1893, 6, 'in', 'IN'), (1893, 7, 'the', 'DT'), (1893, 8, 'waves', 'NNS'), (1893, 9, ',', ','), (1893, 10, 'holding', 'VBG'), (1893, 11, 'onto', 'IN'), (1893, 12, 'a', 'DT'), (1893, 13, 'tether', 'NN');
INSERT INTO triples (sentence_id, predicate_id,relation,arg_start_id,arg_end_id,triple_type)VALUES (1893, 2, 'Location',3, 8, 'auto'), (1893, 2, 'Property',10, 11, 'auto'), (1893, 5, 'Location',6, 8, 'auto'), (1893, 10, 'Patient',2, 2, 'auto'), (1893, 10, 'Location',5, 8, 'auto'), (1893, 10, 'Instrument',12, 13, 'auto');
INSERT INTO Sentences (sentence_id, sentence, sentence_type)VALUES (1894, 'a lone surfer riding a huge wave', 'auto');
INSERT INTO Words ( sentence_id,word_ID ,word,pos)VALUES (1894, 1, 'a', 'DT'), (1894, 2, 'lone', 'JJ'), (1894, 3, 'surfer', 'NN'), (1894, 4, 'riding', 'VBG'), (1894, 5, 'a', 'DT'), (1894, 6, 'huge', 'JJ'), (1894, 7, 'wave', 'NN');
INSERT INTO triples (sentence_id, predicate_id,relation,arg_start_id,arg_end_id,triple_type)VALUES (1894, 3, 'Property',1, 2, 'auto'), (1894, 4, 'Agent',3, 3, 'auto'), (1894, 4, 'Patient',5, 7, 'auto');
INSERT INTO Sentences (sentence_id, sentence, sentence_type)VALUES (1895, 'A person riding a surfboard comes up over a large wave', 'auto');
INSERT INTO Words ( sentence_id,word_ID ,word,pos)VALUES (1895, 1, 'A', 'DT'), (1895, 2, 'person', 'NN'), (1895, 3, 'riding', 'VBG'), (1895, 4, 'a', 'DT'), (1895, 5, 'surfboard', 'NN'), (1895, 6, 'comes', 'VBZ'), (1895, 7, 'up', 'RP'), (1895, 8, 'over', 'IN'), (1895, 9, 'a', 'DT'), (1895, 10, 'large', 'JJ'), (1895, 11, 'wave', 'NN');
INSERT INTO triples (sentence_id, predicate_id,relation,arg_start_id,arg_end_id,triple_type)VALUES (1895, 2, 'Location',8, 11, 'auto'), (1895, 3, 'Agent',2, 2, 'auto'), (1895, 3, 'Patient',4, 5, 'auto'), (1895, 3, 'Location',11, 11, 'auto'), (1895, 5, 'Location',6, 11, 'auto'), (1895, 6, 'Agent',2, 2, 'auto'), (1895, 6, 'Destination',7, 7, 'auto'), (1895, 6, 'Location',8, 11, 'auto');
INSERT INTO Sentences (sentence_id, sentence, sentence_type)VALUES (1896, 'A surfer flips his board so it is perpendicular to the ocean', 'auto');
INSERT INTO Words ( sentence_id,word_ID ,word,pos)VALUES (1896, 1, 'A', 'DT'), (1896, 2, 'surfer', 'NN'), (1896, 3, 'flips', 'VBZ'), (1896, 4, 'his', 'PRP$'), (1896, 5, 'board', 'NN'), (1896, 6, 'so', 'IN'), (1896, 7, 'it', 'PRP'), (1896, 8, 'is', 'VBZ'), (1896, 9, 'perpendicular', 'JJ'), (1896, 10, 'to', 'TO'), (1896, 11, 'the', 'DT'), (1896, 12, 'ocean', 'NN');
INSERT INTO triples (sentence_id, predicate_id,relation,arg_start_id,arg_end_id,triple_type)VALUES (1896, 2, 'Property',3, 9, 'auto'), (1896, 2, 'Location',10, 12, 'auto'), (1896, 3, 'Agent',2, 2, 'auto'), (1896, 3, 'Patient',4, 5, 'auto'), (1896, 3, 'Location',12, 12, 'auto'), (1896, 8, 'Patient',7, 7, 'auto'), (1896, 8, 'Attribute',9, 9, 'auto'), (1896, 8, 'Location',12, 12, 'auto');
INSERT INTO Sentences (sentence_id, sentence, sentence_type)VALUES (1897, 'A surfer is performing a jumping stunt in the ocean', 'auto');
INSERT INTO Words ( sentence_id,word_ID ,word,pos)VALUES (1897, 1, 'A', 'DT'), (1897, 2, 'surfer', 'NN'), (1897, 3, 'is', 'VBZ'), (1897, 4, 'performing', 'VBG'), (1897, 5, 'a', 'DT'), (1897, 6, 'jumping', 'VBG'), (1897, 7, 'stunt', 'NN'), (1897, 8, 'in', 'IN'), (1897, 9, 'the', 'DT'), (1897, 10, 'ocean', 'NN');
INSERT INTO triples (sentence_id, predicate_id,relation,arg_start_id,arg_end_id,triple_type)VALUES (1897, 2, 'Property',3, 7, 'auto'), (1897, 2, 'Location',8, 10, 'auto'), (1897, 4, 'Agent',2, 2, 'auto'), (1897, 4, 'Patient',6, 7, 'auto'), (1897, 4, 'Location',8, 10, 'auto'), (1897, 6, 'Agent',2, 2, 'auto'), (1897, 6, 'Patient',7, 7, 'auto'), (1897, 6, 'Location',10, 10, 'auto');
INSERT INTO Sentences (sentence_id, sentence, sentence_type)VALUES (1898, 'The surfer makes a reentry move on a wave', 'auto');
INSERT INTO Words ( sentence_id,word_ID ,word,pos)VALUES (1898, 1, 'The', 'DT'), (1898, 2, 'surfer', 'NN'), (1898, 3, 'makes', 'VBZ'), (1898, 4, 'a', 'DT'), (1898, 5, 'reentry', 'NN'), (1898, 6, 'move', 'NN'), (1898, 7, 'on', 'IN'), (1898, 8, 'a', 'DT'), (1898, 9, 'wave', 'NN');
INSERT INTO triples (sentence_id, predicate_id,relation,arg_start_id,arg_end_id,triple_type)VALUES (1898, 2, 'Property',3, 6, 'auto'), (1898, 2, 'Location',7, 9, 'auto'), (1898, 3, 'Agent',2, 2, 'auto'), (1898, 3, 'Patient',4, 6, 'auto'), (1898, 3, 'Location',7, 9, 'auto');
INSERT INTO Sentences (sentence_id, sentence, sentence_type)VALUES (1899, 'A bicycler does a trick in the air and his shadow is captured on the ceiling', 'auto');
INSERT INTO Words ( sentence_id,word_ID ,word,pos)VALUES (1899, 1, 'A', 'DT'), (1899, 2, 'bicycler', 'NN'), (1899, 3, 'does', 'VBZ'), (1899, 4, 'a', 'DT'), (1899, 5, 'trick', 'NN'), (1899, 6, 'in', 'IN'), (1899, 7, 'the', 'DT'), (1899, 8, 'air', 'NN'), (1899, 9, 'and', 'CC'), (1899, 10, 'his', 'PRP$'), (1899, 11, 'shadow', 'NN'), (1899, 12, 'is', 'VBZ'), (1899, 13, 'captured', 'VBN'), (1899, 14, 'on', 'IN'), (1899, 15, 'the', 'DT'), (1899, 16, 'ceiling', 'NN');
INSERT INTO triples (sentence_id, predicate_id,relation,arg_start_id,arg_end_id,triple_type)VALUES (1899, 3, 'Agent',2, 2, 'auto'), (1899, 3, 'Patient',4, 5, 'auto'), (1899, 3, 'Location',6, 8, 'auto'), (1899, 13, 'Source',9, 9, 'auto'), (1899, 13, 'Patient',11, 11, 'auto'), (1899, 13, 'Location',14, 16, 'auto');
INSERT INTO Sentences (sentence_id, sentence, sentence_type)VALUES (1900, 'A boy doing a trick in the air on his bicycle', 'auto');
INSERT INTO Words ( sentence_id,word_ID ,word,pos)VALUES (1900, 1, 'A', 'DT'), (1900, 2, 'boy', 'NN'), (1900, 3, 'doing', 'VBG'), (1900, 4, 'a', 'DT'), (1900, 5, 'trick', 'NN'), (1900, 6, 'in', 'IN'), (1900, 7, 'the', 'DT'), (1900, 8, 'air', 'NN'), (1900, 9, 'on', 'IN'), (1900, 10, 'his', 'PRP$'), (1900, 11, 'bicycle', 'NN');
INSERT INTO triples (sentence_id, predicate_id,relation,arg_start_id,arg_end_id,triple_type)VALUES (1900, 2, 'Location',6, 11, 'auto'), (1900, 3, 'Agent',2, 2, 'auto'), (1900, 3, 'Patient',4, 5, 'auto'), (1900, 3, 'Location',7, 8, 'auto'), (1900, 3, 'Instrument',10, 11, 'auto'), (1900, 11, 'Location',6, 9, 'auto'), (1900, 11, 'Property',10, 10, 'auto');
INSERT INTO Sentences (sentence_id, sentence, sentence_type)VALUES (1901, 'A man in a brown shirt and jeans is doing a trick on his bicycle', 'auto');
INSERT INTO Words ( sentence_id,word_ID ,word,pos)VALUES (1901, 1, 'A', 'DT'), (1901, 2, 'man', 'NN'), (1901, 3, 'in', 'IN'), (1901, 4, 'a', 'DT'), (1901, 5, 'brown', 'JJ'), (1901, 6, 'shirt', 'NN'), (1901, 7, 'and', 'CC'), (1901, 8, 'jeans', 'NNS'), (1901, 9, 'is', 'VBZ'), (1901, 10, 'doing', 'VBG'), (1901, 11, 'a', 'DT'), (1901, 12, 'trick', 'NN'), (1901, 13, 'on', 'IN'), (1901, 14, 'his', 'PRP$'), (1901, 15, 'bicycle', 'NN');
INSERT INTO triples (sentence_id, predicate_id,relation,arg_start_id,arg_end_id,triple_type)VALUES (1901, 2, 'Property',3, 8, 'auto'), (1901, 2, 'Location',15, 15, 'auto'), (1901, 10, 'Agent',2, 2, 'auto'), (1901, 10, 'Patient',12, 12, 'auto'), (1901, 10, 'Instrument',15, 15, 'auto'), (1901, 15, 'Property',14, 14, 'auto');
INSERT INTO Sentences (sentence_id, sentence, sentence_type)VALUES (1902, 'A man performing a bicycle trick inside in midair', 'auto');
INSERT INTO Words ( sentence_id,word_ID ,word,pos)VALUES (1902, 1, 'A', 'DT'), (1902, 2, 'man', 'NN'), (1902, 3, 'performing', 'VBG'), (1902, 4, 'a', 'DT'), (1902, 5, 'bicycle', 'NN'), (1902, 6, 'trick', 'NN'), (1902, 7, 'inside', 'IN'), (1902, 8, 'in', 'IN'), (1902, 9, 'midair', 'NN');
INSERT INTO triples (sentence_id, predicate_id,relation,arg_start_id,arg_end_id,triple_type)VALUES (1902, 2, 'Location',9, 9, 'auto'), (1902, 3, 'Agent',2, 2, 'auto'), (1902, 3, 'Patient',4, 6, 'auto'), (1902, 3, 'Location',9, 9, 'auto'), (1902, 5, 'Location',7, 9, 'auto');
INSERT INTO Sentences (sentence_id, sentence, sentence_type)VALUES (1903, 'The man is doing a trick on a bike in mid air', 'auto');
INSERT INTO Words ( sentence_id,word_ID ,word,pos)VALUES (1903, 1, 'The', 'DT'), (1903, 2, 'man', 'NN'), (1903, 3, 'is', 'VBZ'), (1903, 4, 'doing', 'VBG'), (1903, 5, 'a', 'DT'), (1903, 6, 'trick', 'NN'), (1903, 7, 'on', 'IN'), (1903, 8, 'a', 'DT'), (1903, 9, 'bike', 'NN'), (1903, 10, 'in', 'IN'), (1903, 11, 'mid', 'JJ'), (1903, 12, 'air', 'NN');
INSERT INTO triples (sentence_id, predicate_id,relation,arg_start_id,arg_end_id,triple_type)VALUES (1903, 2, 'Location',7, 12, 'auto'), (1903, 4, 'Agent',2, 2, 'auto'), (1903, 4, 'Patient',6, 6, 'auto'), (1903, 4, 'Instrument',7, 9, 'auto'), (1903, 4, 'Location',10, 12, 'auto'), (1903, 9, 'Location',12, 12, 'auto');
INSERT INTO Sentences (sentence_id, sentence, sentence_type)VALUES (1904, 'A man attempts to push another who is carrying a ball', 'auto');
INSERT INTO Words ( sentence_id,word_ID ,word,pos)VALUES (1904, 1, 'A', 'DT'), (1904, 2, 'man', 'NN'), (1904, 3, 'attempts', 'VBZ'), (1904, 4, 'to', 'TO'), (1904, 5, 'push', 'VB'), (1904, 6, 'another', 'DT'), (1904, 7, 'who', 'WP'), (1904, 8, 'is', 'VBZ'), (1904, 9, 'carrying', 'VBG'), (1904, 10, 'a', 'DT'), (1904, 11, 'ball', 'NN');
INSERT INTO triples (sentence_id, predicate_id,relation,arg_start_id,arg_end_id,triple_type)VALUES (1904, 2, 'Property',4, 6, 'auto'), (1904, 3, 'Agent',2, 2, 'auto'), (1904, 3, 'Beneficiary',4, 6, 'auto'), (1904, 5, 'Agent',2, 2, 'auto'), (1904, 5, 'Patient',6, 11, 'auto'), (1904, 9, 'Agent',6, 7, 'auto'), (1904, 9, 'Patient',11, 11, 'auto');
INSERT INTO Sentences (sentence_id, sentence, sentence_type)VALUES (1905, 'A soccer player prepares to tackle a player from the rival team', 'auto');
INSERT INTO Words ( sentence_id,word_ID ,word,pos)VALUES (1905, 1, 'A', 'DT'), (1905, 2, 'soccer', 'NN'), (1905, 3, 'player', 'NN'), (1905, 4, 'prepares', 'VBZ'), (1905, 5, 'to', 'TO'), (1905, 6, 'tackle', 'VB'), (1905, 7, 'a', 'DT'), (1905, 8, 'player', 'NN'), (1905, 9, 'from', 'IN'), (1905, 10, 'the', 'DT'), (1905, 11, 'rival', 'JJ'), (1905, 12, 'team', 'NN');
INSERT INTO triples (sentence_id, predicate_id,relation,arg_start_id,arg_end_id,triple_type)VALUES (1905, 3, 'Property',2, 2, 'auto'), (1905, 4, 'Agent',3, 3, 'auto'), (1905, 4, 'Beneficiary',5, 8, 'auto'), (1905, 6, 'Agent',3, 3, 'auto'), (1905, 6, 'Patient',7, 12, 'auto'), (1905, 8, 'Property',11, 12, 'auto');
INSERT INTO Sentences (sentence_id, sentence, sentence_type)VALUES (1906, 'A soccer player pushes another player as he catches the ball', 'auto');
INSERT INTO Words ( sentence_id,word_ID ,word,pos)VALUES (1906, 1, 'A', 'DT'), (1906, 2, 'soccer', 'NN'), (1906, 3, 'player', 'NN'), (1906, 4, 'pushes', 'VBZ'), (1906, 5, 'another', 'DT'), (1906, 6, 'player', 'NN'), (1906, 7, 'as', 'IN'), (1906, 8, 'he', 'PRP'), (1906, 9, 'catches', 'VBZ'), (1906, 10, 'the', 'DT'), (1906, 11, 'ball', 'NN');
INSERT INTO triples (sentence_id, predicate_id,relation,arg_start_id,arg_end_id,triple_type)VALUES (1906, 3, 'Property',2, 2, 'auto'), (1906, 4, 'Agent',3, 3, 'auto'), (1906, 4, 'Patient',5, 6, 'auto'), (1906, 9, 'Agent',8, 8, 'auto'), (1906, 9, 'Patient',11, 11, 'auto');
INSERT INTO Sentences (sentence_id, sentence, sentence_type)VALUES (1907, 'On rugby player holding a ball is getting hit from behind by another player', 'auto');
INSERT INTO Words ( sentence_id,word_ID ,word,pos)VALUES (1907, 1, 'On', 'IN'), (1907, 2, 'rugby', 'JJ'), (1907, 3, 'player', 'NN'), (1907, 4, 'holding', 'VBG'), (1907, 5, 'a', 'DT'), (1907, 6, 'ball', 'NN'), (1907, 7, 'is', 'VBZ'), (1907, 8, 'getting', 'VBG'), (1907, 9, 'hit', 'VBN'), (1907, 10, 'from', 'IN'), (1907, 11, 'behind', 'RB'), (1907, 12, 'by', 'IN'), (1907, 13, 'another', 'DT'), (1907, 14, 'player', 'NN');
INSERT INTO triples (sentence_id, predicate_id,relation,arg_start_id,arg_end_id,triple_type)VALUES (1907, 3, 'Property',1, 2, 'auto'), (1907, 4, 'Agent',3, 3, 'auto'), (1907, 4, 'Patient',6, 6, 'auto'), (1907, 9, 'Patient',2, 3, 'auto'), (1907, 9, 'Source',10, 11, 'auto'), (1907, 9, 'Agent',12, 14, 'auto');
INSERT INTO Sentences (sentence_id, sentence, sentence_type)VALUES (1908, 'Two players from different teams fighting for the white , red , and black ball', 'auto');
INSERT INTO Words ( sentence_id,word_ID ,word,pos)VALUES (1908, 1, 'Two', 'CD'), (1908, 2, 'players', 'NNS'), (1908, 3, 'from', 'IN'), (1908, 4, 'different', 'JJ'), (1908, 5, 'teams', 'NNS'), (1908, 6, 'fighting', 'VBG'), (1908, 7, 'for', 'IN'), (1908, 8, 'the', 'DT'), (1908, 9, 'white', 'JJ'), (1908, 10, ',', ','), (1908, 11, 'red', 'JJ'), (1908, 12, ',', ','), (1908, 13, 'and', 'CC'), (1908, 14, 'black', 'JJ'), (1908, 15, 'ball', 'NN');
INSERT INTO triples (sentence_id, predicate_id,relation,arg_start_id,arg_end_id,triple_type)VALUES (1908, 2, 'Property',3, 15, 'auto'), (1908, 6, 'Agent',2, 2, 'auto'), (1908, 6, 'Beneficiary',9, 15, 'auto'), (1908, 15, 'Property',8, 14, 'auto');
INSERT INTO Sentences (sentence_id, sentence, sentence_type)VALUES (1909, 'A person waving is hanging off a zip line', 'auto');
INSERT INTO Words ( sentence_id,word_ID ,word,pos)VALUES (1909, 1, 'A', 'DT'), (1909, 2, 'person', 'NN'), (1909, 3, 'waving', 'VBG'), (1909, 4, 'is', 'VBZ'), (1909, 5, 'hanging', 'VBG'), (1909, 6, 'off', 'RP'), (1909, 7, 'a', 'DT'), (1909, 8, 'zip', 'NN'), (1909, 9, 'line', 'NN');
INSERT INTO triples (sentence_id, predicate_id,relation,arg_start_id,arg_end_id,triple_type)VALUES (1909, 2, 'Property',3, 3, 'auto'), (1909, 2, 'Location',5, 9, 'auto'), (1909, 3, 'Agent',2, 2, 'auto'), (1909, 5, 'Agent',2, 2, 'auto'), (1909, 5, 'Instrument',6, 9, 'auto');
INSERT INTO Sentences (sentence_id, sentence, sentence_type)VALUES (1910, 'A woman harnessed to a cable by a pulley', 'auto');
INSERT INTO Words ( sentence_id,word_ID ,word,pos)VALUES (1910, 1, 'A', 'DT'), (1910, 2, 'woman', 'NN'), (1910, 3, 'harnessed', 'VBN'), (1910, 4, 'to', 'TO'), (1910, 5, 'a', 'DT'), (1910, 6, 'cable', 'NN'), (1910, 7, 'by', 'IN'), (1910, 8, 'a', 'DT'), (1910, 9, 'pulley', 'NN');
INSERT INTO triples (sentence_id, predicate_id,relation,arg_start_id,arg_end_id,triple_type)VALUES (1910, 2, 'Location',8, 9, 'auto'), (1910, 3, 'Patient',1, 2, 'auto'), (1910, 3, 'Destination',6, 6, 'auto'), (1910, 3, 'Instrument',9, 9, 'auto');
INSERT INTO Sentences (sentence_id, sentence, sentence_type)VALUES (1911, 'A woman on a harness hanging from a rope waves at the camera', 'auto');
INSERT INTO Words ( sentence_id,word_ID ,word,pos)VALUES (1911, 1, 'A', 'DT'), (1911, 2, 'woman', 'NN'), (1911, 3, 'on', 'IN'), (1911, 4, 'a', 'DT'), (1911, 5, 'harness', 'NN'), (1911, 6, 'hanging', 'VBG'), (1911, 7, 'from', 'IN'), (1911, 8, 'a', 'DT'), (1911, 9, 'rope', 'NN'), (1911, 10, 'waves', 'NNS'), (1911, 11, 'at', 'IN'), (1911, 12, 'the', 'DT'), (1911, 13, 'camera', 'NN');
INSERT INTO triples (sentence_id, predicate_id,relation,arg_start_id,arg_end_id,triple_type)VALUES (1911, 2, 'Property',8, 9, 'auto'), (1911, 2, 'Location',13, 13, 'auto'), (1911, 6, 'Agent',2, 2, 'auto'), (1911, 6, 'Instrument',7, 10, 'auto'), (1911, 9, 'Location',11, 13, 'auto');
INSERT INTO Sentences (sentence_id, sentence, sentence_type)VALUES (1912, 'A woman rapels through barren treetops', 'auto');
INSERT INTO Words ( sentence_id,word_ID ,word,pos)VALUES (1912, 1, 'A', 'DT'), (1912, 2, 'woman', 'NN'), (1912, 3, 'rapels', 'VBZ'), (1912, 4, 'through', 'IN'), (1912, 5, 'barren', 'JJ'), (1912, 6, 'treetops', 'NNS');
INSERT INTO triples (sentence_id, predicate_id,relation,arg_start_id,arg_end_id,triple_type)VALUES (1912, 2, 'Location',6, 6, 'auto');
INSERT INTO Sentences (sentence_id, sentence, sentence_type)VALUES (1913, 'A woman waves as she rides a zip line', 'auto');
INSERT INTO Words ( sentence_id,word_ID ,word,pos)VALUES (1913, 1, 'A', 'DT'), (1913, 2, 'woman', 'NN'), (1913, 3, 'waves', 'VBZ'), (1913, 4, 'as', 'IN'), (1913, 5, 'she', 'PRP'), (1913, 6, 'rides', 'VBZ'), (1913, 7, 'a', 'DT'), (1913, 8, 'zip', 'NN'), (1913, 9, 'line', 'NN');
INSERT INTO triples (sentence_id, predicate_id,relation,arg_start_id,arg_end_id,triple_type)VALUES (1913, 2, 'Property',3, 6, 'auto'), (1913, 2, 'Location',7, 9, 'auto'), (1913, 3, 'Agent',2, 2, 'auto'), (1913, 6, 'Agent',5, 5, 'auto'), (1913, 6, 'Patient',7, 9, 'auto');
INSERT INTO Sentences (sentence_id, sentence, sentence_type)VALUES (1914, 'A goalie blocking the goal with assistance from a teammate during a hockey game', 'auto');
INSERT INTO Words ( sentence_id,word_ID ,word,pos)VALUES (1914, 1, 'A', 'DT'), (1914, 2, 'goalie', 'NN'), (1914, 3, 'blocking', 'VBG'), (1914, 4, 'the', 'DT'), (1914, 5, 'goal', 'NN'), (1914, 6, 'with', 'IN'), (1914, 7, 'assistance', 'NN'), (1914, 8, 'from', 'IN'), (1914, 9, 'a', 'DT'), (1914, 10, 'teammate', 'NN'), (1914, 11, 'during', 'IN'), (1914, 12, 'a', 'DT'), (1914, 13, 'hockey', 'NN'), (1914, 14, 'game', 'NN');
INSERT INTO triples (sentence_id, predicate_id,relation,arg_start_id,arg_end_id,triple_type)VALUES (1914, 3, 'Agent',2, 2, 'auto'), (1914, 3, 'Patient',4, 6, 'auto'), (1914, 3, 'Location',13, 14, 'auto');
INSERT INTO Sentences (sentence_id, sentence, sentence_type)VALUES (1915, 'A hockey player tries to make a goal while the goalie and another player look on', 'auto');
INSERT INTO Words ( sentence_id,word_ID ,word,pos)VALUES (1915, 1, 'A', 'DT'), (1915, 2, 'hockey', 'NN'), (1915, 3, 'player', 'NN'), (1915, 4, 'tries', 'VBZ'), (1915, 5, 'to', 'TO'), (1915, 6, 'make', 'VB'), (1915, 7, 'a', 'DT'), (1915, 8, 'goal', 'NN'), (1915, 9, 'while', 'IN'), (1915, 10, 'the', 'DT'), (1915, 11, 'goalie', 'NN'), (1915, 12, 'and', 'CC'), (1915, 13, 'another', 'DT'), (1915, 14, 'player', 'NN'), (1915, 15, 'look', 'VBP'), (1915, 16, 'on', 'IN');
INSERT INTO triples (sentence_id, predicate_id,relation,arg_start_id,arg_end_id,triple_type)VALUES (1915, 3, 'Property',2, 2, 'auto'), (1915, 4, 'Agent',3, 3, 'auto'), (1915, 4, 'Beneficiary',5, 8, 'auto'), (1915, 6, 'Agent',3, 3, 'auto'), (1915, 6, 'Patient',7, 8, 'auto'), (1915, 15, 'Agent',11, 14, 'auto'), (1915, 15, 'Destination',16, 16, 'auto');
INSERT INTO Sentences (sentence_id, sentence, sentence_type)VALUES (1916, 'A hockey play shooting for a goal in a professional game', 'auto');
INSERT INTO Words ( sentence_id,word_ID ,word,pos)VALUES (1916, 1, 'A', 'DT'), (1916, 2, 'hockey', 'NN'), (1916, 3, 'play', 'NN'), (1916, 4, 'shooting', 'VBG'), (1916, 5, 'for', 'IN'), (1916, 6, 'a', 'DT'), (1916, 7, 'goal', 'NN'), (1916, 8, 'in', 'IN'), (1916, 9, 'a', 'DT'), (1916, 10, 'professional', 'JJ'), (1916, 11, 'game', 'NN');
INSERT INTO triples (sentence_id, predicate_id,relation,arg_start_id,arg_end_id,triple_type)VALUES (1916, 3, 'Property',2, 2, 'auto'), (1916, 3, 'Location',5, 11, 'auto'), (1916, 4, 'Agent',3, 3, 'auto'), (1916, 4, 'Beneficiary',5, 7, 'auto'), (1916, 4, 'Location',10, 11, 'auto');
INSERT INTO Sentences (sentence_id, sentence, sentence_type)VALUES (1917, 'Hockey players scramble in front of the goal', 'auto');
INSERT INTO Words ( sentence_id,word_ID ,word,pos)VALUES (1917, 1, 'Hockey', 'NN'), (1917, 2, 'players', 'NNS'), (1917, 3, 'scramble', 'VBP'), (1917, 4, 'in', 'IN'), (1917, 5, 'front', 'NN'), (1917, 6, 'of', 'IN'), (1917, 7, 'the', 'DT'), (1917, 8, 'goal', 'NN');
INSERT INTO Sentences (sentence_id, sentence, sentence_type)VALUES (1918, 'The goalie with the white jersey allowed a goal by the player on the red team', 'auto');
INSERT INTO Words ( sentence_id,word_ID ,word,pos)VALUES (1918, 1, 'The', 'DT'), (1918, 2, 'goalie', 'NN'), (1918, 3, 'with', 'IN'), (1918, 4, 'the', 'DT'), (1918, 5, 'white', 'JJ'), (1918, 6, 'jersey', 'NN'), (1918, 7, 'allowed', 'VBD'), (1918, 8, 'a', 'DT'), (1918, 9, 'goal', 'NN'), (1918, 10, 'by', 'IN'), (1918, 11, 'the', 'DT'), (1918, 12, 'player', 'NN'), (1918, 13, 'on', 'IN'), (1918, 14, 'the', 'DT'), (1918, 15, 'red', 'JJ'), (1918, 16, 'team', 'NN');
INSERT INTO triples (sentence_id, predicate_id,relation,arg_start_id,arg_end_id,triple_type)VALUES (1918, 2, 'Property',3, 6, 'auto'), (1918, 7, 'Agent',2, 2, 'auto'), (1918, 7, 'Patient',8, 9, 'auto'), (1918, 12, 'Property',13, 16, 'auto');
INSERT INTO Sentences (sentence_id, sentence, sentence_type)VALUES (1919, 'A man helps another man do a back flip in a yard', 'auto');
INSERT INTO Words ( sentence_id,word_ID ,word,pos)VALUES (1919, 1, 'A', 'DT'), (1919, 2, 'man', 'NN'), (1919, 3, 'helps', 'VBZ'), (1919, 4, 'another', 'DT'), (1919, 5, 'man', 'NN'), (1919, 6, 'do', 'VB'), (1919, 7, 'a', 'DT'), (1919, 8, 'back', 'RB'), (1919, 9, 'flip', 'JJ'), (1919, 10, 'in', 'IN'), (1919, 11, 'a', 'DT'), (1919, 12, 'yard', 'NN');
INSERT INTO triples (sentence_id, predicate_id,relation,arg_start_id,arg_end_id,triple_type)VALUES (1919, 2, 'Location',10, 12, 'auto'), (1919, 3, 'Agent',2, 2, 'auto'), (1919, 3, 'Patient',4, 5, 'auto'), (1919, 3, 'Beneficiary',8, 9, 'auto'), (1919, 5, 'Property',8, 9, 'auto'), (1919, 5, 'Location',10, 12, 'auto'), (1919, 6, 'Agent',4, 5, 'auto'), (1919, 6, 'Location',12, 12, 'auto');
INSERT INTO Sentences (sentence_id, sentence, sentence_type)VALUES (1920, 'A man in a green shirt attempts a back flip with the help of his friend', 'auto');
INSERT INTO Words ( sentence_id,word_ID ,word,pos)VALUES (1920, 1, 'A', 'DT'), (1920, 2, 'man', 'NN'), (1920, 3, 'in', 'IN'), (1920, 4, 'a', 'DT'), (1920, 5, 'green', 'JJ'), (1920, 6, 'shirt', 'NN'), (1920, 7, 'attempts', 'VBZ'), (1920, 8, 'a', 'DT'), (1920, 9, 'back', 'RB'), (1920, 10, 'flip', 'JJ'), (1920, 11, 'with', 'IN'), (1920, 12, 'the', 'DT'), (1920, 13, 'help', 'NN'), (1920, 14, 'of', 'IN'), (1920, 15, 'his', 'PRP$'), (1920, 16, 'friend', 'NN');
INSERT INTO triples (sentence_id, predicate_id,relation,arg_start_id,arg_end_id,triple_type)VALUES (1920, 2, 'Property',3, 6, 'auto'), (1920, 7, 'Agent',2, 2, 'auto'), (1920, 7, 'Patient',8, 10, 'auto'), (1920, 7, 'Instrument',11, 16, 'auto');
INSERT INTO Sentences (sentence_id, sentence, sentence_type)VALUES (1921, 'A man in a green shirt begins to jump over backwards as another helps him', 'auto');
INSERT INTO Words ( sentence_id,word_ID ,word,pos)VALUES (1921, 1, 'A', 'DT'), (1921, 2, 'man', 'NN'), (1921, 3, 'in', 'IN'), (1921, 4, 'a', 'DT'), (1921, 5, 'green', 'JJ'), (1921, 6, 'shirt', 'NN'), (1921, 7, 'begins', 'VBZ'), (1921, 8, 'to', 'TO'), (1921, 9, 'jump', 'VB'), (1921, 10, 'over', 'IN'), (1921, 11, 'backwards', 'RB'), (1921, 12, 'as', 'IN'), (1921, 13, 'another', 'DT'), (1921, 14, 'helps', 'VBZ'), (1921, 15, 'him', 'PRP');
INSERT INTO triples (sentence_id, predicate_id,relation,arg_start_id,arg_end_id,triple_type)VALUES (1921, 2, 'Property',3, 9, 'auto'), (1921, 7, 'Agent',2, 2, 'auto'), (1921, 7, 'Patient',8, 9, 'auto'), (1921, 7, 'Destination',10, 11, 'auto'), (1921, 9, 'Agent',2, 2, 'auto'), (1921, 9, 'Destination',10, 11, 'auto'), (1921, 14, 'Beneficiary',6, 11, 'auto'), (1921, 14, 'Agent',13, 13, 'auto'), (1921, 14, 'Patient',15, 15, 'auto');
INSERT INTO Sentences (sentence_id, sentence, sentence_type)VALUES (1922, 'One man helps another man start a back flip', 'auto');
INSERT INTO Words ( sentence_id,word_ID ,word,pos)VALUES (1922, 1, 'One', 'CD'), (1922, 2, 'man', 'NN'), (1922, 3, 'helps', 'VBZ'), (1922, 4, 'another', 'DT'), (1922, 5, 'man', 'NN'), (1922, 6, 'start', 'VB'), (1922, 7, 'a', 'DT'), (1922, 8, 'back', 'RB'), (1922, 9, 'flip', 'JJ');
INSERT INTO triples (sentence_id, predicate_id,relation,arg_start_id,arg_end_id,triple_type)VALUES (1922, 2, 'Property',3, 5, 'auto'), (1922, 3, 'Agent',2, 2, 'auto'), (1922, 3, 'Patient',4, 5, 'auto'), (1922, 3, 'Beneficiary',6, 9, 'auto'), (1922, 5, 'Property',6, 9, 'auto'), (1922, 6, 'Agent',4, 5, 'auto'), (1922, 6, 'Patient',8, 9, 'auto');
INSERT INTO Sentences (sentence_id, sentence, sentence_type)VALUES (1923, 'One man is helping another man with red shorts do a back flip in the yard', 'auto');
INSERT INTO Words ( sentence_id,word_ID ,word,pos)VALUES (1923, 1, 'One', 'CD'), (1923, 2, 'man', 'NN'), (1923, 3, 'is', 'VBZ'), (1923, 4, 'helping', 'VBG'), (1923, 5, 'another', 'DT'), (1923, 6, 'man', 'NN'), (1923, 7, 'with', 'IN'), (1923, 8, 'red', 'JJ'), (1923, 9, 'shorts', 'NNS'), (1923, 10, 'do', 'VBP'), (1923, 11, 'a', 'DT'), (1923, 12, 'back', 'RB'), (1923, 13, 'flip', 'JJ'), (1923, 14, 'in', 'IN'), (1923, 15, 'the', 'DT'), (1923, 16, 'yard', 'NN');
INSERT INTO triples (sentence_id, predicate_id,relation,arg_start_id,arg_end_id,triple_type)VALUES (1923, 2, 'Property',4, 6, 'auto'), (1923, 2, 'Location',14, 16, 'auto'), (1923, 4, 'Agent',2, 2, 'auto'), (1923, 4, 'Patient',5, 9, 'auto'), (1923, 4, 'Beneficiary',10, 13, 'auto'), (1923, 4, 'Location',14, 16, 'auto'), (1923, 6, 'Property',7, 8, 'auto'), (1923, 6, 'Location',14, 16, 'auto');
INSERT INTO Sentences (sentence_id, sentence, sentence_type)VALUES (1924, 'A man holds a microphone to his mouth , backlit by green lights', 'auto');
INSERT INTO Words ( sentence_id,word_ID ,word,pos)VALUES (1924, 1, 'A', 'DT'), (1924, 2, 'man', 'NN'), (1924, 3, 'holds', 'VBZ'), (1924, 4, 'a', 'DT'), (1924, 5, 'microphone', 'NN'), (1924, 6, 'to', 'TO'), (1924, 7, 'his', 'PRP$'), (1924, 8, 'mouth', 'NN'), (1924, 9, ',', ','), (1924, 10, 'backlit', 'JJ'), (1924, 11, 'by', 'IN'), (1924, 12, 'green', 'JJ'), (1924, 13, 'lights', 'NNS');
INSERT INTO triples (sentence_id, predicate_id,relation,arg_start_id,arg_end_id,triple_type)VALUES (1924, 2, 'Property',3, 13, 'auto'), (1924, 3, 'Agent',2, 2, 'auto'), (1924, 3, 'Patient',4, 5, 'auto'), (1924, 3, 'Instrument',6, 8, 'auto');
INSERT INTO Sentences (sentence_id, sentence, sentence_type)VALUES (1925, 'A man in a shirt sings into a microphone on stage', 'auto');
INSERT INTO Words ( sentence_id,word_ID ,word,pos)VALUES (1925, 1, 'A', 'DT'), (1925, 2, 'man', 'NN'), (1925, 3, 'in', 'IN'), (1925, 4, 'a', 'DT'), (1925, 5, 'shirt', 'NN'), (1925, 6, 'sings', 'VBZ'), (1925, 7, 'into', 'IN'), (1925, 8, 'a', 'DT'), (1925, 9, 'microphone', 'NN'), (1925, 10, 'on', 'IN'), (1925, 11, 'stage', 'NN');
INSERT INTO triples (sentence_id, predicate_id,relation,arg_start_id,arg_end_id,triple_type)VALUES (1925, 2, 'Property',3, 7, 'auto'), (1925, 2, 'Location',9, 9, 'auto'), (1925, 6, 'Patient',2, 2, 'auto'), (1925, 6, 'Beneficiary',7, 7, 'auto'), (1925, 6, 'Location',8, 9, 'auto');
INSERT INTO Sentences (sentence_id, sentence, sentence_type)VALUES (1926, 'A man sings into a microphone in front of a green light', 'auto');
INSERT INTO Words ( sentence_id,word_ID ,word,pos)VALUES (1926, 1, 'A', 'DT'), (1926, 2, 'man', 'NN'), (1926, 3, 'sings', 'VBZ'), (1926, 4, 'into', 'IN'), (1926, 5, 'a', 'DT'), (1926, 6, 'microphone', 'NN'), (1926, 7, 'in', 'IN'), (1926, 8, 'front', 'NN'), (1926, 9, 'of', 'IN'), (1926, 10, 'a', 'DT'), (1926, 11, 'green', 'JJ'), (1926, 12, 'light', 'NN');
INSERT INTO triples (sentence_id, predicate_id,relation,arg_start_id,arg_end_id,triple_type)VALUES (1926, 2, 'Property',3, 3, 'auto'), (1926, 2, 'Location',7, 12, 'auto'), (1926, 3, 'Agent',2, 2, 'auto'), (1926, 3, 'Instrument',6, 6, 'auto'), (1926, 3, 'Location',7, 12, 'auto');
INSERT INTO Sentences (sentence_id, sentence, sentence_type)VALUES (1927, 'A man with a microphone', 'auto');
INSERT INTO Words ( sentence_id,word_ID ,word,pos)VALUES (1927, 1, 'A', 'DT'), (1927, 2, 'man', 'NN'), (1927, 3, 'with', 'IN'), (1927, 4, 'a', 'DT'), (1927, 5, 'microphone', 'NN');
INSERT INTO triples (sentence_id, predicate_id,relation,arg_start_id,arg_end_id,triple_type)VALUES (1927, 2, 'Property',3, 5, 'auto');
INSERT INTO Sentences (sentence_id, sentence, sentence_type)VALUES (1928, 'A signer standing in green light', 'auto');
INSERT INTO Words ( sentence_id,word_ID ,word,pos)VALUES (1928, 1, 'A', 'DT'), (1928, 2, 'signer', 'NN'), (1928, 3, 'standing', 'VBG'), (1928, 4, 'in', 'IN'), (1928, 5, 'green', 'JJ'), (1928, 6, 'light', 'NN');
INSERT INTO triples (sentence_id, predicate_id,relation,arg_start_id,arg_end_id,triple_type)VALUES (1928, 3, 'Agent',2, 2, 'auto'), (1928, 3, 'Location',4, 6, 'auto');
INSERT INTO Sentences (sentence_id, sentence, sentence_type)VALUES (1929, 'a lone surfer surfing a large collapsing wave in the ocean', 'auto');
INSERT INTO Words ( sentence_id,word_ID ,word,pos)VALUES (1929, 1, 'a', 'DT'), (1929, 2, 'lone', 'JJ'), (1929, 3, 'surfer', 'NN'), (1929, 4, 'surfing', 'VBG'), (1929, 5, 'a', 'DT'), (1929, 6, 'large', 'JJ'), (1929, 7, 'collapsing', 'VBG'), (1929, 8, 'wave', 'NN'), (1929, 9, 'in', 'IN'), (1929, 10, 'the', 'DT'), (1929, 11, 'ocean', 'NN');
INSERT INTO triples (sentence_id, predicate_id,relation,arg_start_id,arg_end_id,triple_type)VALUES (1929, 3, 'Property',1, 2, 'auto'), (1929, 4, 'Agent',3, 3, 'auto'), (1929, 4, 'Patient',5, 8, 'auto'), (1929, 4, 'Location',9, 11, 'auto'), (1929, 7, 'Patient',8, 8, 'auto'), (1929, 7, 'Location',9, 11, 'auto');
INSERT INTO Sentences (sentence_id, sentence, sentence_type)VALUES (1930, 'A person is surfing under a large wave', 'auto');
INSERT INTO Words ( sentence_id,word_ID ,word,pos)VALUES (1930, 1, 'A', 'DT'), (1930, 2, 'person', 'NN'), (1930, 3, 'is', 'VBZ'), (1930, 4, 'surfing', 'VBG'), (1930, 5, 'under', 'IN'), (1930, 6, 'a', 'DT'), (1930, 7, 'large', 'JJ'), (1930, 8, 'wave', 'NN');
INSERT INTO triples (sentence_id, predicate_id,relation,arg_start_id,arg_end_id,triple_type)VALUES (1930, 2, 'Location',3, 8, 'auto'), (1930, 4, 'Agent',2, 2, 'auto'), (1930, 4, 'Location',5, 8, 'auto');
INSERT INTO Sentences (sentence_id, sentence, sentence_type)VALUES (1931, 'A person surfing through a crashing wave in the ocean', 'auto');
INSERT INTO Words ( sentence_id,word_ID ,word,pos)VALUES (1931, 1, 'A', 'DT'), (1931, 2, 'person', 'NN'), (1931, 3, 'surfing', 'VBG'), (1931, 4, 'through', 'IN'), (1931, 5, 'a', 'DT'), (1931, 6, 'crashing', 'VBG'), (1931, 7, 'wave', 'NN'), (1931, 8, 'in', 'IN'), (1931, 9, 'the', 'DT'), (1931, 10, 'ocean', 'NN');
INSERT INTO triples (sentence_id, predicate_id,relation,arg_start_id,arg_end_id,triple_type)VALUES (1931, 2, 'Location',3, 10, 'auto'), (1931, 3, 'Agent',2, 2, 'auto'), (1931, 3, 'Location',4, 10, 'auto'), (1931, 6, 'Patient',7, 7, 'auto'), (1931, 6, 'Location',8, 10, 'auto');
INSERT INTO Sentences (sentence_id, sentence, sentence_type)VALUES (1932, 'A surfer riding under a wave', 'auto');
INSERT INTO Words ( sentence_id,word_ID ,word,pos)VALUES (1932, 1, 'A', 'DT'), (1932, 2, 'surfer', 'NN'), (1932, 3, 'riding', 'VBG'), (1932, 4, 'under', 'IN'), (1932, 5, 'a', 'DT'), (1932, 6, 'wave', 'NN');
INSERT INTO triples (sentence_id, predicate_id,relation,arg_start_id,arg_end_id,triple_type)VALUES (1932, 2, 'Location',4, 6, 'auto'), (1932, 3, 'Agent',2, 2, 'auto'), (1932, 3, 'Location',4, 6, 'auto');
INSERT INTO Sentences (sentence_id, sentence, sentence_type)VALUES (1933, 'Water splashing up against something', 'auto');
INSERT INTO Words ( sentence_id,word_ID ,word,pos)VALUES (1933, 1, 'Water', 'NN'), (1933, 2, 'splashing', 'VBG'), (1933, 3, 'up', 'RP'), (1933, 4, 'against', 'IN'), (1933, 5, 'something', 'NN');
INSERT INTO triples (sentence_id, predicate_id,relation,arg_start_id,arg_end_id,triple_type)VALUES (1933, 1, 'Location',2, 5, 'auto'), (1933, 2, 'Patient',1, 1, 'auto'), (1933, 2, 'Location',3, 5, 'auto');
INSERT INTO Sentences (sentence_id, sentence, sentence_type)VALUES (1934, 'A boy is standing on a snowboard in front of a crowd', 'auto');
INSERT INTO Words ( sentence_id,word_ID ,word,pos)VALUES (1934, 1, 'A', 'DT'), (1934, 2, 'boy', 'NN'), (1934, 3, 'is', 'VBZ'), (1934, 4, 'standing', 'VBG'), (1934, 5, 'on', 'IN'), (1934, 6, 'a', 'DT'), (1934, 7, 'snowboard', 'NN'), (1934, 8, 'in', 'IN'), (1934, 9, 'front', 'NN'), (1934, 10, 'of', 'IN'), (1934, 11, 'a', 'DT'), (1934, 12, 'crowd', 'NN');
INSERT INTO triples (sentence_id, predicate_id,relation,arg_start_id,arg_end_id,triple_type)VALUES (1934, 2, 'Location',3, 12, 'auto'), (1934, 4, 'Agent',2, 2, 'auto'), (1934, 4, 'Location',5, 12, 'auto');
INSERT INTO Sentences (sentence_id, sentence, sentence_type)VALUES (1935, 'A crowd stands in the background watching someone sliding down a ramp on a board', 'auto');
INSERT INTO Words ( sentence_id,word_ID ,word,pos)VALUES (1935, 1, 'A', 'DT'), (1935, 2, 'crowd', 'NN'), (1935, 3, 'stands', 'VBZ'), (1935, 4, 'in', 'IN'), (1935, 5, 'the', 'DT'), (1935, 6, 'background', 'NN'), (1935, 7, 'watching', 'VBG'), (1935, 8, 'someone', 'NN'), (1935, 9, 'sliding', 'VBG'), (1935, 10, 'down', 'RP'), (1935, 11, 'a', 'DT'), (1935, 12, 'ramp', 'NN'), (1935, 13, 'on', 'IN'), (1935, 14, 'a', 'DT'), (1935, 15, 'board', 'NN');
INSERT INTO triples (sentence_id, predicate_id,relation,arg_start_id,arg_end_id,triple_type)VALUES (1935, 3, 'Agent',2, 2, 'auto'), (1935, 3, 'Location',4, 6, 'auto'), (1935, 3, 'Patient',12, 12, 'auto'), (1935, 7, 'Agent',2, 2, 'auto'), (1935, 7, 'Patient',8, 8, 'auto'), (1935, 7, 'Location',13, 15, 'auto'), (1935, 8, 'Property',9, 15, 'auto'), (1935, 9, 'Agent',8, 8, 'auto'), (1935, 9, 'Destination',10, 10, 'auto'), (1935, 9, 'Patient',11, 12, 'auto'), (1935, 9, 'Instrument',15, 15, 'auto');
INSERT INTO Sentences (sentence_id, sentence, sentence_type)VALUES (1936, 'A crowd watching a snowboarder', 'auto');
INSERT INTO Words ( sentence_id,word_ID ,word,pos)VALUES (1936, 1, 'A', 'DT'), (1936, 2, 'crowd', 'NN'), (1936, 3, 'watching', 'VBG'), (1936, 4, 'a', 'DT'), (1936, 5, 'snowboarder', 'NN');
INSERT INTO triples (sentence_id, predicate_id,relation,arg_start_id,arg_end_id,triple_type)VALUES (1936, 3, 'Agent',2, 2, 'auto'), (1936, 3, 'Patient',4, 5, 'auto');
INSERT INTO Sentences (sentence_id, sentence, sentence_type)VALUES (1937, 'A man sliding on a concrete bench on his snowboard as people watch', 'auto');
INSERT INTO Words ( sentence_id,word_ID ,word,pos)VALUES (1937, 1, 'A', 'DT'), (1937, 2, 'man', 'NN'), (1937, 3, 'sliding', 'VBG'), (1937, 4, 'on', 'IN'), (1937, 5, 'a', 'DT'), (1937, 6, 'concrete', 'JJ'), (1937, 7, 'bench', 'NN'), (1937, 8, 'on', 'IN'), (1937, 9, 'his', 'PRP$'), (1937, 10, 'snowboard', 'NN'), (1937, 11, 'as', 'IN'), (1937, 12, 'people', 'NNS'), (1937, 13, 'watch', 'VBP');
INSERT INTO triples (sentence_id, predicate_id,relation,arg_start_id,arg_end_id,triple_type)VALUES (1937, 2, 'Location',4, 7, 'auto'), (1937, 2, 'Property',8, 10, 'auto'), (1937, 3, 'Patient',2, 2, 'auto'), (1937, 3, 'Location',4, 7, 'auto'), (1937, 3, 'Instrument',8, 10, 'auto'), (1937, 13, 'Agent',12, 12, 'auto');
INSERT INTO Sentences (sentence_id, sentence, sentence_type)VALUES (1938, 'Snowboarder is standing on his board while the crowd watches him', 'auto');
INSERT INTO Words ( sentence_id,word_ID ,word,pos)VALUES (1938, 1, 'Snowboarder', 'NN'), (1938, 2, 'is', 'VBZ'), (1938, 3, 'standing', 'VBG'), (1938, 4, 'on', 'IN'), (1938, 5, 'his', 'PRP$'), (1938, 6, 'board', 'NN'), (1938, 7, 'while', 'IN'), (1938, 8, 'the', 'DT'), (1938, 9, 'crowd', 'NN'), (1938, 10, 'watches', 'VBZ'), (1938, 11, 'him', 'PRP');
INSERT INTO triples (sentence_id, predicate_id,relation,arg_start_id,arg_end_id,triple_type)VALUES (1938, 3, 'Agent',1, 1, 'auto'), (1938, 3, 'Instrument',4, 6, 'auto'), (1938, 3, 'Location',7, 11, 'auto'), (1938, 10, 'Agent',9, 9, 'auto'), (1938, 10, 'Patient',11, 11, 'auto');
INSERT INTO Sentences (sentence_id, sentence, sentence_type)VALUES (1939, 'a kayaker wearing yellow fights the rapids', 'auto');
INSERT INTO Words ( sentence_id,word_ID ,word,pos)VALUES (1939, 1, 'a', 'DT'), (1939, 2, 'kayaker', 'NN'), (1939, 3, 'wearing', 'VBG'), (1939, 4, 'yellow', 'JJ'), (1939, 5, 'fights', 'NNS'), (1939, 6, 'the', 'DT'), (1939, 7, 'rapids', 'NNS');
INSERT INTO triples (sentence_id, predicate_id,relation,arg_start_id,arg_end_id,triple_type)VALUES (1939, 3, 'Agent',2, 2, 'auto'), (1939, 3, 'Patient',4, 7, 'auto');
INSERT INTO Sentences (sentence_id, sentence, sentence_type)VALUES (1940, 'A man goes through whitewater in a kayak', 'auto');
INSERT INTO Words ( sentence_id,word_ID ,word,pos)VALUES (1940, 1, 'A', 'DT'), (1940, 2, 'man', 'NN'), (1940, 3, 'goes', 'VBZ'), (1940, 4, 'through', 'IN'), (1940, 5, 'whitewater', 'NN'), (1940, 6, 'in', 'IN'), (1940, 7, 'a', 'DT'), (1940, 8, 'kayak', 'NN');
INSERT INTO triples (sentence_id, predicate_id,relation,arg_start_id,arg_end_id,triple_type)VALUES (1940, 2, 'Property',3, 4, 'auto'), (1940, 2, 'Location',5, 8, 'auto'), (1940, 3, 'Agent',2, 2, 'auto'), (1940, 3, 'Destination',4, 5, 'auto'), (1940, 3, 'Instrument',6, 8, 'auto');
INSERT INTO Sentences (sentence_id, sentence, sentence_type)VALUES (1941, 'A man is riding a kayak through water', 'auto');
INSERT INTO Words ( sentence_id,word_ID ,word,pos)VALUES (1941, 1, 'A', 'DT'), (1941, 2, 'man', 'NN'), (1941, 3, 'is', 'VBZ'), (1941, 4, 'riding', 'VBG'), (1941, 5, 'a', 'DT'), (1941, 6, 'kayak', 'NN'), (1941, 7, 'through', 'IN'), (1941, 8, 'water', 'NN');
INSERT INTO triples (sentence_id, predicate_id,relation,arg_start_id,arg_end_id,triple_type)VALUES (1941, 2, 'Property',6, 6, 'auto'), (1941, 2, 'Location',8, 8, 'auto'), (1941, 4, 'Agent',2, 2, 'auto'), (1941, 4, 'Patient',5, 7, 'auto'), (1941, 4, 'Location',8, 8, 'auto');
INSERT INTO Sentences (sentence_id, sentence, sentence_type)VALUES (1942, 'A man kayaks in rough water', 'auto');
INSERT INTO Words ( sentence_id,word_ID ,word,pos)VALUES (1942, 1, 'A', 'DT'), (1942, 2, 'man', 'NN'), (1942, 3, 'kayaks', 'VBZ'), (1942, 4, 'in', 'IN'), (1942, 5, 'rough', 'JJ'), (1942, 6, 'water', 'NN');
INSERT INTO triples (sentence_id, predicate_id,relation,arg_start_id,arg_end_id,triple_type)VALUES (1942, 2, 'Property',3, 4, 'auto'), (1942, 2, 'Location',6, 6, 'auto'), (1942, 3, 'Patient',1, 1, 'auto'), (1942, 3, 'Agent',2, 2, 'auto'), (1942, 3, 'Location',4, 6, 'auto'), (1942, 6, 'Property',5, 5, 'auto');
INSERT INTO Sentences (sentence_id, sentence, sentence_type)VALUES (1943, 'A man kiyaking in rough water', 'auto');
INSERT INTO Words ( sentence_id,word_ID ,word,pos)VALUES (1943, 1, 'A', 'DT'), (1943, 2, 'man', 'NN'), (1943, 3, 'kiyaking', 'VBG'), (1943, 4, 'in', 'IN'), (1943, 5, 'rough', 'JJ'), (1943, 6, 'water', 'NN');
INSERT INTO triples (sentence_id, predicate_id,relation,arg_start_id,arg_end_id,triple_type)VALUES (1943, 2, 'Property',3, 3, 'auto'), (1943, 2, 'Location',5, 6, 'auto'), (1943, 6, 'Property',5, 5, 'auto');
INSERT INTO Sentences (sentence_id, sentence, sentence_type)VALUES (1944, 'A man in a blue jersey is kicking a ball while another man watches', 'auto');
INSERT INTO Words ( sentence_id,word_ID ,word,pos)VALUES (1944, 1, 'A', 'DT'), (1944, 2, 'man', 'NN'), (1944, 3, 'in', 'IN'), (1944, 4, 'a', 'DT'), (1944, 5, 'blue', 'JJ'), (1944, 6, 'jersey', 'NN'), (1944, 7, 'is', 'VBZ'), (1944, 8, 'kicking', 'VBG'), (1944, 9, 'a', 'DT'), (1944, 10, 'ball', 'NN'), (1944, 11, 'while', 'IN'), (1944, 12, 'another', 'DT'), (1944, 13, 'man', 'NN'), (1944, 14, 'watches', 'NNS');
INSERT INTO triples (sentence_id, predicate_id,relation,arg_start_id,arg_end_id,triple_type)VALUES (1944, 2, 'Property',3, 6, 'auto'), (1944, 8, 'Agent',2, 2, 'auto'), (1944, 8, 'Patient',9, 10, 'auto'), (1944, 8, 'Location',11, 14, 'auto'), (1944, 10, 'Location',11, 14, 'auto'), (1944, 14, 'Agent',12, 13, 'auto');
INSERT INTO Sentences (sentence_id, sentence, sentence_type)VALUES (1945, 'A man in a number ten jersey kicks a soccer ball while another team member watches', 'auto');
INSERT INTO Words ( sentence_id,word_ID ,word,pos)VALUES (1945, 1, 'A', 'DT'), (1945, 2, 'man', 'NN'), (1945, 3, 'in', 'IN'), (1945, 4, 'a', 'DT'), (1945, 5, 'number', 'NN'), (1945, 6, 'ten', 'CD'), (1945, 7, 'jersey', 'NN'), (1945, 8, 'kicks', 'VBZ'), (1945, 9, 'a', 'DT'), (1945, 10, 'soccer', 'NN'), (1945, 11, 'ball', 'NN'), (1945, 12, 'while', 'IN'), (1945, 13, 'another', 'DT'), (1945, 14, 'team', 'NN'), (1945, 15, 'member', 'NN'), (1945, 16, 'watches', 'VBZ');
INSERT INTO triples (sentence_id, predicate_id,relation,arg_start_id,arg_end_id,triple_type)VALUES (1945, 2, 'Property',3, 16, 'auto'), (1945, 8, 'Agent',2, 2, 'auto'), (1945, 8, 'Patient',9, 11, 'auto'), (1945, 11, 'Location',13, 16, 'auto'), (1945, 16, 'Agent',13, 15, 'auto');
INSERT INTO Sentences (sentence_id, sentence, sentence_type)VALUES (1946, 'A rugby player swings his leg back to punt the ball', 'auto');
INSERT INTO Words ( sentence_id,word_ID ,word,pos)VALUES (1946, 1, 'A', 'DT'), (1946, 2, 'rugby', 'JJ'), (1946, 3, 'player', 'NN'), (1946, 4, 'swings', 'VBZ'), (1946, 5, 'his', 'PRP$'), (1946, 6, 'leg', 'NN'), (1946, 7, 'back', 'RB'), (1946, 8, 'to', 'TO'), (1946, 9, 'punt', 'VB'), (1946, 10, 'the', 'DT'), (1946, 11, 'ball', 'NN');
INSERT INTO triples (sentence_id, predicate_id,relation,arg_start_id,arg_end_id,triple_type)VALUES (1946, 3, 'Property',4, 6, 'auto'), (1946, 4, 'Agent',3, 3, 'auto'), (1946, 4, 'Patient',5, 6, 'auto'), (1946, 4, 'Destination',7, 7, 'auto'), (1946, 4, 'Beneficiary',8, 11, 'auto'), (1946, 9, 'Agent',3, 3, 'auto'), (1946, 9, 'Patient',10, 11, 'auto');
INSERT INTO Sentences (sentence_id, sentence, sentence_type)VALUES (1947, 'Number ten is kicking the ball as number seven watches', 'auto');
INSERT INTO Words ( sentence_id,word_ID ,word,pos)VALUES (1947, 1, 'Number', 'NN'), (1947, 2, 'ten', 'CD'), (1947, 3, 'is', 'VBZ'), (1947, 4, 'kicking', 'VBG'), (1947, 5, 'the', 'DT'), (1947, 6, 'ball', 'NN'), (1947, 7, 'as', 'IN'), (1947, 8, 'number', 'NN'), (1947, 9, 'seven', 'CD'), (1947, 10, 'watches', 'VBZ');
INSERT INTO triples (sentence_id, predicate_id,relation,arg_start_id,arg_end_id,triple_type)VALUES (1947, 4, 'Patient',5, 6, 'auto'), (1947, 6, 'Location',7, 10, 'auto'), (1947, 10, 'Agent',8, 9, 'auto');
INSERT INTO Sentences (sentence_id, sentence, sentence_type)VALUES (1948, 'Two men in blue jersey tops and white shorts play soccer', 'auto');
INSERT INTO Words ( sentence_id,word_ID ,word,pos)VALUES (1948, 1, 'Two', 'CD'), (1948, 2, 'men', 'NNS'), (1948, 3, 'in', 'IN'), (1948, 4, 'blue', 'JJ'), (1948, 5, 'jersey', 'NN'), (1948, 6, 'tops', 'NNS'), (1948, 7, 'and', 'CC'), (1948, 8, 'white', 'JJ'), (1948, 9, 'shorts', 'NNS'), (1948, 10, 'play', 'VBP'), (1948, 11, 'soccer', 'NN');
INSERT INTO triples (sentence_id, predicate_id,relation,arg_start_id,arg_end_id,triple_type)VALUES (1948, 2, 'Property',3, 11, 'auto'), (1948, 10, 'Agent',2, 2, 'auto'), (1948, 10, 'Patient',11, 11, 'auto');
INSERT INTO Sentences (sentence_id, sentence, sentence_type)VALUES (1949, 'A group of men playing against each other in a football match', 'auto');
INSERT INTO Words ( sentence_id,word_ID ,word,pos)VALUES (1949, 1, 'A', 'DT'), (1949, 2, 'group', 'NN'), (1949, 3, 'of', 'IN'), (1949, 4, 'men', 'NNS'), (1949, 5, 'playing', 'VBG'), (1949, 6, 'against', 'IN'), (1949, 7, 'each', 'DT'), (1949, 8, 'other', 'JJ'), (1949, 9, 'in', 'IN'), (1949, 10, 'a', 'DT'), (1949, 11, 'football', 'NN'), (1949, 12, 'match', 'NN');
INSERT INTO Sentences (sentence_id, sentence, sentence_type)VALUES (1950, 'five men playing in a soccer game', 'auto');
INSERT INTO Words ( sentence_id,word_ID ,word,pos)VALUES (1950, 1, 'five', 'CD'), (1950, 2, 'men', 'NNS'), (1950, 3, 'playing', 'VBG'), (1950, 4, 'in', 'IN'), (1950, 5, 'a', 'DT'), (1950, 6, 'soccer', 'NN'), (1950, 7, 'game', 'NN');
INSERT INTO triples (sentence_id, predicate_id,relation,arg_start_id,arg_end_id,triple_type)VALUES (1950, 2, 'Property',1, 1, 'auto'), (1950, 2, 'Location',4, 7, 'auto'), (1950, 3, 'Agent',2, 2, 'auto'), (1950, 3, 'Location',5, 7, 'auto');
INSERT INTO Sentences (sentence_id, sentence, sentence_type)VALUES (1951, 'People outside playing soccer', 'auto');
INSERT INTO Words ( sentence_id,word_ID ,word,pos)VALUES (1951, 1, 'People', 'NNS'), (1951, 2, 'outside', 'IN'), (1951, 3, 'playing', 'VBG'), (1951, 4, 'soccer', 'NN');
INSERT INTO triples (sentence_id, predicate_id,relation,arg_start_id,arg_end_id,triple_type)VALUES (1951, 1, 'Location',2, 2, 'auto'), (1951, 1, 'Property',3, 4, 'auto'), (1951, 3, 'Agent',1, 1, 'auto'), (1951, 3, 'Location',2, 2, 'auto'), (1951, 3, 'Patient',4, 4, 'auto');
INSERT INTO Sentences (sentence_id, sentence, sentence_type)VALUES (1952, 'Rugby players competing in a match', 'auto');
INSERT INTO Words ( sentence_id,word_ID ,word,pos)VALUES (1952, 1, 'Rugby', 'JJ'), (1952, 2, 'players', 'NNS'), (1952, 3, 'competing', 'VBG'), (1952, 4, 'in', 'IN'), (1952, 5, 'a', 'DT'), (1952, 6, 'match', 'NN');
INSERT INTO triples (sentence_id, predicate_id,relation,arg_start_id,arg_end_id,triple_type)VALUES (1952, 2, 'Property',1, 1, 'auto'), (1952, 2, 'Location',4, 6, 'auto'), (1952, 3, 'Agent',2, 2, 'auto'), (1952, 3, 'Location',4, 6, 'auto');
INSERT INTO Sentences (sentence_id, sentence, sentence_type)VALUES (1953, 'These people are playing a soccer type game', 'auto');
INSERT INTO Words ( sentence_id,word_ID ,word,pos)VALUES (1953, 1, 'These', 'DT'), (1953, 2, 'people', 'NNS'), (1953, 3, 'are', 'VBP'), (1953, 4, 'playing', 'VBG'), (1953, 5, 'a', 'DT'), (1953, 6, 'soccer', 'NN'), (1953, 7, 'type', 'NN'), (1953, 8, 'game', 'NN');
INSERT INTO triples (sentence_id, predicate_id,relation,arg_start_id,arg_end_id,triple_type)VALUES (1953, 2, 'Location',3, 8, 'auto'), (1953, 4, 'Agent',2, 2, 'auto'), (1953, 4, 'Patient',6, 8, 'auto');
INSERT INTO Sentences (sentence_id, sentence, sentence_type)VALUES (1954, 'A wave splashes the rocks as seagulls fly by', 'auto');
INSERT INTO Words ( sentence_id,word_ID ,word,pos)VALUES (1954, 1, 'A', 'DT'), (1954, 2, 'wave', 'NN'), (1954, 3, 'splashes', 'VBZ'), (1954, 4, 'the', 'DT'), (1954, 5, 'rocks', 'NNS'), (1954, 6, 'as', 'IN'), (1954, 7, 'seagulls', 'NNS'), (1954, 8, 'fly', 'VBP'), (1954, 9, 'by', 'IN');
INSERT INTO triples (sentence_id, predicate_id,relation,arg_start_id,arg_end_id,triple_type)VALUES (1954, 3, 'Agent',2, 2, 'auto'), (1954, 3, 'Patient',4, 5, 'auto'), (1954, 5, 'Property',6, 9, 'auto'), (1954, 8, 'Agent',7, 7, 'auto'), (1954, 8, 'Location',9, 9, 'auto');
INSERT INTO Sentences (sentence_id, sentence, sentence_type)VALUES (1955, 'Birds are fleeing a rock that has recently been splashed by heavy waves', 'auto');
INSERT INTO Words ( sentence_id,word_ID ,word,pos)VALUES (1955, 1, 'Birds', 'NNP'), (1955, 2, 'are', 'VBP'), (1955, 3, 'fleeing', 'VBG'), (1955, 4, 'a', 'DT'), (1955, 5, 'rock', 'NN'), (1955, 6, 'that', 'WDT'), (1955, 7, 'has', 'VBZ'), (1955, 8, 'recently', 'RB'), (1955, 9, 'been', 'VBN'), (1955, 10, 'splashed', 'VBN'), (1955, 11, 'by', 'IN'), (1955, 12, 'heavy', 'JJ'), (1955, 13, 'waves', 'NNS');
INSERT INTO triples (sentence_id, predicate_id,relation,arg_start_id,arg_end_id,triple_type)VALUES (1955, 3, 'Agent',1, 1, 'auto'), (1955, 3, 'Patient',4, 5, 'auto'), (1955, 10, 'Patient',5, 9, 'auto'), (1955, 10, 'Agent',13, 13, 'auto');
INSERT INTO Sentences (sentence_id, sentence, sentence_type)VALUES (1956, 'Seagulls abandon their rock as a wave crashes against it', 'auto');
INSERT INTO Words ( sentence_id,word_ID ,word,pos)VALUES (1956, 1, 'Seagulls', 'NNS'), (1956, 2, 'abandon', 'VBP'), (1956, 3, 'their', 'PRP$'), (1956, 4, 'rock', 'NN'), (1956, 5, 'as', 'IN'), (1956, 6, 'a', 'DT'), (1956, 7, 'wave', 'NN'), (1956, 8, 'crashes', 'VBZ'), (1956, 9, 'against', 'IN'), (1956, 10, 'it', 'PRP');
INSERT INTO triples (sentence_id, predicate_id,relation,arg_start_id,arg_end_id,triple_type)VALUES (1956, 2, 'Agent',1, 1, 'auto'), (1956, 2, 'Patient',3, 4, 'auto'), (1956, 8, 'Agent',6, 7, 'auto'), (1956, 8, 'Location',9, 10, 'auto');
INSERT INTO Sentences (sentence_id, sentence, sentence_type)VALUES (1957, 'Seagulls are flying above the crashing waves', 'auto');
INSERT INTO Words ( sentence_id,word_ID ,word,pos)VALUES (1957, 1, 'Seagulls', 'NNS'), (1957, 2, 'are', 'VBP'), (1957, 3, 'flying', 'VBG'), (1957, 4, 'above', 'IN'), (1957, 5, 'the', 'DT'), (1957, 6, 'crashing', 'VBG'), (1957, 7, 'waves', 'NNS');
INSERT INTO triples (sentence_id, predicate_id,relation,arg_start_id,arg_end_id,triple_type)VALUES (1957, 3, 'Agent',1, 1, 'auto'), (1957, 3, 'Location',4, 7, 'auto'), (1957, 6, 'Patient',7, 7, 'auto');
INSERT INTO Sentences (sentence_id, sentence, sentence_type)VALUES (1958, 'Waves crashing against rocks with seagulls flying over', 'auto');
INSERT INTO Words ( sentence_id,word_ID ,word,pos)VALUES (1958, 1, 'Waves', 'NNS'), (1958, 2, 'crashing', 'VBG'), (1958, 3, 'against', 'IN'), (1958, 4, 'rocks', 'NNS'), (1958, 5, 'with', 'IN'), (1958, 6, 'seagulls', 'NNS'), (1958, 7, 'flying', 'VBG'), (1958, 8, 'over', 'IN');
INSERT INTO triples (sentence_id, predicate_id,relation,arg_start_id,arg_end_id,triple_type)VALUES (1958, 2, 'Agent',1, 1, 'auto'), (1958, 2, 'Location',3, 6, 'auto'), (1958, 4, 'Property',5, 6, 'auto'), (1958, 7, 'Agent',6, 6, 'auto'), (1958, 7, 'Location',8, 8, 'auto');
INSERT INTO Sentences (sentence_id, sentence, sentence_type)VALUES (1959, 'A group of people ride a blue roller coaster on its way down from a turn', 'auto');
INSERT INTO Words ( sentence_id,word_ID ,word,pos)VALUES (1959, 1, 'A', 'DT'), (1959, 2, 'group', 'NN'), (1959, 3, 'of', 'IN'), (1959, 4, 'people', 'NNS'), (1959, 5, 'ride', 'VBP'), (1959, 6, 'a', 'DT'), (1959, 7, 'blue', 'JJ'), (1959, 8, 'roller', 'NN'), (1959, 9, 'coaster', 'NN'), (1959, 10, 'on', 'IN'), (1959, 11, 'its', 'PRP$'), (1959, 12, 'way', 'NN'), (1959, 13, 'down', 'IN'), (1959, 14, 'from', 'IN'), (1959, 15, 'a', 'DT'), (1959, 16, 'turn', 'NN');
INSERT INTO triples (sentence_id, predicate_id,relation,arg_start_id,arg_end_id,triple_type)VALUES (1959, 4, 'Property',7, 9, 'auto'), (1959, 4, 'Location',12, 16, 'auto'), (1959, 5, 'Agent',2, 4, 'auto'), (1959, 5, 'Patient',6, 9, 'auto'), (1959, 5, 'Location',12, 16, 'auto');
INSERT INTO Sentences (sentence_id, sentence, sentence_type)VALUES (1960, 'A large group of people are riding on a blue roller coaster', 'auto');
INSERT INTO Words ( sentence_id,word_ID ,word,pos)VALUES (1960, 1, 'A', 'DT'), (1960, 2, 'large', 'JJ'), (1960, 3, 'group', 'NN'), (1960, 4, 'of', 'IN'), (1960, 5, 'people', 'NNS'), (1960, 6, 'are', 'VBP'), (1960, 7, 'riding', 'VBG'), (1960, 8, 'on', 'IN'), (1960, 9, 'a', 'DT'), (1960, 10, 'blue', 'JJ'), (1960, 11, 'roller', 'NN'), (1960, 12, 'coaster', 'NN');
INSERT INTO triples (sentence_id, predicate_id,relation,arg_start_id,arg_end_id,triple_type)VALUES (1960, 5, 'Location',6, 12, 'auto'), (1960, 7, 'Agent',5, 5, 'auto'), (1960, 7, 'Instrument',8, 12, 'auto');
INSERT INTO Sentences (sentence_id, sentence, sentence_type)VALUES (1961, 'A very very wide roller coaster trundles down the track', 'auto');
INSERT INTO Words ( sentence_id,word_ID ,word,pos)VALUES (1961, 1, 'A', 'DT'), (1961, 2, 'very', 'RB'), (1961, 3, 'very', 'RB'), (1961, 4, 'wide', 'JJ'), (1961, 5, 'roller', 'NN'), (1961, 6, 'coaster', 'NN'), (1961, 7, 'trundles', 'VBZ'), (1961, 8, 'down', 'RP'), (1961, 9, 'the', 'DT'), (1961, 10, 'track', 'NN');
INSERT INTO triples (sentence_id, predicate_id,relation,arg_start_id,arg_end_id,triple_type)VALUES (1961, 7, 'Agent',6, 6, 'auto'), (1961, 7, 'Location',8, 8, 'auto'), (1961, 7, 'Patient',9, 10, 'auto');
INSERT INTO Sentences (sentence_id, sentence, sentence_type)VALUES (1962, 'People are riding a blue roller coaster-like ride with wide seating mechanisms', 'auto');
INSERT INTO Words ( sentence_id,word_ID ,word,pos)VALUES (1962, 1, 'People', 'NNS'), (1962, 2, 'are', 'VBP'), (1962, 3, 'riding', 'VBG'), (1962, 4, 'a', 'DT'), (1962, 5, 'blue', 'JJ'), (1962, 6, 'roller', 'NN'), (1962, 7, 'coaster-like', 'JJ'), (1962, 8, 'ride', 'NN'), (1962, 9, 'with', 'IN'), (1962, 10, 'wide', 'JJ'), (1962, 11, 'seating', 'NN'), (1962, 12, 'mechanisms', 'NNS');
INSERT INTO triples (sentence_id, predicate_id,relation,arg_start_id,arg_end_id,triple_type)VALUES (1962, 1, 'Property',5, 7, 'auto'), (1962, 3, 'Agent',1, 1, 'auto'), (1962, 3, 'Patient',5, 8, 'auto');
INSERT INTO Sentences (sentence_id, sentence, sentence_type)VALUES (1963, 'There are a lot of people on the roller coaster', 'auto');
INSERT INTO Words ( sentence_id,word_ID ,word,pos)VALUES (1963, 1, 'There', 'EX'), (1963, 2, 'are', 'VBP'), (1963, 3, 'a', 'DT'), (1963, 4, 'lot', 'NN'), (1963, 5, 'of', 'IN'), (1963, 6, 'people', 'NNS'), (1963, 7, 'on', 'IN'), (1963, 8, 'the', 'DT'), (1963, 9, 'roller', 'NN'), (1963, 10, 'coaster', 'NN');
INSERT INTO triples (sentence_id, predicate_id,relation,arg_start_id,arg_end_id,triple_type)VALUES (1963, 2, 'Patient',3, 6, 'auto'), (1963, 2, 'Location',7, 10, 'auto'), (1963, 6, 'Location',7, 10, 'auto');
INSERT INTO Sentences (sentence_id, sentence, sentence_type)VALUES (1964, 'A bunch of people rowing a canoe , with a boat full of people in the background', 'auto');
INSERT INTO Words ( sentence_id,word_ID ,word,pos)VALUES (1964, 1, 'A', 'DT'), (1964, 2, 'bunch', 'NN'), (1964, 3, 'of', 'IN'), (1964, 4, 'people', 'NNS'), (1964, 5, 'rowing', 'VBG'), (1964, 6, 'a', 'DT'), (1964, 7, 'canoe', 'NN'), (1964, 8, ',', ','), (1964, 9, 'with', 'IN'), (1964, 10, 'a', 'DT'), (1964, 11, 'boat', 'NN'), (1964, 12, 'full', 'JJ'), (1964, 13, 'of', 'IN'), (1964, 14, 'people', 'NNS'), (1964, 15, 'in', 'IN'), (1964, 16, 'the', 'DT'), (1964, 17, 'background', 'NN');
INSERT INTO triples (sentence_id, predicate_id,relation,arg_start_id,arg_end_id,triple_type)VALUES (1964, 4, 'Property',7, 7, 'auto'), (1964, 4, 'Location',13, 17, 'auto'), (1964, 5, 'Agent',2, 2, 'auto'), (1964, 5, 'Patient',6, 8, 'auto'), (1964, 5, 'Location',14, 17, 'auto'), (1964, 11, 'Time',3, 10, 'auto'), (1964, 11, 'Location',14, 17, 'auto'), (1964, 14, 'Location',15, 17, 'auto');
INSERT INTO Sentences (sentence_id, sentence, sentence_type)VALUES (1965, 'A group of men in a canoe paddle down a river', 'auto');
INSERT INTO Words ( sentence_id,word_ID ,word,pos)VALUES (1965, 1, 'A', 'DT'), (1965, 2, 'group', 'NN'), (1965, 3, 'of', 'IN'), (1965, 4, 'men', 'NNS'), (1965, 5, 'in', 'IN'), (1965, 6, 'a', 'DT'), (1965, 7, 'canoe', 'NN'), (1965, 8, 'paddle', 'VB'), (1965, 9, 'down', 'RP'), (1965, 10, 'a', 'DT'), (1965, 11, 'river', 'NN');
INSERT INTO triples (sentence_id, predicate_id,relation,arg_start_id,arg_end_id,triple_type)VALUES (1965, 4, 'Property',1, 1, 'auto'), (1965, 4, 'Location',5, 11, 'auto'), (1965, 8, 'Instrument',5, 7, 'auto'), (1965, 8, 'Destination',9, 9, 'auto'), (1965, 8, 'Patient',10, 11, 'auto');
INSERT INTO Sentences (sentence_id, sentence, sentence_type)VALUES (1966, 'a team of rowers rowing in a green and red boat', 'auto');
INSERT INTO Words ( sentence_id,word_ID ,word,pos)VALUES (1966, 1, 'a', 'DT'), (1966, 2, 'team', 'NN'), (1966, 3, 'of', 'IN'), (1966, 4, 'rowers', 'NNS'), (1966, 5, 'rowing', 'VBG'), (1966, 6, 'in', 'IN'), (1966, 7, 'a', 'DT'), (1966, 8, 'green', 'JJ'), (1966, 9, 'and', 'CC'), (1966, 10, 'red', 'JJ'), (1966, 11, 'boat', 'NN');
INSERT INTO triples (sentence_id, predicate_id,relation,arg_start_id,arg_end_id,triple_type)VALUES (1966, 5, 'Agent',2, 2, 'auto'), (1966, 5, 'Location',6, 11, 'auto'), (1966, 11, 'Property',7, 10, 'auto');
INSERT INTO Sentences (sentence_id, sentence, sentence_type)VALUES (1967, 'Men wearing brown shirts with orange vests rowing orange and green boats', 'auto');
INSERT INTO Words ( sentence_id,word_ID ,word,pos)VALUES (1967, 1, 'Men', 'NN'), (1967, 2, 'wearing', 'VBG'), (1967, 3, 'brown', 'JJ'), (1967, 4, 'shirts', 'NNS'), (1967, 5, 'with', 'IN'), (1967, 6, 'orange', 'JJ'), (1967, 7, 'vests', 'NNS'), (1967, 8, 'rowing', 'VBG'), (1967, 9, 'orange', 'NN'), (1967, 10, 'and', 'CC'), (1967, 11, 'green', 'JJ'), (1967, 12, 'boats', 'NNS');
INSERT INTO triples (sentence_id, predicate_id,relation,arg_start_id,arg_end_id,triple_type)VALUES (1967, 1, 'Property',2, 7, 'auto'), (1967, 2, 'Agent',1, 1, 'auto'), (1967, 2, 'Patient',3, 7, 'auto'), (1967, 8, 'Agent',1, 1, 'auto'), (1967, 8, 'Patient',9, 12, 'auto'), (1967, 12, 'Property',9, 11, 'auto');
INSERT INTO Sentences (sentence_id, sentence, sentence_type)VALUES (1968, 'Rowers racing furiously', 'auto');
INSERT INTO Words ( sentence_id,word_ID ,word,pos)VALUES (1968, 1, 'Rowers', 'NNS'), (1968, 2, 'racing', 'VBG'), (1968, 3, 'furiously', 'RB');
INSERT INTO triples (sentence_id, predicate_id,relation,arg_start_id,arg_end_id,triple_type)VALUES (1968, 2, 'Agent',1, 1, 'auto'), (1968, 2, 'Patient',3, 3, 'auto');
INSERT INTO Sentences (sentence_id, sentence, sentence_type)VALUES (1969, 'A guy in navy blue and yellow shorts jumping into a pool', 'auto');
INSERT INTO Words ( sentence_id,word_ID ,word,pos)VALUES (1969, 1, 'A', 'DT'), (1969, 2, 'guy', 'NN'), (1969, 3, 'in', 'IN'), (1969, 4, 'navy', 'NN'), (1969, 5, 'blue', 'JJ'), (1969, 6, 'and', 'CC'), (1969, 7, 'yellow', 'JJ'), (1969, 8, 'shorts', 'NNS'), (1969, 9, 'jumping', 'VBG'), (1969, 10, 'into', 'IN'), (1969, 11, 'a', 'DT'), (1969, 12, 'pool', 'NN');
INSERT INTO triples (sentence_id, predicate_id,relation,arg_start_id,arg_end_id,triple_type)VALUES (1969, 2, 'Property',3, 9, 'auto'), (1969, 2, 'Location',12, 12, 'auto'), (1969, 9, 'Agent',2, 2, 'auto'), (1969, 9, 'Destination',10, 12, 'auto');
INSERT INTO Sentences (sentence_id, sentence, sentence_type)VALUES (1970, 'A man catches a football in mid-air while jumping into a pool', 'auto');
INSERT INTO Words ( sentence_id,word_ID ,word,pos)VALUES (1970, 1, 'A', 'DT'), (1970, 2, 'man', 'NN'), (1970, 3, 'catches', 'VBZ'), (1970, 4, 'a', 'DT'), (1970, 5, 'football', 'NN'), (1970, 6, 'in', 'IN'), (1970, 7, 'mid-air', 'NN'), (1970, 8, 'while', 'IN'), (1970, 9, 'jumping', 'VBG'), (1970, 10, 'into', 'IN'), (1970, 11, 'a', 'DT'), (1970, 12, 'pool', 'NN');
INSERT INTO triples (sentence_id, predicate_id,relation,arg_start_id,arg_end_id,triple_type)VALUES (1970, 2, 'Property',6, 9, 'auto'), (1970, 2, 'Location',10, 12, 'auto'), (1970, 3, 'Agent',2, 2, 'auto'), (1970, 3, 'Patient',4, 5, 'auto'), (1970, 3, 'Location',6, 7, 'auto'), (1970, 9, 'Agent',2, 2, 'auto'), (1970, 9, 'Location',11, 12, 'auto');
INSERT INTO Sentences (sentence_id, sentence, sentence_type)VALUES (1971, 'A man in swim trunks is jumping into a pool while in a strange pose', 'auto');
INSERT INTO Words ( sentence_id,word_ID ,word,pos)VALUES (1971, 1, 'A', 'DT'), (1971, 2, 'man', 'NN'), (1971, 3, 'in', 'IN'), (1971, 4, 'swim', 'NN'), (1971, 5, 'trunks', 'NNS'), (1971, 6, 'is', 'VBZ'), (1971, 7, 'jumping', 'VBG'), (1971, 8, 'into', 'IN'), (1971, 9, 'a', 'DT'), (1971, 10, 'pool', 'NN'), (1971, 11, 'while', 'IN'), (1971, 12, 'in', 'IN'), (1971, 13, 'a', 'DT'), (1971, 14, 'strange', 'JJ'), (1971, 15, 'pose', 'NN');
INSERT INTO triples (sentence_id, predicate_id,relation,arg_start_id,arg_end_id,triple_type)VALUES (1971, 2, 'Property',3, 5, 'auto'), (1971, 2, 'Location',9, 10, 'auto'), (1971, 7, 'Agent',2, 2, 'auto'), (1971, 7, 'Destination',8, 10, 'auto'), (1971, 7, 'Source',14, 14, 'auto'), (1971, 15, 'Property',13, 14, 'auto');
INSERT INTO Sentences (sentence_id, sentence, sentence_type)VALUES (1972, 'Antics in a covered pool', 'auto');
INSERT INTO Words ( sentence_id,word_ID ,word,pos)VALUES (1972, 1, 'Antics', 'NNS'), (1972, 2, 'in', 'IN'), (1972, 3, 'a', 'DT'), (1972, 4, 'covered', 'JJ'), (1972, 5, 'pool', 'NN');
INSERT INTO triples (sentence_id, predicate_id,relation,arg_start_id,arg_end_id,triple_type)VALUES (1972, 1, 'Location',2, 5, 'auto'), (1972, 5, 'Property',4, 4, 'auto');
INSERT INTO Sentences (sentence_id, sentence, sentence_type)VALUES (1973, 'People are diving into a swimming pool', 'auto');
INSERT INTO Words ( sentence_id,word_ID ,word,pos)VALUES (1973, 1, 'People', 'NNS'), (1973, 2, 'are', 'VBP'), (1973, 3, 'diving', 'JJ'), (1973, 4, 'into', 'IN'), (1973, 5, 'a', 'DT'), (1973, 6, 'swimming', 'NN'), (1973, 7, 'pool', 'NN');
INSERT INTO triples (sentence_id, predicate_id,relation,arg_start_id,arg_end_id,triple_type)VALUES (1973, 1, 'Location',2, 7, 'auto'), (1973, 7, 'Property',6, 6, 'auto');
INSERT INTO Sentences (sentence_id, sentence, sentence_type)VALUES (1974, 'A black and green monster truck flying through the air', 'auto');
INSERT INTO Words ( sentence_id,word_ID ,word,pos)VALUES (1974, 1, 'A', 'DT'), (1974, 2, 'black', 'JJ'), (1974, 3, 'and', 'CC'), (1974, 4, 'green', 'JJ'), (1974, 5, 'monster', 'NN'), (1974, 6, 'truck', 'NN'), (1974, 7, 'flying', 'VBG'), (1974, 8, 'through', 'IN'), (1974, 9, 'the', 'DT'), (1974, 10, 'air', 'NN');
INSERT INTO triples (sentence_id, predicate_id,relation,arg_start_id,arg_end_id,triple_type)VALUES (1974, 7, 'Agent',6, 6, 'auto'), (1974, 7, 'Location',8, 10, 'auto');
INSERT INTO Sentences (sentence_id, sentence, sentence_type)VALUES (1975, 'A four wheeler jumping cars', 'auto');
INSERT INTO Words ( sentence_id,word_ID ,word,pos)VALUES (1975, 1, 'A', 'DT'), (1975, 2, 'four', 'CD'), (1975, 3, 'wheeler', 'NN'), (1975, 4, 'jumping', 'JJ'), (1975, 5, 'cars', 'NNS');
INSERT INTO triples (sentence_id, predicate_id,relation,arg_start_id,arg_end_id,triple_type)VALUES (1975, 5, 'Property',1, 4, 'auto');
INSERT INTO Sentences (sentence_id, sentence, sentence_type)VALUES (1976, 'A giant monster truck leaps over crushed cars and into the air inside the arena', 'auto');
INSERT INTO Words ( sentence_id,word_ID ,word,pos)VALUES (1976, 1, 'A', 'DT'), (1976, 2, 'giant', 'JJ'), (1976, 3, 'monster', 'NN'), (1976, 4, 'truck', 'NN'), (1976, 5, 'leaps', 'VBZ'), (1976, 6, 'over', 'IN'), (1976, 7, 'crushed', 'JJ'), (1976, 8, 'cars', 'NNS'), (1976, 9, 'and', 'CC'), (1976, 10, 'into', 'IN'), (1976, 11, 'the', 'DT'), (1976, 12, 'air', 'NN'), (1976, 13, 'inside', 'IN'), (1976, 14, 'the', 'DT'), (1976, 15, 'arena', 'NN');
INSERT INTO triples (sentence_id, predicate_id,relation,arg_start_id,arg_end_id,triple_type)VALUES (1976, 5, 'Agent',4, 4, 'auto'), (1976, 5, 'Location',6, 8, 'auto'), (1976, 5, 'Destination',10, 13, 'auto');
INSERT INTO Sentences (sentence_id, sentence, sentence_type)VALUES (1977, 'A monster truck in the air above demolished cars', 'auto');
INSERT INTO Words ( sentence_id,word_ID ,word,pos)VALUES (1977, 1, 'A', 'DT'), (1977, 2, 'monster', 'NN'), (1977, 3, 'truck', 'NN'), (1977, 4, 'in', 'IN'), (1977, 5, 'the', 'DT'), (1977, 6, 'air', 'NN'), (1977, 7, 'above', 'IN'), (1977, 8, 'demolished', 'JJ'), (1977, 9, 'cars', 'NNS');
INSERT INTO triples (sentence_id, predicate_id,relation,arg_start_id,arg_end_id,triple_type)VALUES (1977, 3, 'Location',4, 9, 'auto'), (1977, 9, 'Property',8, 8, 'auto');
INSERT INTO Sentences (sentence_id, sentence, sentence_type)VALUES (1978, 'A monster truck soars into the air at an arena', 'auto');
INSERT INTO Words ( sentence_id,word_ID ,word,pos)VALUES (1978, 1, 'A', 'DT'), (1978, 2, 'monster', 'NN'), (1978, 3, 'truck', 'NN'), (1978, 4, 'soars', 'VBZ'), (1978, 5, 'into', 'IN'), (1978, 6, 'the', 'DT'), (1978, 7, 'air', 'NN'), (1978, 8, 'at', 'IN'), (1978, 9, 'an', 'DT'), (1978, 10, 'arena', 'NN');
INSERT INTO triples (sentence_id, predicate_id,relation,arg_start_id,arg_end_id,triple_type)VALUES (1978, 4, 'Agent',3, 3, 'auto'), (1978, 4, 'Destination',5, 7, 'auto'), (1978, 4, 'Location',8, 10, 'auto');
INSERT INTO Sentences (sentence_id, sentence, sentence_type)VALUES (1979, 'A person on skis on a rail at night', 'auto');
INSERT INTO Words ( sentence_id,word_ID ,word,pos)VALUES (1979, 1, 'A', 'DT'), (1979, 2, 'person', 'NN'), (1979, 3, 'on', 'IN'), (1979, 4, 'skis', 'NNS'), (1979, 5, 'on', 'IN'), (1979, 6, 'a', 'DT'), (1979, 7, 'rail', 'NN'), (1979, 8, 'at', 'IN'), (1979, 9, 'night', 'NN');
INSERT INTO triples (sentence_id, predicate_id,relation,arg_start_id,arg_end_id,triple_type)VALUES (1979, 2, 'Property',4, 4, 'auto'), (1979, 2, 'Location',7, 7, 'auto');
INSERT INTO Sentences (sentence_id, sentence, sentence_type)VALUES (1980, 'A skier in electric green on the edge of a ramp made of metal bars', 'auto');
INSERT INTO Words ( sentence_id,word_ID ,word,pos)VALUES (1980, 1, 'A', 'DT'), (1980, 2, 'skier', 'NN'), (1980, 3, 'in', 'IN'), (1980, 4, 'electric', 'JJ'), (1980, 5, 'green', 'JJ'), (1980, 6, 'on', 'IN'), (1980, 7, 'the', 'DT'), (1980, 8, 'edge', 'NN'), (1980, 9, 'of', 'IN'), (1980, 10, 'a', 'DT'), (1980, 11, 'ramp', 'NN'), (1980, 12, 'made', 'VBN'), (1980, 13, 'of', 'IN'), (1980, 14, 'metal', 'NN'), (1980, 15, 'bars', 'NNS');
INSERT INTO triples (sentence_id, predicate_id,relation,arg_start_id,arg_end_id,triple_type)VALUES (1980, 2, 'Property',3, 5, 'auto'), (1980, 2, 'Location',6, 8, 'auto'), (1980, 11, 'Property',12, 15, 'auto'), (1980, 12, 'Patient',11, 11, 'auto'), (1980, 12, 'Material',14, 15, 'auto');
INSERT INTO Sentences (sentence_id, sentence, sentence_type)VALUES (1981, 'A skier slides along a metal rail', 'auto');
INSERT INTO Words ( sentence_id,word_ID ,word,pos)VALUES (1981, 1, 'A', 'DT'), (1981, 2, 'skier', 'NN'), (1981, 3, 'slides', 'VBZ'), (1981, 4, 'along', 'IN'), (1981, 5, 'a', 'DT'), (1981, 6, 'metal', 'NN'), (1981, 7, 'rail', 'NN');
INSERT INTO triples (sentence_id, predicate_id,relation,arg_start_id,arg_end_id,triple_type)VALUES (1981, 3, 'Agent',2, 2, 'auto'), (1981, 3, 'Location',4, 7, 'auto');
INSERT INTO Sentences (sentence_id, sentence, sentence_type)VALUES (1982, 'A yellow uniformed skier is performing a trick across a railed object', 'auto');
INSERT INTO Words ( sentence_id,word_ID ,word,pos)VALUES (1982, 1, 'A', 'DT'), (1982, 2, 'yellow', 'JJ'), (1982, 3, 'uniformed', 'JJ'), (1982, 4, 'skier', 'NN'), (1982, 5, 'is', 'VBZ'), (1982, 6, 'performing', 'VBG'), (1982, 7, 'a', 'DT'), (1982, 8, 'trick', 'NN'), (1982, 9, 'across', 'IN'), (1982, 10, 'a', 'DT'), (1982, 11, 'railed', 'VBN'), (1982, 12, 'object', 'NN');
INSERT INTO Sentences (sentence_id, sentence, sentence_type)VALUES (1983, 'The skier is wearing a yellow jumpsuit and sliding across a yellow rail', 'auto');
INSERT INTO Words ( sentence_id,word_ID ,word,pos)VALUES (1983, 1, 'The', 'DT'), (1983, 2, 'skier', 'NN'), (1983, 3, 'is', 'VBZ'), (1983, 4, 'wearing', 'VBG'), (1983, 5, 'a', 'DT'), (1983, 6, 'yellow', 'JJ'), (1983, 7, 'jumpsuit', 'NN'), (1983, 8, 'and', 'CC'), (1983, 9, 'sliding', 'VBG'), (1983, 10, 'across', 'IN'), (1983, 11, 'a', 'DT'), (1983, 12, 'yellow', 'JJ'), (1983, 13, 'rail', 'NN');
INSERT INTO triples (sentence_id, predicate_id,relation,arg_start_id,arg_end_id,triple_type)VALUES (1983, 4, 'Agent',2, 2, 'auto'), (1983, 4, 'Patient',5, 7, 'auto'), (1983, 9, 'Agent',2, 2, 'auto'), (1983, 9, 'Location',12, 13, 'auto');
INSERT INTO Sentences (sentence_id, sentence, sentence_type)VALUES (1984, 'A basketball game', 'auto');
INSERT INTO Words ( sentence_id,word_ID ,word,pos)VALUES (1984, 1, 'A', 'DT'), (1984, 2, 'basketball', 'NN'), (1984, 3, 'game', 'NN');
INSERT INTO Sentences (sentence_id, sentence, sentence_type)VALUES (1985, 'a group of athletes playing a basketball game', 'auto');
INSERT INTO Words ( sentence_id,word_ID ,word,pos)VALUES (1985, 1, 'a', 'DT'), (1985, 2, 'group', 'NN'), (1985, 3, 'of', 'IN'), (1985, 4, 'athletes', 'NNS'), (1985, 5, 'playing', 'VBG'), (1985, 6, 'a', 'DT'), (1985, 7, 'basketball', 'NN'), (1985, 8, 'game', 'NN');
INSERT INTO triples (sentence_id, predicate_id,relation,arg_start_id,arg_end_id,triple_type)VALUES (1985, 5, 'Agent',2, 2, 'auto'), (1985, 5, 'Patient',6, 8, 'auto');
INSERT INTO Sentences (sentence_id, sentence, sentence_type)VALUES (1986, 'A group of basketball players jump in the air for the ball', 'auto');
INSERT INTO Words ( sentence_id,word_ID ,word,pos)VALUES (1986, 1, 'A', 'DT'), (1986, 2, 'group', 'NN'), (1986, 3, 'of', 'IN'), (1986, 4, 'basketball', 'NN'), (1986, 5, 'players', 'NNS'), (1986, 6, 'jump', 'VBP'), (1986, 7, 'in', 'IN'), (1986, 8, 'the', 'DT'), (1986, 9, 'air', 'NN'), (1986, 10, 'for', 'IN'), (1986, 11, 'the', 'DT'), (1986, 12, 'ball', 'NN');
INSERT INTO triples (sentence_id, predicate_id,relation,arg_start_id,arg_end_id,triple_type)VALUES (1986, 5, 'Property',1, 4, 'auto'), (1986, 6, 'Agent',2, 2, 'auto'), (1986, 6, 'Location',9, 9, 'auto'), (1986, 6, 'Beneficiary',10, 12, 'auto');
INSERT INTO Sentences (sentence_id, sentence, sentence_type)VALUES (1987, 'Basketball players participate in a game', 'auto');
INSERT INTO Words ( sentence_id,word_ID ,word,pos)VALUES (1987, 1, 'Basketball', 'NN'), (1987, 2, 'players', 'NNS'), (1987, 3, 'participate', 'VBP'), (1987, 4, 'in', 'IN'), (1987, 5, 'a', 'DT'), (1987, 6, 'game', 'NN');
INSERT INTO triples (sentence_id, predicate_id,relation,arg_start_id,arg_end_id,triple_type)VALUES (1987, 2, 'Property',1, 1, 'auto'), (1987, 3, 'Agent',2, 2, 'auto'), (1987, 3, 'Patient',4, 6, 'auto');
INSERT INTO Sentences (sentence_id, sentence, sentence_type)VALUES (1988, 'Black and yellow teams are trying to get the basketball in the goal', 'auto');
INSERT INTO Words ( sentence_id,word_ID ,word,pos)VALUES (1988, 1, 'Black', 'JJ'), (1988, 2, 'and', 'CC'), (1988, 3, 'yellow', 'JJ'), (1988, 4, 'teams', 'NNS'), (1988, 5, 'are', 'VBP'), (1988, 6, 'trying', 'VBG'), (1988, 7, 'to', 'TO'), (1988, 8, 'get', 'VB'), (1988, 9, 'the', 'DT'), (1988, 10, 'basketball', 'NN'), (1988, 11, 'in', 'IN'), (1988, 12, 'the', 'DT'), (1988, 13, 'goal', 'NN');
INSERT INTO triples (sentence_id, predicate_id,relation,arg_start_id,arg_end_id,triple_type)VALUES (1988, 6, 'Agent',4, 4, 'auto'), (1988, 6, 'Beneficiary',7, 10, 'auto'), (1988, 8, 'Agent',4, 4, 'auto'), (1988, 8, 'Patient',9, 10, 'auto'), (1988, 8, 'Location',11, 13, 'auto');
INSERT INTO Sentences (sentence_id, sentence, sentence_type)VALUES (1989, 'A group of girls playing field hockey', 'auto');
INSERT INTO Words ( sentence_id,word_ID ,word,pos)VALUES (1989, 1, 'A', 'DT'), (1989, 2, 'group', 'NN'), (1989, 3, 'of', 'IN'), (1989, 4, 'girls', 'NNS'), (1989, 5, 'playing', 'VBG'), (1989, 6, 'field', 'NN'), (1989, 7, 'hockey', 'NN');
INSERT INTO triples (sentence_id, predicate_id,relation,arg_start_id,arg_end_id,triple_type)VALUES (1989, 5, 'Agent',2, 2, 'auto'), (1989, 5, 'Patient',6, 7, 'auto');
INSERT INTO Sentences (sentence_id, sentence, sentence_type)VALUES (1990, 'five female hockey players are scrambling for the ball around the goal mouth', 'auto');
INSERT INTO Words ( sentence_id,word_ID ,word,pos)VALUES (1990, 1, 'five', 'CD'), (1990, 2, 'female', 'JJ'), (1990, 3, 'hockey', 'NN'), (1990, 4, 'players', 'NNS'), (1990, 5, 'are', 'VBP'), (1990, 6, 'scrambling', 'VBG'), (1990, 7, 'for', 'IN'), (1990, 8, 'the', 'DT'), (1990, 9, 'ball', 'NN'), (1990, 10, 'around', 'IN'), (1990, 11, 'the', 'DT'), (1990, 12, 'goal', 'NN'), (1990, 13, 'mouth', 'NN');
INSERT INTO triples (sentence_id, predicate_id,relation,arg_start_id,arg_end_id,triple_type)VALUES (1990, 4, 'Property',1, 3, 'auto'), (1990, 4, 'Location',10, 13, 'auto'), (1990, 6, 'Agent',4, 4, 'auto'), (1990, 6, 'Beneficiary',7, 9, 'auto'), (1990, 6, 'Location',10, 13, 'auto'), (1990, 9, 'Location',10, 13, 'auto');
INSERT INTO Sentences (sentence_id, sentence, sentence_type)VALUES (1991, 'Girls play field hockey', 'auto');
INSERT INTO Words ( sentence_id,word_ID ,word,pos)VALUES (1991, 1, 'Girls', 'NNS'), (1991, 2, 'play', 'VBP'), (1991, 3, 'field', 'NN'), (1991, 4, 'hockey', 'NN');
INSERT INTO triples (sentence_id, predicate_id,relation,arg_start_id,arg_end_id,triple_type)VALUES (1991, 2, 'Agent',1, 1, 'auto'), (1991, 2, 'Patient',3, 4, 'auto');
INSERT INTO Sentences (sentence_id, sentence, sentence_type)VALUES (1992, 'The field hockey players scramble in front of the goal', 'auto');
INSERT INTO Words ( sentence_id,word_ID ,word,pos)VALUES (1992, 1, 'The', 'DT'), (1992, 2, 'field', 'NN'), (1992, 3, 'hockey', 'NN'), (1992, 4, 'players', 'NNS'), (1992, 5, 'scramble', 'VBP'), (1992, 6, 'in', 'IN'), (1992, 7, 'front', 'NN'), (1992, 8, 'of', 'IN'), (1992, 9, 'the', 'DT'), (1992, 10, 'goal', 'NN');
INSERT INTO triples (sentence_id, predicate_id,relation,arg_start_id,arg_end_id,triple_type)VALUES (1992, 4, 'Property',1, 3, 'auto'), (1992, 5, 'Agent',4, 4, 'auto'), (1992, 5, 'Location',6, 7, 'auto');
INSERT INTO Sentences (sentence_id, sentence, sentence_type)VALUES (1993, 'The field hockey team is trying to score a goal', 'auto');
INSERT INTO Words ( sentence_id,word_ID ,word,pos)VALUES (1993, 1, 'The', 'DT'), (1993, 2, 'field', 'NN'), (1993, 3, 'hockey', 'NN'), (1993, 4, 'team', 'NN'), (1993, 5, 'is', 'VBZ'), (1993, 6, 'trying', 'VBG'), (1993, 7, 'to', 'TO'), (1993, 8, 'score', 'VB'), (1993, 9, 'a', 'DT'), (1993, 10, 'goal', 'NN');
INSERT INTO triples (sentence_id, predicate_id,relation,arg_start_id,arg_end_id,triple_type)VALUES (1993, 6, 'Agent',4, 4, 'auto'), (1993, 6, 'Beneficiary',7, 10, 'auto'), (1993, 8, 'Agent',4, 4, 'auto'), (1993, 8, 'Patient',10, 10, 'auto');
INSERT INTO Sentences (sentence_id, sentence, sentence_type)VALUES (1994, 'A fencing class takes place on a basketball court', 'auto');
INSERT INTO Words ( sentence_id,word_ID ,word,pos)VALUES (1994, 1, 'A', 'DT'), (1994, 2, 'fencing', 'NN'), (1994, 3, 'class', 'NN'), (1994, 4, 'takes', 'VBZ'), (1994, 5, 'place', 'NN'), (1994, 6, 'on', 'IN'), (1994, 7, 'a', 'DT'), (1994, 8, 'basketball', 'NN'), (1994, 9, 'court', 'NN');
INSERT INTO triples (sentence_id, predicate_id,relation,arg_start_id,arg_end_id,triple_type)VALUES (1994, 4, 'Agent',3, 3, 'auto'), (1994, 4, 'Patient',5, 5, 'auto'), (1994, 4, 'Location',7, 9, 'auto');
INSERT INTO Sentences (sentence_id, sentence, sentence_type)VALUES (1995, 'A man in a black shirt stares at a swordsman', 'auto');
INSERT INTO Words ( sentence_id,word_ID ,word,pos)VALUES (1995, 1, 'A', 'DT'), (1995, 2, 'man', 'NN'), (1995, 3, 'in', 'IN'), (1995, 4, 'a', 'DT'), (1995, 5, 'black', 'JJ'), (1995, 6, 'shirt', 'NN'), (1995, 7, 'stares', 'VBZ'), (1995, 8, 'at', 'IN'), (1995, 9, 'a', 'DT'), (1995, 10, 'swordsman', 'NN');
INSERT INTO triples (sentence_id, predicate_id,relation,arg_start_id,arg_end_id,triple_type)VALUES (1995, 2, 'Property',3, 6, 'auto'), (1995, 7, 'Agent',2, 2, 'auto'), (1995, 7, 'Destination',8, 10, 'auto');
INSERT INTO Sentences (sentence_id, sentence, sentence_type)VALUES (1996, 'A man in a black shirt wanders around amongst fencing players', 'auto');
INSERT INTO Words ( sentence_id,word_ID ,word,pos)VALUES (1996, 1, 'A', 'DT'), (1996, 2, 'man', 'NN'), (1996, 3, 'in', 'IN'), (1996, 4, 'a', 'DT'), (1996, 5, 'black', 'JJ'), (1996, 6, 'shirt', 'NN'), (1996, 7, 'wanders', 'VBZ'), (1996, 8, 'around', 'IN'), (1996, 9, 'amongst', 'IN'), (1996, 10, 'fencing', 'NN'), (1996, 11, 'players', 'NNS');
INSERT INTO triples (sentence_id, predicate_id,relation,arg_start_id,arg_end_id,triple_type)VALUES (1996, 2, 'Property',3, 6, 'auto'), (1996, 2, 'Location',8, 11, 'auto'), (1996, 7, 'Agent',2, 2, 'auto'), (1996, 7, 'Location',8, 11, 'auto');
INSERT INTO Sentences (sentence_id, sentence, sentence_type)VALUES (1997, 'A man is standing in a gym surrounded by men fencing', 'auto');
INSERT INTO Words ( sentence_id,word_ID ,word,pos)VALUES (1997, 1, 'A', 'DT'), (1997, 2, 'man', 'NN'), (1997, 3, 'is', 'VBZ'), (1997, 4, 'standing', 'VBG'), (1997, 5, 'in', 'IN'), (1997, 6, 'a', 'DT'), (1997, 7, 'gym', 'NN'), (1997, 8, 'surrounded', 'VBN'), (1997, 9, 'by', 'IN'), (1997, 10, 'men', 'NNS'), (1997, 11, 'fencing', 'VBG');
INSERT INTO triples (sentence_id, predicate_id,relation,arg_start_id,arg_end_id,triple_type)VALUES (1997, 2, 'Location',3, 7, 'auto'), (1997, 4, 'Agent',2, 2, 'auto'), (1997, 4, 'Location',5, 7, 'auto'), (1997, 8, 'Patient',2, 2, 'auto'), (1997, 8, 'Agent',9, 11, 'auto'), (1997, 11, 'Agent',10, 10, 'auto');
INSERT INTO Sentences (sentence_id, sentence, sentence_type)VALUES (1998, 'Many people are fencing on a basketball court', 'auto');
INSERT INTO Words ( sentence_id,word_ID ,word,pos)VALUES (1998, 1, 'Many', 'JJ'), (1998, 2, 'people', 'NNS'), (1998, 3, 'are', 'VBP'), (1998, 4, 'fencing', 'VBG'), (1998, 5, 'on', 'IN'), (1998, 6, 'a', 'DT'), (1998, 7, 'basketball', 'NN'), (1998, 8, 'court', 'NN');
INSERT INTO triples (sentence_id, predicate_id,relation,arg_start_id,arg_end_id,triple_type)VALUES (1998, 2, 'Property',1, 1, 'auto'), (1998, 2, 'Location',5, 8, 'auto'), (1998, 4, 'Agent',2, 2, 'auto'), (1998, 4, 'Location',5, 8, 'auto');
INSERT INTO Sentences (sentence_id, sentence, sentence_type)VALUES (1999, 'A hockey player makes a shot', 'auto');
INSERT INTO Words ( sentence_id,word_ID ,word,pos)VALUES (1999, 1, 'A', 'DT'), (1999, 2, 'hockey', 'NN'), (1999, 3, 'player', 'NN'), (1999, 4, 'makes', 'VBZ'), (1999, 5, 'a', 'DT'), (1999, 6, 'shot', 'NN');
INSERT INTO triples (sentence_id, predicate_id,relation,arg_start_id,arg_end_id,triple_type)VALUES (1999, 3, 'Property',2, 2, 'auto'), (1999, 4, 'Agent',3, 3, 'auto'), (1999, 4, 'Patient',5, 6, 'auto');
INSERT INTO Sentences (sentence_id, sentence, sentence_type)VALUES (2000, 'A hockey player skates forward with the puck as an opponent watches from nearby on the ice rink', 'auto');
INSERT INTO Words ( sentence_id,word_ID ,word,pos)VALUES (2000, 1, 'A', 'DT'), (2000, 2, 'hockey', 'NN'), (2000, 3, 'player', 'NN'), (2000, 4, 'skates', 'VBZ'), (2000, 5, 'forward', 'RB'), (2000, 6, 'with', 'IN'), (2000, 7, 'the', 'DT'), (2000, 8, 'puck', 'NN'), (2000, 9, 'as', 'IN'), (2000, 10, 'an', 'DT'), (2000, 11, 'opponent', 'NN'), (2000, 12, 'watches', 'VBZ'), (2000, 13, 'from', 'IN'), (2000, 14, 'nearby', 'JJ'), (2000, 15, 'on', 'IN'), (2000, 16, 'the', 'DT'), (2000, 17, 'ice', 'NN'), (2000, 18, 'rink', 'NN');
INSERT INTO triples (sentence_id, predicate_id,relation,arg_start_id,arg_end_id,triple_type)VALUES (2000, 3, 'Property',2, 2, 'auto'), (2000, 3, 'Location',8, 8, 'auto'), (2000, 4, 'Agent',3, 3, 'auto'), (2000, 4, 'Destination',5, 5, 'auto'), (2000, 4, 'Instrument',6, 8, 'auto'), (2000, 12, 'Agent',10, 11, 'auto'), (2000, 12, 'Source',13, 14, 'auto'), (2000, 12, 'Location',15, 18, 'auto'), (2000, 18, 'Property',17, 17, 'auto');

---Here are updates to remove all interpretation of attribute as related to the patient
delete from triples where triples.triple_id=3;
update triples set arg_start_id=9  where triple_id=4;

delete from triples where triple_id=279;
update triples set arg_start_id=5  where triple_id=280;

delete from triples where triple_id=332;
update triples set arg_start_id=5  where triple_id=333;

delete from triples where triple_id=1095;
update triples set arg_start_id=13  where triple_id=1096;

delete from triples where triple_id=1520;
update triples set arg_start_id=7  where triple_id=1521;

delete from triples where triple_id=1933;
update triples set arg_start_id=5  where triple_id=1934;

delete from triples where triple_id=2162;
update triples set arg_start_id=8  where triple_id=2163;

delete from triples where triple_id=2175;
update triples set arg_start_id=6  where triple_id=2176;

delete from triples where triple_id=2777;
update triples set arg_start_id=4  where triple_id=2778;

delete from triples where triple_id=2783;
update triples set arg_start_id=14 and arg_end_id=15  where triple_id=2784;

delete from triples where triple_id=3948;

delete from triples where triple_id=4300;

delete from triples where triple_id=4641;

delete from triples where triple_id=4942;
update triples set arg_start_id=4  where triple_id=4943;

delete from triples where triple_id=5962;
update triples set arg_start_id=5  where triple_id=5963;

-- end of the updates script

mysql> source \home\user\Desktop\test.sql;